sensor_image,object_label,pose_x,pose_y,pose_z,pose_Rx,pose_Ry,pose_Rz,shear_x,shear_y,shear_z,shear_Rx,shear_Ry,shear_Rz,object_x,object_y,object_z,object_Rx,object_Ry,object_Rz
image_5.png,surface,0.0,0.0,1.915519399726772,-20.27031637250139,-14.901495146805775,0.0,4.309617907476879,-2.150828415354235,0.0,0.0,0.0,4.285810286143088,0,0,0,0,0,0
image_6.png,surface,0.0,0.0,1.7538354034648973,-3.807868537565665,-18.557526505758226,0.0,-2.2685656050298766,-4.174570004669555,0.0,0.0,0.0,-1.615972050989256,0,0,0,0,0,0
image_7.png,surface,0.0,0.0,2.404670258911513,-7.983755235587202,-1.077082401626235,0.0,-1.959386120258052,-2.6174848187484976,0.0,0.0,0.0,-4.269496618760251,0,0,0,0,0,0
image_8.png,surface,0.0,0.0,1.4146482100599032,-0.1132036725983801,24.66153600374604,0.0,-0.0208888462841729,-3.573472554295123,0.0,0.0,0.0,2.609887513280196,0,0,0,0,0,0
image_9.png,surface,0.0,0.0,1.1485590789534494,-3.199183970967947,0.93896024419064,0.0,3.8181454389540153,-0.0420538331066471,0.0,0.0,0.0,-1.3781987349491942,0,0,0,0,0,0
image_10.png,surface,0.0,0.0,1.732053250238105,14.088849842047868,10.830767083512486,0.0,-2.9879754901764377,3.857494024402413,0.0,0.0,0.0,2.824177634068011,0,0,0,0,0,0
image_11.png,surface,0.0,0.0,1.681270689443935,8.592631556144894,-20.502929337128503,0.0,1.9061152604630105,-1.8402288147875376,0.0,0.0,0.0,-0.3138517874712594,0,0,0,0,0,0
image_12.png,surface,0.0,0.0,1.2410482061563286,24.055523522111805,5.39003670298014,0.0,4.091681318458496,1.7725058316293527,0.0,0.0,0.0,-4.641188985185406,0,0,0,0,0,0
image_13.png,surface,0.0,0.0,2.709124591692765,-6.393561783743511,-2.913000791634501,0.0,-4.659973771164856,1.6319143713032211,0.0,0.0,0.0,0.9014184759561674,0,0,0,0,0,0
image_14.png,surface,0.0,0.0,2.3362955762164166,-22.839224936877446,2.924359702777029,0.0,-3.392018092959677,-0.2704539657502512,0.0,0.0,0.0,4.098952737847636,0,0,0,0,0,0
image_15.png,surface,0.0,0.0,1.0515823269791371,-3.0284654875834915,-2.3515020208490944,0.0,-3.270048863326468,2.6680071766161544,0.0,0.0,0.0,2.811346178251184,0,0,0,0,0,0
image_16.png,surface,0.0,0.0,2.08031911421557,-7.537647805308697,-1.226162019614683,0.0,-1.235682233647511,1.021703925003376,0.0,0.0,0.0,3.022623711153363,0,0,0,0,0,0
image_17.png,surface,0.0,0.0,1.3076063739003436,18.07110597269069,0.3248165475990786,0.0,-2.4407556835698285,-1.9291040327272069,0.0,0.0,0.0,0.0156688541486635,0,0,0,0,0,0
image_18.png,surface,0.0,0.0,2.0224402734933253,13.618320288104766,-17.166175311800338,0.0,3.2817349811357266,0.6644315579300983,0.0,0.0,0.0,-0.1812688761931147,0,0,0,0,0,0
image_19.png,surface,0.0,0.0,2.542505118745899,2.868826278576627,0.1792106191133988,0.0,-0.6685699713808357,2.9262493142840578,0.0,0.0,0.0,-0.6400325826535553,0,0,0,0,0,0
image_20.png,surface,0.0,0.0,1.8261072321301213,5.528716659458871,3.4474436278492666,0.0,-1.8987315534307068,0.847669928687013,0.0,0.0,0.0,1.9925688829848909,0,0,0,0,0,0
image_21.png,surface,0.0,0.0,2.193729777371799,3.160454599732753,-15.340864024348392,0.0,1.1966267460316171,0.4401679268223088,0.0,0.0,0.0,0.713340426648104,0,0,0,0,0,0
image_22.png,surface,0.0,0.0,2.0928778581183938,-8.790560214142209,21.185537175811685,0.0,-1.2220225094566093,2.978944582614401,0.0,0.0,0.0,0.3911081497774082,0,0,0,0,0,0
image_23.png,surface,0.0,0.0,2.1552117195160383,4.607934287414322,-14.29630426314151,0.0,1.0062322724530193,3.582318623832433,0.0,0.0,0.0,-0.8681389108901723,0,0,0,0,0,0
image_24.png,surface,0.0,0.0,1.956234269021316,10.063366438974668,-21.62102376800628,0.0,4.795932734778538,0.7547351142628259,0.0,0.0,0.0,4.399935271549113,0,0,0,0,0,0
image_25.png,surface,0.0,0.0,1.3340639297168906,-6.6429243064762975,4.465598531285549,0.0,-1.3265844981439936,-0.4517483943235612,0.0,0.0,0.0,2.152693375507281,0,0,0,0,0,0
image_26.png,surface,0.0,0.0,1.4832285390259174,-23.50501279096215,-7.046470769634313,0.0,-1.9633895155953056,2.721222537435008,0.0,0.0,0.0,-0.5330367164359862,0,0,0,0,0,0
image_27.png,surface,0.0,0.0,2.7880986932339,-14.567759093296727,-19.906486510956206,0.0,-0.2624543084612448,1.5631259471117391,0.0,0.0,0.0,2.460373660969635,0,0,0,0,0,0
image_28.png,surface,0.0,0.0,2.476412974719392,1.0670124402246512,-14.640161462915415,0.0,-1.1113934308842963,-2.051854370456256,0.0,0.0,0.0,-1.3508351990072365,0,0,0,0,0,0
image_29.png,surface,0.0,0.0,2.965731677113073,2.460904800938532,12.5628149967801,0.0,0.9059230502377684,2.319722088184705,0.0,0.0,0.0,-4.893162411125525,0,0,0,0,0,0
image_30.png,surface,0.0,0.0,1.1082601524887794,-17.02072421605451,-1.3554107462167393,0.0,4.173475609619082,1.249763921138846,0.0,0.0,0.0,2.5855470172690973,0,0,0,0,0,0
image_31.png,surface,0.0,0.0,1.633144209040627,9.617358810352384,15.619160951564496,0.0,-0.1122216553815211,-3.686945137594048,0.0,0.0,0.0,0.2107122669846548,0,0,0,0,0,0
image_32.png,surface,0.0,0.0,2.918575381061064,-5.072286255721573,14.50147849950195,0.0,-1.612294514337218,4.020958763362844,0.0,0.0,0.0,-3.650716327644964,0,0,0,0,0,0
image_33.png,surface,0.0,0.0,1.8787576218133424,5.677510874157259,-0.8863865367791307,0.0,2.2716559465535617,-0.9123096013705042,0.0,0.0,0.0,-3.083834612847569,0,0,0,0,0,0
image_34.png,surface,0.0,0.0,2.2086748926656794,-16.21344152393075,-12.864411213158268,0.0,-0.8601553032451875,-0.7375427647649847,0.0,0.0,0.0,2.120281617730714,0,0,0,0,0,0
image_35.png,surface,0.0,0.0,2.139482878526477,7.158975148139244,-9.883922597573832,0.0,2.382960811860528,-1.2429644476259385,0.0,0.0,0.0,-0.3306430186090034,0,0,0,0,0,0
image_36.png,surface,0.0,0.0,1.2813788064042917,20.141457135809247,-5.425661827304776,0.0,3.710747935670523,2.528636515762788,0.0,0.0,0.0,-3.623794637223537,0,0,0,0,0,0
image_37.png,surface,0.0,0.0,2.462208597056488,21.73849233353689,1.145841565540674,0.0,-1.188641456348969,0.0142110653356302,0.0,0.0,0.0,-0.3997365652504996,0,0,0,0,0,0
image_38.png,surface,0.0,0.0,1.1166251969538157,9.021957188374923,-16.4404615773836,0.0,1.0690902067011363,3.653146185724142,0.0,0.0,0.0,3.663896186188463,0,0,0,0,0,0
image_39.png,surface,0.0,0.0,2.075925782983814,-19.25750783806152,9.333106134995296,0.0,-0.5161833179727916,-1.916592667173421,0.0,0.0,0.0,-1.4636921135293024,0,0,0,0,0,0
image_40.png,surface,0.0,0.0,2.1052755684362645,23.848879580363647,4.267325170818994,0.0,-3.963308216776317,-2.5766988620996867,0.0,0.0,0.0,-3.9580721159634136,0,0,0,0,0,0
image_41.png,surface,0.0,0.0,1.4036969008049125,-8.366717420133655,-22.62388258171364,0.0,-0.6041729646029999,-1.161989979941192,0.0,0.0,0.0,0.526675848105973,0,0,0,0,0,0
image_42.png,surface,0.0,0.0,2.5008484510702584,-12.333789474272338,10.168916985646336,0.0,1.334224228837685,3.1016369828260872,0.0,0.0,0.0,-2.757919322040152,0,0,0,0,0,0
image_43.png,surface,0.0,0.0,2.7923536325005065,5.47876149716654,22.16842269215343,0.0,-3.449466044546556,3.425041819473176,0.0,0.0,0.0,-0.5210942827455787,0,0,0,0,0,0
image_44.png,surface,0.0,0.0,2.958135999115036,7.53981415583764,-16.840267397158858,0.0,-0.7879246843572147,1.9463688623075817,0.0,0.0,0.0,0.2326594810276319,0,0,0,0,0,0
image_45.png,surface,0.0,0.0,1.0536338722792622,11.422894429511423,-2.3386273274376186,0.0,-1.4196363439254245,-0.235255005385803,0.0,0.0,0.0,-3.738998348366496,0,0,0,0,0,0
image_46.png,surface,0.0,0.0,1.6194498136298154,-11.65328488423006,-14.48659779483511,0.0,3.7031481225038494,1.2268487075693664,0.0,0.0,0.0,-3.358651630522109,0,0,0,0,0,0
image_47.png,surface,0.0,0.0,2.849647626853025,17.810524789155284,-2.0723590748174803,0.0,1.8905501925387969,4.152221127776783,0.0,0.0,0.0,2.2025301006015585,0,0,0,0,0,0
image_48.png,surface,0.0,0.0,1.1010108140603758,-12.48477293380077,-12.53756208744117,0.0,2.168560085680263,4.188371558729936,0.0,0.0,0.0,4.44424395126598,0,0,0,0,0,0
image_49.png,surface,0.0,0.0,1.544050387167924,15.879354827627347,-7.489309051833275,0.0,2.9225085180533297,1.1357692475410288,0.0,0.0,0.0,1.50075494687278,0,0,0,0,0,0
image_50.png,surface,0.0,0.0,2.066777108667618,10.766135244726788,-4.5139999890794416,0.0,0.0174024846692926,1.6214110137101905,0.0,0.0,0.0,-3.4882039692084508,0,0,0,0,0,0
image_51.png,surface,0.0,0.0,2.480394278749153,2.864209950794979,-4.86213382158348,0.0,-3.7461717595248056,0.6972898224847761,0.0,0.0,0.0,-4.273147211659484,0,0,0,0,0,0
image_52.png,surface,0.0,0.0,1.4561128411149815,0.3215912959246395,-24.691346440637936,0.0,-2.267966640388716,4.076141937353732,0.0,0.0,0.0,-1.8051579994552969,0,0,0,0,0,0
image_53.png,surface,0.0,0.0,1.600688375627279,-7.5921319108526175,-19.77414636142338,0.0,-3.0082726657936973,-3.3957581420077583,0.0,0.0,0.0,3.518034173286756,0,0,0,0,0,0
image_54.png,surface,0.0,0.0,1.3890768584577893,-2.039548582450492,-13.98767617314523,0.0,-0.2482361828509673,3.529176207373276,0.0,0.0,0.0,2.8848486040497185,0,0,0,0,0,0
image_55.png,surface,0.0,0.0,1.8861241086573897,2.645879283725304,1.31089725791073,0.0,-1.5943342782167171,0.7711901730976675,0.0,0.0,0.0,-3.036385919596587,0,0,0,0,0,0
image_56.png,surface,0.0,0.0,2.00869209933272,-8.685467334555172,-8.637583485075668,0.0,2.660116422963988,3.626554608690337,0.0,0.0,0.0,0.6022455444614305,0,0,0,0,0,0
image_57.png,surface,0.0,0.0,2.7984539414013923,23.920740728444905,-1.558677241267472,0.0,0.9370041844647202,1.2967373776265778,0.0,0.0,0.0,0.363047047594768,0,0,0,0,0,0
image_58.png,surface,0.0,0.0,2.541508760875719,-2.622005677419105,-0.3086964535728538,0.0,0.2987182817273974,-1.3489133872764043,0.0,0.0,0.0,-2.6989936364401137,0,0,0,0,0,0
image_59.png,surface,0.0,0.0,2.430690101207923,-1.7127288233971123,-10.558861959200389,0.0,2.795959385702877,-3.62307000462307,0.0,0.0,0.0,-1.3527048401300767,0,0,0,0,0,0
image_60.png,surface,0.0,0.0,2.1453395163146003,-7.160528481326459,-22.196717636138647,0.0,2.35366002238462,-2.848496495578623,0.0,0.0,0.0,-2.075937277139185,0,0,0,0,0,0
image_61.png,surface,0.0,0.0,1.6571604051371218,-10.223141847729211,19.686657652490084,0.0,4.941897566066227,0.3494284315568136,0.0,0.0,0.0,-1.737668006048596,0,0,0,0,0,0
image_62.png,surface,0.0,0.0,1.1401538806166405,9.919962648598156,-9.87158826477738,0.0,-4.458970971554876,1.767280563943076,0.0,0.0,0.0,-0.4966653644536318,0,0,0,0,0,0
image_63.png,surface,0.0,0.0,1.5176152100143654,0.7733454840815369,-15.574747342859231,0.0,-0.9185641551710384,-1.861429597008846,0.0,0.0,0.0,-1.1221594547976013,0,0,0,0,0,0
image_64.png,surface,0.0,0.0,1.389374518048315,22.56806152163415,-0.3230158706398976,0.0,-1.3277478194426375,-3.3308541539839545,0.0,0.0,0.0,-4.145680398000824,0,0,0,0,0,0
image_65.png,surface,0.0,0.0,1.455794557559341,-11.133398908451497,-19.01676156535116,0.0,0.0965944788955368,-1.8477312996275648,0.0,0.0,0.0,1.2281217942023588,0,0,0,0,0,0
image_66.png,surface,0.0,0.0,1.4535497623593598,0.6690061350145106,-12.572355353575798,0.0,-3.812617993277356,1.2717033734410472,0.0,0.0,0.0,-0.6943986666789463,0,0,0,0,0,0
image_67.png,surface,0.0,0.0,1.861093363091889,-1.4569306193946274,-2.963489696479923,0.0,-0.6041667097128929,-1.9209236009690265,0.0,0.0,0.0,1.857141596732502,0,0,0,0,0,0
image_68.png,surface,0.0,0.0,1.7614297593358368,-9.90160270772242,-3.78282945571147,0.0,4.538021023587616,-1.2423570566563074,0.0,0.0,0.0,4.264044851049725,0,0,0,0,0,0
image_69.png,surface,0.0,0.0,1.6740935252897997,14.876004594723804,-4.390852914752578,0.0,-2.4418959645638894,2.985513839961748,0.0,0.0,0.0,-3.320056009096662,0,0,0,0,0,0
image_70.png,surface,0.0,0.0,2.762475142976824,-9.490369348284146,-1.882848211641796,0.0,-3.25667789873087,-0.6292373276604197,0.0,0.0,0.0,-3.84023665972724,0,0,0,0,0,0
image_71.png,surface,0.0,0.0,1.4054748291503296,-1.8500292121142368,5.083787162851722,0.0,-1.1472035594339531,3.6211298853421,0.0,0.0,0.0,2.1145365849066167,0,0,0,0,0,0
image_72.png,surface,0.0,0.0,1.3273073443874654,-3.2905721269700527,7.361831095287052,0.0,-2.253673237002689,0.8235157360542716,0.0,0.0,0.0,1.0048150560748157,0,0,0,0,0,0
image_73.png,surface,0.0,0.0,1.152005789273214,-17.755269966101938,-1.6328391309642762,0.0,1.621451595140267,4.6161489159861695,0.0,0.0,0.0,-4.323756531946801,0,0,0,0,0,0
image_74.png,surface,0.0,0.0,2.8497203109518168,21.015336981789087,8.344855186795476,0.0,-0.6459117893774592,-3.02721321293725,0.0,0.0,0.0,-0.083142608606562,0,0,0,0,0,0
image_75.png,surface,0.0,0.0,1.388692609082978,-14.520353335115976,-6.64826693230137,0.0,-0.7313571229037661,-2.338979944145602,0.0,0.0,0.0,3.110684996586077,0,0,0,0,0,0
image_76.png,surface,0.0,0.0,2.144535970106082,1.8177935350687875,12.698309309499818,0.0,-3.631142645916377,-1.9374616770889272,0.0,0.0,0.0,2.398667270627537,0,0,0,0,0,0
image_77.png,surface,0.0,0.0,1.7474356386734269,18.25602202961699,-4.552912651708209,0.0,0.6178751364328502,-0.3859305452089232,0.0,0.0,0.0,1.987632739802692,0,0,0,0,0,0
image_78.png,surface,0.0,0.0,2.1105995014680303,-6.948221141068379,21.990767191891745,0.0,-4.538979063603726,0.4312684529093245,0.0,0.0,0.0,4.047012965614611,0,0,0,0,0,0
image_79.png,surface,0.0,0.0,2.2851326774407585,10.707719311634328,-19.54013442691633,0.0,-2.939053867906687,2.712662024430113,0.0,0.0,0.0,0.2330073535558838,0,0,0,0,0,0
image_80.png,surface,0.0,0.0,2.680154059553697,8.20324627935722,14.78312512737499,0.0,-2.374902287623061,-1.7127638991819187,0.0,0.0,0.0,-3.421787853731151,0,0,0,0,0,0
image_81.png,surface,0.0,0.0,2.014526065911147,-13.995734733572508,-13.450164177552796,0.0,-3.0240234091526794,-2.0458869037509766,0.0,0.0,0.0,2.47016687843335,0,0,0,0,0,0
image_82.png,surface,0.0,0.0,1.6544814230787717,7.748888786279817,-3.6531943547346657,0.0,-0.4135763521828476,0.994893365584582,0.0,0.0,0.0,3.1349368684469017,0,0,0,0,0,0
image_83.png,surface,0.0,0.0,1.3621598474137095,17.399603653674337,-14.795207817414871,0.0,0.8043996663430206,-0.3750447871604718,0.0,0.0,0.0,1.5230817357627853,0,0,0,0,0,0
image_84.png,surface,0.0,0.0,2.2136340428776418,9.530776068331315,10.114979171110464,0.0,0.0085305657277499,-4.503187587352649,0.0,0.0,0.0,3.165012440586328,0,0,0,0,0,0
image_85.png,surface,0.0,0.0,1.2640087766958652,4.492451068890526,-0.9591695555822244,0.0,2.2665530816374795,-4.055331352408711,0.0,0.0,0.0,2.627480288815219,0,0,0,0,0,0
image_86.png,surface,0.0,0.0,2.711614304613258,17.85121904986349,0.7289622582205922,0.0,4.260389618678428,-1.0342078486221613,0.0,0.0,0.0,2.115074780945739,0,0,0,0,0,0
image_87.png,surface,0.0,0.0,1.055578975959889,0.1449037074121207,7.426726675640175,0.0,1.5448048027670154,-1.4629559138202302,0.0,0.0,0.0,-4.762675599994442,0,0,0,0,0,0
image_88.png,surface,0.0,0.0,2.690599684657143,2.387946232290877,5.833474878733976,0.0,3.2225742203532493,-3.663425168803295,0.0,0.0,0.0,3.793040280240543,0,0,0,0,0,0
image_89.png,surface,0.0,0.0,1.4384932437343314,-13.177349026963078,16.537174152267678,0.0,0.745934131810815,-0.6301031196759967,0.0,0.0,0.0,4.41745494605682,0,0,0,0,0,0
image_90.png,surface,0.0,0.0,1.975715688071935,6.310275834430575,2.317259774718194,0.0,1.455011704603837,-2.290210453626868,0.0,0.0,0.0,1.665452482788062,0,0,0,0,0,0
image_91.png,surface,0.0,0.0,2.46104140574549,-16.873582514534952,0.7058125471774087,0.0,0.0143220694532164,-3.847436636255927,0.0,0.0,0.0,-1.3607624481695946,0,0,0,0,0,0
image_92.png,surface,0.0,0.0,2.568333677790581,4.953225242704599,22.265206252037945,0.0,2.4412204107492546,0.6353394560716853,0.0,0.0,0.0,-1.190748667479692,0,0,0,0,0,0
image_93.png,surface,0.0,0.0,1.803559578585254,-3.356589109249769,16.051013673865757,0.0,-4.397633532802286,-0.082110027871798,0.0,0.0,0.0,-2.322122551997292,0,0,0,0,0,0
image_94.png,surface,0.0,0.0,1.9989095177314025,-14.250939021478349,-15.473949330288857,0.0,-1.2062001027244893,-2.3931401479247985,0.0,0.0,0.0,4.009882703755542,0,0,0,0,0,0
image_95.png,surface,0.0,0.0,1.059145316256606,1.2459241001802872,12.66191101444505,0.0,-2.8011431921178307,-3.1716299298487707,0.0,0.0,0.0,0.6319454427743043,0,0,0,0,0,0
image_96.png,surface,0.0,0.0,1.6880521184258956,-7.922995523760369,6.925721358986669,0.0,0.876815420124947,-1.8784016224237352,0.0,0.0,0.0,2.542797393434074,0,0,0,0,0,0
image_97.png,surface,0.0,0.0,1.5231576957081112,-15.181505499417908,9.644931282077966,0.0,3.3044368981027787,1.0257789635826922,0.0,0.0,0.0,-3.622583727665383,0,0,0,0,0,0
image_98.png,surface,0.0,0.0,1.7801381482206655,-8.12381996413133,-11.986956052201402,0.0,-0.6056560472353417,0.711596429733017,0.0,0.0,0.0,-4.789945921540101,0,0,0,0,0,0
image_99.png,surface,0.0,0.0,1.6017867406392612,2.927278149066097,-2.493896255878077,0.0,1.146683439885659,0.1723976122491864,0.0,0.0,0.0,3.723475084680356,0,0,0,0,0,0
image_100.png,surface,0.0,0.0,1.3194796073002013,22.27391729498736,3.164172283578037,0.0,-3.274659331623569,1.9593412784765143,0.0,0.0,0.0,-1.240994976772983,0,0,0,0,0,0
image_101.png,surface,0.0,0.0,2.883460636795667,4.726659198962021,11.606981282767968,0.0,-2.283640870919756,-2.6093811832001896,0.0,0.0,0.0,2.1551595183414127,0,0,0,0,0,0
image_102.png,surface,0.0,0.0,1.858557668703644,20.677236746228512,-12.138953257383406,0.0,-4.455879748849803,1.828236565218729,0.0,0.0,0.0,1.5399465107770247,0,0,0,0,0,0
image_103.png,surface,0.0,0.0,2.275605424086637,3.3153782052316525,19.00251100858871,0.0,3.4727310606218325,-3.0613945577131263,0.0,0.0,0.0,-3.401021224671342,0,0,0,0,0,0
image_104.png,surface,0.0,0.0,2.853522272394228,-20.362410446807903,3.413849012525548,0.0,3.4819524256560936,-0.9713013394750744,0.0,0.0,0.0,2.8187500517355533,0,0,0,0,0,0
image_105.png,surface,0.0,0.0,2.1449476297004666,11.4798255545265,-0.123126565662181,0.0,4.631695518467116,-0.0511245121073243,0.0,0.0,0.0,4.726313101212018,0,0,0,0,0,0
image_106.png,surface,0.0,0.0,1.2539983300998436,-13.966498753240682,16.124053858592752,0.0,-0.3729284592805126,-3.6799060453543606,0.0,0.0,0.0,3.208485955370336,0,0,0,0,0,0
image_107.png,surface,0.0,0.0,2.5771627137151367,4.8168059074375575,-9.507647847971144,0.0,-4.14109944098465,-1.2584145209749094,0.0,0.0,0.0,-4.578254185962534,0,0,0,0,0,0
image_108.png,surface,0.0,0.0,2.549328143947926,-12.990930338018853,6.8362475166981,0.0,-0.4052819547463377,-4.048127637220355,0.0,0.0,0.0,-4.200937675305745,0,0,0,0,0,0
image_109.png,surface,0.0,0.0,1.80921948099662,-15.78844917628217,2.612653099791121,0.0,-1.6252155013902307,-1.6304770131050874,0.0,0.0,0.0,0.3200464789936408,0,0,0,0,0,0
image_110.png,surface,0.0,0.0,2.07878724940303,-15.659340830693278,7.286169896808737,0.0,-0.7730334974700722,0.6051898793686317,0.0,0.0,0.0,1.5055846572984342,0,0,0,0,0,0
image_111.png,surface,0.0,0.0,1.849772009338822,-17.054604932576968,14.791230544178076,0.0,-3.210142957016458,-1.4006010528211217,0.0,0.0,0.0,-1.8399146404662527,0,0,0,0,0,0
image_112.png,surface,0.0,0.0,1.4484889077396568,-5.390972479560974,24.27915708312042,0.0,-1.7965911962980516,2.049056175837132,0.0,0.0,0.0,-3.855414792301718,0,0,0,0,0,0
image_113.png,surface,0.0,0.0,2.5258434216153587,-4.721141820123044,-21.73251561297917,0.0,-3.524657728619176,-1.1413414525464272,0.0,0.0,0.0,1.9563515697068432,0,0,0,0,0,0
image_114.png,surface,0.0,0.0,2.488870052599318,-8.160877142295424,-22.91828521756667,0.0,-3.0700901711988338,1.6430692419901765,0.0,0.0,0.0,-4.7341422571957565,0,0,0,0,0,0
image_115.png,surface,0.0,0.0,2.294111783828119,-14.066206053867296,16.7595785574082,0.0,0.4947411956533031,-1.0661965857353306,0.0,0.0,0.0,3.7367275808521256,0,0,0,0,0,0
image_116.png,surface,0.0,0.0,1.9112809811077145,-5.146774479123795,1.5413249228165171,0.0,0.6817779414943987,4.377416204849672,0.0,0.0,0.0,3.619557911449213,0,0,0,0,0,0
image_117.png,surface,0.0,0.0,1.9296120653573203,11.423990805559814,12.124665808260058,0.0,-1.2815298657890306,-0.046077604555459,0.0,0.0,0.0,-0.5797587633734702,0,0,0,0,0,0
image_118.png,surface,0.0,0.0,1.5968876968552408,12.09983327282721,13.098951455152177,0.0,4.42985316355825,2.1738546173532165,0.0,0.0,0.0,-4.775011244469372,0,0,0,0,0,0
image_119.png,surface,0.0,0.0,1.5314491811044724,-2.3036167429499925,-4.117845169711632,0.0,-3.61626404621729,-0.0022780239360269,0.0,0.0,0.0,1.2810217557987489,0,0,0,0,0,0
image_120.png,surface,0.0,0.0,2.697942793644024,-13.10022052570423,-1.9192696779607896,0.0,1.2971599486927468,-0.737193419014409,0.0,0.0,0.0,3.18427650408206,0,0,0,0,0,0
image_121.png,surface,0.0,0.0,2.7187484448275976,11.777471072042191,11.520375745546309,0.0,-1.0947821394030364,-2.719243743870262,0.0,0.0,0.0,3.4258498901993093,0,0,0,0,0,0
image_122.png,surface,0.0,0.0,1.0306897558980794,3.67806631980451,-4.9148020026249135,0.0,-1.830244008474682,1.4871792361650698,0.0,0.0,0.0,-0.6257454944655363,0,0,0,0,0,0
image_123.png,surface,0.0,0.0,2.4392126937297056,-2.8240394200371264,-12.791291055775371,0.0,2.4019481401618714,-3.0237248891240647,0.0,0.0,0.0,-3.31743495161097,0,0,0,0,0,0
image_124.png,surface,0.0,0.0,1.6598442273982628,-5.47733550310775,12.204476381114532,0.0,-2.3923414232796407,1.5711598643714306,0.0,0.0,0.0,-2.2374254427190854,0,0,0,0,0,0
image_125.png,surface,0.0,0.0,2.8386946873942343,23.103485481895813,-0.3758042035456823,0.0,2.396560376632412,-0.0564372487565449,0.0,0.0,0.0,-0.7921134320453405,0,0,0,0,0,0
image_126.png,surface,0.0,0.0,1.484240306346131,-12.917781405371477,11.437474583301835,0.0,4.2176056421784685,-0.9292937535163516,0.0,0.0,0.0,-3.789548385310223,0,0,0,0,0,0
image_127.png,surface,0.0,0.0,1.6708062780996182,10.449266750307014,0.0474892764022436,0.0,-1.3734963232397088,4.756763899467482,0.0,0.0,0.0,1.7378110512000635,0,0,0,0,0,0
image_128.png,surface,0.0,0.0,2.4946721889939427,-12.951031455689243,-5.333982937585022,0.0,0.7792361363539887,-4.277809250149317,0.0,0.0,0.0,3.7628032384370673,0,0,0,0,0,0
image_129.png,surface,0.0,0.0,1.14819872013753,-7.008558509969614,-6.2636050457696175,0.0,3.034123107161839,0.3983988726216295,0.0,0.0,0.0,-3.422520472969092,0,0,0,0,0,0
image_130.png,surface,0.0,0.0,2.4160780936311195,5.031217506577937,1.5942717363244294,0.0,0.7167313505113976,0.7329019094061343,0.0,0.0,0.0,-3.136111541360611,0,0,0,0,0,0
image_131.png,surface,0.0,0.0,2.349357647353341,-13.279429486282917,-2.810771964490288,0.0,-1.8844062040180367,4.610219249209762,0.0,0.0,0.0,2.0052359858248456,0,0,0,0,0,0
image_132.png,surface,0.0,0.0,1.6080432917791792,-4.8449573252672415,-19.422207178074963,0.0,4.5708129981066135,2.001423278407973,0.0,0.0,0.0,2.055699949624696,0,0,0,0,0,0
image_133.png,surface,0.0,0.0,2.4255386376479446,16.950160727151502,10.913461193670786,0.0,-3.3208474741031364,1.3800419743971997,0.0,0.0,0.0,-1.0533906473493984,0,0,0,0,0,0
image_134.png,surface,0.0,0.0,2.805849408473753,12.351571255701456,1.7448245144279493,0.0,2.2320503536374483,-1.0376251414090234,0.0,0.0,0.0,0.9265401446819528,0,0,0,0,0,0
image_135.png,surface,0.0,0.0,2.607882441511199,12.442163599576666,-3.2879615514140386,0.0,-2.750499615539189,2.547798109363629,0.0,0.0,0.0,4.794107414888938,0,0,0,0,0,0
image_136.png,surface,0.0,0.0,2.0356846852922774,-2.746997480028716,-20.956059540399394,0.0,2.7146682155980217,2.444878386810812,0.0,0.0,0.0,-4.763603587457832,0,0,0,0,0,0
image_137.png,surface,0.0,0.0,1.2648910041342865,9.501880356264389,7.567176545098522,0.0,0.4577821609373344,-0.2334074049146009,0.0,0.0,0.0,-1.6039497712438489,0,0,0,0,0,0
image_138.png,surface,0.0,0.0,2.784678466964253,13.195348709359305,0.2838764281088022,0.0,0.9180996241916028,3.753474734576149,0.0,0.0,0.0,-1.0752351543046856,0,0,0,0,0,0
image_139.png,surface,0.0,0.0,1.9794361588570213,3.393330734518274,5.783151541936914,0.0,-2.2170001099230903,-2.7633093528493182,0.0,0.0,0.0,-4.45860765357415,0,0,0,0,0,0
image_140.png,surface,0.0,0.0,1.8157550585019024,19.673579746789304,-0.455621620325408,0.0,3.3588223528664027,0.6091449019634678,0.0,0.0,0.0,1.8157507560267383,0,0,0,0,0,0
image_141.png,surface,0.0,0.0,2.095506357138772,-1.0126283731954595,7.922977049022621,0.0,-2.061514936638384,-3.970890914685514,0.0,0.0,0.0,1.8750488203531963,0,0,0,0,0,0
image_142.png,surface,0.0,0.0,1.4270952513751198,22.8125073568916,-1.7140248175340658,0.0,2.824938217842884,1.822404323422273,0.0,0.0,0.0,3.384704666026794,0,0,0,0,0,0
image_143.png,surface,0.0,0.0,1.672382315601202,11.339571837674722,-9.683944124297827,0.0,1.217072033277731,2.459698511962241,0.0,0.0,0.0,-3.492710413849575,0,0,0,0,0,0
image_144.png,surface,0.0,0.0,2.4710110860879566,-0.122216932449152,-24.588065652884108,0.0,-0.0448181894509922,3.384424031267737,0.0,0.0,0.0,0.2081203628839931,0,0,0,0,0,0
image_145.png,surface,0.0,0.0,2.12694876413413,7.067182331554399,-15.72072951780121,0.0,2.796930816583174,-0.1502436745923012,0.0,0.0,0.0,-4.546181467007955,0,0,0,0,0,0
image_146.png,surface,0.0,0.0,2.5245577104076413,16.872977249943084,-14.593708187659646,0.0,0.4933959016010037,-1.9511333799123565,0.0,0.0,0.0,-2.3459794011334045,0,0,0,0,0,0
image_147.png,surface,0.0,0.0,2.5239292040839523,23.371316626805687,-3.057019943915281,0.0,0.7675712150185383,3.720400436392586,0.0,0.0,0.0,4.47596093826048,0,0,0,0,0,0
image_148.png,surface,0.0,0.0,2.507158796981914,-8.857526093763742,-0.7244017883227845,0.0,-4.673526355045293,-0.3311103003725975,0.0,0.0,0.0,-1.8752027153430089,0,0,0,0,0,0
image_149.png,surface,0.0,0.0,1.2883772373049769,-11.100002950631367,13.973717164532372,0.0,-2.086272083256444,-4.322689800037361,0.0,0.0,0.0,-4.017252017138819,0,0,0,0,0,0
image_150.png,surface,0.0,0.0,2.3004029022975496,16.218640402438677,5.961309159377699,0.0,0.431325226848179,-0.5303307932379726,0.0,0.0,0.0,0.0400144586602966,0,0,0,0,0,0
image_151.png,surface,0.0,0.0,1.9603598501367168,-4.622940338953864,10.846453446070576,0.0,1.0371913968143187,-1.2817022192458074,0.0,0.0,0.0,-3.6388705260184073,0,0,0,0,0,0
image_152.png,surface,0.0,0.0,1.124181904649641,10.567445406260443,-0.1416846980844588,0.0,-2.747251128927956,-0.1009939699723789,0.0,0.0,0.0,3.087167318124622,0,0,0,0,0,0
image_153.png,surface,0.0,0.0,2.670107565023688,13.488399383985897,-11.435702655329193,0.0,2.2420393155723963,1.0690135254971844,0.0,0.0,0.0,-3.512290962163332,0,0,0,0,0,0
image_154.png,surface,0.0,0.0,1.4394303493044862,6.822825196480293,8.619052585354238,0.0,3.3815901177813767,-0.5692829140441087,0.0,0.0,0.0,1.490798580492008,0,0,0,0,0,0
image_155.png,surface,0.0,0.0,1.0258805545259182,16.91601876496691,6.473909764698513,0.0,-2.043760585860689,1.399298918421402,0.0,0.0,0.0,1.4108795397226404,0,0,0,0,0,0
image_156.png,surface,0.0,0.0,2.286873772913923,-5.13703782271987,-6.164016528170582,0.0,-0.1399337041081091,-0.0348501448136939,0.0,0.0,0.0,-3.7100450333149193,0,0,0,0,0,0
image_157.png,surface,0.0,0.0,1.3442106244687997,1.1490967658042606,1.4432649144144376,0.0,-2.5092084357708315,0.1295805022247134,0.0,0.0,0.0,3.397495371620087,0,0,0,0,0,0
image_158.png,surface,0.0,0.0,1.1234133456618136,-9.055796148370014,-14.79510156569335,0.0,-4.841142828499266,-0.9942247854421156,0.0,0.0,0.0,-4.093670484966218,0,0,0,0,0,0
image_159.png,surface,0.0,0.0,2.867541873459497,-0.3337245785743533,-2.4392470608614816,0.0,-2.252333746187828,-1.4473112254088476,0.0,0.0,0.0,2.182568001271017,0,0,0,0,0,0
image_160.png,surface,0.0,0.0,1.2969571975814775,22.578962745670143,1.8364097350940445,0.0,-3.238800091321816,-2.0614744261553883,0.0,0.0,0.0,3.015933562242344,0,0,0,0,0,0
image_161.png,surface,0.0,0.0,2.040098663278488,17.177205765416126,-12.696691912573687,0.0,-3.129696755899104,-1.8661113846705235,0.0,0.0,0.0,-4.836630666251576,0,0,0,0,0,0
image_162.png,surface,0.0,0.0,1.7345985830173434,10.669398431407105,3.950154976961599,0.0,3.3656222273344687,2.262968172334162,0.0,0.0,0.0,-4.026384034427312,0,0,0,0,0,0
image_163.png,surface,0.0,0.0,1.0894811956646735,10.19679484364852,8.226211607187631,0.0,1.7388411778777633,-0.3463563308819153,0.0,0.0,0.0,2.569331958924571,0,0,0,0,0,0
image_164.png,surface,0.0,0.0,1.6287075375236966,7.278691715885053,3.16958724929166,0.0,1.4030083240664524,0.2699170866636518,0.0,0.0,0.0,1.8047693792868584,0,0,0,0,0,0
image_165.png,surface,0.0,0.0,1.7009407733109827,5.1408357117795696,-21.58185506586633,0.0,-3.1773185888128843,-1.0654381318814512,0.0,0.0,0.0,-0.4083761079580581,0,0,0,0,0,0
image_166.png,surface,0.0,0.0,1.9868753739572376,-11.98054288690848,3.163749314746385,0.0,-3.188024222567796,3.406177219539865,0.0,0.0,0.0,-1.7989232254965302,0,0,0,0,0,0
image_167.png,surface,0.0,0.0,2.4134691490012066,15.156478431331225,5.964876692855504,0.0,-4.484730629247157,1.8114094764659256,0.0,0.0,0.0,-0.1482646757007275,0,0,0,0,0,0
image_168.png,surface,0.0,0.0,2.9999559035614456,-6.565806828820859,18.20871017397132,0.0,-1.5641107336237867,-2.272453193050692,0.0,0.0,0.0,0.4881768762832159,0,0,0,0,0,0
image_169.png,surface,0.0,0.0,2.037142540097297,-9.765433188018514,20.265514161002937,0.0,-1.140081472027078,-2.6380753733539626,0.0,0.0,0.0,1.6877662398214426,0,0,0,0,0,0
image_170.png,surface,0.0,0.0,2.8855062340196387,17.172975174439298,2.9449059182056803,0.0,-0.6194933447036286,-3.010427340709554,0.0,0.0,0.0,-1.0656698021538429,0,0,0,0,0,0
image_171.png,surface,0.0,0.0,2.054901946829612,13.44743488095152,16.678314246983497,0.0,1.2830200625183137,-4.065276567900251,0.0,0.0,0.0,0.0474081850365495,0,0,0,0,0,0
image_172.png,surface,0.0,0.0,2.1873646351655704,20.92796177283132,-11.785049597556602,0.0,-4.133145949247366,1.398273559153231,0.0,0.0,0.0,-4.382141090497113,0,0,0,0,0,0
image_173.png,surface,0.0,0.0,1.278134058298103,16.940663130199486,1.4130666572592674,0.0,3.61077415193919,2.1025337675653337,0.0,0.0,0.0,-4.990823988505648,0,0,0,0,0,0
image_174.png,surface,0.0,0.0,2.1416515947943457,21.681876271407194,-12.74320195143639,0.0,3.006182004326125,3.5333801937386204,0.0,0.0,0.0,-1.073131229482537,0,0,0,0,0,0
image_175.png,surface,0.0,0.0,1.5211240352646538,-6.374100518530788,-9.55501376464169,0.0,-0.3426104790447151,-4.163260489480676,0.0,0.0,0.0,2.808549594107382,0,0,0,0,0,0
image_176.png,surface,0.0,0.0,1.54809685358442,6.313153737830234,12.828494121278316,0.0,-3.955567930651059,-0.5010077488962862,0.0,0.0,0.0,1.5082772927660857,0,0,0,0,0,0
image_177.png,surface,0.0,0.0,1.8677553123312056,-20.59313346241996,-10.515326438071448,0.0,-4.645830226935195,1.392615931411241,0.0,0.0,0.0,4.139396637537484,0,0,0,0,0,0
image_178.png,surface,0.0,0.0,2.3074765357881613,-11.87020320821377,11.250432445883524,0.0,1.528213740983785,-0.0231702576414824,0.0,0.0,0.0,-0.5741649044567465,0,0,0,0,0,0
image_179.png,surface,0.0,0.0,2.234659439239288,10.671116983350098,6.113732998957884,0.0,-2.3024933571322337,1.7175786716593648,0.0,0.0,0.0,-0.4121536321320063,0,0,0,0,0,0
image_180.png,surface,0.0,0.0,1.6125512982909909,-2.3995653909316617,-11.89028140110786,0.0,0.390927102156393,2.243840326732036,0.0,0.0,0.0,3.283837968282146,0,0,0,0,0,0
image_181.png,surface,0.0,0.0,1.0575032438747265,-0.0377920958755441,-17.718044430380708,0.0,-0.0985723951405542,2.5869419340150954,0.0,0.0,0.0,1.714981196498071,0,0,0,0,0,0
image_182.png,surface,0.0,0.0,1.4880931602473526,4.797778649752984,-19.628143541038742,0.0,-0.2712539714910236,1.800310813934579,0.0,0.0,0.0,-0.9832725021679104,0,0,0,0,0,0
image_183.png,surface,0.0,0.0,1.9056620956743584,-1.8052832154886105,5.140394787018876,0.0,4.764674985825217,1.2853312915056856,0.0,0.0,0.0,-2.822425905567414,0,0,0,0,0,0
image_184.png,surface,0.0,0.0,2.819030853984537,-7.502528674319588,-23.77542373589229,0.0,1.5960722031433705,-0.0105867373009123,0.0,0.0,0.0,2.8359622478696345,0,0,0,0,0,0
image_185.png,surface,0.0,0.0,2.2207256980537693,-2.588891208758166,-7.532562284128317,0.0,3.71704494179202,-1.2382351983169595,0.0,0.0,0.0,2.019374411377312,0,0,0,0,0,0
image_186.png,surface,0.0,0.0,2.755015849308516,3.9310197531818942,-12.86519826046788,0.0,1.6666779195135646,-2.9669250605025206,0.0,0.0,0.0,2.2349006392615225,0,0,0,0,0,0
image_187.png,surface,0.0,0.0,2.1880548863203924,3.873181130165143,-23.53774084333996,0.0,0.2070191483129252,-3.2265511775313427,0.0,0.0,0.0,-0.6454094430779636,0,0,0,0,0,0
image_188.png,surface,0.0,0.0,1.88633487200188,-8.408469990161962,5.838707231319263,0.0,-2.4069393339308705,0.9468904272010432,0.0,0.0,0.0,3.261964325412212,0,0,0,0,0,0
image_189.png,surface,0.0,0.0,1.6571636175393545,-3.374679827912251,-1.5647780135968044,0.0,2.595143777971706,2.763066194949201,0.0,0.0,0.0,-0.6061903124783186,0,0,0,0,0,0
image_190.png,surface,0.0,0.0,2.940186423844076,-9.391447134115998,21.22719323793798,0.0,2.07387085562216,0.6719867476457624,0.0,0.0,0.0,2.2973300288004106,0,0,0,0,0,0
image_191.png,surface,0.0,0.0,1.9564974191063984,-3.4556020780174928,-17.779207953884125,0.0,4.3231670162106655,-1.9630644515120688,0.0,0.0,0.0,-1.5275608159290766,0,0,0,0,0,0
image_192.png,surface,0.0,0.0,1.7184933762537158,9.42304330833285,22.88400728263629,0.0,0.0482776932740261,3.179898693188361,0.0,0.0,0.0,3.9118140931611993,0,0,0,0,0,0
image_193.png,surface,0.0,0.0,2.815456395367523,-13.113983699668989,2.157710686801609,0.0,-1.0379246246967662,-2.904059534467601,0.0,0.0,0.0,3.5580735734018614,0,0,0,0,0,0
image_194.png,surface,0.0,0.0,2.6237287182270306,-2.9303756730194315,18.130779233866228,0.0,-2.524927008414262,-0.2460928496370437,0.0,0.0,0.0,-2.4223514327509066,0,0,0,0,0,0
image_195.png,surface,0.0,0.0,2.177478943022161,-4.520798859516361,0.7774102033631619,0.0,-0.2582129905928068,-3.5663555047326265,0.0,0.0,0.0,-0.7423107533648405,0,0,0,0,0,0
image_196.png,surface,0.0,0.0,2.1321284687644786,-2.753077879726548,4.473576961469079,0.0,-1.447042258761571,-4.217587979025821,0.0,0.0,0.0,-0.5572688863357458,0,0,0,0,0,0
image_197.png,surface,0.0,0.0,1.9947012369348247,16.529784960986543,-1.293101489462812,0.0,-2.540571582254448,1.0202758082209369,0.0,0.0,0.0,2.5509518658029062,0,0,0,0,0,0
image_198.png,surface,0.0,0.0,1.1926353044916778,-5.352700891772511,5.83946095341803,0.0,4.122116598614888,-1.811205923327044,0.0,0.0,0.0,1.3273596922762234,0,0,0,0,0,0
image_199.png,surface,0.0,0.0,2.374994429331698,-18.473000009756284,-8.20572278367886,0.0,-1.3066297175581831,4.823942280295828,0.0,0.0,0.0,3.626740955503003,0,0,0,0,0,0
image_200.png,surface,0.0,0.0,1.7510670742829175,11.212581607766394,-18.60693872580802,0.0,4.033938052551838,2.9314211168653643,0.0,0.0,0.0,-2.6962361967303936,0,0,0,0,0,0
image_201.png,surface,0.0,0.0,1.034044552770495,17.93045591382142,5.438800225420824,0.0,-1.95291482665265,-0.6208200850245176,0.0,0.0,0.0,-0.5774461147763299,0,0,0,0,0,0
image_202.png,surface,0.0,0.0,2.452111374505419,-13.739505131754251,-17.647399677858793,0.0,2.232963610095,2.4785519019470867,0.0,0.0,0.0,1.5447085535210237,0,0,0,0,0,0
image_203.png,surface,0.0,0.0,1.2586140249474538,-24.487974019204035,4.506979604185816,0.0,-2.6497258407359547,3.4909011995579484,0.0,0.0,0.0,-2.8860293096253065,0,0,0,0,0,0
image_204.png,surface,0.0,0.0,2.595833281747232,-1.497534581814157,13.83033942568949,0.0,0.4552602850046825,-1.973662703408536,0.0,0.0,0.0,2.181353114253436,0,0,0,0,0,0
image_205.png,surface,0.0,0.0,1.5191311525088067,6.644795931124864,8.584823663999675,0.0,0.5192290092122618,-2.876570298476932,0.0,0.0,0.0,-3.0491475099313057,0,0,0,0,0,0
image_206.png,surface,0.0,0.0,2.172815242680292,-10.956921028769084,9.481850921866863,0.0,-3.59918918238046,3.2709010578200526,0.0,0.0,0.0,-2.060165292144591,0,0,0,0,0,0
image_207.png,surface,0.0,0.0,2.139528238025332,13.13505363693035,-9.510576568524456,0.0,-0.7865855127194817,4.6703060688587055,0.0,0.0,0.0,-1.447859805717269,0,0,0,0,0,0
image_208.png,surface,0.0,0.0,1.3537403573020557,-9.073516985488151,8.599621879537713,0.0,1.652525640534906,-4.070875295510708,0.0,0.0,0.0,-2.130235959522798,0,0,0,0,0,0
image_209.png,surface,0.0,0.0,1.8780746998439293,10.165643913677076,18.61705461755573,0.0,-0.7508424537021502,-4.085407419693248,0.0,0.0,0.0,2.825146301417826,0,0,0,0,0,0
image_210.png,surface,0.0,0.0,2.6380753352007265,-12.391512231831316,19.874929249600097,0.0,-0.9094566020533394,2.5511100429801017,0.0,0.0,0.0,4.961378953830531,0,0,0,0,0,0
image_211.png,surface,0.0,0.0,2.9439594411789853,7.098891260315277,-18.230239917775524,0.0,1.64286942416995,-3.0765604044633634,0.0,0.0,0.0,-0.9200320424841522,0,0,0,0,0,0
image_212.png,surface,0.0,0.0,1.0363301737470525,-20.18826649881602,-7.425184235685557,0.0,4.220003262516428,-1.9551749271299173,0.0,0.0,0.0,-0.5983113845235337,0,0,0,0,0,0
image_213.png,surface,0.0,0.0,1.2933083660255844,15.965482400554537,5.093749032866006,0.0,-3.7346606633414,-2.167154161517282,0.0,0.0,0.0,-0.5428083168703948,0,0,0,0,0,0
image_214.png,surface,0.0,0.0,2.234879142545709,11.143235411168982,-3.923911509840039,0.0,-4.600005588409252,1.865266150658312,0.0,0.0,0.0,-4.484044048151037,0,0,0,0,0,0
image_215.png,surface,0.0,0.0,1.00502621261013,17.489021477643913,1.9090667512485064,0.0,0.9923119226981284,-4.157571208551182,0.0,0.0,0.0,3.2214566263049385,0,0,0,0,0,0
image_216.png,surface,0.0,0.0,2.5159800348646906,-16.553580084349015,-18.600598363257884,0.0,1.2511335690242882,-3.6256273172060105,0.0,0.0,0.0,-1.8302448760703385,0,0,0,0,0,0
image_217.png,surface,0.0,0.0,2.1660258175682383,-6.336171593208968,-11.808580343387382,0.0,1.0086424335889466,-0.3806355625409591,0.0,0.0,0.0,-4.688577065415412,0,0,0,0,0,0
image_218.png,surface,0.0,0.0,2.345729080083022,12.31287653145429,-17.10003404105519,0.0,-1.8802737109575487,-2.52830151860992,0.0,0.0,0.0,4.957614291880528,0,0,0,0,0,0
image_219.png,surface,0.0,0.0,2.2484817883326675,3.5121209017370387,7.982706206858532,0.0,2.408310867489404,-1.939132387758368,0.0,0.0,0.0,-2.390556285232432,0,0,0,0,0,0
image_220.png,surface,0.0,0.0,2.198027579860786,1.3483108160885826,0.0949615157134967,0.0,2.258871714266122,-1.9460706347804568,0.0,0.0,0.0,-1.7666201165494524,0,0,0,0,0,0
image_221.png,surface,0.0,0.0,1.2048247850142435,15.745622470029264,-18.64767161659413,0.0,3.349391371881912,-1.876410940493209,0.0,0.0,0.0,2.2245438868930654,0,0,0,0,0,0
image_222.png,surface,0.0,0.0,1.4704494963759875,-10.19850591009111,-0.1971463081105956,0.0,-2.514445498684505,1.806538037655777,0.0,0.0,0.0,-0.754622202029779,0,0,0,0,0,0
image_223.png,surface,0.0,0.0,1.9278348846973008,-2.4319361130333728,17.193948615021583,0.0,-4.776636206900839,-1.092491817843898,0.0,0.0,0.0,4.43580168459213,0,0,0,0,0,0
image_224.png,surface,0.0,0.0,1.6687809919623928,3.8942939594143486,-11.493968726640922,0.0,-1.527857367629853,0.6469652713285136,0.0,0.0,0.0,2.148251820104612,0,0,0,0,0,0
image_225.png,surface,0.0,0.0,2.566121053985351,-8.415046857911154,13.22651526582696,0.0,-2.7939431808752264,3.188128320512001,0.0,0.0,0.0,0.9327945639129532,0,0,0,0,0,0
image_226.png,surface,0.0,0.0,2.350546002866925,-1.9650622089112653,16.11508266826764,0.0,2.515004751660571,0.2329922357805511,0.0,0.0,0.0,1.2432355390389611,0,0,0,0,0,0
image_227.png,surface,0.0,0.0,1.6229407528534483,-4.327402009741293,15.89804658138183,0.0,-1.7722632570471943,-1.971744416331867,0.0,0.0,0.0,-3.753983654971704,0,0,0,0,0,0
image_228.png,surface,0.0,0.0,2.902178475871468,1.9494964066691416,6.216331748612163,0.0,-3.604035184783343,0.7078129367064133,0.0,0.0,0.0,4.270115610120119,0,0,0,0,0,0
image_229.png,surface,0.0,0.0,2.2884838715429616,17.579367902649864,-12.958537342550148,0.0,0.0878362560220886,-2.7961080473330107,0.0,0.0,0.0,-0.9118377286892524,0,0,0,0,0,0
image_230.png,surface,0.0,0.0,2.6932503343118848,-12.385936853630302,19.216084776857763,0.0,-1.2983290613493534,-3.993304026659573,0.0,0.0,0.0,-2.819186268139984,0,0,0,0,0,0
image_231.png,surface,0.0,0.0,2.809170575745981,-18.560229489947936,14.913897683424125,0.0,0.6892622308637503,0.8709271573389099,0.0,0.0,0.0,-3.8448273876521375,0,0,0,0,0,0
image_232.png,surface,0.0,0.0,1.3952665127585393,12.473805930125785,12.461997243145191,0.0,2.238110967000189,1.7700119401340528,0.0,0.0,0.0,-0.5927046905399038,0,0,0,0,0,0
image_233.png,surface,0.0,0.0,1.795462387259693,-0.977286636806474,-1.22449986307321,0.0,3.71874701517107,1.6080961473765631,0.0,0.0,0.0,1.959647943164048,0,0,0,0,0,0
image_234.png,surface,0.0,0.0,1.1219379142165444,2.258382279967132,-6.85234496013653,0.0,-4.335309312070216,-0.1865798160406878,0.0,0.0,0.0,4.846307116864677,0,0,0,0,0,0
image_235.png,surface,0.0,0.0,1.2956422847996054,-15.41002852872203,-6.458794270804335,0.0,-2.077966418101468,-0.8787461349999501,0.0,0.0,0.0,-0.2841006692860235,0,0,0,0,0,0
image_236.png,surface,0.0,0.0,2.174932480954544,-18.07075629417556,16.215648723000893,0.0,-1.5531555742579095,4.167938645543699,0.0,0.0,0.0,2.743012565173842,0,0,0,0,0,0
image_237.png,surface,0.0,0.0,2.034266408591784,23.87609166304517,0.9917420303560376,0.0,-4.098772308023216,-1.2691323075234442,0.0,0.0,0.0,1.279460053014332,0,0,0,0,0,0
image_238.png,surface,0.0,0.0,1.875046884104958,9.07352346791837,16.42893252151537,0.0,3.1447284271863176,-3.249139397855683,0.0,0.0,0.0,0.5579590911601917,0,0,0,0,0,0
image_239.png,surface,0.0,0.0,2.43392477933974,-6.245013595663822,-1.406005413604607,0.0,-1.7015145355397294,3.0834821921282813,0.0,0.0,0.0,-4.762716432562522,0,0,0,0,0,0
image_240.png,surface,0.0,0.0,1.5318131078093011,15.160929706991078,6.009316104522104,0.0,0.1873904313532111,-0.1061506178619309,0.0,0.0,0.0,-4.116910122962542,0,0,0,0,0,0
image_241.png,surface,0.0,0.0,1.8288941948404804,0.4979465846908438,-0.4781473194667928,0.0,-0.6053591468048214,-2.8056677027109047,0.0,0.0,0.0,0.7960371466932745,0,0,0,0,0,0
image_242.png,surface,0.0,0.0,2.87643254142144,-13.351911395027466,-19.55424660702297,0.0,1.3791741776018709,-3.5517265391974915,0.0,0.0,0.0,-3.79657695833852,0,0,0,0,0,0
image_243.png,surface,0.0,0.0,2.134180672710269,0.4726519460583874,11.191980415391994,0.0,0.5209756105874982,4.586352764789665,0.0,0.0,0.0,-0.5187954658137617,0,0,0,0,0,0
image_244.png,surface,0.0,0.0,2.3628669981626214,-22.89626123893608,5.167457078700323,0.0,3.141327071920863,1.1970776078891203,0.0,0.0,0.0,-1.689889724483323,0,0,0,0,0,0
image_245.png,surface,0.0,0.0,2.4909943372472263,-7.090533917471403,-3.791805681339811,0.0,-3.647518947158521,-3.2078888729988093,0.0,0.0,0.0,-2.1088865139885726,0,0,0,0,0,0
image_246.png,surface,0.0,0.0,1.8934286871582453,10.30545330397838,22.227664578503845,0.0,3.0425231674170874,-2.340643512549544,0.0,0.0,0.0,2.49210737343115,0,0,0,0,0,0
image_247.png,surface,0.0,0.0,1.8616189078324377,2.329635615548042,-20.66402532169196,0.0,-0.1295173212023454,-0.508818206575905,0.0,0.0,0.0,3.789529444579939,0,0,0,0,0,0
image_248.png,surface,0.0,0.0,1.940408674527789,6.100832394610961,-13.263807216099432,0.0,0.8819632307864603,1.239472702415468,0.0,0.0,0.0,-2.8302424902905035,0,0,0,0,0,0
image_249.png,surface,0.0,0.0,2.724039399210397,10.484630880924303,-19.64203085807621,0.0,0.2167469745286872,1.3010001876725277,0.0,0.0,0.0,-3.7518304744962014,0,0,0,0,0,0
image_250.png,surface,0.0,0.0,1.7272312312415876,13.335146281989331,-18.608859650197644,0.0,1.716047714847993,1.291061365828298,0.0,0.0,0.0,-2.456624754855876,0,0,0,0,0,0
image_251.png,surface,0.0,0.0,2.77056412724606,19.37809441787249,-7.982073537623566,0.0,0.3956006301932955,-3.7792794067889592,0.0,0.0,0.0,-2.4720998608407,0,0,0,0,0,0
image_252.png,surface,0.0,0.0,1.0818336648057032,19.00088790716769,3.721870073013335,0.0,1.3904054167987991,-1.0029841905050247,0.0,0.0,0.0,-3.5420864237641245,0,0,0,0,0,0
image_253.png,surface,0.0,0.0,1.5056703197508754,16.49686299141285,-19.015501069968607,0.0,-3.916674606634383,-2.15644684266875,0.0,0.0,0.0,3.8472322677763184,0,0,0,0,0,0
image_254.png,surface,0.0,0.0,2.794777635685179,-4.03976738550348,-18.954329697344765,0.0,1.515761402473279,-2.52794148721106,0.0,0.0,0.0,1.0859055854491286,0,0,0,0,0,0
image_255.png,surface,0.0,0.0,2.8655419754075604,-12.040896630729476,-6.81550959500263,0.0,-0.8730740425706895,0.0474220556718929,0.0,0.0,0.0,-4.596186172816075,0,0,0,0,0,0
image_256.png,surface,0.0,0.0,1.4153498371952753,15.184799089595158,-8.965227939086304,0.0,-2.9536387902891503,-3.105144736887033,0.0,0.0,0.0,1.700145671165502,0,0,0,0,0,0
image_257.png,surface,0.0,0.0,1.4343195273498457,-5.899327739631158,-3.755663674906987,0.0,-0.2465769549173471,-1.5178389071621463,0.0,0.0,0.0,-3.901692862909343,0,0,0,0,0,0
image_258.png,surface,0.0,0.0,2.5084918251881163,10.708748446518484,14.74253395536726,0.0,-2.047402407122896,-0.295548405279477,0.0,0.0,0.0,2.2044245569794843,0,0,0,0,0,0
image_259.png,surface,0.0,0.0,1.7229308788415625,-6.568173391223609,-3.533297962712415,0.0,-1.4367638233042923,-0.9833481787711428,0.0,0.0,0.0,1.1280482971172976,0,0,0,0,0,0
image_260.png,surface,0.0,0.0,1.4113117572317844,5.460468808572235,20.968337261905653,0.0,-2.948016173035018,-3.2509538340008177,0.0,0.0,0.0,-3.720088751332711,0,0,0,0,0,0
image_261.png,surface,0.0,0.0,1.4544707848122558,4.28733142096717,-10.933980549671816,0.0,-0.6987765662050436,-1.302387212846163,0.0,0.0,0.0,-3.232827889526526,0,0,0,0,0,0
image_262.png,surface,0.0,0.0,1.608368516661936,8.683816706252205,10.633990373858884,0.0,2.403786778114383,2.731203419311774,0.0,0.0,0.0,-1.838772290713352,0,0,0,0,0,0
image_263.png,surface,0.0,0.0,2.6659758915602065,3.078215603645692,-21.04969964990625,0.0,-1.6331235926478156,-2.211413481759489,0.0,0.0,0.0,-2.5446568549150763,0,0,0,0,0,0
image_264.png,surface,0.0,0.0,1.912755317695872,-12.480762251720474,21.11051451711488,0.0,0.283951334851688,4.929907148634501,0.0,0.0,0.0,2.680690124802253,0,0,0,0,0,0
image_265.png,surface,0.0,0.0,1.2541772241594005,-8.243829348255629,18.02446028129556,0.0,-0.1997058921699677,3.7779320603459774,0.0,0.0,0.0,-0.7813192188069209,0,0,0,0,0,0
image_266.png,surface,0.0,0.0,1.7430721555902675,-1.1120138714327088,19.162980448829607,0.0,-4.3000984770256485,-0.5004401189503668,0.0,0.0,0.0,-1.9066346118450337,0,0,0,0,0,0
image_267.png,surface,0.0,0.0,1.6463355858456068,-0.5265119304208612,23.007233655562427,0.0,-0.8369876855062103,-4.347776065127638,0.0,0.0,0.0,-0.4724089472211021,0,0,0,0,0,0
image_268.png,surface,0.0,0.0,1.1522034081774402,-17.38329558900756,-15.73020454267941,0.0,-0.2983652684715958,1.9484927561641103,0.0,0.0,0.0,4.249032652001315,0,0,0,0,0,0
image_269.png,surface,0.0,0.0,2.64658307146232,-0.4271932159847292,17.85615779718751,0.0,1.9524175585246395,-0.5937383779170179,0.0,0.0,0.0,0.2965617681969865,0,0,0,0,0,0
image_270.png,surface,0.0,0.0,2.4627010964812586,17.637677910498216,-6.794109476896297,0.0,-4.168263332855014,-1.4362654386241178,0.0,0.0,0.0,3.721377040942448,0,0,0,0,0,0
image_271.png,surface,0.0,0.0,1.8711241970177268,-6.919583951120123,-17.417798035339807,0.0,2.532033945833798,2.384873705936576,0.0,0.0,0.0,1.4795317600977276,0,0,0,0,0,0
image_272.png,surface,0.0,0.0,2.403085712366165,-13.294995576076778,8.771246253916924,0.0,0.0065769609847528,-1.954077869454508,0.0,0.0,0.0,-2.385785679157721,0,0,0,0,0,0
image_273.png,surface,0.0,0.0,1.677418817426907,-11.674308382613658,-17.906716100896624,0.0,-3.28381375528396,2.6340620654649367,0.0,0.0,0.0,3.9205137421133927,0,0,0,0,0,0
image_274.png,surface,0.0,0.0,2.871672028599523,-1.0186240782227738,-11.183770893652378,0.0,3.5257627343615314,3.31116931551803,0.0,0.0,0.0,-2.2837197996711733,0,0,0,0,0,0
image_275.png,surface,0.0,0.0,2.001563432737405,14.31254158144566,-9.982940293567678,0.0,-0.5922241411612267,-3.8740354815030114,0.0,0.0,0.0,-2.2154563998899257,0,0,0,0,0,0
image_276.png,surface,0.0,0.0,1.2224058491490637,-3.052843541892234,2.043596911236317,0.0,3.1459434218948776,-2.5455861830545152,0.0,0.0,0.0,4.177716764599541,0,0,0,0,0,0
image_277.png,surface,0.0,0.0,1.950363868568688,-21.012941791544687,7.589362753462604,0.0,-2.1914905844511026,0.9243140561534487,0.0,0.0,0.0,-1.905084494364352,0,0,0,0,0,0
image_278.png,surface,0.0,0.0,1.7202615879069592,-13.122013610353314,-3.6126784458769774,0.0,1.776862045553801,-2.111652602600158,0.0,0.0,0.0,2.814795770370821,0,0,0,0,0,0
image_279.png,surface,0.0,0.0,1.0682083799608784,-17.563777387884723,5.749073608097394,0.0,-1.7363530744625768,-3.320077789020045,0.0,0.0,0.0,3.474040107744244,0,0,0,0,0,0
image_280.png,surface,0.0,0.0,1.699419595238188,2.777655170917015,-24.29641061758872,0.0,-3.2772492940604514,-3.724704408472496,0.0,0.0,0.0,4.6245901174125645,0,0,0,0,0,0
image_281.png,surface,0.0,0.0,2.952681635585937,5.196531832210306,0.1963046595605181,0.0,0.1564078982889365,0.3277631957415736,0.0,0.0,0.0,4.0316145787894815,0,0,0,0,0,0
image_282.png,surface,0.0,0.0,1.5192987307682626,-0.1797263163826072,7.500019824533135,0.0,-0.460569506309068,-1.708886443791843,0.0,0.0,0.0,3.4699507259793165,0,0,0,0,0,0
image_283.png,surface,0.0,0.0,2.4480055416246658,-22.283173419598366,-5.965350376889116,0.0,-1.5327681696886275,4.374837295497494,0.0,0.0,0.0,-0.7459652819597533,0,0,0,0,0,0
image_284.png,surface,0.0,0.0,1.30827969111492,-2.21861765158309,-19.275253423544203,0.0,0.2572822430239556,-1.840021171995769,0.0,0.0,0.0,2.3245102552720285,0,0,0,0,0,0
image_285.png,surface,0.0,0.0,1.3386409689997014,4.545076254882996,-15.876800022202366,0.0,-3.919298273974512,-0.1696643170582559,0.0,0.0,0.0,-2.152730707615004,0,0,0,0,0,0
image_286.png,surface,0.0,0.0,1.5929819403210437,10.019764157853464,2.694619748569877,0.0,-2.4956405061203064,1.9451455751546167,0.0,0.0,0.0,-3.719060463298697,0,0,0,0,0,0
image_287.png,surface,0.0,0.0,1.0292294410311102,-15.935376939275752,-18.08199269675704,0.0,-1.3416327915825912,-1.7240410181398975,0.0,0.0,0.0,-3.759657561891437,0,0,0,0,0,0
image_288.png,surface,0.0,0.0,1.967290728323761,-21.369409634959265,-10.490416604494614,0.0,-4.491809340935899,0.1584151157926538,0.0,0.0,0.0,0.4771611704658944,0,0,0,0,0,0
image_289.png,surface,0.0,0.0,2.939651007462124,-10.58645655426137,-2.2954860830514536,0.0,-3.006125861821605,-3.992953212207384,0.0,0.0,0.0,-1.951807053296429,0,0,0,0,0,0
image_290.png,surface,0.0,0.0,1.563061822889831,-15.91096431105028,-4.733390382102447,0.0,4.542582165489156,1.7110096254010103,0.0,0.0,0.0,-4.826372889179671,0,0,0,0,0,0
image_291.png,surface,0.0,0.0,2.339655124128188,3.111414566941122,23.54977629127394,0.0,1.2242460815752845,-2.585665142401739,0.0,0.0,0.0,4.133696277213527,0,0,0,0,0,0
image_292.png,surface,0.0,0.0,2.6885622288227253,-4.791637014094662,6.624946322716624,0.0,-1.2797255940343857,0.6728465090478623,0.0,0.0,0.0,-1.259706029113603,0,0,0,0,0,0
image_293.png,surface,0.0,0.0,2.878912035824839,17.96128298272231,-10.239720011221715,0.0,2.344666251326071,1.8872574893985856,0.0,0.0,0.0,3.3325749532249933,0,0,0,0,0,0
image_294.png,surface,0.0,0.0,1.050652664409126,6.416391113450676,-21.76238767965048,0.0,0.0383347503005456,-0.6094736664240931,0.0,0.0,0.0,1.8724930532129536,0,0,0,0,0,0
image_295.png,surface,0.0,0.0,2.690236849222032,1.7836275185098824,7.259438749699844,0.0,3.434715788776312,2.3209125074983024,0.0,0.0,0.0,4.933354464645607,0,0,0,0,0,0
image_296.png,surface,0.0,0.0,1.162799172540792,-12.131421296132112,-10.311959837976785,0.0,1.3082633281037137,2.985417102993877,0.0,0.0,0.0,3.720907284757701,0,0,0,0,0,0
image_297.png,surface,0.0,0.0,1.6267733428059667,-14.378121972770034,5.092206915119259,0.0,4.2010873847235,1.565175671626834,0.0,0.0,0.0,-3.3555035872637484,0,0,0,0,0,0
image_298.png,surface,0.0,0.0,2.4853042207366665,9.982458108241469,16.34651203026238,0.0,4.432842403838998,1.5780863952400002,0.0,0.0,0.0,-2.839776475116307,0,0,0,0,0,0
image_299.png,surface,0.0,0.0,1.736479173279527,-11.114212483390356,1.5953109229975622,0.0,-4.025133407239281,-0.9551721471892836,0.0,0.0,0.0,-1.1750506623928416,0,0,0,0,0,0
image_300.png,surface,0.0,0.0,1.1130312501863606,16.314343214500457,-5.740015651907759,0.0,-2.351580842311385,3.897573245518047,0.0,0.0,0.0,-0.2548596019106952,0,0,0,0,0,0
image_301.png,surface,0.0,0.0,2.486490022749887,-18.84242958387533,4.161717818957056,0.0,-2.3597819580128614,3.216613009066713,0.0,0.0,0.0,-0.1644372122082646,0,0,0,0,0,0
image_302.png,surface,0.0,0.0,2.1135321513670933,10.425110842702294,22.67417050127767,0.0,2.051162573392362,2.637035963328048,0.0,0.0,0.0,-4.000932488964239,0,0,0,0,0,0
image_303.png,surface,0.0,0.0,1.9305204824316924,-11.306178450902902,3.715273168816753,0.0,-3.640383965031978,-1.5276625342035066,0.0,0.0,0.0,-4.379505135633137,0,0,0,0,0,0
image_304.png,surface,0.0,0.0,1.8271137782095024,-5.460790839403219,-12.44026976938581,0.0,3.696981222891431,3.339524688372828,0.0,0.0,0.0,-1.1251323603024188,0,0,0,0,0,0
image_305.png,surface,0.0,0.0,2.256311341763162,-11.673309873223271,-0.1661958374731916,0.0,2.019354777999079,2.570176353777344,0.0,0.0,0.0,-4.481596962451036,0,0,0,0,0,0
image_306.png,surface,0.0,0.0,2.83409924251698,5.227860005474029,-20.35541394070168,0.0,0.74102455347748,-2.5685138964486223,0.0,0.0,0.0,4.164630541210499,0,0,0,0,0,0
image_307.png,surface,0.0,0.0,1.840919341901171,13.89224634642714,-15.015529996820492,0.0,-0.17403861053046,-1.4223506337134244,0.0,0.0,0.0,-4.658444949372403,0,0,0,0,0,0
image_308.png,surface,0.0,0.0,1.7752281613484546,-18.82900133663872,11.408146357500463,0.0,-2.5652784733636134,2.4255369271278893,0.0,0.0,0.0,2.4937714280310006,0,0,0,0,0,0
image_309.png,surface,0.0,0.0,1.722533659133615,13.585244128129858,0.8232246274905501,0.0,0.5633933653925071,-1.5222843478167365,0.0,0.0,0.0,-2.3865028031935265,0,0,0,0,0,0
image_310.png,surface,0.0,0.0,1.398381429601032,17.408332468011995,-10.377832341283266,0.0,-2.231892797496734,-1.8221463696030336,0.0,0.0,0.0,2.399387563767247,0,0,0,0,0,0
image_311.png,surface,0.0,0.0,2.6655263956257222,9.79477715207464,-13.909468321946145,0.0,0.5375190555266665,4.600684043613507,0.0,0.0,0.0,-2.7275009257758764,0,0,0,0,0,0
image_312.png,surface,0.0,0.0,1.460323155309042,-6.560923336624615,20.381368514626047,0.0,-1.2136396993826926,-1.345548853931544,0.0,0.0,0.0,-1.5624264067201734,0,0,0,0,0,0
image_313.png,surface,0.0,0.0,2.1088231709318217,5.017418544786289,22.776093122272776,0.0,-0.1529991062839418,4.492979390247236,0.0,0.0,0.0,-0.0226094362141786,0,0,0,0,0,0
image_314.png,surface,0.0,0.0,2.5626827936299783,-18.323419770349428,13.983075245606882,0.0,-2.927023019525809,-1.0290582779315611,0.0,0.0,0.0,-3.2067837038354066,0,0,0,0,0,0
image_315.png,surface,0.0,0.0,1.05158896199812,-14.190251751358726,-5.1280731287985,0.0,-2.08350471284702,-0.6575529504882499,0.0,0.0,0.0,-3.140628098677716,0,0,0,0,0,0
image_316.png,surface,0.0,0.0,2.0070282118478096,-8.706734244320902,12.671688597121443,0.0,1.2369072086668491,2.0129724019554445,0.0,0.0,0.0,2.825354575277271,0,0,0,0,0,0
image_317.png,surface,0.0,0.0,1.804436708677965,5.6464808494719545,12.89026131074068,0.0,0.172198541541364,1.7631579722700026,0.0,0.0,0.0,-1.3396482586880456,0,0,0,0,0,0
image_318.png,surface,0.0,0.0,1.1455660997846575,6.424317546140102,9.136610359942836,0.0,-2.272152977784222,-3.795473709794671,0.0,0.0,0.0,-2.662599321829581,0,0,0,0,0,0
image_319.png,surface,0.0,0.0,2.637448717157952,3.245974728564455,-5.6242769059841,0.0,0.8909916428317912,0.787856984490162,0.0,0.0,0.0,-3.0071280509829315,0,0,0,0,0,0
image_320.png,surface,0.0,0.0,1.805972492611464,16.63026578616261,12.902668903249682,0.0,3.4272866736791543,2.749723092793112,0.0,0.0,0.0,0.3895642787563513,0,0,0,0,0,0
image_321.png,surface,0.0,0.0,1.7454054162725114,-18.24790726464531,14.125574040593715,0.0,2.280822671402421,-3.314040704907862,0.0,0.0,0.0,-3.2462924692658293,0,0,0,0,0,0
image_322.png,surface,0.0,0.0,2.3468336851100737,19.080942891492064,11.726829228279456,0.0,-3.799614864081868,-2.981714443211716,0.0,0.0,0.0,-0.4476402375337489,0,0,0,0,0,0
image_323.png,surface,0.0,0.0,1.886952745695296,-7.3100615858326625,11.904739866085524,0.0,-2.171956700022831,3.5450956710653823,0.0,0.0,0.0,-3.6125461808613215,0,0,0,0,0,0
image_324.png,surface,0.0,0.0,1.7441682308535515,-5.035624589940533,-3.721713073320912,0.0,1.1829287437196887,2.6606678383198195,0.0,0.0,0.0,-1.6924221469837608,0,0,0,0,0,0
image_325.png,surface,0.0,0.0,2.124883226163521,24.014591477265125,-4.068271262784293,0.0,3.5983219256301497,1.019760132169118,0.0,0.0,0.0,-2.4100849430353657,0,0,0,0,0,0
image_326.png,surface,0.0,0.0,1.7224716226825774,-19.14560553309187,-12.93650123438564,0.0,-0.9021959186308416,4.159251654502111,0.0,0.0,0.0,-2.997894429639567,0,0,0,0,0,0
image_327.png,surface,0.0,0.0,2.50727356983994,21.052388413488643,-6.255761995321705,0.0,-3.1771677289927007,-1.5822911932462025,0.0,0.0,0.0,-2.6234697904531314,0,0,0,0,0,0
image_328.png,surface,0.0,0.0,2.516570387410792,16.487124295398868,-13.722092776197194,0.0,-3.811445789907249,-2.461186258138851,0.0,0.0,0.0,-1.2688816534396743,0,0,0,0,0,0
image_329.png,surface,0.0,0.0,2.5100811526742337,22.161595110019537,1.7267235752643533,0.0,-1.9748718427558785,-3.0480230709546405,0.0,0.0,0.0,1.6988920933282792,0,0,0,0,0,0
image_330.png,surface,0.0,0.0,2.5806915379591047,12.900299150795918,13.47960248624852,0.0,-1.3659371661185056,2.8090655070482096,0.0,0.0,0.0,2.292275307592869,0,0,0,0,0,0
image_331.png,surface,0.0,0.0,2.086945112492761,-5.869212701936339,-15.93986456108558,0.0,0.5904470283462425,-1.2570638509103482,0.0,0.0,0.0,0.5069544674071169,0,0,0,0,0,0
image_332.png,surface,0.0,0.0,2.6401353648943884,7.667470129152015,-17.633576056196524,0.0,1.9036590026862863,1.5719386145156056,0.0,0.0,0.0,-2.044229455406356,0,0,0,0,0,0
image_333.png,surface,0.0,0.0,1.5369671511984713,-8.359851312607702,-17.85086017526341,0.0,-0.7952803329180098,-2.1478351123883628,0.0,0.0,0.0,1.999872209224934,0,0,0,0,0,0
image_334.png,surface,0.0,0.0,2.8287883216704355,8.462676503271469,-2.4451689755035337,0.0,-1.4772708298262665,3.8495954858260815,0.0,0.0,0.0,0.2997695283813471,0,0,0,0,0,0
image_335.png,surface,0.0,0.0,1.8040726767859656,-17.793946483413258,-15.74369946141112,0.0,-0.268261295494188,-2.743031135717363,0.0,0.0,0.0,-1.373424272567496,0,0,0,0,0,0
image_336.png,surface,0.0,0.0,2.060431535761774,-0.9105771207007424,-4.364183838577375,0.0,-1.7545392474482993,1.2335786393533268,0.0,0.0,0.0,-3.496692662954529,0,0,0,0,0,0
image_337.png,surface,0.0,0.0,1.3324903146322409,8.765196334548056,-19.157611150788853,0.0,1.3130263395303212,-3.889167176473965,0.0,0.0,0.0,3.503109820728273,0,0,0,0,0,0
image_338.png,surface,0.0,0.0,1.070087994916945,-18.69716466202794,-8.266254912990119,0.0,3.190900325738224,-0.1108266402001065,0.0,0.0,0.0,-3.7806899499408897,0,0,0,0,0,0
image_339.png,surface,0.0,0.0,1.183509689208649,2.1337350372606223,8.983424044443563,0.0,1.138526695566964,2.3410766570799693,0.0,0.0,0.0,0.6497571683590433,0,0,0,0,0,0
image_340.png,surface,0.0,0.0,1.0043564651910175,-13.254414695215385,-15.806817835243546,0.0,-0.9606331757359003,1.4590455666009918,0.0,0.0,0.0,0.3684983174499958,0,0,0,0,0,0
image_341.png,surface,0.0,0.0,2.541251623534181,8.209965752043793,7.191469165117517,0.0,4.755210996937895,0.5004305125856082,0.0,0.0,0.0,3.368174422436008,0,0,0,0,0,0
image_342.png,surface,0.0,0.0,2.519264444804877,16.250085230758373,-15.54077932269579,0.0,-1.3290398501812697,1.6145548450476754,0.0,0.0,0.0,1.1893162381614797,0,0,0,0,0,0
image_343.png,surface,0.0,0.0,1.833513248985306,-23.58567279905203,-3.477265603334008,0.0,1.8203298689094267,3.912781588024424,0.0,0.0,0.0,4.398105848910575,0,0,0,0,0,0
image_344.png,surface,0.0,0.0,2.217267719776781,-23.44161281481357,8.071475967229395,0.0,-1.2285493547476471,0.0374549640418127,0.0,0.0,0.0,2.753600526974253,0,0,0,0,0,0
image_345.png,surface,0.0,0.0,1.3000885652971317,16.706739152547797,18.241565435305382,0.0,-2.310059820490188,4.153505884010219,0.0,0.0,0.0,1.8177223708547985,0,0,0,0,0,0
image_346.png,surface,0.0,0.0,2.68909896693588,12.513876742318006,15.470543720043391,0.0,-1.7505254037573446,4.610660922684394,0.0,0.0,0.0,-2.3697254124899936,0,0,0,0,0,0
image_347.png,surface,0.0,0.0,2.242132215176027,22.218938404838223,-8.75002594390409,0.0,1.7201519226698938,4.106907409498124,0.0,0.0,0.0,-0.0362553917828218,0,0,0,0,0,0
image_348.png,surface,0.0,0.0,1.7047324707208955,21.99861304558824,-12.018207094709329,0.0,0.9297060626454592,-1.338845439022622,0.0,0.0,0.0,0.8891564784698511,0,0,0,0,0,0
image_349.png,surface,0.0,0.0,2.712578234612864,-1.1159734229275902,-17.287566477311085,0.0,-2.4622382663034545,-0.4808371025084554,0.0,0.0,0.0,-4.058605662066287,0,0,0,0,0,0
image_350.png,surface,0.0,0.0,2.4212569608199743,14.816217066641984,-8.236374232231475,0.0,-2.1246696021022737,-1.888066076781685,0.0,0.0,0.0,-3.83012199043503,0,0,0,0,0,0
image_351.png,surface,0.0,0.0,1.8365540709699577,12.543901853603934,14.653272451219095,0.0,-1.0418475797186355,4.0889821577706575,0.0,0.0,0.0,-2.098682416897991,0,0,0,0,0,0
image_352.png,surface,0.0,0.0,1.7262429708197449,-19.236839880207388,6.11591761590763,0.0,-0.251587464503087,4.135913917368382,0.0,0.0,0.0,-4.729163281282281,0,0,0,0,0,0
image_353.png,surface,0.0,0.0,1.403030262487374,-0.5527364726081708,-13.82398684266112,0.0,-2.51389042701469,2.524247376718078,0.0,0.0,0.0,1.7240986431125416,0,0,0,0,0,0
image_354.png,surface,0.0,0.0,1.349577542601408,-4.876104763097063,19.21190173240972,0.0,2.7054708579966227,-2.125809890874912,0.0,0.0,0.0,-0.3827202893142578,0,0,0,0,0,0
image_355.png,surface,0.0,0.0,1.902968152791472,11.603116821980937,19.89920774556269,0.0,-2.984548251996174,2.0510270517723974,0.0,0.0,0.0,3.929149469975577,0,0,0,0,0,0
image_356.png,surface,0.0,0.0,1.739951466796888,-5.123880596512938,4.999949800095984,0.0,2.530206728985055,1.972894842631048,0.0,0.0,0.0,-1.9309436921519247,0,0,0,0,0,0
image_357.png,surface,0.0,0.0,1.122775806059352,9.439731353877583,0.2460454178791684,0.0,-1.523987514655283,2.222467063949497,0.0,0.0,0.0,-3.3238588899767607,0,0,0,0,0,0
image_358.png,surface,0.0,0.0,1.6202980649985028,-3.3361684780749785,-6.348237304460103,0.0,-4.487776287329606,0.4916106694402325,0.0,0.0,0.0,4.532690255393092,0,0,0,0,0,0
image_359.png,surface,0.0,0.0,1.2674788254868177,-15.67156909438304,-9.226399280707993,0.0,-3.066579636216879,-0.8127176990192877,0.0,0.0,0.0,1.6832613006413872,0,0,0,0,0,0
image_360.png,surface,0.0,0.0,2.6041685653774893,11.0655066257083,-10.146335781782382,0.0,3.171212211408133,1.330210938170268,0.0,0.0,0.0,-3.1059710919542374,0,0,0,0,0,0
image_361.png,surface,0.0,0.0,1.956432273973486,8.913734605107704,-17.013753055136174,0.0,4.588760814300966,-1.327369423555437,0.0,0.0,0.0,-4.786188807943378,0,0,0,0,0,0
image_362.png,surface,0.0,0.0,1.3682988378804368,-5.306226979710228,16.615672183806065,0.0,1.751608721846191,2.9724722153110945,0.0,0.0,0.0,-4.396003489715641,0,0,0,0,0,0
image_363.png,surface,0.0,0.0,1.322862935986817,2.773216235024412,7.484295346967548,0.0,3.263155564793817,2.417737531135612,0.0,0.0,0.0,1.75440498949012,0,0,0,0,0,0
image_364.png,surface,0.0,0.0,2.637265122701294,17.538835319111868,7.284406998618123,0.0,-0.6582723850158798,0.6861039900530804,0.0,0.0,0.0,-3.229547971616836,0,0,0,0,0,0
image_365.png,surface,0.0,0.0,2.113577492159819,-10.846485747473494,18.73577024275029,0.0,-0.6527719505217884,4.650147546654203,0.0,0.0,0.0,-3.3731643489575944,0,0,0,0,0,0
image_366.png,surface,0.0,0.0,2.005833385835808,22.243410616997885,-4.471657541894558,0.0,-0.847722104738254,-4.637290095964202,0.0,0.0,0.0,2.008697430180796,0,0,0,0,0,0
image_367.png,surface,0.0,0.0,1.8959980326842227,3.0804247414583985,19.66782460426649,0.0,-1.9797481422202512,-0.593833621364217,0.0,0.0,0.0,-3.747029783990711,0,0,0,0,0,0
image_368.png,surface,0.0,0.0,2.489004581620099,19.40355477234153,-13.706035013595413,0.0,-2.53661632704589,-2.000804026674248,0.0,0.0,0.0,-4.425467236907582,0,0,0,0,0,0
image_369.png,surface,0.0,0.0,2.100636076612253,13.855704130103636,7.419383431194372,0.0,-2.710811821361565,0.9326800102239562,0.0,0.0,0.0,-4.039547922761725,0,0,0,0,0,0
image_370.png,surface,0.0,0.0,1.238652277817869,20.5323619321444,1.1872644103910337,0.0,-3.546900505922712,0.2508552165944192,0.0,0.0,0.0,1.026260336191549,0,0,0,0,0,0
image_371.png,surface,0.0,0.0,1.138915055238923,-7.276470610978421,-19.243952284835903,0.0,1.6387592617484656,1.2384924458684603,0.0,0.0,0.0,-3.763772848475347,0,0,0,0,0,0
image_372.png,surface,0.0,0.0,1.535746665510714,18.9232453189666,-0.3731458275931248,0.0,2.792076126812703,4.019396466976738,0.0,0.0,0.0,1.134070067465852,0,0,0,0,0,0
image_373.png,surface,0.0,0.0,2.946527986065143,-3.2041118065771785,16.651454303266714,0.0,-1.8113144107299208,4.625360211011955,0.0,0.0,0.0,-2.587442690070164,0,0,0,0,0,0
image_374.png,surface,0.0,0.0,1.16334600678098,-14.736205015284282,8.917464926601863,0.0,2.3521165715771617,-2.4692817309773143,0.0,0.0,0.0,2.3917020211709605,0,0,0,0,0,0
image_375.png,surface,0.0,0.0,2.075980744525035,-7.523527603818335,16.602303377914623,0.0,-0.7516102104902982,2.330298760480549,0.0,0.0,0.0,0.5944609249005506,0,0,0,0,0,0
image_376.png,surface,0.0,0.0,2.8417183855545742,-15.653726598707475,-8.364545089414314,0.0,-1.6697538261413143,2.191928424908389,0.0,0.0,0.0,0.7836532482605163,0,0,0,0,0,0
image_377.png,surface,0.0,0.0,1.1537129583174506,-0.3462235356653192,-24.55966187417031,0.0,-3.5561762280510902,2.193302248966372,0.0,0.0,0.0,3.2490342294477337,0,0,0,0,0,0
image_378.png,surface,0.0,0.0,1.3805168814464286,10.316489462458494,5.796170809129116,0.0,1.2062582913649615,-4.816572845475734,0.0,0.0,0.0,3.306972420650057,0,0,0,0,0,0
image_379.png,surface,0.0,0.0,2.2419764478792725,9.237346459936669,-5.162175295517469,0.0,0.6132960157674164,-1.0138511981351497,0.0,0.0,0.0,-3.382912181968432,0,0,0,0,0,0
image_380.png,surface,0.0,0.0,1.0276627449233615,6.093069064240416,-13.210958699998312,0.0,-3.23422419178163,3.114096378511108,0.0,0.0,0.0,-0.2764504411175696,0,0,0,0,0,0
image_381.png,surface,0.0,0.0,2.8525035928479605,4.729168867843886,24.26487528178093,0.0,-2.90063970534388,2.3326682994872474,0.0,0.0,0.0,1.810235699870548,0,0,0,0,0,0
image_382.png,surface,0.0,0.0,1.214721864708788,0.3774166099773712,18.232208957453427,0.0,2.718266936542836,-3.681747201031573,0.0,0.0,0.0,-0.9681000190419544,0,0,0,0,0,0
image_383.png,surface,0.0,0.0,1.1208525953288235,16.08447298601671,-13.87752854674858,0.0,1.9587058318548496,3.454896776241612,0.0,0.0,0.0,3.573809405277608,0,0,0,0,0,0
image_384.png,surface,0.0,0.0,1.3844595042470027,-13.960590107436246,14.520557358150285,0.0,-1.829384335658671,-3.694454555200569,0.0,0.0,0.0,-4.415628002130152,0,0,0,0,0,0
image_385.png,surface,0.0,0.0,2.22068972707956,-8.198505020208108,3.7876235261476174,0.0,-3.731236300308917,1.8950273181750503,0.0,0.0,0.0,0.027859396057158,0,0,0,0,0,0
image_386.png,surface,0.0,0.0,2.8821274951804936,15.759480020373635,-15.847456501377234,0.0,2.422544278348588,-1.6369296106900062,0.0,0.0,0.0,2.8765574402365592,0,0,0,0,0,0
image_387.png,surface,0.0,0.0,1.9581498315859267,-14.326204616520506,-8.331984321112285,0.0,-1.2665231109034691,-4.162476175139199,0.0,0.0,0.0,4.547252007448048,0,0,0,0,0,0
image_388.png,surface,0.0,0.0,2.0705398190340416,18.565258988449308,-4.38249454779195,0.0,1.651365120413929,2.7887815644430782,0.0,0.0,0.0,-2.0270849254119563,0,0,0,0,0,0
image_389.png,surface,0.0,0.0,1.886160662061673,12.43532530583508,-12.41301533247675,0.0,3.163630390409691,0.6058424149136483,0.0,0.0,0.0,4.115494865010643,0,0,0,0,0,0
image_390.png,surface,0.0,0.0,2.072694656746154,10.320842028948755,-1.3913568227444228,0.0,-3.211802559911058,3.423899566191655,0.0,0.0,0.0,-2.822285877627256,0,0,0,0,0,0
image_391.png,surface,0.0,0.0,1.5387054931180006,-2.0001552628011305,13.707953054915787,0.0,0.6497509312275283,1.5757432794999484,0.0,0.0,0.0,-4.125050827360164,0,0,0,0,0,0
image_392.png,surface,0.0,0.0,2.389853631445991,4.17560657235776,-7.586458005024514,0.0,1.404271847247043,3.641749477212728,0.0,0.0,0.0,3.839050911419502,0,0,0,0,0,0
image_393.png,surface,0.0,0.0,2.419857170726649,-13.569486150394118,-12.066412159680665,0.0,4.838363534263182,-1.043001621008527,0.0,0.0,0.0,-4.446761285209186,0,0,0,0,0,0
image_394.png,surface,0.0,0.0,2.041682064608663,-8.687616236530133,20.695817751347253,0.0,1.304108147384401,3.354280844548484,0.0,0.0,0.0,4.916927035547602,0,0,0,0,0,0
image_395.png,surface,0.0,0.0,2.7190167737500355,5.051564970852991,-21.008988258010028,0.0,1.0277540225014323,2.4759163740958914,0.0,0.0,0.0,0.2093576307763314,0,0,0,0,0,0
image_396.png,surface,0.0,0.0,2.3215935743305005,-11.248291009381909,-13.331556678990296,0.0,3.8531539677845457,-1.8446434162928664,0.0,0.0,0.0,2.482184479646701,0,0,0,0,0,0
image_397.png,surface,0.0,0.0,1.986991017884495,8.290612419102999,-0.7641878221921032,0.0,-2.9026985314407208,1.870135076954016,0.0,0.0,0.0,-3.2366976614751675,0,0,0,0,0,0
image_398.png,surface,0.0,0.0,2.684226521972839,-5.4275851582416825,8.130881370111172,0.0,2.893499595051899,-0.1649959658099905,0.0,0.0,0.0,0.6681487598154403,0,0,0,0,0,0
image_399.png,surface,0.0,0.0,2.16864109370391,-4.596564973298371,-19.385986425279395,0.0,-3.15812417908875,-1.4327222754046651,0.0,0.0,0.0,2.893246719466277,0,0,0,0,0,0
image_400.png,surface,0.0,0.0,1.152004866214591,-5.824978880095774,-17.369285953353696,0.0,3.0657328924465297,3.1898690760590123,0.0,0.0,0.0,3.224977060787125,0,0,0,0,0,0
image_401.png,surface,0.0,0.0,2.605216213528961,-10.071432258567434,22.34585051288317,0.0,-1.034634190167939,3.9551371721394304,0.0,0.0,0.0,-2.144285517100407,0,0,0,0,0,0
image_402.png,surface,0.0,0.0,2.691180677636245,12.661203075150707,-10.471472786626729,0.0,1.5438978277738848,-3.055824962536293,0.0,0.0,0.0,3.5652450387745347,0,0,0,0,0,0
image_403.png,surface,0.0,0.0,1.0961521923088349,17.425712232103237,-3.5829751097818976,0.0,-1.9394657705214515,-0.5062664463559263,0.0,0.0,0.0,4.237870123521727,0,0,0,0,0,0
image_404.png,surface,0.0,0.0,2.540831743895117,5.7248695244474606,8.28731465108912,0.0,-1.1748669805070493,-0.2784458477889625,0.0,0.0,0.0,-0.7926315437977802,0,0,0,0,0,0
image_405.png,surface,0.0,0.0,2.961717742171547,-0.0497165783819546,-8.752125421590096,0.0,0.1502271824006323,-0.8207072970043406,0.0,0.0,0.0,-0.2610136000037464,0,0,0,0,0,0
image_406.png,surface,0.0,0.0,2.5814662154459027,-11.983093245700177,13.91605244625242,0.0,0.938587917983777,-4.071033788839226,0.0,0.0,0.0,4.005274324954881,0,0,0,0,0,0
image_407.png,surface,0.0,0.0,1.7957589125199576,-7.111028368691527,6.240715375592226,0.0,2.867824671047546,-2.3693632229152826,0.0,0.0,0.0,3.722141353188757,0,0,0,0,0,0
image_408.png,surface,0.0,0.0,2.435458727882424,-6.529030175416751,-18.693964676970968,0.0,-1.5647721157120638,-3.1353807909984988,0.0,0.0,0.0,-1.5254195605381868,0,0,0,0,0,0
image_409.png,surface,0.0,0.0,1.584348440750774,-17.473115694928115,-9.185938640446134,0.0,-3.855441307667221,-1.435009728030535,0.0,0.0,0.0,1.10333167542377,0,0,0,0,0,0
image_410.png,surface,0.0,0.0,2.3154931688019547,10.782877840803664,-7.323291973359742,0.0,1.2862412604544142,-0.3398019461891198,0.0,0.0,0.0,4.419229516639541,0,0,0,0,0,0
image_411.png,surface,0.0,0.0,2.035041897312465,2.1922401190280705,6.479071215135073,0.0,0.1070694208221932,-2.0092953577924813,0.0,0.0,0.0,3.640030304053335,0,0,0,0,0,0
image_412.png,surface,0.0,0.0,2.324454814857882,-16.68109194800842,-17.53577727494633,0.0,3.5729900760443454,-1.3608265280904654,0.0,0.0,0.0,4.73669754318073,0,0,0,0,0,0
image_413.png,surface,0.0,0.0,1.8276715799516563,-7.838457099867093,-22.642908959960764,0.0,-2.0359930973279283,-3.610996837480331,0.0,0.0,0.0,3.2272860623994912,0,0,0,0,0,0
image_414.png,surface,0.0,0.0,1.3083351081728871,5.935720262816771,1.517052438440304,0.0,-3.0553924053923662,-0.2451831564685357,0.0,0.0,0.0,-2.1207645232921246,0,0,0,0,0,0
image_415.png,surface,0.0,0.0,1.842086087812098,-6.544946032619572,6.235676493513482,0.0,-3.567392877220012,-3.13907276342875,0.0,0.0,0.0,-4.019030096141351,0,0,0,0,0,0
image_416.png,surface,0.0,0.0,1.9548182369436573,6.020977178845001,-21.97403319438753,0.0,-0.6362562309694272,-0.1124601976023876,0.0,0.0,0.0,-0.7685833763423409,0,0,0,0,0,0
image_417.png,surface,0.0,0.0,2.355723503178859,22.25902678958636,1.3140150377805295,0.0,2.028280317219967,3.5265989012397614,0.0,0.0,0.0,3.060680524945281,0,0,0,0,0,0
image_418.png,surface,0.0,0.0,1.5690273911371648,9.255629147315824,16.40172875637175,0.0,-2.4787443984599618,-2.114194437301573,0.0,0.0,0.0,-4.72456214340394,0,0,0,0,0,0
image_419.png,surface,0.0,0.0,2.2913015528059315,6.732222486599292,-1.149933803209661,0.0,-1.1763432129569151,-1.3951373327857772,0.0,0.0,0.0,3.42590323490783,0,0,0,0,0,0
image_420.png,surface,0.0,0.0,1.467674989674894,22.240693369425323,-6.368030011776363,0.0,-4.496911285018341,1.2044147804007153,0.0,0.0,0.0,4.429625477441732,0,0,0,0,0,0
image_421.png,surface,0.0,0.0,2.529817355358343,-10.597352530591522,-5.833464859294083,0.0,-0.460444874186818,-1.3968943310049793,0.0,0.0,0.0,-1.1620235105119656,0,0,0,0,0,0
image_422.png,surface,0.0,0.0,2.444223198908942,6.761013943350366,22.070703611770742,0.0,2.4190490249395245,-0.3009845735219537,0.0,0.0,0.0,1.901737187037634,0,0,0,0,0,0
image_423.png,surface,0.0,0.0,1.2354966144858728,14.495010789414229,-6.929007976641629,0.0,-1.672912885328795,-1.7238812562726218,0.0,0.0,0.0,2.6493248106613274,0,0,0,0,0,0
image_424.png,surface,0.0,0.0,2.1853098077266857,-17.989417967109542,14.589065700724516,0.0,1.476057474478059,2.0158127371473884,0.0,0.0,0.0,3.954685657188433,0,0,0,0,0,0
image_425.png,surface,0.0,0.0,1.1761000538592068,-2.7691017882257563,-4.262341155151892,0.0,-3.7586264823102633,-2.7294152309688,0.0,0.0,0.0,1.4637813920210494,0,0,0,0,0,0
image_426.png,surface,0.0,0.0,2.9382486371016583,-12.984884708438418,-5.896935147612496,0.0,0.8800208417357896,-4.153920326999967,0.0,0.0,0.0,4.315610215851173,0,0,0,0,0,0
image_427.png,surface,0.0,0.0,1.678479256487895,10.01852599225607,14.275269069305772,0.0,-4.3052179285481005,-2.3341524799850624,0.0,0.0,0.0,-0.3119499552235538,0,0,0,0,0,0
image_428.png,surface,0.0,0.0,1.0405222992957626,14.03846613176044,-19.40180106727184,0.0,0.147513502309734,-2.337496136622138,0.0,0.0,0.0,2.2686565126396685,0,0,0,0,0,0
image_429.png,surface,0.0,0.0,2.0072300974640425,7.375680204058379,6.990218175653476,0.0,-0.175696768359739,0.6351058206890904,0.0,0.0,0.0,-4.871503885911611,0,0,0,0,0,0
image_430.png,surface,0.0,0.0,1.2437253372461567,7.9575083591250255,4.61337525768652,0.0,2.3584927254720283,-0.4227281076624937,0.0,0.0,0.0,-4.313271140790066,0,0,0,0,0,0
image_431.png,surface,0.0,0.0,2.3018856242534227,1.3531010489496922,11.22616795408494,0.0,3.3912720041552267,0.8221154684691417,0.0,0.0,0.0,-4.7700728187655885,0,0,0,0,0,0
image_432.png,surface,0.0,0.0,2.4620121718787527,-2.71669362758742,-6.902706201649301,0.0,0.0667471222143719,2.530833229462824,0.0,0.0,0.0,0.7069023084818351,0,0,0,0,0,0
image_433.png,surface,0.0,0.0,2.7185319466256765,11.33484521897343,-3.80831979062952,0.0,-4.099330173929766,2.378537680902032,0.0,0.0,0.0,1.2809525253388383,0,0,0,0,0,0
image_434.png,surface,0.0,0.0,2.777287003859554,6.069836659110204,7.786168443570939,0.0,0.0742789426402134,0.9801206770676144,0.0,0.0,0.0,-1.772928871775108,0,0,0,0,0,0
image_435.png,surface,0.0,0.0,1.6188990725985424,21.16114742711257,5.65741846231632,0.0,-3.677763727957921,1.903691972107605,0.0,0.0,0.0,-3.079279016201497,0,0,0,0,0,0
image_436.png,surface,0.0,0.0,1.7155194850019144,12.57418721431926,-12.158759463026726,0.0,3.9361082877168654,0.6030729287303211,0.0,0.0,0.0,-2.103372431883319,0,0,0,0,0,0
image_437.png,surface,0.0,0.0,2.948945790681269,-20.796391863175128,1.1340739991988933,0.0,-3.519265736247234,0.4882479560362164,0.0,0.0,0.0,4.161166639158317,0,0,0,0,0,0
image_438.png,surface,0.0,0.0,1.8678436446371616,13.087915142149576,0.3916434824920039,0.0,-2.823273546570244,0.8743546111998367,0.0,0.0,0.0,-1.87418231177824,0,0,0,0,0,0
image_439.png,surface,0.0,0.0,1.8094117325669528,-13.504921916125731,-16.417353209223307,0.0,-0.3379394184110717,4.079208845238309,0.0,0.0,0.0,-3.680849320062469,0,0,0,0,0,0
image_440.png,surface,0.0,0.0,2.8507212638281203,21.41568764907312,-4.369332880874466,0.0,-3.741450170828586,0.4620486172428845,0.0,0.0,0.0,0.4465185011207673,0,0,0,0,0,0
image_441.png,surface,0.0,0.0,1.3746046596442345,-7.925694754638097,-10.686831905168477,0.0,0.5428254457597097,-0.3044792671632541,0.0,0.0,0.0,-2.9473110458275684,0,0,0,0,0,0
image_442.png,surface,0.0,0.0,1.9481515490017585,-21.901728262129687,9.647398159616124,0.0,0.5672714645485545,-1.587814276399929,0.0,0.0,0.0,-3.3018049760797865,0,0,0,0,0,0
image_443.png,surface,0.0,0.0,1.9708519481083249,-18.876704006900884,5.899816966299629,0.0,2.352151589468318,-1.739884370778976,0.0,0.0,0.0,-3.995387348774151,0,0,0,0,0,0
image_444.png,surface,0.0,0.0,2.4850565173870804,8.146268290297948,4.852978275061187,0.0,4.961204178440242,-0.5021958143285719,0.0,0.0,0.0,0.0016733232806487,0,0,0,0,0,0
image_445.png,surface,0.0,0.0,1.8708270049336784,19.255954775541163,-3.716085632433422,0.0,-4.145450690488738,-1.1529365615219536,0.0,0.0,0.0,0.6011004218628351,0,0,0,0,0,0
image_446.png,surface,0.0,0.0,2.7264442241098026,-3.917656416406673,6.089165135447467,0.0,2.460578071186007,0.8466239292702868,0.0,0.0,0.0,4.829261885102724,0,0,0,0,0,0
image_447.png,surface,0.0,0.0,2.34049396264445,24.81628839587823,-0.003294054873851,0.0,1.3947063471971233,-2.9362263721154203,0.0,0.0,0.0,4.787558516648877,0,0,0,0,0,0
image_448.png,surface,0.0,0.0,2.8619350651455937,21.23784601107162,1.918213099650964,0.0,3.0863627773760145,1.4879303908515982,0.0,0.0,0.0,4.678777743170597,0,0,0,0,0,0
image_449.png,surface,0.0,0.0,1.524042376885617,-2.551686949357085,-8.260737869812694,0.0,-0.1152355279615282,-4.192741811053994,0.0,0.0,0.0,3.609276129413848,0,0,0,0,0,0
image_450.png,surface,0.0,0.0,2.6248050163169427,16.853255090566165,18.41511426456016,0.0,1.3671702941198236,3.5701658172202664,0.0,0.0,0.0,-4.167773338863249,0,0,0,0,0,0
image_451.png,surface,0.0,0.0,1.233546417918135,11.045461248146104,-3.5819951526538474,0.0,1.0896269847229805,-0.452042885567865,0.0,0.0,0.0,2.7528528771103105,0,0,0,0,0,0
image_452.png,surface,0.0,0.0,2.6038601968520863,6.392339766725717,15.408649406826903,0.0,3.3946091223447787,2.0635663742473045,0.0,0.0,0.0,2.837945086289807,0,0,0,0,0,0
image_453.png,surface,0.0,0.0,2.6974584790939526,-0.0309226358119291,18.652604486484,0.0,-2.627705288699816,0.5759726105463117,0.0,0.0,0.0,-3.25156037627106,0,0,0,0,0,0
image_454.png,surface,0.0,0.0,1.8131929661308075,-0.3317460480204484,15.487745824891771,0.0,-2.0989535458727726,4.158559648355165,0.0,0.0,0.0,-4.45613791844128,0,0,0,0,0,0
image_455.png,surface,0.0,0.0,2.400027672883798,-2.146629538590481,-8.839100675329938,0.0,-1.182095137257856,-4.050810724767593,0.0,0.0,0.0,-2.3097933974483964,0,0,0,0,0,0
image_456.png,surface,0.0,0.0,2.937404909347652,17.410798564609717,-10.379420934447513,0.0,-1.6764502794118907,-3.545665280146857,0.0,0.0,0.0,-3.007836864794778,0,0,0,0,0,0
image_457.png,surface,0.0,0.0,1.3698678050319892,-9.44510071388535,-1.9094059115353856,0.0,-2.229251794604799,2.15769402764282,0.0,0.0,0.0,-3.978719842552927,0,0,0,0,0,0
image_458.png,surface,0.0,0.0,2.236281916541751,-12.380663541987824,-12.16083720807986,0.0,-1.6487773296992707,-1.7759225593033756,0.0,0.0,0.0,-4.315822587011078,0,0,0,0,0,0
image_459.png,surface,0.0,0.0,1.0948610615157084,13.35985284081186,20.779242435576474,0.0,4.062070874553376,2.644094885493842,0.0,0.0,0.0,4.515566863559968,0,0,0,0,0,0
image_460.png,surface,0.0,0.0,1.6772073500524585,17.7258550129073,-1.6771104931969985,0.0,-0.097613404535602,0.7696605141521534,0.0,0.0,0.0,-4.454909306046328,0,0,0,0,0,0
image_461.png,surface,0.0,0.0,1.282373568252545,-7.626774759271956,0.8687032670406831,0.0,2.502519311642818,1.2281591554374416,0.0,0.0,0.0,-3.31971135146952,0,0,0,0,0,0
image_462.png,surface,0.0,0.0,2.073565983267993,-13.292836862551754,-18.723498728679026,0.0,-2.5368876935957165,-2.5897461025175423,0.0,0.0,0.0,-2.913539695483236,0,0,0,0,0,0
image_463.png,surface,0.0,0.0,2.2064317131232394,-9.424503555797648,-6.7761642543037786,0.0,2.171590172325474,1.2932363823942623,0.0,0.0,0.0,4.3584965083004015,0,0,0,0,0,0
image_464.png,surface,0.0,0.0,2.978811536060249,-21.7331366895142,-4.615670802585208,0.0,3.2324143962572847,-1.0595579152582784,0.0,0.0,0.0,1.3879350727018718,0,0,0,0,0,0
image_465.png,surface,0.0,0.0,2.9336049700377265,-12.733947828997923,-15.2047928459428,0.0,-0.0081857821897007,-1.75196464032257,0.0,0.0,0.0,1.359759323893984,0,0,0,0,0,0
image_466.png,surface,0.0,0.0,2.765322681384517,6.859700140142812,23.03911736415644,0.0,-4.525792583320465,-1.300642534114868,0.0,0.0,0.0,0.7461888233649452,0,0,0,0,0,0
image_467.png,surface,0.0,0.0,2.1349625693130223,-5.9413417232476,17.997046739283476,0.0,-0.6792592599496965,-0.961153720078998,0.0,0.0,0.0,-1.3683964996727251,0,0,0,0,0,0
image_468.png,surface,0.0,0.0,2.7721257026946904,1.4327963856024333,-17.30675366494937,0.0,-4.425529156699778,-0.9672866083676293,0.0,0.0,0.0,1.988206776559558,0,0,0,0,0,0
image_469.png,surface,0.0,0.0,1.7098356343147276,2.950236546095541,-19.837671091809938,0.0,0.9557311010183244,-0.0989362247181404,0.0,0.0,0.0,-1.8097745163047383,0,0,0,0,0,0
image_470.png,surface,0.0,0.0,1.4018625036605006,13.80851931382232,18.5013476182273,0.0,-2.803368990705915,-3.609449502925571,0.0,0.0,0.0,-2.387716922428281,0,0,0,0,0,0
image_471.png,surface,0.0,0.0,2.05209077406138,-12.967546098374951,4.290876112452538,0.0,1.1528358402963477,2.050885246816193,0.0,0.0,0.0,-1.594532083648175,0,0,0,0,0,0
image_472.png,surface,0.0,0.0,2.0624185966713933,-11.06179918063898,10.31896903239877,0.0,-0.8317187937210657,-4.038387525149306,0.0,0.0,0.0,-3.4158972693084344,0,0,0,0,0,0
image_473.png,surface,0.0,0.0,2.8201432780942604,0.7851099984961681,11.481327464696916,0.0,1.8122395511350669,-0.9529157002399782,0.0,0.0,0.0,1.3164700164268446,0,0,0,0,0,0
image_474.png,surface,0.0,0.0,1.0114724950441636,-13.859569875626104,13.316687196866546,0.0,0.4823710224988385,4.127181815884455,0.0,0.0,0.0,-4.638038489244246,0,0,0,0,0,0
image_475.png,surface,0.0,0.0,2.7111029055237434,6.553700141934453,-23.59507036494493,0.0,3.784295174518958,-0.9244019269981486,0.0,0.0,0.0,-1.374074182816678,0,0,0,0,0,0
image_476.png,surface,0.0,0.0,2.216470993737374,-15.747561890672651,-3.48693118580546,0.0,1.2396600931643478,2.932695488511385,0.0,0.0,0.0,0.6555475938225399,0,0,0,0,0,0
image_477.png,surface,0.0,0.0,2.879288993606601,17.319047068201,-1.0705237527008142,0.0,2.3678092546375384,-1.0654577978448112,0.0,0.0,0.0,0.0913860029594273,0,0,0,0,0,0
image_478.png,surface,0.0,0.0,2.4904318641857337,1.469951434279774,23.289332621538083,0.0,0.8918520020060106,-0.3014806609924865,0.0,0.0,0.0,4.890937247174081,0,0,0,0,0,0
image_479.png,surface,0.0,0.0,1.7325189021702911,13.212864642205128,11.42226128586845,0.0,3.4242292309785185,-2.0870483105813338,0.0,0.0,0.0,0.2435163391601991,0,0,0,0,0,0
image_480.png,surface,0.0,0.0,2.2695983135347046,-18.02119854719724,6.694310336359236,0.0,-2.255154244633604,-1.983796846002468,0.0,0.0,0.0,1.9719205230382109,0,0,0,0,0,0
image_481.png,surface,0.0,0.0,1.739439328259477,3.466886128726633,-21.694596198124405,0.0,-2.623790941798129,1.847917051648708,0.0,0.0,0.0,-2.383527456592882,0,0,0,0,0,0
image_482.png,surface,0.0,0.0,2.84313096619024,18.992149492561243,0.2210173628213319,0.0,3.1279321572566268,-3.082045038990351,0.0,0.0,0.0,0.0577702662853605,0,0,0,0,0,0
image_483.png,surface,0.0,0.0,1.0393695164328278,-13.583728852571626,11.348025396009184,0.0,-2.266886734658977,4.167298592215372,0.0,0.0,0.0,-1.4185146881621329,0,0,0,0,0,0
image_484.png,surface,0.0,0.0,2.1095802755259534,0.7228351411499981,3.4968440493764725,0.0,-0.7763574829733872,3.873999314193633,0.0,0.0,0.0,-0.99393133471799,0,0,0,0,0,0
image_485.png,surface,0.0,0.0,2.01466278230667,-5.478759720758884,-6.325928182816142,0.0,-4.234685188834345,0.9135631608477652,0.0,0.0,0.0,4.66676015987195,0,0,0,0,0,0
image_486.png,surface,0.0,0.0,1.3802791262491283,20.61134468485096,1.5200818387987567,0.0,2.7193220249811736,1.718876196992186,0.0,0.0,0.0,-3.6773128458768856,0,0,0,0,0,0
image_487.png,surface,0.0,0.0,1.8562933237789487,12.348471919048276,-16.65812947593984,0.0,3.97699920857582,-2.6160912451604954,0.0,0.0,0.0,-3.9397940629998014,0,0,0,0,0,0
image_488.png,surface,0.0,0.0,1.5937840507538588,15.363742210646306,8.830424264090945,0.0,2.077514399729836,1.0814036145801271,0.0,0.0,0.0,-2.5138186987948896,0,0,0,0,0,0
image_489.png,surface,0.0,0.0,2.340819683327849,19.041220126803804,1.491395460796184,0.0,0.4785511906160218,1.7004178383877442,0.0,0.0,0.0,-2.85745942072548,0,0,0,0,0,0
image_490.png,surface,0.0,0.0,2.506257456515386,-6.150479565415718,-6.526102022402816,0.0,-1.1853492640727843,-2.5251421577844115,0.0,0.0,0.0,4.871757277602374,0,0,0,0,0,0
image_491.png,surface,0.0,0.0,2.5427913760544314,20.235193411476693,11.519241217526424,0.0,0.0559754571157646,-4.258164139307291,0.0,0.0,0.0,-0.5123368322691002,0,0,0,0,0,0
image_492.png,surface,0.0,0.0,1.7887038498443957,-22.650094045575024,7.202027615893909,0.0,-2.285852928449028,1.0610122205979748,0.0,0.0,0.0,-3.096523840621399,0,0,0,0,0,0
image_493.png,surface,0.0,0.0,1.382778716297728,14.157918914804148,-3.284685462216593,0.0,0.0787298804039392,3.683510529085911,0.0,0.0,0.0,2.6537956944636782,0,0,0,0,0,0
image_494.png,surface,0.0,0.0,1.588100219348981,1.2856713248581026,16.588361309508795,0.0,1.569809980424299,-1.590229570614126,0.0,0.0,0.0,3.892236591212773,0,0,0,0,0,0
image_495.png,surface,0.0,0.0,2.06946821989343,9.4783171496972,1.891964298144,0.0,2.724069092300783,0.0221274103422151,0.0,0.0,0.0,-0.4646776071433978,0,0,0,0,0,0
image_496.png,surface,0.0,0.0,2.230605220201671,-23.80943168994485,4.324448073338688,0.0,-0.0781621272437145,4.365432453867829,0.0,0.0,0.0,4.874785644716926,0,0,0,0,0,0
image_497.png,surface,0.0,0.0,2.5897459554747453,9.665189569856585,-14.339154522753448,0.0,-0.7148592865538607,1.657058629288044,0.0,0.0,0.0,-0.94617353691513,0,0,0,0,0,0
image_498.png,surface,0.0,0.0,2.4394727830236844,-20.03513784024524,2.63730686898948,0.0,-2.3122442856999825,1.3267600824372547,0.0,0.0,0.0,-1.7935644476242594,0,0,0,0,0,0
image_499.png,surface,0.0,0.0,1.3487398131829331,-15.168328326249751,-4.992814419522872,0.0,-1.0631571683482886,1.8502998880607124,0.0,0.0,0.0,-3.5034081938089123,0,0,0,0,0,0
image_500.png,surface,0.0,0.0,2.4879819775457066,-17.974782216398275,0.7621066997232171,0.0,1.4057993556081907,-4.258946553077591,0.0,0.0,0.0,-0.7694368905449478,0,0,0,0,0,0
image_501.png,surface,0.0,0.0,1.2302214090975452,9.745882080480284,-11.469392268613271,0.0,3.915772001845205,-0.9923380821871756,0.0,0.0,0.0,-1.8402843326558305,0,0,0,0,0,0
image_502.png,surface,0.0,0.0,2.835508945614877,-12.07043125345812,13.319858641383387,0.0,0.9316112524916912,1.2695445977935944,0.0,0.0,0.0,-4.769067016501367,0,0,0,0,0,0
image_503.png,surface,0.0,0.0,2.3795401188932592,-3.285014265133386,-15.30946126824688,0.0,1.0582241878319916,3.609360613112032,0.0,0.0,0.0,-1.9505566411638684,0,0,0,0,0,0
image_504.png,surface,0.0,0.0,1.2238267329798784,-20.623874030860904,-5.550543121360479,0.0,2.4546447491317664,-3.101247735549814,0.0,0.0,0.0,3.13800253174454,0,0,0,0,0,0
image_505.png,surface,0.0,0.0,2.6731557013271128,20.17996468696515,6.878051424825816,0.0,-3.238702515950247,-1.7245594244424107,0.0,0.0,0.0,2.419148725736923,0,0,0,0,0,0
image_506.png,surface,0.0,0.0,2.356837829206811,-7.013827170133932,-21.58663180102456,0.0,-1.1782704948768452,-0.2198323962226355,0.0,0.0,0.0,-4.338222078563253,0,0,0,0,0,0
image_507.png,surface,0.0,0.0,2.4237942535095023,-11.540023425826888,-15.534765670303734,0.0,4.114501825374513,-0.6305964461455063,0.0,0.0,0.0,0.989836801745808,0,0,0,0,0,0
image_508.png,surface,0.0,0.0,1.974857751711364,-4.394089006939085,0.6838241276167659,0.0,-3.35562767516714,-2.8318561739542667,0.0,0.0,0.0,-0.4807230612578888,0,0,0,0,0,0
image_509.png,surface,0.0,0.0,2.209410429619779,9.350445904277269,10.578841638384333,0.0,0.5898863277876234,4.184419108827698,0.0,0.0,0.0,0.7490991899513686,0,0,0,0,0,0
image_510.png,surface,0.0,0.0,1.856227244625528,-0.0400565125096653,-13.804468710014914,0.0,-0.8529585798167236,2.638467846296363,0.0,0.0,0.0,-3.341449966551342,0,0,0,0,0,0
image_511.png,surface,0.0,0.0,2.135019114975961,21.324694988190632,-12.801358488170498,0.0,-3.982423901642707,-2.278300859109631,0.0,0.0,0.0,4.052304170025765,0,0,0,0,0,0
image_512.png,surface,0.0,0.0,2.579582325140908,-6.511256149561021,-6.8726955317822505,0.0,2.813023080872432,-4.077330352246271,0.0,0.0,0.0,3.8932170874488055,0,0,0,0,0,0
image_513.png,surface,0.0,0.0,1.3995288226578757,-21.725576850920497,-3.296134624918972,0.0,-2.928220817168267,3.894544176314734,0.0,0.0,0.0,2.4820421047534307,0,0,0,0,0,0
image_514.png,surface,0.0,0.0,2.751792080020275,15.580496174415485,-17.504974213568175,0.0,4.050222072539495,-2.775785855946854,0.0,0.0,0.0,4.998577131613823,0,0,0,0,0,0
image_515.png,surface,0.0,0.0,1.6120180761045904,2.961850334982008,-15.635035485523671,0.0,-3.136428095015318,-1.9110925997479464,0.0,0.0,0.0,-3.908546376291076,0,0,0,0,0,0
image_516.png,surface,0.0,0.0,1.2951330172851436,-22.38338920931408,9.766551199763,0.0,0.1172390092852629,3.4719427716137576,0.0,0.0,0.0,-1.1103727832680388,0,0,0,0,0,0
image_517.png,surface,0.0,0.0,2.2690981226027374,8.154573674213285,15.80111174504757,0.0,-3.72846695947028,1.8982227703154149,0.0,0.0,0.0,-1.0117801846320518,0,0,0,0,0,0
image_518.png,surface,0.0,0.0,2.0488194985993946,13.813793933218909,-1.9246570278334585,0.0,1.384080671087336,3.1841045175760816,0.0,0.0,0.0,1.6281978556379464,0,0,0,0,0,0
image_519.png,surface,0.0,0.0,1.5830669786107572,11.771293734342745,1.0981058092368288,0.0,2.705685482309701,0.5857538016866047,0.0,0.0,0.0,-0.6858940486926777,0,0,0,0,0,0
image_520.png,surface,0.0,0.0,2.25634144344668,-16.88464465677051,5.922595165821117,0.0,1.2776919192829062,-2.574972492434954,0.0,0.0,0.0,4.054046112914634,0,0,0,0,0,0
image_521.png,surface,0.0,0.0,2.428703748088205,-3.1025671183452204,-22.671415758125672,0.0,2.104937674431369,-2.2366018448795777,0.0,0.0,0.0,1.3312359062181232,0,0,0,0,0,0
image_522.png,surface,0.0,0.0,1.5451760155379637,-2.112688752210618,-21.38657423870616,0.0,3.2537055003924173,0.8348593393547149,0.0,0.0,0.0,-2.882627652638552,0,0,0,0,0,0
image_523.png,surface,0.0,0.0,1.233281680924818,-16.238242497306093,-19.071516679142167,0.0,-0.5085653772200729,-4.340879332578239,0.0,0.0,0.0,1.0779095936735317,0,0,0,0,0,0
image_524.png,surface,0.0,0.0,2.020610234295318,6.099583847473608,18.499436145473453,0.0,4.398362985194789,-1.200797197092705,0.0,0.0,0.0,4.817999910038818,0,0,0,0,0,0
image_525.png,surface,0.0,0.0,1.5659586342092588,4.013481998222516,-13.794089707356084,0.0,0.2600268077294687,-2.638925360321676,0.0,0.0,0.0,-2.0901824562754747,0,0,0,0,0,0
image_526.png,surface,0.0,0.0,1.6504502819808866,4.79728504339854,-15.97124911973406,0.0,2.7701791038153174,-3.0885612099849364,0.0,0.0,0.0,-2.429275482102222,0,0,0,0,0,0
image_527.png,surface,0.0,0.0,1.9879378441948223,-1.715571850004082,20.964129716037856,0.0,2.8419064205013496,-1.6981575541277607,0.0,0.0,0.0,4.163420504932191,0,0,0,0,0,0
image_528.png,surface,0.0,0.0,2.462400931285037,-0.7996532519680614,21.894389617484933,0.0,-1.4325428354608434,-1.1679601861041051,0.0,0.0,0.0,2.405948206085168,0,0,0,0,0,0
image_529.png,surface,0.0,0.0,1.029919960353459,-3.8422113581200943,-17.174910128635787,0.0,2.1287789720030137,-0.3385017510836812,0.0,0.0,0.0,-4.722445059613207,0,0,0,0,0,0
image_530.png,surface,0.0,0.0,1.9564347434077671,-3.26064783880888,-19.209922029213782,0.0,-1.0287903702660877,-0.3608667278549786,0.0,0.0,0.0,1.7342440049313217,0,0,0,0,0,0
image_531.png,surface,0.0,0.0,1.246980283362502,-14.039806292970177,-13.898756059961752,0.0,1.2113275183989267,1.1962712948932652,0.0,0.0,0.0,2.738691295310632,0,0,0,0,0,0
image_532.png,surface,0.0,0.0,2.706455646822977,-8.71642926351424,-11.87083156130032,0.0,-3.608341186375413,-3.152963464381401,0.0,0.0,0.0,-4.352821235740966,0,0,0,0,0,0
image_533.png,surface,0.0,0.0,1.519553497635893,7.378001001633288,23.119033985509965,0.0,4.115111713015039,0.7069502182538779,0.0,0.0,0.0,3.7923359040062863,0,0,0,0,0,0
image_534.png,surface,0.0,0.0,1.808006868921952,-2.4317744059900366,5.762141480335281,0.0,2.244903029588581,2.448231904675139,0.0,0.0,0.0,-3.2963102266971536,0,0,0,0,0,0
image_535.png,surface,0.0,0.0,1.0948468974989394,-1.454001973107183,-15.39262651200283,0.0,0.2347175156193761,3.072924693533296,0.0,0.0,0.0,-0.1321464492286894,0,0,0,0,0,0
image_536.png,surface,0.0,0.0,1.298285571613376,3.958735881232175,6.265817764412706,0.0,-0.0226822930669708,3.280132679114172,0.0,0.0,0.0,4.798436325772624,0,0,0,0,0,0
image_537.png,surface,0.0,0.0,1.003579580644441,9.457509306503947,-1.6210460520540233,0.0,-2.659858306713597,-2.7140052797302348,0.0,0.0,0.0,-1.947750981324489,0,0,0,0,0,0
image_538.png,surface,0.0,0.0,1.7200706185804446,11.680582170921893,22.066034731188186,0.0,-0.8912336263551982,-4.727858569210198,0.0,0.0,0.0,0.1310136516045226,0,0,0,0,0,0
image_539.png,surface,0.0,0.0,2.621375613834376,-0.0535497866988323,-15.154658912795984,0.0,-0.2269796670684307,1.5353209806101045,0.0,0.0,0.0,3.000372255763164,0,0,0,0,0,0
image_540.png,surface,0.0,0.0,2.1515568904718005,8.955900448556726,6.916445359851668,0.0,3.782247258252554,0.7653264524470058,0.0,0.0,0.0,-4.974797610319374,0,0,0,0,0,0
image_541.png,surface,0.0,0.0,2.679812290850041,4.008711868289684,-20.566219900950905,0.0,-3.0508392952900314,2.871491894405044,0.0,0.0,0.0,2.60820284078621,0,0,0,0,0,0
image_542.png,surface,0.0,0.0,1.350916601486722,8.79748234637566,-11.048205920196196,0.0,1.3262322127282535,3.3352277604755,0.0,0.0,0.0,-0.5754388418484302,0,0,0,0,0,0
image_543.png,surface,0.0,0.0,2.354683106002078,5.587283357663362,-8.215619790162794,0.0,1.157695514927242,2.543339051940872,0.0,0.0,0.0,-0.9582798666215906,0,0,0,0,0,0
image_544.png,surface,0.0,0.0,2.4917151277867786,4.104132809728924,-17.42912876782273,0.0,1.421496804506457,0.0024930294572168,0.0,0.0,0.0,-4.02709190003888,0,0,0,0,0,0
image_545.png,surface,0.0,0.0,1.688001771981138,9.411442944399672,-2.865711236455215,0.0,2.58783087381102,-4.154794592176844,0.0,0.0,0.0,2.6510442551729767,0,0,0,0,0,0
image_546.png,surface,0.0,0.0,1.2285953622565713,-15.650887764981722,13.837827921753158,0.0,-0.0803762249304232,3.647557401311723,0.0,0.0,0.0,-4.356078254909464,0,0,0,0,0,0
image_547.png,surface,0.0,0.0,2.484405513254991,1.951360725562604,-22.13564131819318,0.0,0.289234825836023,2.167674400908536,0.0,0.0,0.0,-2.5584256917241746,0,0,0,0,0,0
image_548.png,surface,0.0,0.0,2.0429410519663485,1.6744668937853393,14.48467949568591,0.0,-2.4415782444829466,4.078308910847833,0.0,0.0,0.0,-4.33144874872752,0,0,0,0,0,0
image_549.png,surface,0.0,0.0,1.9394626474076333,1.1064168189617996,8.075211331906177,0.0,3.3644279260792502,-0.2598283495756359,0.0,0.0,0.0,-2.4192693589230743,0,0,0,0,0,0
image_550.png,surface,0.0,0.0,2.674220079397664,-13.09002969360206,-4.487737123755535,0.0,-2.446803947590155,3.5961046552355924,0.0,0.0,0.0,3.778524053232058,0,0,0,0,0,0
image_551.png,surface,0.0,0.0,1.9858122545939585,3.362265434053147,14.74110872341918,0.0,0.8540811501732687,-0.8182801642925069,0.0,0.0,0.0,1.8961354019215388,0,0,0,0,0,0
image_552.png,surface,0.0,0.0,1.5899509187683385,-22.707629669444625,4.937195434373918,0.0,3.748531894064674,1.1988983709802468,0.0,0.0,0.0,3.1135638890260218,0,0,0,0,0,0
image_553.png,surface,0.0,0.0,2.4968634560843,-21.851731645253743,3.1205049666070184,0.0,-3.400916718815952,-2.0508868709286525,0.0,0.0,0.0,0.5813319168831965,0,0,0,0,0,0
image_554.png,surface,0.0,0.0,1.539694375232052,11.756233190785688,-9.953025277769466,0.0,-2.255917604943987,2.051534594628006,0.0,0.0,0.0,-3.90766334289765,0,0,0,0,0,0
image_555.png,surface,0.0,0.0,1.5525709763035176,3.699223332896405,-13.14635563832958,0.0,0.0241233837956557,-4.729456932628283,0.0,0.0,0.0,4.547764629028213,0,0,0,0,0,0
image_556.png,surface,0.0,0.0,1.4174695789232874,21.030056856714697,10.827382761297311,0.0,2.684970182389188,-4.143364046851351,0.0,0.0,0.0,-4.836604143431458,0,0,0,0,0,0
image_557.png,surface,0.0,0.0,1.2067746476959291,-12.44653927733062,15.212834230270838,0.0,1.8864915829906643,3.90730250858877,0.0,0.0,0.0,-3.2967937441995776,0,0,0,0,0,0
image_558.png,surface,0.0,0.0,2.603151192136828,-1.716771876503553,0.6130228336847786,0.0,-1.9394190353053085,0.0373694183902094,0.0,0.0,0.0,-3.889034601487161,0,0,0,0,0,0
image_559.png,surface,0.0,0.0,2.401369868411201,19.423344395727675,-15.979977992297698,0.0,-0.7340184269793493,0.1866714667859064,0.0,0.0,0.0,-1.0723080530058438,0,0,0,0,0,0
image_560.png,surface,0.0,0.0,1.7664263707968992,19.40946160902932,7.883327667035338,0.0,0.4722771081401205,0.8588190902215967,0.0,0.0,0.0,4.092230795617027,0,0,0,0,0,0
image_561.png,surface,0.0,0.0,2.4499689376893663,-10.644771113769322,-5.2880349250644265,0.0,-0.5330622432905741,1.0231156018861591,0.0,0.0,0.0,-2.780870404538278,0,0,0,0,0,0
image_562.png,surface,0.0,0.0,2.922491553607456,-1.76869136398245,17.897614388931828,0.0,2.3380263910227748,0.915825105162938,0.0,0.0,0.0,1.244356335221573,0,0,0,0,0,0
image_563.png,surface,0.0,0.0,1.9324971900606005,7.233263445155794,14.14163539278,0.0,0.9013279552267864,-4.447450444521909,0.0,0.0,0.0,1.053553938705143,0,0,0,0,0,0
image_564.png,surface,0.0,0.0,1.9765707130780064,1.7333267219302415,14.472154695328689,0.0,-4.393842996667285,-1.1991994795929477,0.0,0.0,0.0,3.1614904761440066,0,0,0,0,0,0
image_565.png,surface,0.0,0.0,2.0581215090258693,-22.344198990415894,-7.667070594496018,0.0,0.6672976461273098,2.1550658240852685,0.0,0.0,0.0,2.125196351515882,0,0,0,0,0,0
image_566.png,surface,0.0,0.0,1.5331203609112225,-18.21682759102289,8.45840420853204,0.0,4.246580579320048,2.505484450401257,0.0,0.0,0.0,-1.4573989933434883,0,0,0,0,0,0
image_567.png,surface,0.0,0.0,1.496008119700515,3.833417465247599,9.250901186375732,0.0,-1.1802564191265763,1.216781324701186,0.0,0.0,0.0,3.637506770775444,0,0,0,0,0,0
image_568.png,surface,0.0,0.0,1.976769444499652,19.397593165168395,9.72783726834608,0.0,-3.28676389219752,3.3223120828773807,0.0,0.0,0.0,-0.160699017035018,0,0,0,0,0,0
image_569.png,surface,0.0,0.0,2.00146092205404,-17.864576007367234,8.399809642600943,0.0,-2.119003642014624,3.293801800538603,0.0,0.0,0.0,0.1853595123275706,0,0,0,0,0,0
image_570.png,surface,0.0,0.0,1.5785639469903374,-5.560982709771072,-13.63018586195679,0.0,3.5737637326964555,-1.278977252855754,0.0,0.0,0.0,-3.0446090813028013,0,0,0,0,0,0
image_571.png,surface,0.0,0.0,2.16462586696854,-5.410772171893599,22.532467613294354,0.0,-2.652372172578235,-4.063315265007051,0.0,0.0,0.0,-2.88622694314534,0,0,0,0,0,0
image_572.png,surface,0.0,0.0,2.541582709706328,21.312826249822667,-6.125123383609392,0.0,-1.9432723466895585,-2.594104218763086,0.0,0.0,0.0,3.332280946311787,0,0,0,0,0,0
image_573.png,surface,0.0,0.0,2.3791572723464123,-13.20923264441621,9.953684970896898,0.0,-2.6997703418638257,-2.007376752710309,0.0,0.0,0.0,2.620581618496143,0,0,0,0,0,0
image_574.png,surface,0.0,0.0,1.2942169429134096,-6.215028972236625,-2.216791825976052,0.0,1.8667172749238583,-3.415334878408036,0.0,0.0,0.0,-0.4211437905589674,0,0,0,0,0,0
image_575.png,surface,0.0,0.0,2.2847835398982843,11.507722524899576,-15.231072128491666,0.0,0.0696624034487543,2.8709383993217665,0.0,0.0,0.0,3.902475090085256,0,0,0,0,0,0
image_576.png,surface,0.0,0.0,1.0068365789806168,-2.13960285073684,-9.43813100860599,0.0,0.6552604130501455,-2.700332421323433,0.0,0.0,0.0,-1.539792208606591,0,0,0,0,0,0
image_577.png,surface,0.0,0.0,1.7853935337482132,-8.787843559485552,-1.7159590541737204,0.0,2.399203575602764,-4.230819560552056,0.0,0.0,0.0,0.1370257287389531,0,0,0,0,0,0
image_578.png,surface,0.0,0.0,1.9220556983060588,-1.336266121522944,-14.111265023011883,0.0,-2.260487646002745,4.369877743587948,0.0,0.0,0.0,2.3155289527118263,0,0,0,0,0,0
image_579.png,surface,0.0,0.0,2.591113573843977,20.497946658146663,9.162189392897927,0.0,3.5740304049038483,-2.158419717935377,0.0,0.0,0.0,-3.625792042936257,0,0,0,0,0,0
image_580.png,surface,0.0,0.0,2.7601877859638906,4.393817360058061,-17.24784526882765,0.0,4.135027299942175,0.3146238828305987,0.0,0.0,0.0,1.9085583339373289,0,0,0,0,0,0
image_581.png,surface,0.0,0.0,2.43639544725601,1.9255992381042464,-21.814186751559745,0.0,-3.06679168227238,-1.177634662834969,0.0,0.0,0.0,-1.1903907384549497,0,0,0,0,0,0
image_582.png,surface,0.0,0.0,2.5505044998590938,5.383332551664445,17.272309912145726,0.0,-0.1473035268271702,-1.3796990389338388,0.0,0.0,0.0,1.674995688821081,0,0,0,0,0,0
image_583.png,surface,0.0,0.0,2.8632275848126207,13.130686830424748,-7.356993165382756,0.0,0.5298203767720154,1.7508297885954525,0.0,0.0,0.0,3.4236301209229527,0,0,0,0,0,0
image_584.png,surface,0.0,0.0,1.9690942959012896,17.190488415956573,-9.498772174058743,0.0,3.141451312271102,-1.0753538758395618,0.0,0.0,0.0,3.9684082614767,0,0,0,0,0,0
image_585.png,surface,0.0,0.0,1.5594404303024594,-11.767783886341162,-3.297720837583482,0.0,1.5632690112739285,-3.095665412765652,0.0,0.0,0.0,3.698249197884629,0,0,0,0,0,0
image_586.png,surface,0.0,0.0,1.7402817710532144,1.91159256730608,16.71859851068298,0.0,-3.770205317819007,2.010870088096897,0.0,0.0,0.0,-1.8274721022627,0,0,0,0,0,0
image_587.png,surface,0.0,0.0,1.857247684194136,-7.479724455500432,1.657932611165563,0.0,-0.9940085889006788,1.226336795639961,0.0,0.0,0.0,0.0129900107881875,0,0,0,0,0,0
image_588.png,surface,0.0,0.0,1.632306496571615,17.654431196073972,-2.716487317648693,0.0,-1.942397762425458,1.1051209293890876,0.0,0.0,0.0,-0.137664189978917,0,0,0,0,0,0
image_589.png,surface,0.0,0.0,1.6074282775725806,15.200138903062848,-2.085594778825559,0.0,-0.1695140549582131,0.2258882785563109,0.0,0.0,0.0,-0.2369867676326791,0,0,0,0,0,0
image_590.png,surface,0.0,0.0,2.965379687478323,-7.809826448211507,1.4265856052848345,0.0,-2.96063204303876,0.7045589626189311,0.0,0.0,0.0,4.9065665099480285,0,0,0,0,0,0
image_591.png,surface,0.0,0.0,2.984653782145912,4.2018735637271964,-3.8774629965806353,0.0,0.2428363667560258,-4.492550861606993,0.0,0.0,0.0,-3.671330005335796,0,0,0,0,0,0
image_592.png,surface,0.0,0.0,2.285856183115268,-12.191393144766945,14.991571423298591,0.0,0.7818762549312096,1.175158064049763,0.0,0.0,0.0,3.06884725784316,0,0,0,0,0,0
image_593.png,surface,0.0,0.0,2.6195876716123205,-13.431737466076203,-11.537182196701847,0.0,-1.3429387114370868,4.7224379180454905,0.0,0.0,0.0,-1.8005931298900113,0,0,0,0,0,0
image_594.png,surface,0.0,0.0,2.442289706694507,6.560224280948208,-12.344313559735992,0.0,-4.436572036072383,-2.2227472167292084,0.0,0.0,0.0,-3.634493987646016,0,0,0,0,0,0
image_595.png,surface,0.0,0.0,2.3642234534105047,-18.32919740451857,0.2430240451899198,0.0,3.170225598371911,2.2483667129011105,0.0,0.0,0.0,4.471140816652959,0,0,0,0,0,0
image_596.png,surface,0.0,0.0,1.293016382603445,11.152679317815709,-7.00471341375655,0.0,-0.8094563849906091,-1.5469589082264694,0.0,0.0,0.0,0.4999385300200645,0,0,0,0,0,0
image_597.png,surface,0.0,0.0,1.2734436145077694,17.259959165360193,1.4186345805056322,0.0,0.171375782939913,-3.8228704143633823,0.0,0.0,0.0,2.397364765564582,0,0,0,0,0,0
image_598.png,surface,0.0,0.0,2.7716797253068064,10.894001135465231,-2.1344766383799225,0.0,0.498247405465043,-0.4554296022447481,0.0,0.0,0.0,-0.8957801417269913,0,0,0,0,0,0
image_599.png,surface,0.0,0.0,1.0285342544573697,20.78693705191396,7.467185136915909,0.0,-1.9325051797855288,-4.582364931486784,0.0,0.0,0.0,1.9434385739405453,0,0,0,0,0,0
image_600.png,surface,0.0,0.0,2.359527758096273,11.327381262891512,-9.355303367078063,0.0,3.266283536775281,-3.585719157145483,0.0,0.0,0.0,-4.809256353068743,0,0,0,0,0,0
image_601.png,surface,0.0,0.0,2.6095706770970875,-19.284902367984422,-9.227509376634044,0.0,-1.6991292605280477,-1.6765632360762368,0.0,0.0,0.0,-0.3676373834305178,0,0,0,0,0,0
image_602.png,surface,0.0,0.0,2.435826076418089,0.928623088226957,-10.598359321950024,0.0,1.5452020528241144,3.6365234430646978,0.0,0.0,0.0,-1.1643835602464292,0,0,0,0,0,0
image_603.png,surface,0.0,0.0,1.288818525170977,11.859398072817667,13.681126629203606,0.0,-3.2200415456341185,-3.060107859581757,0.0,0.0,0.0,-3.0715731440947494,0,0,0,0,0,0
image_604.png,surface,0.0,0.0,2.281007991553191,3.806029502180011,10.541481411325142,0.0,-3.065904246860476,-1.058302794942768,0.0,0.0,0.0,-3.980228572854543,0,0,0,0,0,0
image_605.png,surface,0.0,0.0,1.2469735442643717,4.449280118740489,-11.88776564236596,0.0,1.087491062030195,2.239796653064988,0.0,0.0,0.0,0.1625096780581554,0,0,0,0,0,0
image_606.png,surface,0.0,0.0,1.9244945568040908,5.076778312114678,-13.660162412650612,0.0,1.5934195650220395,0.7999947035266514,0.0,0.0,0.0,4.365724377638857,0,0,0,0,0,0
image_607.png,surface,0.0,0.0,2.309665046212965,4.848281056140015,-21.758081482561057,0.0,4.666531692178463,-1.7761305542522257,0.0,0.0,0.0,-1.9990683774667684,0,0,0,0,0,0
image_608.png,surface,0.0,0.0,1.7437400943752537,11.154445497147886,-17.68171270572191,0.0,-4.132937764609364,-1.4615200434962463,0.0,0.0,0.0,0.4583837445905452,0,0,0,0,0,0
image_609.png,surface,0.0,0.0,2.034491672822752,1.8269022573009093,5.162701863100012,0.0,-3.528071716386088,2.883444589760192,0.0,0.0,0.0,3.2643555632931065,0,0,0,0,0,0
image_610.png,surface,0.0,0.0,2.893909100769928,0.8208317530130909,-21.94255347379544,0.0,2.057767900291112,-1.407902067611414,0.0,0.0,0.0,-2.776011357212087,0,0,0,0,0,0
image_611.png,surface,0.0,0.0,1.620779295832372,-6.955556748953804,-14.731294649146143,0.0,3.9810985597500506,1.1812566928561563,0.0,0.0,0.0,2.2596300423091,0,0,0,0,0,0
image_612.png,surface,0.0,0.0,1.3500198079362935,-4.807579909937375,-22.248594310618994,0.0,1.155656926928022,-2.19556901944515,0.0,0.0,0.0,3.634435663079591,0,0,0,0,0,0
image_613.png,surface,0.0,0.0,2.815130231633987,5.58176237326506,-0.4125806012539798,0.0,4.466144540057773,-1.8536890396126056,0.0,0.0,0.0,2.689184503844133,0,0,0,0,0,0
image_614.png,surface,0.0,0.0,1.9665074090384544,15.359866504705645,-5.750152414834917,0.0,-0.1795819116624059,0.5522319398629397,0.0,0.0,0.0,-4.884472662225344,0,0,0,0,0,0
image_615.png,surface,0.0,0.0,1.9927131982670303,-0.9720080530017552,0.8792574151082596,0.0,-0.2225748094530731,-3.332125912419884,0.0,0.0,0.0,1.9086863397589884,0,0,0,0,0,0
image_616.png,surface,0.0,0.0,2.9071251864724728,-0.6122248062613475,-1.3537684561050154,0.0,1.68973984516641,4.308947011397952,0.0,0.0,0.0,-0.5773945095059565,0,0,0,0,0,0
image_617.png,surface,0.0,0.0,1.5356153324366422,13.25367229113056,12.115422123561771,0.0,4.550262317796259,1.3181993214423064,0.0,0.0,0.0,1.9211952368102985,0,0,0,0,0,0
image_618.png,surface,0.0,0.0,2.592955352985041,-14.411453818751864,-12.162054244242071,0.0,-0.7029443472559395,-3.5009894625180324,0.0,0.0,0.0,-3.894738176402424,0,0,0,0,0,0
image_619.png,surface,0.0,0.0,2.120311873716218,1.3681004145436626,18.77026166094133,0.0,0.3724307793165322,4.520251355785937,0.0,0.0,0.0,-0.8784208359065628,0,0,0,0,0,0
image_620.png,surface,0.0,0.0,2.380035527200808,4.24336234089934,-0.7391571025647913,0.0,-2.6136225485621543,-1.93450580875794,0.0,0.0,0.0,-0.3941599092479775,0,0,0,0,0,0
image_621.png,surface,0.0,0.0,1.9412872360204083,9.179980443387771,20.5356231522676,0.0,0.7837463787613592,-1.487571423487497,0.0,0.0,0.0,-3.4645893494787816,0,0,0,0,0,0
image_622.png,surface,0.0,0.0,1.7677176711723492,3.104124821776316,17.27938414999208,0.0,4.328752692286701,-1.8380289607238125,0.0,0.0,0.0,-4.943775553125748,0,0,0,0,0,0
image_623.png,surface,0.0,0.0,1.288120380617579,14.779405505105467,13.540279417006392,0.0,2.6450864094205206,-0.2950677102807367,0.0,0.0,0.0,0.8022592188206277,0,0,0,0,0,0
image_624.png,surface,0.0,0.0,2.975000402346682,-11.06227067402623,-20.936481518594384,0.0,-1.29432363066944,1.3408018627051248,0.0,0.0,0.0,-3.5406336050208576,0,0,0,0,0,0
image_625.png,surface,0.0,0.0,2.454402194781193,-8.564006063032487,6.752278693520331,0.0,3.2278703211241124,-3.469628780306599,0.0,0.0,0.0,1.653449331350143,0,0,0,0,0,0
image_626.png,surface,0.0,0.0,1.9101389843974843,11.198551008446152,-7.649082510944787,0.0,-2.523508275326306,-0.7084088246409419,0.0,0.0,0.0,2.229530766152441,0,0,0,0,0,0
image_627.png,surface,0.0,0.0,1.9858354708697887,19.370327558178108,-3.148017389311021,0.0,4.839409750162079,0.4076106908699552,0.0,0.0,0.0,-4.702727906896598,0,0,0,0,0,0
image_628.png,surface,0.0,0.0,1.0005076854240476,11.575643580588828,-13.210233145088374,0.0,-0.1651486799577957,3.263649304957651,0.0,0.0,0.0,1.9030162581136745,0,0,0,0,0,0
image_629.png,surface,0.0,0.0,1.0592150133131222,17.999219898479865,-0.7028890921618247,0.0,1.3095899355957714,-4.1256562821247655,0.0,0.0,0.0,-1.2014149952657505,0,0,0,0,0,0
image_630.png,surface,0.0,0.0,2.615153286947028,-2.91702823794388,15.5542588138458,0.0,0.0187008145521181,-4.512956119973587,0.0,0.0,0.0,4.034017066630636,0,0,0,0,0,0
image_631.png,surface,0.0,0.0,1.0923393909048928,-16.880701377462593,8.80659192451543,0.0,-2.3109733857017347,-3.0914178375078487,0.0,0.0,0.0,2.544268086294604,0,0,0,0,0,0
image_632.png,surface,0.0,0.0,2.5434252197350093,2.456844181058948,11.500331937578808,0.0,0.7577657473301448,-0.934736303955309,0.0,0.0,0.0,-2.2548140281716087,0,0,0,0,0,0
image_633.png,surface,0.0,0.0,2.426728118911943,-12.52971263265002,17.04614835633941,0.0,-4.115045578923018,-1.3811010457901154,0.0,0.0,0.0,-4.571539712744707,0,0,0,0,0,0
image_634.png,surface,0.0,0.0,2.3586478655824985,6.287055282739839,-23.698119889340727,0.0,-0.0428408312910747,0.2460653179634115,0.0,0.0,0.0,1.0388173613517395,0,0,0,0,0,0
image_635.png,surface,0.0,0.0,2.0890115376844283,4.715401597434911,-21.867318079095213,0.0,-0.6775546649474402,-4.583635048101457,0.0,0.0,0.0,0.2548728625612053,0,0,0,0,0,0
image_636.png,surface,0.0,0.0,1.694656376248198,8.24232295871276,5.2806197543010445,0.0,2.543188491536917,1.2424213213444115,0.0,0.0,0.0,1.515491556885315,0,0,0,0,0,0
image_637.png,surface,0.0,0.0,2.9451962390568056,14.950169143398856,15.76154527904062,0.0,4.3377373282612615,-1.556064835781835,0.0,0.0,0.0,-1.2545766148551172,0,0,0,0,0,0
image_638.png,surface,0.0,0.0,2.8214751220104786,12.372410916552496,-20.77176256486932,0.0,-2.182067411627511,0.6700969057761008,0.0,0.0,0.0,-2.964146216212613,0,0,0,0,0,0
image_639.png,surface,0.0,0.0,1.9486298631819985,2.925562655034844,7.845820978202659,0.0,0.2287264171646348,4.4619606113025,0.0,0.0,0.0,-3.5011593046882314,0,0,0,0,0,0
image_640.png,surface,0.0,0.0,1.350839931939311,-0.9426195805411302,10.647084161643685,0.0,2.8647071794806567,4.06963465359282,0.0,0.0,0.0,0.7398440626411737,0,0,0,0,0,0
image_641.png,surface,0.0,0.0,1.4691551826848306,17.047674429274807,-17.028386474078697,0.0,0.9348976402290404,-0.0004029162083525,0.0,0.0,0.0,-1.4197787870394762,0,0,0,0,0,0
image_642.png,surface,0.0,0.0,1.028032345909022,15.864697308024224,-12.778455351251486,0.0,0.2889925709717564,1.887944395963988,0.0,0.0,0.0,-0.639357411891571,0,0,0,0,0,0
image_643.png,surface,0.0,0.0,2.744550504320522,-12.452435247758569,14.248241727900208,0.0,4.328003124498615,2.374263326574109,0.0,0.0,0.0,-1.904248227172028,0,0,0,0,0,0
image_644.png,surface,0.0,0.0,1.7268277507971903,1.3049938552325824,-7.562634396186149,0.0,0.5819608952995625,-3.163873090207576,0.0,0.0,0.0,-3.429988921030209,0,0,0,0,0,0
image_645.png,surface,0.0,0.0,1.97163979653305,-12.12919673841,4.660153778242403,0.0,2.864033481172112,2.568554284938167,0.0,0.0,0.0,4.973667067872752,0,0,0,0,0,0
image_646.png,surface,0.0,0.0,2.052906510375587,11.559028931814977,9.818045066422115,0.0,3.214136141164685,3.7545895504606888,0.0,0.0,0.0,3.001686054889964,0,0,0,0,0,0
image_647.png,surface,0.0,0.0,2.586266579631068,9.163659293491486,-6.851784699184522,0.0,-1.1998739120489306,-3.4816365644717227,0.0,0.0,0.0,1.114527211251132,0,0,0,0,0,0
image_648.png,surface,0.0,0.0,2.230259419748197,10.1576954424872,17.386020597021087,0.0,-0.2983397079936292,-1.2118356309966694,0.0,0.0,0.0,4.835138538957494,0,0,0,0,0,0
image_649.png,surface,0.0,0.0,1.1385619294756972,9.431843724729362,14.413065697762386,0.0,0.450890822112858,3.318395267408555,0.0,0.0,0.0,2.1856023751457787,0,0,0,0,0,0
image_650.png,surface,0.0,0.0,1.7541919453955743,-10.884274688880751,-15.672990228853507,0.0,-1.085788005512969,0.9618866256038042,0.0,0.0,0.0,-3.1316012002101914,0,0,0,0,0,0
image_651.png,surface,0.0,0.0,1.9125370665103645,-5.872105302534806,2.72613418445057,0.0,2.4929013401701754,0.7886492414238353,0.0,0.0,0.0,-2.2085140069415568,0,0,0,0,0,0
image_652.png,surface,0.0,0.0,2.436472011461566,-10.098892070738223,18.166979141848973,0.0,2.6300322182610474,1.993033762158128,0.0,0.0,0.0,-4.864742871966054,0,0,0,0,0,0
image_653.png,surface,0.0,0.0,2.568085170006775,-11.37149058319383,11.09256461266814,0.0,0.1635120432672006,-2.2269043489074343,0.0,0.0,0.0,-1.2505964580475872,0,0,0,0,0,0
image_654.png,surface,0.0,0.0,1.0103254920816755,-15.288292666470538,5.828089026618748,0.0,4.368754280251317,0.4447435005192931,0.0,0.0,0.0,4.051606154933815,0,0,0,0,0,0
image_655.png,surface,0.0,0.0,2.1973289990630533,-3.0334567196024764,-23.301757529774186,0.0,-1.648303853806656,-3.0046174926370948,0.0,0.0,0.0,-2.285939453172205,0,0,0,0,0,0
image_656.png,surface,0.0,0.0,1.0594901013530578,-18.90268840283064,9.787317165662962,0.0,-2.2980799138035524,-1.7833844782917538,0.0,0.0,0.0,3.812690747912676,0,0,0,0,0,0
image_657.png,surface,0.0,0.0,2.6709103710709363,0.638242400504602,-0.5185058008016799,0.0,2.1523128646557,-2.243938913007673,0.0,0.0,0.0,1.9680377026952005,0,0,0,0,0,0
image_658.png,surface,0.0,0.0,1.4800787201597514,21.82935244420764,4.554856243757661,0.0,4.263077286219478,-0.4563938496460396,0.0,0.0,0.0,-1.2690730334529876,0,0,0,0,0,0
image_659.png,surface,0.0,0.0,1.6662624500622647,-12.508935871526068,-16.444834188625403,0.0,-2.645296888355756,3.174323883021,0.0,0.0,0.0,1.2609533130992645,0,0,0,0,0,0
image_660.png,surface,0.0,0.0,1.4658828344710488,-13.000841621912784,-17.354296343267347,0.0,0.0617491609242725,1.2933513224765123,0.0,0.0,0.0,3.939403464257241,0,0,0,0,0,0
image_661.png,surface,0.0,0.0,2.735545853651527,1.0189278088210811,20.30610684526822,0.0,3.772279896297855,-2.324673537851708,0.0,0.0,0.0,-4.986633102820493,0,0,0,0,0,0
image_662.png,surface,0.0,0.0,1.6013689918608442,9.43042624379324,13.91187298903703,0.0,-2.512510633388087,-2.729307418548865,0.0,0.0,0.0,-3.3216850259367705,0,0,0,0,0,0
image_663.png,surface,0.0,0.0,2.484242643705823,-5.705655414188184,-14.455603713429491,0.0,-2.4798194330039074,2.048632500870889,0.0,0.0,0.0,2.791959628563024,0,0,0,0,0,0
image_664.png,surface,0.0,0.0,2.225937351438233,17.38190729914566,-7.971487200163843,0.0,2.9011480612912983,-1.4201724192010765,0.0,0.0,0.0,0.3825601399794998,0,0,0,0,0,0
image_665.png,surface,0.0,0.0,2.725442968516584,-11.38331683932009,-11.122364252627897,0.0,1.5340586740633122,-0.0649000416666137,0.0,0.0,0.0,-3.37335318848893,0,0,0,0,0,0
image_666.png,surface,0.0,0.0,1.3955222814739598,12.466120546387785,-13.363274119663997,0.0,3.195679247965221,1.6590646495907386,0.0,0.0,0.0,2.2239976704650912,0,0,0,0,0,0
image_667.png,surface,0.0,0.0,2.0344431579866216,9.46333649544906,-5.990316949895698,0.0,-0.9650981883936508,4.261083552748164,0.0,0.0,0.0,-4.131489235625676,0,0,0,0,0,0
image_668.png,surface,0.0,0.0,2.667340412609403,19.26666759064373,7.042149322375396,0.0,-2.144065304503729,2.738863401524699,0.0,0.0,0.0,-4.137420174576526,0,0,0,0,0,0
image_669.png,surface,0.0,0.0,2.2211960657324528,10.361291337338956,4.4942299121327824,0.0,-3.440759606256077,-2.389207192474966,0.0,0.0,0.0,1.1822305449188644,0,0,0,0,0,0
image_670.png,surface,0.0,0.0,1.0245096056992873,6.996889742451412,20.88641437126168,0.0,1.138939000928901,1.8043070015826623,0.0,0.0,0.0,1.9221500535807576,0,0,0,0,0,0
image_671.png,surface,0.0,0.0,1.5071281853940215,-7.817930357340324,21.313854531008133,0.0,-3.3175601490074405,0.776611860733749,0.0,0.0,0.0,-1.6623080507608812,0,0,0,0,0,0
image_672.png,surface,0.0,0.0,2.368695304594572,19.30679033556124,9.677582445889284,0.0,-3.705685011637812,-0.4065419230229961,0.0,0.0,0.0,-2.535559210053868,0,0,0,0,0,0
image_673.png,surface,0.0,0.0,2.223178211938185,12.518446016076805,-12.540672624964984,0.0,0.8741675209160499,-0.5366212636521867,0.0,0.0,0.0,-0.0704100861536858,0,0,0,0,0,0
image_674.png,surface,0.0,0.0,2.792965250437059,-13.082445159240269,-3.3857139391889284,0.0,-0.312300960709461,-2.875619491810754,0.0,0.0,0.0,-1.5273767347256104,0,0,0,0,0,0
image_675.png,surface,0.0,0.0,2.851036110379593,15.325988078695593,2.8015570950274142,0.0,-3.038102831455187,-1.2961330466125704,0.0,0.0,0.0,2.309220725481488,0,0,0,0,0,0
image_676.png,surface,0.0,0.0,2.6006311346620263,-7.01107379527821,-2.449859980281166,0.0,0.6267838769879674,1.6001568046116952,0.0,0.0,0.0,-1.8324549771749263,0,0,0,0,0,0
image_677.png,surface,0.0,0.0,1.3672779949828369,13.14440388254043,-17.710733977366182,0.0,0.4587819544943401,3.2464458318576,0.0,0.0,0.0,4.309749759759962,0,0,0,0,0,0
image_678.png,surface,0.0,0.0,1.7439921775122362,9.667124590251715,16.206398280951795,0.0,0.646543835353507,-3.367009368477288,0.0,0.0,0.0,-0.3086769490831509,0,0,0,0,0,0
image_679.png,surface,0.0,0.0,2.929371221413585,-15.222022094231452,-17.800833880639658,0.0,-1.0523659584744027,-1.4732485642381767,0.0,0.0,0.0,-3.3326224219925216,0,0,0,0,0,0
image_680.png,surface,0.0,0.0,1.9676518050615608,-0.2886514174660167,-21.16651692235368,0.0,1.5616339529902314,-0.8190915115043782,0.0,0.0,0.0,-1.0520459962941295,0,0,0,0,0,0
image_681.png,surface,0.0,0.0,1.6679974455440465,-4.806564184283204,22.88116696390222,0.0,-0.7808302072743908,-4.719566121845978,0.0,0.0,0.0,-0.2605187583384296,0,0,0,0,0,0
image_682.png,surface,0.0,0.0,2.923994883213111,4.853712826690974,3.775599112767164,0.0,1.6467831534544162,1.402257486132568,0.0,0.0,0.0,-1.4479076023891144,0,0,0,0,0,0
image_683.png,surface,0.0,0.0,2.399038445257609,4.206889594144234,-21.586392670863027,0.0,-3.921097759864209,-1.1294193495588247,0.0,0.0,0.0,0.1010456256254759,0,0,0,0,0,0
image_684.png,surface,0.0,0.0,2.392885066911796,-11.364142656353527,10.0405485448272,0.0,-3.338416950664531,-3.639588496797365,0.0,0.0,0.0,3.9347040288604127,0,0,0,0,0,0
image_685.png,surface,0.0,0.0,1.8247291452407373,-4.955423526134653,-15.032826836812,0.0,4.069164504683598,2.337462825056754,0.0,0.0,0.0,-0.4218914165233407,0,0,0,0,0,0
image_686.png,surface,0.0,0.0,1.1870251942164125,10.062620384050478,13.871003938174008,0.0,2.4019736446630247,-2.051814732495572,0.0,0.0,0.0,-0.7768043961083473,0,0,0,0,0,0
image_687.png,surface,0.0,0.0,2.966991024757155,-21.4056344932188,-12.881659459170752,0.0,0.2075755063767822,-4.232640475882745,0.0,0.0,0.0,-1.5755580841847063,0,0,0,0,0,0
image_688.png,surface,0.0,0.0,1.1696017592924024,2.822086846597361,-21.89731880317405,0.0,1.9088833125214373,-3.9838591068293576,0.0,0.0,0.0,0.465233909883497,0,0,0,0,0,0
image_689.png,surface,0.0,0.0,2.3319376362195623,-12.14562880937664,14.68414076674494,0.0,-1.1746882494100717,1.4546712420380374,0.0,0.0,0.0,3.096834069332868,0,0,0,0,0,0
image_690.png,surface,0.0,0.0,1.102218557871435,4.634061972469801,16.22088243449882,0.0,4.414549014529196,1.6583368700004746,0.0,0.0,0.0,3.338464285776068,0,0,0,0,0,0
image_691.png,surface,0.0,0.0,1.0286458948299697,-18.247090716835487,1.501300244142288,0.0,-3.7688533091076617,-1.2395574814220314,0.0,0.0,0.0,3.491305010432397,0,0,0,0,0,0
image_692.png,surface,0.0,0.0,1.0198767704603982,9.65307585203507,-14.669154732891212,0.0,-1.4366237813039269,-2.574559081357415,0.0,0.0,0.0,4.351690808318946,0,0,0,0,0,0
image_693.png,surface,0.0,0.0,2.8848689895342554,-3.3700987656947827,-6.859130184554688,0.0,-1.1136860517932377,3.3935443690205904,0.0,0.0,0.0,3.6426669679401904,0,0,0,0,0,0
image_694.png,surface,0.0,0.0,1.9243240241344104,-20.938890575628047,-0.9323605072161746,0.0,1.8934782344612904,-2.507158166675748,0.0,0.0,0.0,3.521310238085442,0,0,0,0,0,0
image_695.png,surface,0.0,0.0,2.2040594450429745,-4.537643279144743,-17.685306455662186,0.0,-3.5093044044464903,-1.2135172478882368,0.0,0.0,0.0,2.546116911905277,0,0,0,0,0,0
image_696.png,surface,0.0,0.0,1.2826414744188446,8.369978824483077,-21.912721104309,0.0,0.1113906587554502,-0.6415078292092846,0.0,0.0,0.0,-4.527345628486862,0,0,0,0,0,0
image_697.png,surface,0.0,0.0,1.97546573938845,-18.685759164250964,14.746014920749897,0.0,0.2496692721932795,-2.528399119565204,0.0,0.0,0.0,1.8767457805544128,0,0,0,0,0,0
image_698.png,surface,0.0,0.0,2.037606767733542,-18.67939902146152,8.214436844921247,0.0,0.9062011298667428,1.4166206481515005,0.0,0.0,0.0,-1.1463804044271677,0,0,0,0,0,0
image_699.png,surface,0.0,0.0,1.3052868859365938,21.043658331583668,-12.963214358961078,0.0,-2.7229167558220846,-1.3352670140825638,0.0,0.0,0.0,-4.125872851999706,0,0,0,0,0,0
image_700.png,surface,0.0,0.0,1.916053383665088,14.391974021999564,-16.683745390761736,0.0,1.7205316209378707,1.8004539542651294,0.0,0.0,0.0,3.8732919578213583,0,0,0,0,0,0
image_701.png,surface,0.0,0.0,2.7730361945949284,17.26398516850533,16.5088209697103,0.0,4.465398736348537,-0.1251890889012952,0.0,0.0,0.0,-3.528505622324923,0,0,0,0,0,0
image_702.png,surface,0.0,0.0,2.1503957720490408,15.71456865841655,-13.762392695870052,0.0,-2.3883601004470987,-3.50844279390805,0.0,0.0,0.0,2.391567804786461,0,0,0,0,0,0
image_703.png,surface,0.0,0.0,1.3719066951077037,3.1000317374597626,-8.927092158385136,0.0,-4.65166045350618,0.4017980788143597,0.0,0.0,0.0,-3.0825508453396644,0,0,0,0,0,0
image_704.png,surface,0.0,0.0,2.9106427913060933,-3.1616392593581453,6.849336219073316,0.0,-1.742392103867361,-3.122316378701705,0.0,0.0,0.0,-3.2778778264058275,0,0,0,0,0,0
image_705.png,surface,0.0,0.0,2.785694687496182,2.6970200249834244,16.67261672285876,0.0,-0.8096496176340271,4.150814875151,0.0,0.0,0.0,0.5603638357971565,0,0,0,0,0,0
image_706.png,surface,0.0,0.0,2.854013569497961,-14.770454231728072,-6.526392078600464,0.0,3.848576370493654,-1.7144983959570927,0.0,0.0,0.0,-1.5706337872264051,0,0,0,0,0,0
image_707.png,surface,0.0,0.0,2.561834279241614,8.404422094560953,-10.831280590961557,0.0,-0.1747425723489083,-3.924281578112784,0.0,0.0,0.0,-3.915019246851601,0,0,0,0,0,0
image_708.png,surface,0.0,0.0,2.122719322755,7.16793924824086,6.4271749431067295,0.0,-2.1267128553212697,1.9815940393528475,0.0,0.0,0.0,-3.25457177173619,0,0,0,0,0,0
image_709.png,surface,0.0,0.0,2.551535791898604,9.63391931380982,-22.65722746880873,0.0,-1.00488630337986,-2.466606769955327,0.0,0.0,0.0,-4.76002500200551,0,0,0,0,0,0
image_710.png,surface,0.0,0.0,2.2388272650177266,-8.308542895172465,8.63154014356194,0.0,4.862425140272663,0.5678353510642127,0.0,0.0,0.0,-0.0665575904689186,0,0,0,0,0,0
image_711.png,surface,0.0,0.0,1.0113889110915826,2.692262955613076,-17.370702187023642,0.0,-0.3532527886062252,1.3868671141965774,0.0,0.0,0.0,-2.485932715172188,0,0,0,0,0,0
image_712.png,surface,0.0,0.0,1.2325642509301744,8.465989008322657,21.028569438836207,0.0,2.5600115629362974,-1.4531456539907133,0.0,0.0,0.0,3.085378097357246,0,0,0,0,0,0
image_713.png,surface,0.0,0.0,1.219091290751295,22.70263442454707,2.914787706666346,0.0,-1.8174414805845405,3.7364925005284153,0.0,0.0,0.0,1.3199701487072026,0,0,0,0,0,0
image_714.png,surface,0.0,0.0,2.1077263629315595,13.210092952341776,12.19799320486797,0.0,4.514614845165372,2.118043552124026,0.0,0.0,0.0,-4.06482861634382,0,0,0,0,0,0
image_715.png,surface,0.0,0.0,2.391470056347308,-4.849758000537827,-17.0602824383339,0.0,0.8369338010508324,1.3479872005762124,0.0,0.0,0.0,-1.1412946836313176,0,0,0,0,0,0
image_716.png,surface,0.0,0.0,2.878705105652152,-9.239825635368714,1.660493282250172,0.0,4.004464429611008,-0.6020450575663043,0.0,0.0,0.0,-2.477204870923486,0,0,0,0,0,0
image_717.png,surface,0.0,0.0,2.8024552477703697,8.762643902855983,-20.535669361576808,0.0,2.6401161359739302,-1.9114156966922649,0.0,0.0,0.0,-1.3074925668176105,0,0,0,0,0,0
image_718.png,surface,0.0,0.0,2.1956688573455905,2.929793231474169,6.328343929863231,0.0,-3.096927389943408,0.3805728597734583,0.0,0.0,0.0,0.8368718657809264,0,0,0,0,0,0
image_719.png,surface,0.0,0.0,2.1424272067238306,-8.674257288497403,-13.093734941544945,0.0,3.504944027154476,-0.1062237856987879,0.0,0.0,0.0,2.810660861302156,0,0,0,0,0,0
image_720.png,surface,0.0,0.0,1.1366293750230023,14.828922572501767,12.764038576105497,0.0,1.0368838208937134,-1.954635556282616,0.0,0.0,0.0,-1.4235562132893866,0,0,0,0,0,0
image_721.png,surface,0.0,0.0,2.5424231183656025,-16.23275072279815,18.69086994984254,0.0,-2.581862051860312,-0.1704672696172811,0.0,0.0,0.0,-4.435054287827156,0,0,0,0,0,0
image_722.png,surface,0.0,0.0,1.5319179782945027,18.19943340705948,-8.923939095310919,0.0,3.5234505505285254,-2.7326062197091234,0.0,0.0,0.0,-0.1361948541907551,0,0,0,0,0,0
image_723.png,surface,0.0,0.0,2.835832716972944,-17.072774510104477,-3.3683363656989003,0.0,-2.1607970388604167,2.164850692308936,0.0,0.0,0.0,-3.5720815906296712,0,0,0,0,0,0
image_724.png,surface,0.0,0.0,1.442411126467232,0.4542558557033436,-13.622236409679404,0.0,2.2836784090520466,-0.1911503142958661,0.0,0.0,0.0,-3.191078690932577,0,0,0,0,0,0
image_725.png,surface,0.0,0.0,2.3926448173138257,10.068157156826826,-3.096867530440089,0.0,1.285027255395158,1.995666725587236,0.0,0.0,0.0,4.653323708542313,0,0,0,0,0,0
image_726.png,surface,0.0,0.0,1.2245870724333496,-1.0169456539707051,-2.1929124791301065,0.0,2.7837745329755057,-0.4243571013271654,0.0,0.0,0.0,1.184533381499843,0,0,0,0,0,0
image_727.png,surface,0.0,0.0,1.9877649314258703,-22.64395599290501,-4.970008232443498,0.0,3.705385192047136,3.297983403614875,0.0,0.0,0.0,-4.470474598907977,0,0,0,0,0,0
image_728.png,surface,0.0,0.0,1.2979617935355008,11.193621788336037,-8.281970019856029,0.0,1.2658352788480305,4.563059327522226,0.0,0.0,0.0,-3.430897641684614,0,0,0,0,0,0
image_729.png,surface,0.0,0.0,2.685370861114782,-23.72792055317699,-2.317563604838236,0.0,-0.6966306541470328,-2.8968033765489927,0.0,0.0,0.0,-1.5200972589027106,0,0,0,0,0,0
image_730.png,surface,0.0,0.0,2.228014206208221,1.9664198573943432,-18.09614015112938,0.0,-0.3177583786875671,-4.1226647565664924,0.0,0.0,0.0,4.123613056528336,0,0,0,0,0,0
image_731.png,surface,0.0,0.0,2.9544806698002875,-4.76709049915574,5.834967265958744,0.0,-1.5985127716649423,3.0067892145974504,0.0,0.0,0.0,-1.4283405888753196,0,0,0,0,0,0
image_732.png,surface,0.0,0.0,1.2820490551341506,-0.9674893869844526,-22.516607275698764,0.0,-2.0679679668756963,-2.30851344483123,0.0,0.0,0.0,3.1635231444348904,0,0,0,0,0,0
image_733.png,surface,0.0,0.0,2.712202201513501,11.431056945266398,4.525886421383353,0.0,-4.100054858142083,2.720505525338836,0.0,0.0,0.0,1.13675235751343,0,0,0,0,0,0
image_734.png,surface,0.0,0.0,2.468620299469418,-15.275166075860415,19.65757861891452,0.0,0.5832311320485727,1.9430374845509084,0.0,0.0,0.0,4.542007936947496,0,0,0,0,0,0
image_735.png,surface,0.0,0.0,1.7744257081288854,6.636140679078179,9.312684440268711,0.0,-3.209271975904805,3.370793521197227,0.0,0.0,0.0,-2.368300071293455,0,0,0,0,0,0
image_736.png,surface,0.0,0.0,1.035804436386862,0.5091205780966938,21.98584792293281,0.0,-3.194897693694856,-0.4936718280669737,0.0,0.0,0.0,2.3160261473276345,0,0,0,0,0,0
image_737.png,surface,0.0,0.0,2.4719369419546444,-14.124120689231512,17.700943540773622,0.0,2.258704239029829,-0.3828693210840303,0.0,0.0,0.0,3.8104696467449113,0,0,0,0,0,0
image_738.png,surface,0.0,0.0,1.196295868378835,8.8766062677041,-4.679347170950295,0.0,-0.1080692008068162,1.9237169082251584,0.0,0.0,0.0,3.298869017846876,0,0,0,0,0,0
image_739.png,surface,0.0,0.0,2.6178867479024284,18.22912055442256,-2.96187414707174,0.0,0.2151972672887205,-0.7551188286430643,0.0,0.0,0.0,-1.9249785627365368,0,0,0,0,0,0
image_740.png,surface,0.0,0.0,2.5969880677660644,1.2149412247207734,-5.728850159119505,0.0,0.5098978128666876,1.9082221126433248,0.0,0.0,0.0,3.508431267689748,0,0,0,0,0,0
image_741.png,surface,0.0,0.0,1.4314544070652735,-5.09712287924258,23.766864187969475,0.0,2.5042995205624803,-2.998535941414409,0.0,0.0,0.0,4.294720475706363,0,0,0,0,0,0
image_742.png,surface,0.0,0.0,2.931817280459933,-9.106864758617162,4.167356625322046,0.0,-1.044678807161205,-1.168928690531562,0.0,0.0,0.0,-1.7247055797363608,0,0,0,0,0,0
image_743.png,surface,0.0,0.0,2.585803837693996,22.01085715819277,-2.954089315546864,0.0,-1.974506900654157,-4.46212086000106,0.0,0.0,0.0,2.171007353047841,0,0,0,0,0,0
image_744.png,surface,0.0,0.0,2.209179935501309,-9.701753778525562,17.023968089911143,0.0,-4.174602481964281,1.5994845553929031,0.0,0.0,0.0,2.021403009064282,0,0,0,0,0,0
image_745.png,surface,0.0,0.0,2.469902679161644,-3.975836483498816,-12.128638229522164,0.0,-4.720541792713204,0.7752490242290986,0.0,0.0,0.0,4.954427649174011,0,0,0,0,0,0
image_746.png,surface,0.0,0.0,1.936627449136313,16.99485380264644,-1.2159610953221935,0.0,1.8676089447053688,-0.1765270335120164,0.0,0.0,0.0,4.741508753382217,0,0,0,0,0,0
image_747.png,surface,0.0,0.0,1.1856940702150722,-0.7365650988972867,19.16250922626544,0.0,-0.0916524867626358,-2.500550617618064,0.0,0.0,0.0,1.4858549139518402,0,0,0,0,0,0
image_748.png,surface,0.0,0.0,2.273860507689496,12.479602386367224,11.523109590377205,0.0,-2.439293831679823,-4.153936893144461,0.0,0.0,0.0,0.3495078116288308,0,0,0,0,0,0
image_749.png,surface,0.0,0.0,1.83245706297432,9.7439532629896,-13.383363891648504,0.0,0.4414887570400396,0.210333745231966,0.0,0.0,0.0,-4.367254701012096,0,0,0,0,0,0
image_750.png,surface,0.0,0.0,2.957715811691637,-7.655889987918882,-1.6745427208346682,0.0,3.844889152381387,2.295670306790464,0.0,0.0,0.0,-4.166838558532873,0,0,0,0,0,0
image_751.png,surface,0.0,0.0,1.1266900502578727,-2.6951896573379326,-15.458895792073744,0.0,-1.000092370972101,-3.1599828913433807,0.0,0.0,0.0,-2.2623571998092418,0,0,0,0,0,0
image_752.png,surface,0.0,0.0,1.3210239587954382,-9.18700212456791,-15.516105533034985,0.0,1.5123355608040048,4.039732402679205,0.0,0.0,0.0,-0.2907929531603406,0,0,0,0,0,0
image_753.png,surface,0.0,0.0,2.800699386464774,-4.169424836839736,8.987696672360025,0.0,-3.4391719115338413,-2.7318794104995945,0.0,0.0,0.0,-2.646165533029828,0,0,0,0,0,0
image_754.png,surface,0.0,0.0,1.973985137175668,-15.353168457625966,-6.913368084084833,0.0,1.0983334021047455,-3.4866974320733344,0.0,0.0,0.0,-3.211595060856123,0,0,0,0,0,0
image_755.png,surface,0.0,0.0,1.3862709018330397,6.320436061667439,9.713904976632511,0.0,-0.4359348379531878,2.2994361408798105,0.0,0.0,0.0,-1.676233925585619,0,0,0,0,0,0
image_756.png,surface,0.0,0.0,1.625333728429553,21.3999792704154,-2.0549477045573648,0.0,-1.084358142850787,-3.245581137719076,0.0,0.0,0.0,-4.488416526728416,0,0,0,0,0,0
image_757.png,surface,0.0,0.0,1.1525998926410232,14.195132918792886,10.809217035181495,0.0,-1.4665032028858975,-3.765969455225954,0.0,0.0,0.0,-2.6059150606571704,0,0,0,0,0,0
image_758.png,surface,0.0,0.0,2.267822241623436,-18.59872069713216,14.976737480440846,0.0,-2.411078291029168,-1.4852104287208134,0.0,0.0,0.0,-4.193598378667961,0,0,0,0,0,0
image_759.png,surface,0.0,0.0,2.8401610898867093,-9.332120652516526,18.755784254186345,0.0,-2.918416700678561,3.4362578996886057,0.0,0.0,0.0,0.2976985060786425,0,0,0,0,0,0
image_760.png,surface,0.0,0.0,2.140396049381268,-11.690172903712677,-14.765882741107935,0.0,-4.609361199653206,0.3904929690355257,0.0,0.0,0.0,0.1880152001769168,0,0,0,0,0,0
image_761.png,surface,0.0,0.0,2.283963720081662,12.51552885681683,-10.998750026092074,0.0,-0.4303090140411707,-0.5609783766948087,0.0,0.0,0.0,-3.7981749245672702,0,0,0,0,0,0
image_762.png,surface,0.0,0.0,1.585608737453413,6.151765511287549,-2.444945554689187,0.0,0.4561351166262696,-2.48857027950023,0.0,0.0,0.0,2.1102616885131864,0,0,0,0,0,0
image_763.png,surface,0.0,0.0,2.416837998983373,-2.782526477602836,16.51485571798368,0.0,-3.890091354362316,0.8824015029157588,0.0,0.0,0.0,-3.038211832508294,0,0,0,0,0,0
image_764.png,surface,0.0,0.0,2.830339046460101,-19.97102474112056,-2.274199117088304,0.0,-1.6147296335985015,4.644535310694881,0.0,0.0,0.0,3.7336731700969263,0,0,0,0,0,0
image_765.png,surface,0.0,0.0,1.0927437892925542,-9.76664869659015,-3.068312630096651,0.0,-4.156697957389907,0.7867620563010895,0.0,0.0,0.0,2.5483031533118687,0,0,0,0,0,0
image_766.png,surface,0.0,0.0,1.4345616797375558,2.611988296952501,-13.4475040006466,0.0,1.0998989499284215,3.4154776031681453,0.0,0.0,0.0,4.596437699897637,0,0,0,0,0,0
image_767.png,surface,0.0,0.0,2.8732577495391904,-5.923221977135596,-10.23802296923616,0.0,1.411436391199492,-0.8263987234316895,0.0,0.0,0.0,4.541424117883109,0,0,0,0,0,0
image_768.png,surface,0.0,0.0,2.60994638800719,0.7259006537084309,-16.890499761289888,0.0,-2.434632394286869,2.825266233922667,0.0,0.0,0.0,0.4001402951635056,0,0,0,0,0,0
image_769.png,surface,0.0,0.0,1.1405144982788729,-9.624778524618224,-21.815015144350102,0.0,3.9987256139240848,-0.5512578395632497,0.0,0.0,0.0,-0.659857696335207,0,0,0,0,0,0
image_770.png,surface,0.0,0.0,1.4658640645186771,6.545028713719016,-17.362845924679185,0.0,4.161287922724806,2.222788823266754,0.0,0.0,0.0,-3.1467512562708464,0,0,0,0,0,0
image_771.png,surface,0.0,0.0,1.7303879515744125,13.137012076563074,-9.040557402581143,0.0,-1.6367041053461029,0.4706554341112257,0.0,0.0,0.0,2.487759440672664,0,0,0,0,0,0
image_772.png,surface,0.0,0.0,1.6385816620294311,-15.70672722530172,-3.3440757145381217,0.0,2.099525024648869,-2.2802173183848367,0.0,0.0,0.0,-2.1569485505790507,0,0,0,0,0,0
image_773.png,surface,0.0,0.0,1.1025356377779858,19.12684195886923,-9.769070430670906,0.0,-4.43462123935246,-0.9080153196349214,0.0,0.0,0.0,4.982859334985193,0,0,0,0,0,0
image_774.png,surface,0.0,0.0,1.3414332958224082,6.821147241114882,3.256489034979122,0.0,4.602931162440094,0.7705907741528201,0.0,0.0,0.0,-1.48077222417161,0,0,0,0,0,0
image_775.png,surface,0.0,0.0,1.5647398007387976,-0.9671730712408888,-11.386647629975966,0.0,-2.4103676160010234,-0.058239900041927,0.0,0.0,0.0,1.899162427875046,0,0,0,0,0,0
image_776.png,surface,0.0,0.0,1.3062672968819804,6.446489580206486,11.270511674809487,0.0,-4.051804595558742,1.55693013845195,0.0,0.0,0.0,-4.04938949241196,0,0,0,0,0,0
image_777.png,surface,0.0,0.0,2.654903404865499,-2.75314490349841,-9.254537949258818,0.0,3.552129386690284,0.2388290507606902,0.0,0.0,0.0,0.9421914993395876,0,0,0,0,0,0
image_778.png,surface,0.0,0.0,2.040824862137121,2.7410224166897468,14.987188514263323,0.0,-1.6362869077284694,1.045254489168049,0.0,0.0,0.0,0.0776464667838991,0,0,0,0,0,0
image_779.png,surface,0.0,0.0,1.4428946456178855,-9.408682974938626,2.4505675924156862,0.0,-2.729437138720386,-3.593920548092893,0.0,0.0,0.0,3.668314207636449,0,0,0,0,0,0
image_780.png,surface,0.0,0.0,2.695449421687357,-6.963323779803716,21.148933218580588,0.0,-2.4018878741834087,-2.935277835019043,0.0,0.0,0.0,3.901137946945092,0,0,0,0,0,0
image_781.png,surface,0.0,0.0,2.5213333208773827,-19.67788377266737,7.68098585280915,0.0,-3.127537056261457,0.5456461755757512,0.0,0.0,0.0,-2.643888262602662,0,0,0,0,0,0
image_782.png,surface,0.0,0.0,1.772554738436038,-14.325218212398468,5.716721847916062,0.0,-2.237719642495821,-0.5553338279069017,0.0,0.0,0.0,-0.2079418423873438,0,0,0,0,0,0
image_783.png,surface,0.0,0.0,2.682418408597941,-4.419074543577323,6.327660714743294,0.0,4.751643019737074,1.371720828101678,0.0,0.0,0.0,2.8318638949141173,0,0,0,0,0,0
image_784.png,surface,0.0,0.0,2.2748971433912324,-5.570381670303869,-0.1245085081202073,0.0,2.651262048541742,2.331018852489398,0.0,0.0,0.0,0.841815191614331,0,0,0,0,0,0
image_785.png,surface,0.0,0.0,2.246918836592701,10.818069370284256,4.516468010986459,0.0,-4.532434990979147,-0.2418967151445472,0.0,0.0,0.0,-2.692038530147109,0,0,0,0,0,0
image_786.png,surface,0.0,0.0,1.2078362510417782,-18.888323922915937,-11.7023231221933,0.0,-4.320119138519408,-1.6351402082519515,0.0,0.0,0.0,0.650669648499286,0,0,0,0,0,0
image_787.png,surface,0.0,0.0,1.816409541009232,-7.933073599372334,-14.20215618386883,0.0,2.8615121929593235,3.1101821611345155,0.0,0.0,0.0,-2.280119810583555,0,0,0,0,0,0
image_788.png,surface,0.0,0.0,1.1428287393287744,-6.810566752985484,-23.590654756422467,0.0,-2.822079351411671,0.0910675421114638,0.0,0.0,0.0,2.627309567809688,0,0,0,0,0,0
image_789.png,surface,0.0,0.0,1.8018254646169576,-0.2946048029873983,-8.048614302135046,0.0,1.3812559593755598,-4.2910315698569805,0.0,0.0,0.0,4.719539705485518,0,0,0,0,0,0
image_790.png,surface,0.0,0.0,1.1188960417795142,-15.60143903352415,-4.986369344635442,0.0,3.3694656357153754,-2.793817535533569,0.0,0.0,0.0,-0.1295570926138776,0,0,0,0,0,0
image_791.png,surface,0.0,0.0,1.385753792357071,15.02002219879816,6.215748690724996,0.0,1.9373937355737607,-2.528804801593129,0.0,0.0,0.0,-1.255670518815053,0,0,0,0,0,0
image_792.png,surface,0.0,0.0,1.91276202502604,-6.929134028718983,-20.147656644979875,0.0,-2.922642430720043,-3.257157810033505,0.0,0.0,0.0,-2.306876111000405,0,0,0,0,0,0
image_793.png,surface,0.0,0.0,2.236164236888646,13.676534821091357,-13.631001744251511,0.0,2.9630587599793725,3.402280377577044,0.0,0.0,0.0,-1.957507078684379,0,0,0,0,0,0
image_794.png,surface,0.0,0.0,1.3619352528676434,17.39606594024778,15.684196776694286,0.0,-4.164619306455179,-0.5344740738957205,0.0,0.0,0.0,4.2575817473972695,0,0,0,0,0,0
image_795.png,surface,0.0,0.0,1.1647870616550144,11.349879688468173,-19.29564374683844,0.0,-1.2205128267254548,0.0164543769541021,0.0,0.0,0.0,-0.6630294821879135,0,0,0,0,0,0
image_796.png,surface,0.0,0.0,2.747441332260127,-2.3349086610769434,-15.565995868864968,0.0,-4.131975301667563,-0.0668750648723123,0.0,0.0,0.0,-4.5692515325887815,0,0,0,0,0,0
image_797.png,surface,0.0,0.0,1.166908668371743,19.13080745148546,9.222107839718433,0.0,-2.6813475775071143,1.811252377329161,0.0,0.0,0.0,-2.3744513581247872,0,0,0,0,0,0
image_798.png,surface,0.0,0.0,2.137440798078876,1.8032351422141408,-21.103341035095376,0.0,3.1255962756970583,-2.6758299202143254,0.0,0.0,0.0,-1.0019594702838353,0,0,0,0,0,0
image_799.png,surface,0.0,0.0,2.5825048144345697,-15.39593042503598,16.35518392984079,0.0,-1.8566056902031345,4.364552291561486,0.0,0.0,0.0,4.46068068330322,0,0,0,0,0,0
image_800.png,surface,0.0,0.0,1.3350812984568825,-9.42380738429974,19.309437190300912,0.0,-2.4134998490109254,0.8511133775507257,0.0,0.0,0.0,1.5187205436089857,0,0,0,0,0,0
image_801.png,surface,0.0,0.0,2.292633499562407,12.129194144244206,-5.1794956745269465,0.0,0.2970457681969496,-4.904760125685464,0.0,0.0,0.0,3.1247000886975247,0,0,0,0,0,0
image_802.png,surface,0.0,0.0,2.4612440085233347,-3.002764995849084,3.1687858510962874,0.0,-2.4611623703019,-1.6276905275877096,0.0,0.0,0.0,1.4881870370642254,0,0,0,0,0,0
image_803.png,surface,0.0,0.0,2.4143826525952736,14.647823485291555,-8.567958142413543,0.0,-3.7996397180324126,2.027161987888485,0.0,0.0,0.0,2.864046350750723,0,0,0,0,0,0
image_804.png,surface,0.0,0.0,1.1034194494741048,13.676606354555974,18.948028036362857,0.0,-1.6844541635516108,1.4951665339302396,0.0,0.0,0.0,-3.116771211128412,0,0,0,0,0,0
image_805.png,surface,0.0,0.0,2.2831773309558403,-7.115610771001753,10.401103422859228,0.0,2.928097297364513,0.8239863166469991,0.0,0.0,0.0,3.563860481540808,0,0,0,0,0,0
image_806.png,surface,0.0,0.0,1.314232264477386,-13.69916060155974,-10.761670995989103,0.0,0.9613599171383042,3.8040925761024673,0.0,0.0,0.0,2.441720256455992,0,0,0,0,0,0
image_807.png,surface,0.0,0.0,1.603932512573084,3.704475002319839,-14.456488842220462,0.0,1.7833017379473042,3.921063657659308,0.0,0.0,0.0,-0.4010948064752107,0,0,0,0,0,0
image_808.png,surface,0.0,0.0,2.8576274231669725,-21.452624251806576,0.4936732808409233,0.0,0.1772916314775048,1.1515592594346808,0.0,0.0,0.0,1.5783712874575064,0,0,0,0,0,0
image_809.png,surface,0.0,0.0,1.1044630885762148,-18.11434723798635,-3.5112449038814284,0.0,-2.3257101617444382,0.0133871478748798,0.0,0.0,0.0,-4.023587984239304,0,0,0,0,0,0
image_810.png,surface,0.0,0.0,2.7234573067316994,-7.754900720694056,-13.87264898627742,0.0,-0.5471764449964748,-1.326275238482871,0.0,0.0,0.0,4.636957556649836,0,0,0,0,0,0
image_811.png,surface,0.0,0.0,2.102455112203556,13.69896940602291,13.76955279071612,0.0,0.8064922051784591,1.1804088791025158,0.0,0.0,0.0,1.0072567981141702,0,0,0,0,0,0
image_812.png,surface,0.0,0.0,1.0626463839462967,-7.761149299537685,8.534970577322456,0.0,2.573531278129011,2.1574481249991813,0.0,0.0,0.0,-2.4009106451146534,0,0,0,0,0,0
image_813.png,surface,0.0,0.0,2.507993061716076,-10.269224157977652,-10.236347375646286,0.0,2.32597897182062,-2.812324604342365,0.0,0.0,0.0,-0.0392467647561458,0,0,0,0,0,0
image_814.png,surface,0.0,0.0,2.7150041467175274,8.627521579720575,5.050622080222183,0.0,4.305765501850771,0.10942297802888,0.0,0.0,0.0,-2.7177118705520376,0,0,0,0,0,0
image_815.png,surface,0.0,0.0,1.9151031376792824,21.590401687819885,6.795577471922536,0.0,-3.6846195050920287,-0.4690633462787253,0.0,0.0,0.0,-2.231707679993887,0,0,0,0,0,0
image_816.png,surface,0.0,0.0,2.5836783841867392,-12.562850635778371,-12.852404488794605,0.0,-1.6556234439104014,-1.792321198634472,0.0,0.0,0.0,4.239900218351007,0,0,0,0,0,0
image_817.png,surface,0.0,0.0,2.8209416604093143,9.485481782400187,-4.767366988136375,0.0,1.3470641107556922,-1.779297043213969,0.0,0.0,0.0,-2.933585264996763,0,0,0,0,0,0
image_818.png,surface,0.0,0.0,2.136459415975159,15.994953269303888,-5.870317703706049,0.0,0.7059123611341761,-1.1269789838909583,0.0,0.0,0.0,3.643180925545149,0,0,0,0,0,0
image_819.png,surface,0.0,0.0,2.8333822244381777,6.740901374542779,-20.93828479346838,0.0,-1.3897458809926382,-0.290880052534881,0.0,0.0,0.0,0.8857360038319193,0,0,0,0,0,0
image_820.png,surface,0.0,0.0,1.8339499253957343,-13.006243565834469,-15.293040042911077,0.0,1.198581892557765,-0.4402636139744692,0.0,0.0,0.0,-3.4203662408637525,0,0,0,0,0,0
image_821.png,surface,0.0,0.0,2.62373029198358,10.441756924708924,-7.259602491438592,0.0,3.3627166259008394,-0.3369564697568101,0.0,0.0,0.0,-0.074263962307258,0,0,0,0,0,0
image_822.png,surface,0.0,0.0,2.561331998857554,-4.390522855175625,-8.737056435598342,0.0,-2.782486046192319,2.0002160494775847,0.0,0.0,0.0,-0.4788341892407519,0,0,0,0,0,0
image_823.png,surface,0.0,0.0,2.437859744822581,10.892435906771269,-12.21006871975579,0.0,0.4420966552122254,4.070083206040373,0.0,0.0,0.0,-1.2329910190436646,0,0,0,0,0,0
image_824.png,surface,0.0,0.0,1.8228920880067296,7.456029702196376,13.74479004727374,0.0,2.7011714080499813,2.7168219579850588,0.0,0.0,0.0,-2.0142972327403355,0,0,0,0,0,0
image_825.png,surface,0.0,0.0,1.9364538225314205,4.903393281414097,-14.328642667393304,0.0,1.6972684676831675,-3.361258151402257,0.0,0.0,0.0,3.954750094779156,0,0,0,0,0,0
image_826.png,surface,0.0,0.0,1.4187886428573089,-20.05694906923507,-9.88375610941006,0.0,2.7367432266966256,-0.4062013628299977,0.0,0.0,0.0,-4.693761249076848,0,0,0,0,0,0
image_827.png,surface,0.0,0.0,1.5561726815539418,14.764472377212211,-2.1043303837471363,0.0,2.721468458088696,3.155907232622842,0.0,0.0,0.0,-2.0358688228605204,0,0,0,0,0,0
image_828.png,surface,0.0,0.0,2.3645203090139884,7.978672028799776,9.898099451111191,0.0,-3.6947805679849175,-1.8606769972818844,0.0,0.0,0.0,1.9203673654870057,0,0,0,0,0,0
image_829.png,surface,0.0,0.0,1.6508774542620033,21.52640118610908,12.419359405530464,0.0,1.2194454220128197,2.7407782591735645,0.0,0.0,0.0,1.055954096389061,0,0,0,0,0,0
image_830.png,surface,0.0,0.0,2.448592610814372,-10.332090818872738,13.37227402468197,0.0,2.9322071166787578,-3.625770847089265,0.0,0.0,0.0,-0.5080424227125899,0,0,0,0,0,0
image_831.png,surface,0.0,0.0,2.2488209009268285,-20.552673624976155,-10.254241886598356,0.0,-0.5372197803996087,4.874455355536016,0.0,0.0,0.0,-3.423517576826176,0,0,0,0,0,0
image_832.png,surface,0.0,0.0,1.712927226088775,0.3815790405797442,-19.60908046931676,0.0,-1.9166876258517456,1.2284583937212434,0.0,0.0,0.0,-2.441046892245675,0,0,0,0,0,0
image_833.png,surface,0.0,0.0,1.3352365923920309,15.398693111793117,-8.855503350441444,0.0,0.218009273156601,-0.6569841208892108,0.0,0.0,0.0,4.433802215830179,0,0,0,0,0,0
image_834.png,surface,0.0,0.0,1.6395061712033303,-17.194046540685356,4.7106306343015065,0.0,2.549853794239082,1.4356015164860865,0.0,0.0,0.0,2.3589867995443425,0,0,0,0,0,0
image_835.png,surface,0.0,0.0,1.7304595161769625,0.1814587844652805,4.873469176000735,0.0,-3.619383209190259,-2.9344707110464188,0.0,0.0,0.0,-0.4896856915740342,0,0,0,0,0,0
image_836.png,surface,0.0,0.0,2.2915643615421155,13.78455820017531,4.306802315253825,0.0,2.460924939590755,-2.4191491643608725,0.0,0.0,0.0,2.619434046384458,0,0,0,0,0,0
image_837.png,surface,0.0,0.0,1.1236442617262012,-18.57033050347148,-2.6951232995189387,0.0,-0.3856092731561768,4.716263590725528,0.0,0.0,0.0,4.505620511864931,0,0,0,0,0,0
image_838.png,surface,0.0,0.0,2.732230015646849,-6.969492820769201,2.305561976475086,0.0,-2.2010008910533894,0.9159158962491252,0.0,0.0,0.0,2.658178335662333,0,0,0,0,0,0
image_839.png,surface,0.0,0.0,2.2506004095738774,7.511693047890082,-11.69895159924826,0.0,-0.2830376114647988,-2.7391955878469187,0.0,0.0,0.0,2.452261376671477,0,0,0,0,0,0
image_840.png,surface,0.0,0.0,1.106355159695126,-12.62458305626189,19.879534338281605,0.0,1.006029265902527,-3.997493986599166,0.0,0.0,0.0,0.0321845830738745,0,0,0,0,0,0
image_841.png,surface,0.0,0.0,1.5029117241582632,-12.419074101043268,18.926605861971485,0.0,3.907434430500158,-2.9321374625441043,0.0,0.0,0.0,1.8099569594209752,0,0,0,0,0,0
image_842.png,surface,0.0,0.0,1.3012125787454,2.5645283439991338,-23.03575150266613,0.0,3.168002966922239,-3.3557897237466148,0.0,0.0,0.0,3.3382909634010147,0,0,0,0,0,0
image_843.png,surface,0.0,0.0,2.16368113281704,-10.366887024335613,-7.905805353466666,0.0,0.4825545345478594,-3.819477730597104,0.0,0.0,0.0,1.4435001135999324,0,0,0,0,0,0
image_844.png,surface,0.0,0.0,2.1380329530143136,-14.19828092113656,-17.868867104891276,0.0,-4.426871396903129,-1.5111795159272512,0.0,0.0,0.0,4.8356403435217725,0,0,0,0,0,0
image_845.png,surface,0.0,0.0,1.7284139425514808,8.229479958393714,7.188146538229613,0.0,1.9262694801247016,-3.115188427729292,0.0,0.0,0.0,-0.5154326808285514,0,0,0,0,0,0
image_846.png,surface,0.0,0.0,2.519553917462498,13.914681230280626,-7.046155052868808,0.0,-3.496933765461754,2.151705571117601,0.0,0.0,0.0,0.2207210471499614,0,0,0,0,0,0
image_847.png,surface,0.0,0.0,1.1235443241989351,-3.656840133475606,13.996521142438707,0.0,-0.0597331589836812,-0.9451060634746185,0.0,0.0,0.0,-0.6028927644808473,0,0,0,0,0,0
image_848.png,surface,0.0,0.0,2.654739553917194,-14.546665115928974,19.829661527519548,0.0,-2.731171100540515,1.2617473985363945,0.0,0.0,0.0,-2.500661972669589,0,0,0,0,0,0
image_849.png,surface,0.0,0.0,2.777056248819888,17.789517904217348,-5.947154048881102,0.0,-0.3549653920879085,-3.060763135490132,0.0,0.0,0.0,1.447777856425506,0,0,0,0,0,0
image_850.png,surface,0.0,0.0,1.3717521303841924,11.684656027622273,15.164459357589037,0.0,3.928622083091111,1.9401604879258512,0.0,0.0,0.0,2.9244770008948207,0,0,0,0,0,0
image_851.png,surface,0.0,0.0,2.8808886864502816,-4.43035931898533,-13.06429374211814,0.0,2.0540057856292964,1.7590486195314892,0.0,0.0,0.0,3.563506607123342,0,0,0,0,0,0
image_852.png,surface,0.0,0.0,2.46473033639615,-4.372758606865347,-1.0321816231363652,0.0,-2.688958363128245,-0.0145709484868885,0.0,0.0,0.0,0.2097074388338278,0,0,0,0,0,0
image_853.png,surface,0.0,0.0,2.786891576283192,19.242872733395192,-7.667876662505448,0.0,-0.5079399133583636,-1.7983604834817322,0.0,0.0,0.0,-0.9115201854807262,0,0,0,0,0,0
image_854.png,surface,0.0,0.0,2.582963709659264,-6.649241641374559,-20.859328199776648,0.0,1.1032379345104455,3.0420284070655854,0.0,0.0,0.0,1.971762850624744,0,0,0,0,0,0
image_855.png,surface,0.0,0.0,1.1358240781092712,0.3553388422376369,6.339049145924744,0.0,-0.2034257416381371,-0.6115718742475587,0.0,0.0,0.0,0.4129997761038018,0,0,0,0,0,0
image_856.png,surface,0.0,0.0,1.493786948161225,7.673338143929917,-2.80400411513073,0.0,-2.3446949556507093,0.0900068011731217,0.0,0.0,0.0,-3.268491852301356,0,0,0,0,0,0
image_857.png,surface,0.0,0.0,2.7017731883027696,1.8099838148621687,-18.162595218685333,0.0,3.138866134085017,-0.713764310326809,0.0,0.0,0.0,1.4305439605472472,0,0,0,0,0,0
image_858.png,surface,0.0,0.0,1.096172649564205,-20.9457959165518,-12.95244678868198,0.0,-2.716321704453368,1.8659155139327537,0.0,0.0,0.0,-1.7833810607872316,0,0,0,0,0,0
image_859.png,surface,0.0,0.0,2.4184177549124968,0.9936558858198244,-20.909007173784467,0.0,-3.5056645384385505,-0.5492305032717971,0.0,0.0,0.0,-2.173354664476772,0,0,0,0,0,0
image_860.png,surface,0.0,0.0,2.362690894457792,17.974067264621603,5.8900459055321255,0.0,1.379171510376553,-2.8148907704276684,0.0,0.0,0.0,2.232642854298005,0,0,0,0,0,0
image_861.png,surface,0.0,0.0,1.888023138803816,-10.79527348359836,-11.914975437021829,0.0,-3.703482454966323,1.8969626565724669,0.0,0.0,0.0,2.2298899683161224,0,0,0,0,0,0
image_862.png,surface,0.0,0.0,2.149650889862448,6.792945569453494,-22.68023266583767,0.0,1.79934490183066,4.142478665898102,0.0,0.0,0.0,-1.2748062735702472,0,0,0,0,0,0
image_863.png,surface,0.0,0.0,1.521068109008339,17.716750755763265,-12.677355932946488,0.0,0.8977717059901741,-2.282687913401363,0.0,0.0,0.0,-1.0331540867726376,0,0,0,0,0,0
image_864.png,surface,0.0,0.0,2.18131822236742,22.038107617580955,10.846839206603171,0.0,2.918428637815957,2.1750269205580977,0.0,0.0,0.0,4.922616213991972,0,0,0,0,0,0
image_865.png,surface,0.0,0.0,2.376164223990933,8.467561124536605,-9.1941828500925,0.0,2.2288748561018648,-3.694340097576348,0.0,0.0,0.0,0.4312449190387157,0,0,0,0,0,0
image_866.png,surface,0.0,0.0,1.7712402591941885,3.0704718200927568,-3.826549869861588,0.0,-1.5236437900718618,-0.7577082112021007,0.0,0.0,0.0,0.2744984675650519,0,0,0,0,0,0
image_867.png,surface,0.0,0.0,1.2960586924960409,-1.7333574457455556,3.6516786472589766,0.0,-0.8478825405025088,0.9905705363911802,0.0,0.0,0.0,4.858504215822649,0,0,0,0,0,0
image_868.png,surface,0.0,0.0,2.8899087373338297,-16.083111272229115,7.945672189317213,0.0,-0.665171872204988,-3.263117465520241,0.0,0.0,0.0,3.903869049770339,0,0,0,0,0,0
image_869.png,surface,0.0,0.0,2.979007608265736,15.452998434617388,-3.841666126891643,0.0,-3.981538850961812,0.4322046317420789,0.0,0.0,0.0,-2.2888215232815345,0,0,0,0,0,0
image_870.png,surface,0.0,0.0,1.1398383339757585,-2.4322506061290565,16.566200391645957,0.0,1.94592996136692,1.9981135453072167,0.0,0.0,0.0,-2.377277304310091,0,0,0,0,0,0
image_871.png,surface,0.0,0.0,1.1113050190868277,5.666296710145824,-11.899627175238642,0.0,0.9520600156231096,-1.8366000269601923,0.0,0.0,0.0,1.971877638884708,0,0,0,0,0,0
image_872.png,surface,0.0,0.0,1.7253549867872398,-5.79296470623523,21.97674873119355,0.0,-2.1725005654264646,-2.688471329159325,0.0,0.0,0.0,-0.8905754373474215,0,0,0,0,0,0
image_873.png,surface,0.0,0.0,2.878938479468153,16.24532679211675,-11.245108556325755,0.0,1.7692991037297967,4.519086237274866,0.0,0.0,0.0,-3.481068692801239,0,0,0,0,0,0
image_874.png,surface,0.0,0.0,1.7599352950841984,22.6082198212348,1.7846872506390614,0.0,-2.8213276066902497,-4.001004774177494,0.0,0.0,0.0,0.9864948245044928,0,0,0,0,0,0
image_875.png,surface,0.0,0.0,1.4576256934573222,-13.281801320796813,19.021584052693505,0.0,-2.830034066046801,-1.836439891059077,0.0,0.0,0.0,-4.526703531358233,0,0,0,0,0,0
image_876.png,surface,0.0,0.0,2.952437918419526,-11.784967261542327,3.3714411790652608,0.0,3.1048628903537088,-1.3218466790665824,0.0,0.0,0.0,-0.0746224303360474,0,0,0,0,0,0
image_877.png,surface,0.0,0.0,1.4671111561731789,-17.20603037811523,-8.227090274835817,0.0,0.1131701014210548,-4.301354316433241,0.0,0.0,0.0,0.1127557051295262,0,0,0,0,0,0
image_878.png,surface,0.0,0.0,2.3693617025945946,0.540584415679445,-5.399889506548304,0.0,0.9648920468511032,4.52375722676918,0.0,0.0,0.0,0.3145167484538422,0,0,0,0,0,0
image_879.png,surface,0.0,0.0,1.2234190748194824,-2.2320657640702217,7.312503177021392,0.0,1.5775697843437957,-0.4677325101898918,0.0,0.0,0.0,-3.733225768178162,0,0,0,0,0,0
image_880.png,surface,0.0,0.0,2.26428193837582,-2.1100510853649976,12.339185552021757,0.0,-0.7134416499641659,2.902104307560032,0.0,0.0,0.0,-3.834090680604887,0,0,0,0,0,0
image_881.png,surface,0.0,0.0,1.2899047524214002,-9.19457758058368,3.476618742316136,0.0,-2.965453028715916,-2.83954665509457,0.0,0.0,0.0,-1.3340203183028263,0,0,0,0,0,0
image_882.png,surface,0.0,0.0,1.5574119069937065,-17.012258348142453,17.916382867920497,0.0,1.045038456607108,2.6984561262602305,0.0,0.0,0.0,-0.5177053240292517,0,0,0,0,0,0
image_883.png,surface,0.0,0.0,1.872998584757644,-16.861446594870984,-0.7038281108515747,0.0,-2.1962851221100705,1.4749113241256508,0.0,0.0,0.0,-1.4991868369014352,0,0,0,0,0,0
image_884.png,surface,0.0,0.0,2.530033738343023,-16.347319402801578,-10.341348652187476,0.0,-3.94295365129942,2.3658859242819585,0.0,0.0,0.0,2.3992894005098666,0,0,0,0,0,0
image_885.png,surface,0.0,0.0,2.1103168522920948,-2.052841799417396,11.180743548955128,0.0,-0.1929833246656243,-0.9989663209624944,0.0,0.0,0.0,4.263762775461652,0,0,0,0,0,0
image_886.png,surface,0.0,0.0,1.360151333865563,4.629518249900749,-13.333101094634364,0.0,-0.6019603656937695,-2.900429963366083,0.0,0.0,0.0,4.4664411602364105,0,0,0,0,0,0
image_887.png,surface,0.0,0.0,2.509795681855719,6.055970621345917,-2.688691024469437,0.0,0.3275723029607416,0.2891103037876583,0.0,0.0,0.0,-2.989826039149309,0,0,0,0,0,0
image_888.png,surface,0.0,0.0,2.2754482256672866,-13.98028245054114,11.344664592277477,0.0,2.3945124936073925,4.286563662619811,0.0,0.0,0.0,2.51176195145578,0,0,0,0,0,0
image_889.png,surface,0.0,0.0,1.038452512690084,-19.21400149339848,5.590014023491317,0.0,-0.6988274004239508,-4.0990912015302445,0.0,0.0,0.0,4.31102995677459,0,0,0,0,0,0
image_890.png,surface,0.0,0.0,1.1311978454384417,10.657719226509844,15.641160647407135,0.0,-0.138601045972336,-4.980853997029304,0.0,0.0,0.0,-2.7019119182719686,0,0,0,0,0,0
image_891.png,surface,0.0,0.0,1.1842339880047243,21.79813886047634,-3.9926509103748855,0.0,0.3661048062601551,2.9469973824342546,0.0,0.0,0.0,2.584975422599527,0,0,0,0,0,0
image_892.png,surface,0.0,0.0,1.4990126096448122,15.747307948648404,17.838686211981436,0.0,1.326638691888037,1.2832742075822177,0.0,0.0,0.0,4.077903620345168,0,0,0,0,0,0
image_893.png,surface,0.0,0.0,1.553439658027546,-4.33140474382915,5.61168602109322,0.0,-1.926423596896125,2.337547185233118,0.0,0.0,0.0,0.8638274932559593,0,0,0,0,0,0
image_894.png,surface,0.0,0.0,2.354976401712292,-12.18629340060759,6.549424807896697,0.0,0.5037662015966036,-2.216869978738438,0.0,0.0,0.0,2.149994418498677,0,0,0,0,0,0
image_895.png,surface,0.0,0.0,2.3006572934370864,-23.858218302816223,-5.781516502093866,0.0,1.9727055113098195,1.583180341695341,0.0,0.0,0.0,3.559731093041483,0,0,0,0,0,0
image_896.png,surface,0.0,0.0,2.744006357432247,-3.4720087272912954,6.5667387253192215,0.0,-2.1168507952580407,-1.0882973286084296,0.0,0.0,0.0,1.8306101189271,0,0,0,0,0,0
image_897.png,surface,0.0,0.0,2.630629030835749,-18.381413199797944,7.305801252800613,0.0,0.3892592376660983,1.0972206465357883,0.0,0.0,0.0,-3.462378644926136,0,0,0,0,0,0
image_898.png,surface,0.0,0.0,2.5771017849448743,-2.4069695716410946,10.404772593659793,0.0,2.097542442898197,3.657306867416559,0.0,0.0,0.0,3.215622428847677,0,0,0,0,0,0
image_899.png,surface,0.0,0.0,2.177813061657304,-7.602018006223909,18.687587848139405,0.0,1.6317600785709494,4.13319239913275,0.0,0.0,0.0,-1.803908072510101,0,0,0,0,0,0
image_900.png,surface,0.0,0.0,1.2132653365596997,-16.566297782600678,-7.684235054462079,0.0,2.0079640611768395,1.6075748690177194,0.0,0.0,0.0,-2.9090925662789213,0,0,0,0,0,0
image_901.png,surface,0.0,0.0,2.375497080613174,3.2494764603962287,-7.092526225836117,0.0,-3.184178675329531,-3.252834615398546,0.0,0.0,0.0,-4.509509839175401,0,0,0,0,0,0
image_902.png,surface,0.0,0.0,1.6046429909906983,7.505059788460902,-0.6411298148187188,0.0,-0.0356963358228853,-0.0315757603633006,0.0,0.0,0.0,-1.880980410339986,0,0,0,0,0,0
image_903.png,surface,0.0,0.0,2.5667895008104225,-18.47634160962661,-5.277700997838339,0.0,-0.0926371687635876,0.1884839491433612,0.0,0.0,0.0,3.804630425853267,0,0,0,0,0,0
image_904.png,surface,0.0,0.0,1.7333735676267337,-8.070601944682714,10.472707361996056,0.0,-4.782300919390848,-1.4488816241552651,0.0,0.0,0.0,-1.8659597900522664,0,0,0,0,0,0
image_905.png,surface,0.0,0.0,1.2688120698796983,5.28480600294826,19.83548361023003,0.0,2.181134961202957,-0.1165306201970459,0.0,0.0,0.0,-3.099916136073663,0,0,0,0,0,0
image_906.png,surface,0.0,0.0,2.210616821176873,-5.425366665720766,-22.297804714357536,0.0,-3.838113513444013,0.5683577521427324,0.0,0.0,0.0,0.0555331478598226,0,0,0,0,0,0
image_907.png,surface,0.0,0.0,2.7656108346759902,-19.69755940880122,-11.249063870152042,0.0,1.832510750834135,-1.6498420138725405,0.0,0.0,0.0,-1.98480531669534,0,0,0,0,0,0
image_908.png,surface,0.0,0.0,1.351716234968528,-13.41991110704664,0.265586885170962,0.0,-0.1313262651808501,3.8656850936618015,0.0,0.0,0.0,-0.7724316030302889,0,0,0,0,0,0
image_909.png,surface,0.0,0.0,1.5888518330518515,10.76486165373488,14.541618302304506,0.0,2.3558984618026693,0.708398378168438,0.0,0.0,0.0,-1.1208198521972,0,0,0,0,0,0
image_910.png,surface,0.0,0.0,1.5288679657260742,21.93771913978472,-10.368521856239592,0.0,-3.380681127335746,-2.67154257657684,0.0,0.0,0.0,-1.274303247668546,0,0,0,0,0,0
image_911.png,surface,0.0,0.0,2.564554328746679,-15.916532074615516,-9.02667829622194,0.0,-3.144183845039817,1.1370844837660463,0.0,0.0,0.0,3.247021714429417,0,0,0,0,0,0
image_912.png,surface,0.0,0.0,1.3043586292552347,5.9409389836901525,14.246124478058576,0.0,0.1095381155757167,3.8107922322218415,0.0,0.0,0.0,3.797727753703168,0,0,0,0,0,0
image_913.png,surface,0.0,0.0,1.8807792833328805,-7.870878592660196,-9.669786355226613,0.0,1.747644206155735,-0.0904674691160514,0.0,0.0,0.0,3.705585139319464,0,0,0,0,0,0
image_914.png,surface,0.0,0.0,1.7532056632940438,18.074504190131844,-1.780851393964732,0.0,-1.969637758733412,-2.456166259880732,0.0,0.0,0.0,-0.0722038133771718,0,0,0,0,0,0
image_915.png,surface,0.0,0.0,2.5386617901370485,-7.300696690961093,-12.501118246861026,0.0,-1.629094500018727,0.183069551929335,0.0,0.0,0.0,-2.507350676233534,0,0,0,0,0,0
image_916.png,surface,0.0,0.0,1.8788250151188808,12.264638805511224,-2.928009425992108,0.0,2.649545531293472,-3.710956002834132,0.0,0.0,0.0,-0.3613996410654412,0,0,0,0,0,0
image_917.png,surface,0.0,0.0,1.497810819071731,4.23347207273719,22.125074353531257,0.0,-1.6867074660002876,-2.039517959281961,0.0,0.0,0.0,-4.386793064923945,0,0,0,0,0,0
image_918.png,surface,0.0,0.0,1.1612328764707034,-0.6518645723393016,8.98419307626688,0.0,-0.2148376887356157,0.9210659177627925,0.0,0.0,0.0,-2.7600933859215737,0,0,0,0,0,0
image_919.png,surface,0.0,0.0,1.9716388008366528,18.684109930322865,11.260251836242515,0.0,3.805633327506913,2.2032716695004124,0.0,0.0,0.0,-3.959114021273789,0,0,0,0,0,0
image_920.png,surface,0.0,0.0,1.4980338013529988,9.457268212157407,19.92283794882866,0.0,3.586801419800185,0.4053246631225881,0.0,0.0,0.0,0.3310488631310013,0,0,0,0,0,0
image_921.png,surface,0.0,0.0,2.3710136117680976,11.280672949178442,-16.634201802502115,0.0,1.7531995506773117,-3.131795684898304,0.0,0.0,0.0,1.057719805461554,0,0,0,0,0,0
image_922.png,surface,0.0,0.0,1.480166270426576,-2.732207477676762,14.379744521468725,0.0,2.912893002471741,1.921849725155906,0.0,0.0,0.0,3.6889462430477913,0,0,0,0,0,0
image_923.png,surface,0.0,0.0,2.073982421004967,-1.6932720082356565,-5.224850033307105,0.0,-0.2455231740880273,-3.7481815014841313,0.0,0.0,0.0,-3.589447618340346,0,0,0,0,0,0
image_924.png,surface,0.0,0.0,2.273139299041631,-12.367366302419168,-7.546670597995794,0.0,-0.8767122177128717,-0.5833241151836774,0.0,0.0,0.0,-3.72634356487696,0,0,0,0,0,0
image_925.png,surface,0.0,0.0,2.801355482378522,4.9931882321575145,23.31070474290332,0.0,4.341186835525944,-2.3675870631342577,0.0,0.0,0.0,-3.4596243448481823,0,0,0,0,0,0
image_926.png,surface,0.0,0.0,2.81076981818668,7.6844309676325055,8.223043618874586,0.0,3.406646743760019,3.2481335736605845,0.0,0.0,0.0,-1.6138954364774802,0,0,0,0,0,0
image_927.png,surface,0.0,0.0,2.3369969531074903,14.31049613036574,-12.29962715416699,0.0,2.445906828992529,4.0734593603949865,0.0,0.0,0.0,-3.516353010446692,0,0,0,0,0,0
image_928.png,surface,0.0,0.0,1.4268519272558098,-4.577847842600811,-10.557908147512263,0.0,-1.0478844429561822,1.3401626531804205,0.0,0.0,0.0,1.5045428456676166,0,0,0,0,0,0
image_929.png,surface,0.0,0.0,1.1204499223417883,-14.687579876670824,-1.846964934729524,0.0,0.2848059777345257,1.4182396216644626,0.0,0.0,0.0,-4.142178932363358,0,0,0,0,0,0
image_930.png,surface,0.0,0.0,2.504434899354302,-15.516141041015494,5.344498067065051,0.0,3.5491895201608976,-2.9369438955143337,0.0,0.0,0.0,-3.9146150233423738,0,0,0,0,0,0
image_931.png,surface,0.0,0.0,1.719959540494162,3.368536120529471,-2.2391426614505434,0.0,0.627594342733361,-1.060035351851663,0.0,0.0,0.0,-1.4243641391559816,0,0,0,0,0,0
image_932.png,surface,0.0,0.0,1.2413548707777635,-11.511066377407191,-5.215392310181836,0.0,3.15054236837775,3.3833668037351274,0.0,0.0,0.0,1.7374913389699156,0,0,0,0,0,0
image_933.png,surface,0.0,0.0,2.6704638109786973,0.9340936323163452,23.06872853828452,0.0,-4.608448634778337,-0.1820964686179609,0.0,0.0,0.0,0.566774492020178,0,0,0,0,0,0
image_934.png,surface,0.0,0.0,2.07413006610347,3.3401361916391044,24.703002132478787,0.0,1.6902176209846995,-3.431602322309003,0.0,0.0,0.0,-1.9055901359300709,0,0,0,0,0,0
image_935.png,surface,0.0,0.0,2.898024608586106,8.53814790472981,17.065026764504573,0.0,2.6904661147291904,-3.953170412765264,0.0,0.0,0.0,4.438045506509976,0,0,0,0,0,0
image_936.png,surface,0.0,0.0,2.1577487451973525,-18.784866226429887,-11.711047965359178,0.0,1.2585726875829042,1.974363469435913,0.0,0.0,0.0,3.5403398018694787,0,0,0,0,0,0
image_937.png,surface,0.0,0.0,2.9025605558806924,21.317677869433528,-12.057790018898,0.0,1.60237268427429,-3.77253575706971,0.0,0.0,0.0,0.0601066874675915,0,0,0,0,0,0
image_938.png,surface,0.0,0.0,2.097061547950414,12.017280024642538,21.408128209181505,0.0,1.302068157247965,0.6731593691115416,0.0,0.0,0.0,4.5998595043647335,0,0,0,0,0,0
image_939.png,surface,0.0,0.0,1.343976014837898,13.648074960596968,11.368085725325312,0.0,-2.8635481319149085,-2.457637190950222,0.0,0.0,0.0,3.4289622289819306,0,0,0,0,0,0
image_940.png,surface,0.0,0.0,2.927939886151888,-24.82592369450976,-0.6574419894082161,0.0,-1.9051246287417285,1.724115295844024,0.0,0.0,0.0,2.2894466547271257,0,0,0,0,0,0
image_941.png,surface,0.0,0.0,1.1796008735487349,-6.793821993339695,-12.491325384665831,0.0,0.7148101705340175,4.181690297420947,0.0,0.0,0.0,4.291012547135088,0,0,0,0,0,0
image_942.png,surface,0.0,0.0,1.3653083467656546,5.212416615497645,2.787481522960836,0.0,4.21743962921976,2.4601971125071502,0.0,0.0,0.0,2.645878714649549,0,0,0,0,0,0
image_943.png,surface,0.0,0.0,2.9918057690865183,23.26284036986508,-0.7276042249516725,0.0,-4.175511386331556,2.716351980131831,0.0,0.0,0.0,-2.2525426669255,0,0,0,0,0,0
image_944.png,surface,0.0,0.0,2.5571936463976987,10.538094978438002,6.981293222552516,0.0,-0.4455054427398764,1.586811027577843,0.0,0.0,0.0,4.262560712281601,0,0,0,0,0,0
image_945.png,surface,0.0,0.0,2.6816536337825587,5.970947835879128,1.8546556689412288,0.0,-3.995145454762048,1.2716859556954905,0.0,0.0,0.0,3.23117494459931,0,0,0,0,0,0
image_946.png,surface,0.0,0.0,1.94297176181804,-5.996448302439329,-23.270448551034125,0.0,-1.2244944113529808,-2.7446219303221704,0.0,0.0,0.0,2.830477759810329,0,0,0,0,0,0
image_947.png,surface,0.0,0.0,1.7573593011831614,-8.79451042870642,-4.192845742705996,0.0,3.144310059743302,3.814232560140786,0.0,0.0,0.0,-3.042311387353791,0,0,0,0,0,0
image_948.png,surface,0.0,0.0,1.5430344098513773,11.047562443813309,22.324173680092905,0.0,3.8069676341067904,0.2957293579338363,0.0,0.0,0.0,1.0636181775314535,0,0,0,0,0,0
image_949.png,surface,0.0,0.0,1.1076680278299031,20.33692949536767,14.190381468675689,0.0,1.7171175266315144,0.4428689629558458,0.0,0.0,0.0,3.4813885055037623,0,0,0,0,0,0
image_950.png,surface,0.0,0.0,1.0946347512078718,-19.234275106742206,-5.342989286923689,0.0,-3.833416682881254,0.4740425972565299,0.0,0.0,0.0,-4.146884047955318,0,0,0,0,0,0
image_951.png,surface,0.0,0.0,1.655976172534738,10.62511825489594,7.868416086121717,0.0,-0.5894965281799615,-4.421419979267076,0.0,0.0,0.0,-1.9720608555802728,0,0,0,0,0,0
image_952.png,surface,0.0,0.0,1.4477541808120609,-0.8379288769694128,-9.7444342148282,0.0,-0.9269546307497728,-2.144708520516524,0.0,0.0,0.0,-1.6380624052174566,0,0,0,0,0,0
image_953.png,surface,0.0,0.0,2.3335780077069805,-9.097295164015629,-9.922414985351342,0.0,3.476454794588633,-2.688988357466396,0.0,0.0,0.0,2.42825734540086,0,0,0,0,0,0
image_954.png,surface,0.0,0.0,1.3392418045578796,-4.809521717674398,-17.76324901798221,0.0,-1.980802736932565,-3.4725288419550195,0.0,0.0,0.0,2.4679558903056806,0,0,0,0,0,0
image_955.png,surface,0.0,0.0,2.818101215215749,9.661903040209438,-7.4755972635689405,0.0,-0.150724584181336,-1.8174989709220888,0.0,0.0,0.0,0.3180080207314715,0,0,0,0,0,0
image_956.png,surface,0.0,0.0,2.935453087002963,20.03947766882672,11.13176091501675,0.0,-4.282716005555009,-0.0109662452475077,0.0,0.0,0.0,-0.7740806253812114,0,0,0,0,0,0
image_957.png,surface,0.0,0.0,1.949784449429708,0.2490145309149644,-23.612556917662804,0.0,-2.411615095664206,0.5027805435339773,0.0,0.0,0.0,-0.8909150606746703,0,0,0,0,0,0
image_958.png,surface,0.0,0.0,1.1022324958073235,15.495563094200543,-13.077489642131964,0.0,-1.0036775254906454,0.1741134753429224,0.0,0.0,0.0,-1.493892546169795,0,0,0,0,0,0
image_959.png,surface,0.0,0.0,1.3412688628541989,-0.7070355759295994,20.53814379993337,0.0,-2.0098866611948707,0.5494071070960173,0.0,0.0,0.0,1.0778401023142994,0,0,0,0,0,0
image_960.png,surface,0.0,0.0,1.5343501289740145,11.93744967175678,-13.609356507399832,0.0,-2.043707893953035,0.399016521602043,0.0,0.0,0.0,3.749496471699981,0,0,0,0,0,0
image_961.png,surface,0.0,0.0,2.7519559762579298,-6.423906329891285,-9.86959149053433,0.0,-3.425293850303867,-1.4042995290216918,0.0,0.0,0.0,-3.283259259758543,0,0,0,0,0,0
image_962.png,surface,0.0,0.0,2.7765379228493585,17.812473906007224,-15.628836774981568,0.0,-0.1952656305811562,-3.938651179799265,0.0,0.0,0.0,3.3347970035143426,0,0,0,0,0,0
image_963.png,surface,0.0,0.0,2.9325941861859666,18.155578330069552,11.318131103403436,0.0,0.4241832417337787,2.921825197792501,0.0,0.0,0.0,-2.4081366793708536,0,0,0,0,0,0
image_964.png,surface,0.0,0.0,1.5252913031841049,1.4940091302903546,4.952669061273987,0.0,-1.057445562504772,2.922375578280469,0.0,0.0,0.0,-4.492781705054112,0,0,0,0,0,0
image_965.png,surface,0.0,0.0,1.3516431994026896,10.213911530756135,9.590914254782048,0.0,0.9220186411892454,1.3876132173442906,0.0,0.0,0.0,-3.88538078492054,0,0,0,0,0,0
image_966.png,surface,0.0,0.0,2.0496556380754525,-1.2900035281654816,12.378865341625504,0.0,1.4708710748856786,2.38276062656554,0.0,0.0,0.0,-4.340864318897328,0,0,0,0,0,0
image_967.png,surface,0.0,0.0,1.6887170934619669,-15.961496711535068,-4.563423790245017,0.0,4.036163164535941,-0.5385488893056511,0.0,0.0,0.0,-1.42688050003719,0,0,0,0,0,0
image_968.png,surface,0.0,0.0,1.7962627362060497,-22.42186497640156,4.923442893596392,0.0,0.617465167609181,-1.1795765597733447,0.0,0.0,0.0,3.7020633934991984,0,0,0,0,0,0
image_969.png,surface,0.0,0.0,1.9047819087348907,-11.928745752735775,13.702204014749976,0.0,-4.481820402457288,2.1570117476572634,0.0,0.0,0.0,0.6832109316956414,0,0,0,0,0,0
image_970.png,surface,0.0,0.0,1.1218017027425151,11.104016089866654,-6.389351770877902,0.0,0.072594028435379,-3.915818549321033,0.0,0.0,0.0,-2.8940812635948507,0,0,0,0,0,0
image_971.png,surface,0.0,0.0,1.6491993256637307,-12.819314501674802,18.244787020517588,0.0,3.3117260027822613,-3.40800134159353,0.0,0.0,0.0,-3.885525332463344,0,0,0,0,0,0
image_972.png,surface,0.0,0.0,2.4864258812227824,-4.78021639741395,-9.571664422520447,0.0,-0.0671609044596256,3.46147904877408,0.0,0.0,0.0,4.502024009980417,0,0,0,0,0,0
image_973.png,surface,0.0,0.0,1.9573162478105048,8.697136294064336,17.724412306097555,0.0,3.1629793685066776,-2.0814914798767785,0.0,0.0,0.0,2.7527680436415345,0,0,0,0,0,0
image_974.png,surface,0.0,0.0,2.5309816210372635,-7.674756172954426,11.631915259493388,0.0,-0.1088554347032134,0.7903149320527264,0.0,0.0,0.0,-1.310142389721758,0,0,0,0,0,0
image_975.png,surface,0.0,0.0,2.3446788586617955,-6.290481210965873,10.935566347290186,0.0,2.049435979123643,-1.587974498570447,0.0,0.0,0.0,-2.050923636013935,0,0,0,0,0,0
image_976.png,surface,0.0,0.0,2.882317655747725,12.980015840906937,0.91542491779973,0.0,0.2427679192892631,-3.487537573703752,0.0,0.0,0.0,2.1549963885140286,0,0,0,0,0,0
image_977.png,surface,0.0,0.0,2.3807006452607142,-22.03285643041525,7.842904382526554,0.0,-2.8142180065168803,2.2289514377281283,0.0,0.0,0.0,3.5832126932170176,0,0,0,0,0,0
image_978.png,surface,0.0,0.0,2.1190986072719733,-5.469882896206265,20.430842610446746,0.0,2.827129249572221,2.26744382052093,0.0,0.0,0.0,0.6989751544677691,0,0,0,0,0,0
image_979.png,surface,0.0,0.0,1.3143429528620991,14.970082089593255,-11.21467107220976,0.0,3.175044784081866,-1.20854925408778,0.0,0.0,0.0,-1.444766288544704,0,0,0,0,0,0
image_980.png,surface,0.0,0.0,2.8422114033089025,-2.116180496938905,19.6855469488526,0.0,3.089765861732196,0.9543742257532488,0.0,0.0,0.0,4.526837523657525,0,0,0,0,0,0
image_981.png,surface,0.0,0.0,2.993440292142292,16.540621782722347,1.2380279668592178,0.0,1.1454750533945162,-2.382251718945412,0.0,0.0,0.0,-2.313963962932454,0,0,0,0,0,0
image_982.png,surface,0.0,0.0,2.684955421804606,-11.287849102262545,10.582908882923718,0.0,-1.364186254318546,2.00369298277218,0.0,0.0,0.0,0.9200421017405702,0,0,0,0,0,0
image_983.png,surface,0.0,0.0,1.1869581400114386,-12.335717382406754,13.527134002457938,0.0,-3.6931669618566927,0.7827438593271607,0.0,0.0,0.0,0.5673044033075723,0,0,0,0,0,0
image_984.png,surface,0.0,0.0,1.222844813412436,19.551438329756884,5.935773115435026,0.0,0.1083019776119413,-4.193883865526905,0.0,0.0,0.0,1.2733873232156556,0,0,0,0,0,0
image_985.png,surface,0.0,0.0,1.7298309046580078,3.0526364522804665,8.49711172889654,0.0,1.5893266914701083,-0.4111702506892664,0.0,0.0,0.0,-2.7709476464863645,0,0,0,0,0,0
image_986.png,surface,0.0,0.0,2.392046628508031,-20.119250025836024,-13.541890733701743,0.0,2.539697101057683,4.24707540155822,0.0,0.0,0.0,-3.823940626766642,0,0,0,0,0,0
image_987.png,surface,0.0,0.0,2.6538089440096178,-13.770077552557767,14.488783491002067,0.0,-1.9173213076790527,2.6139532176498017,0.0,0.0,0.0,1.3628176994286694,0,0,0,0,0,0
image_988.png,surface,0.0,0.0,1.3616304723448671,12.765055707855344,2.3077100706616407,0.0,-4.174236040956192,-1.3118232550418345,0.0,0.0,0.0,1.2572120114913288,0,0,0,0,0,0
image_989.png,surface,0.0,0.0,2.250480755506427,4.558401257496471,-5.477327634929076,0.0,0.0865931350784595,2.394306438179745,0.0,0.0,0.0,0.5468932173553878,0,0,0,0,0,0
image_990.png,surface,0.0,0.0,1.3191329651938446,7.491643182894864,-17.367555773323332,0.0,-0.4364272385331149,4.005072072916494,0.0,0.0,0.0,-4.134633037663438,0,0,0,0,0,0
image_991.png,surface,0.0,0.0,1.2242080932270063,21.21311943702808,-10.836225906615969,0.0,0.0225009779406423,4.699395125790201,0.0,0.0,0.0,-3.269023152910675,0,0,0,0,0,0
image_992.png,surface,0.0,0.0,1.9419445629630427,-2.750859112289777,14.670653552343316,0.0,0.6905679736921563,-3.280119212511815,0.0,0.0,0.0,1.0894535333451705,0,0,0,0,0,0
image_993.png,surface,0.0,0.0,2.72208777869968,-8.671764229020834,20.338076666260463,0.0,4.825468645462481,0.6631935623052898,0.0,0.0,0.0,-2.8512222758018413,0,0,0,0,0,0
image_994.png,surface,0.0,0.0,2.2554113272347376,0.5434380543836314,8.268464113345035,0.0,-0.0288306456458754,1.432214418218391,0.0,0.0,0.0,0.1229283009758388,0,0,0,0,0,0
image_995.png,surface,0.0,0.0,2.3630873008315545,2.856677238538269,6.10445596855014,0.0,-3.407495232233847,3.503072781856269,0.0,0.0,0.0,-2.445196810416733,0,0,0,0,0,0
image_996.png,surface,0.0,0.0,1.7863323008192322,-13.71082549192094,1.6529819638706618,0.0,-3.5923180017614387,2.546677973991092,0.0,0.0,0.0,3.772018812732753,0,0,0,0,0,0
image_997.png,surface,0.0,0.0,1.5337607321443991,17.02669117866909,8.967312419421264,0.0,-1.832937327465066,2.259807568031748,0.0,0.0,0.0,1.7240174539596085,0,0,0,0,0,0
image_998.png,surface,0.0,0.0,2.8641929595613047,18.869577941867423,4.006402460112894,0.0,-2.910646085326435,-0.6924940434671096,0.0,0.0,0.0,3.1731687203357186,0,0,0,0,0,0
image_999.png,surface,0.0,0.0,1.8228169436786128,-24.16354386872369,1.0017760094170378,0.0,-2.777854652200175,-2.014891110278743,0.0,0.0,0.0,0.6967460573705786,0,0,0,0,0,0
image_1000.png,surface,0.0,0.0,2.026809005624341,-17.17628212634082,11.28890710477376,0.0,-1.6803757470431584,3.2469090374649423,0.0,0.0,0.0,0.2186368414917341,0,0,0,0,0,0
image_1001.png,surface,0.0,0.0,1.144444026461892,13.876505264912876,16.787319939368945,0.0,-4.628693465105161,-0.3461004298509673,0.0,0.0,0.0,3.0986460327273555,0,0,0,0,0,0
image_1002.png,surface,0.0,0.0,1.138302780142846,13.676005026168037,8.133290815470417,0.0,-0.1706286592696159,-4.046680976885729,0.0,0.0,0.0,-4.458037807885422,0,0,0,0,0,0
image_1003.png,surface,0.0,0.0,2.516127956709988,6.460285841483769,-20.510382966332923,0.0,4.573787453844108,-0.6055069696320984,0.0,0.0,0.0,0.4105148699300018,0,0,0,0,0,0
image_1004.png,surface,0.0,0.0,2.864012003288509,-22.947285355811605,-9.116039978669754,0.0,-0.0338873656068658,1.063461356629693,0.0,0.0,0.0,4.476777928641409,0,0,0,0,0,0
image_1005.png,surface,0.0,0.0,2.2733908135217686,10.3781637866267,-11.420240001865558,0.0,-2.258352022463692,3.149482098686531,0.0,0.0,0.0,2.731262217790473,0,0,0,0,0,0
image_1006.png,surface,0.0,0.0,2.80009114022763,2.34872801567522,11.911334946852897,0.0,-1.7969974377808695,3.449764082885476,0.0,0.0,0.0,3.904215576424715,0,0,0,0,0,0
image_1007.png,surface,0.0,0.0,2.547905481463793,14.58160649330637,-13.79083608739953,0.0,1.6479566391001748,-0.4402395568398888,0.0,0.0,0.0,4.584123517973467,0,0,0,0,0,0
image_1008.png,surface,0.0,0.0,1.2577307095011818,12.140967533745751,-2.156455903688133,0.0,-0.7405797633320961,0.8415230023501152,0.0,0.0,0.0,-1.2244528930645258,0,0,0,0,0,0
image_1009.png,surface,0.0,0.0,1.1333147322315604,0.439563920088645,-2.252666590070674,0.0,0.8988017714831581,-2.4904439980378767,0.0,0.0,0.0,2.6692886416587536,0,0,0,0,0,0
image_1010.png,surface,0.0,0.0,2.884178598318842,10.608564551259173,-21.821115102052275,0.0,2.472518057095575,-1.8955287093222373,0.0,0.0,0.0,-4.200294596071521,0,0,0,0,0,0
image_1011.png,surface,0.0,0.0,1.323208202842514,-10.791640506942455,-6.080219260967103,0.0,-0.0147038104534161,3.418846209055584,0.0,0.0,0.0,4.6244717014239,0,0,0,0,0,0
image_1012.png,surface,0.0,0.0,2.2583123304126884,5.905797381731519,10.851344584198756,0.0,1.7453811820700156,-2.077125083624668,0.0,0.0,0.0,-3.643085651967689,0,0,0,0,0,0
image_1013.png,surface,0.0,0.0,1.4715313201018214,-2.938518241777548,-16.435940378526126,0.0,-2.444720047961778,-2.96881633822322,0.0,0.0,0.0,-2.806522850083908,0,0,0,0,0,0
image_1014.png,surface,0.0,0.0,2.031096260763489,8.605950511713294,3.544063393181488,0.0,2.437104088707513,-2.125372478122048,0.0,0.0,0.0,-3.966937525187,0,0,0,0,0,0
image_1015.png,surface,0.0,0.0,1.9750477981460235,2.488354428900056,9.37202601724966,0.0,3.005099993225837,2.3578648895910206,0.0,0.0,0.0,-1.5624481469545626,0,0,0,0,0,0
image_1016.png,surface,0.0,0.0,2.437458592762809,-16.51901445602661,-13.694277420305507,0.0,-2.5190687481180944,-2.6767697206827563,0.0,0.0,0.0,4.827283435745773,0,0,0,0,0,0
image_1017.png,surface,0.0,0.0,2.641074585462114,9.139039844734604,5.349543215319814,0.0,-3.91974300434826,-1.5835953577199553,0.0,0.0,0.0,4.600967364797825,0,0,0,0,0,0
image_1018.png,surface,0.0,0.0,2.9977096744749527,-3.05891141208481,2.772719722559531,0.0,0.9323749802655004,-0.6566497148570597,0.0,0.0,0.0,1.549709665036234,0,0,0,0,0,0
image_1019.png,surface,0.0,0.0,1.4170553640059411,-12.940744788421354,-19.875836742365085,0.0,-1.0629404402745335,-4.107718126544765,0.0,0.0,0.0,-3.1079108240451694,0,0,0,0,0,0
image_1020.png,surface,0.0,0.0,1.873326945715948,-0.199445479824644,-10.67131577239302,0.0,3.610570802813764,-3.022160381395242,0.0,0.0,0.0,-4.005972039911074,0,0,0,0,0,0
image_1021.png,surface,0.0,0.0,1.7520167945225584,6.984946839022424,8.932639926967665,0.0,3.755014544897148,-0.0702215408686069,0.0,0.0,0.0,-4.90165740244414,0,0,0,0,0,0
image_1022.png,surface,0.0,0.0,1.0675886346702106,22.381405896435755,-6.086720739509587,0.0,3.911273337244976,2.3122032201286467,0.0,0.0,0.0,-3.579579329132762,0,0,0,0,0,0
image_1023.png,surface,0.0,0.0,1.4736540473354711,-3.6585191752988937,22.8193704609299,0.0,0.083656958161227,-2.1553934978793063,0.0,0.0,0.0,-4.775521973869713,0,0,0,0,0,0
image_1024.png,surface,0.0,0.0,2.092897542488428,-17.780038224110253,16.19267748685275,0.0,4.775017891341928,1.3993174234471937,0.0,0.0,0.0,2.074424258903412,0,0,0,0,0,0
image_1025.png,surface,0.0,0.0,2.753886795831338,21.7326649269333,-0.8658003307515696,0.0,-2.820450006930005,1.5561155340295714,0.0,0.0,0.0,2.3682748954950315,0,0,0,0,0,0
image_1026.png,surface,0.0,0.0,1.6275954342005818,-0.5773648895105575,-14.67706248902024,0.0,1.6571618316892829,-0.2623688453713505,0.0,0.0,0.0,2.012263282833527,0,0,0,0,0,0
image_1027.png,surface,0.0,0.0,2.402845568239737,7.340793678665213,-2.7240756263278976,0.0,-4.413047965103325,-0.1273666690615929,0.0,0.0,0.0,0.6007019611754476,0,0,0,0,0,0
image_1028.png,surface,0.0,0.0,2.880195527504638,-14.68732152279983,-11.529399824217393,0.0,0.2257900402486937,-1.7622648035487671,0.0,0.0,0.0,3.880275675075467,0,0,0,0,0,0
image_1029.png,surface,0.0,0.0,1.3587337829813375,-9.979637040717083,2.8219341137322163,0.0,2.044984217247821,-2.4467191503455497,0.0,0.0,0.0,4.251683368919769,0,0,0,0,0,0
image_1030.png,surface,0.0,0.0,1.2171411688368532,5.733697976280684,6.637137107122969,0.0,3.116203981095389,-2.367015314175932,0.0,0.0,0.0,3.6569343954784888,0,0,0,0,0,0
image_1031.png,surface,0.0,0.0,2.973075549339044,14.966449459494852,-5.631149699949612,0.0,-1.3173432519170414,0.3522370632506985,0.0,0.0,0.0,1.8370443533012395,0,0,0,0,0,0
image_1032.png,surface,0.0,0.0,1.1000517821539555,-19.607442325692464,-15.601027025238484,0.0,-2.9488763051376554,-2.336768565539032,0.0,0.0,0.0,4.1437071608535465,0,0,0,0,0,0
image_1033.png,surface,0.0,0.0,1.562014129741398,4.971840420480764,3.151963914831005,0.0,3.503086480590244,-0.6390402086515112,0.0,0.0,0.0,-3.8092995303182486,0,0,0,0,0,0
image_1034.png,surface,0.0,0.0,2.738679562551524,-8.694694165970237,13.647550338325788,0.0,-0.2090763822565392,-1.0831445745969903,0.0,0.0,0.0,0.1555409393497022,0,0,0,0,0,0
image_1035.png,surface,0.0,0.0,1.550840508728263,-24.66467128529484,1.0560046157382628,0.0,-0.4314571417353051,4.637461968091476,0.0,0.0,0.0,-0.1433612406631823,0,0,0,0,0,0
image_1036.png,surface,0.0,0.0,1.3510616756775742,-0.6966810098331648,0.8837176649718385,0.0,-0.940009105564484,-4.469498175829727,0.0,0.0,0.0,-2.9078110404610022,0,0,0,0,0,0
image_1037.png,surface,0.0,0.0,2.5636623653767634,-16.03388393098377,18.934330083310908,0.0,-2.4233099207572444,-2.7943455738354186,0.0,0.0,0.0,-4.55968029819417,0,0,0,0,0,0
image_1038.png,surface,0.0,0.0,2.4514082092729934,20.43626734901116,-12.861886273149793,0.0,-2.255501005554058,0.6053024836648637,0.0,0.0,0.0,-4.102708577943908,0,0,0,0,0,0
image_1039.png,surface,0.0,0.0,1.215545657087214,4.711334586401574,20.37634530606069,0.0,-1.9661752537488213,2.806752471304653,0.0,0.0,0.0,0.7216772025575331,0,0,0,0,0,0
image_1040.png,surface,0.0,0.0,2.0035841624662094,17.05630341499195,-11.490703495464786,0.0,2.1063550614425988,-2.108126785102901,0.0,0.0,0.0,-4.906040739247965,0,0,0,0,0,0
image_1041.png,surface,0.0,0.0,2.786953506845525,-20.116831267545948,-12.326294426036704,0.0,-2.187206155016284,-3.397861514136454,0.0,0.0,0.0,4.697273633957495,0,0,0,0,0,0
image_1042.png,surface,0.0,0.0,1.8481324693734853,16.702425511754083,-10.61017700204835,0.0,-3.765999067212903,-1.9919897761615124,0.0,0.0,0.0,-3.11158493033455,0,0,0,0,0,0
image_1043.png,surface,0.0,0.0,1.44435062054158,-20.03737146333957,8.441201287947186,0.0,-3.018002293835746,2.1523601688031584,0.0,0.0,0.0,-2.8168796810625016,0,0,0,0,0,0
image_1044.png,surface,0.0,0.0,2.388772988491472,0.7838390720054633,0.1668151612758103,0.0,-4.685501618501905,-1.4653370434091455,0.0,0.0,0.0,-0.3004286536934062,0,0,0,0,0,0
image_1045.png,surface,0.0,0.0,1.4558835295699446,-0.1527723900841955,23.663963340392872,0.0,2.033824560912405,-1.216021606619221,0.0,0.0,0.0,2.632773980329821,0,0,0,0,0,0
image_1046.png,surface,0.0,0.0,2.8159082505186483,13.734996471727182,20.00228068657936,0.0,2.191305099931132,1.7970031731284253,0.0,0.0,0.0,-4.159839626116398,0,0,0,0,0,0
image_1047.png,surface,0.0,0.0,1.8376413965235527,11.438331872976224,9.321706014013788,0.0,3.295832656385984,2.235848286684926,0.0,0.0,0.0,-2.7271628830353656,0,0,0,0,0,0
image_1048.png,surface,0.0,0.0,1.9755707635196955,11.186000492079303,9.398923694273776,0.0,-3.923955537682838,2.862299184558123,0.0,0.0,0.0,2.0845690696323693,0,0,0,0,0,0
image_1049.png,surface,0.0,0.0,2.3890111783516,7.629196813941934,-17.519559897777825,0.0,2.567009204848845,-2.5365349492046523,0.0,0.0,0.0,-0.4624408360583407,0,0,0,0,0,0
image_1050.png,surface,0.0,0.0,1.719031426482967,15.731465444813926,7.545117936717397,0.0,0.0850094200259651,3.769167320958929,0.0,0.0,0.0,-1.351341248288025,0,0,0,0,0,0
image_1051.png,surface,0.0,0.0,2.884081621362382,7.832199247169298,15.387869894903291,0.0,2.2866896335522315,3.181279954785952,0.0,0.0,0.0,-0.1378710394089122,0,0,0,0,0,0
image_1052.png,surface,0.0,0.0,1.5458158953100811,-0.8584922055497279,0.1109373327926783,0.0,3.6882163478871344,-0.3327609289344466,0.0,0.0,0.0,0.7225538526142241,0,0,0,0,0,0
image_1053.png,surface,0.0,0.0,2.931484688365633,12.694658492470785,-7.537268246327472,0.0,-1.302743761611291,-2.8556769370089388,0.0,0.0,0.0,0.9817384918740092,0,0,0,0,0,0
image_1054.png,surface,0.0,0.0,1.7764099704738925,-7.060678964779276,1.886170975299151,0.0,0.0511989073756856,-4.852914157736848,0.0,0.0,0.0,4.331128832382396,0,0,0,0,0,0
image_1055.png,surface,0.0,0.0,2.5606092586591123,-4.62492920596405,20.62401772788085,0.0,-1.6347959549892683,0.873419607403681,0.0,0.0,0.0,-1.1759846493021744,0,0,0,0,0,0
image_1056.png,surface,0.0,0.0,2.619978796080356,-12.732881561476768,15.085856035043294,0.0,3.041830691357796,2.5627690673541537,0.0,0.0,0.0,3.4812857623971727,0,0,0,0,0,0
image_1057.png,surface,0.0,0.0,2.2420634496465794,1.831021296927534,17.10071478069654,0.0,-3.918019442491957,-2.6107431941170227,0.0,0.0,0.0,3.914602151777096,0,0,0,0,0,0
image_1058.png,surface,0.0,0.0,2.6237425281313502,2.3343463723305384,-11.735389541176486,0.0,-0.1126166787178356,3.2982133091655403,0.0,0.0,0.0,0.2090645897320691,0,0,0,0,0,0
image_1059.png,surface,0.0,0.0,2.181489659538923,-5.747707623210957,-21.10165856304536,0.0,1.9726108948943293,-2.0567895318159954,0.0,0.0,0.0,-1.5915158158728202,0,0,0,0,0,0
image_1060.png,surface,0.0,0.0,2.2046948132821487,2.486684867437454,16.935201955903974,0.0,-0.947793072681355,-1.0095366399316612,0.0,0.0,0.0,3.241524032844623,0,0,0,0,0,0
image_1061.png,surface,0.0,0.0,1.2813545591104325,-21.44014820281628,-6.562459975411803,0.0,0.1967842805486822,1.734081055616752,0.0,0.0,0.0,-2.920965755725783,0,0,0,0,0,0
image_1062.png,surface,0.0,0.0,2.780928123569512,-12.802009181469984,-12.787740636748977,0.0,-3.16285016808652,3.78069102033336,0.0,0.0,0.0,4.949147671125546,0,0,0,0,0,0
image_1063.png,surface,0.0,0.0,1.3080077801038394,0.0129692478711431,17.656375280758215,0.0,-2.716680435229308,2.9136755022776226,0.0,0.0,0.0,2.346978110252671,0,0,0,0,0,0
image_1064.png,surface,0.0,0.0,2.0107315695328647,2.760782265016939,11.951633251729197,0.0,-2.938661902498552,-3.7906504774071097,0.0,0.0,0.0,4.692114125428537,0,0,0,0,0,0
image_1065.png,surface,0.0,0.0,1.636682863130336,21.972688425621747,7.795326829158316,0.0,-0.2806730011772466,-3.9998520178594,0.0,0.0,0.0,-1.5879289376369163,0,0,0,0,0,0
image_1066.png,surface,0.0,0.0,1.5770461209803368,-8.119075631209443,1.7388771456951553,0.0,2.7393740969286253,0.8763471768991211,0.0,0.0,0.0,-3.759652863000265,0,0,0,0,0,0
image_1067.png,surface,0.0,0.0,1.3392651965649331,-1.2753101395848316,-14.414398652487009,0.0,1.9321041682106976,-0.4327618871848329,0.0,0.0,0.0,-0.2273637085066626,0,0,0,0,0,0
image_1068.png,surface,0.0,0.0,2.095583773474467,-8.769869999177287,17.205960228360052,0.0,-2.8042508939700506,3.9921174124656216,0.0,0.0,0.0,1.6055285596500068,0,0,0,0,0,0
image_1069.png,surface,0.0,0.0,2.6890793820035483,-21.261638718893707,6.801952773015156,0.0,-2.5050332336720564,-3.237713605799209,0.0,0.0,0.0,-1.1746363893206755,0,0,0,0,0,0
image_1070.png,surface,0.0,0.0,1.9938418231593844,5.745882059412377,-16.961541435783936,0.0,-3.107588281604928,-2.073990473038133,0.0,0.0,0.0,-0.7248143006324881,0,0,0,0,0,0
image_1071.png,surface,0.0,0.0,1.719796763584197,-2.2955153099144647,7.023530260817778,0.0,-4.237788033303229,0.1158246279869496,0.0,0.0,0.0,-4.65002962864274,0,0,0,0,0,0
image_1072.png,surface,0.0,0.0,2.854221674403864,19.113922515743,-6.805767812823453,0.0,1.828652788507208,1.855395070467874,0.0,0.0,0.0,-3.543067938097062,0,0,0,0,0,0
image_1073.png,surface,0.0,0.0,1.2676990168513795,1.5299941846865994,-8.460491763588237,0.0,-1.678012696676934,3.3804923467779866,0.0,0.0,0.0,4.375627310586584,0,0,0,0,0,0
image_1074.png,surface,0.0,0.0,1.9606383364700792,-6.622089004682676,-14.248781930958042,0.0,2.892886278840982,-1.809078025832232,0.0,0.0,0.0,0.1692968424802945,0,0,0,0,0,0
image_1075.png,surface,0.0,0.0,2.5228222463321783,20.56567680292631,12.03328109941477,0.0,-2.381620804264973,-1.1753298469535267,0.0,0.0,0.0,-3.114959837202864,0,0,0,0,0,0
image_1076.png,surface,0.0,0.0,2.7958465877168264,9.835764036974746,-4.777702030673299,0.0,2.573283736205276,2.874770486119069,0.0,0.0,0.0,0.0099679283439177,0,0,0,0,0,0
image_1077.png,surface,0.0,0.0,2.855560781319877,-1.0099589213424307,-18.163557067610924,0.0,3.8904337861024345,-0.7883499902470281,0.0,0.0,0.0,-3.055697939166937,0,0,0,0,0,0
image_1078.png,surface,0.0,0.0,1.224009331768317,-6.829914009039329,-11.750334401392095,0.0,1.0131432518279364,-2.749679594409156,0.0,0.0,0.0,-4.0807637769903735,0,0,0,0,0,0
image_1079.png,surface,0.0,0.0,2.081089772985826,6.684311301739662,6.569259455299383,0.0,0.0868049261954263,0.8720816658420603,0.0,0.0,0.0,1.426453337597378,0,0,0,0,0,0
image_1080.png,surface,0.0,0.0,1.4230510918916226,6.803665143418678,19.69671473283753,0.0,2.2884524828624992,-0.8927112954355566,0.0,0.0,0.0,-2.543361158756514,0,0,0,0,0,0
image_1081.png,surface,0.0,0.0,1.3543372807764549,-13.410766172442704,-19.936412576643328,0.0,1.5469355953905894,-1.8087705589351983,0.0,0.0,0.0,2.7731068313032567,0,0,0,0,0,0
image_1082.png,surface,0.0,0.0,2.7311955064027984,2.556046941831909,-12.861054105951752,0.0,-3.1845278047562533,3.205676608029007,0.0,0.0,0.0,-4.462622750418683,0,0,0,0,0,0
image_1083.png,surface,0.0,0.0,1.7381472094341657,-5.9592976861513165,1.2771767755995065,0.0,3.1938745889770264,2.661320416467848,0.0,0.0,0.0,3.769645660252621,0,0,0,0,0,0
image_1084.png,surface,0.0,0.0,1.2121272243189376,17.009225193347206,-18.014458556764463,0.0,-4.616273335027362,0.0011907229619344,0.0,0.0,0.0,1.234109527775434,0,0,0,0,0,0
image_1085.png,surface,0.0,0.0,1.436508268593765,19.572246216025828,5.9883750939851375,0.0,-1.0647358128459907,3.07905744531021,0.0,0.0,0.0,-0.5514113804844918,0,0,0,0,0,0
image_1086.png,surface,0.0,0.0,1.761819101114766,8.006934216443547,-8.54921000736864,0.0,2.915740773081885,-1.1991074172104397,0.0,0.0,0.0,-1.8236830634848111,0,0,0,0,0,0
image_1087.png,surface,0.0,0.0,2.299302273222409,6.522006798644285,9.084259701104266,0.0,-1.9029201753113965,-4.47922703978464,0.0,0.0,0.0,4.328684404476606,0,0,0,0,0,0
image_1088.png,surface,0.0,0.0,2.248453595780835,11.336419388636306,-12.987968150325392,0.0,2.858554367635885,0.5022449539987747,0.0,0.0,0.0,-1.129697102947882,0,0,0,0,0,0
image_1089.png,surface,0.0,0.0,2.849001588438358,16.387113416922265,5.452607513231205,0.0,2.4128967712634326,-1.421588479606699,0.0,0.0,0.0,0.0558257163117703,0,0,0,0,0,0
image_1090.png,surface,0.0,0.0,1.6305876939224784,-3.7804672745156367,15.1543045979639,0.0,1.152150184317768,1.0434032198623011,0.0,0.0,0.0,-4.969540403163482,0,0,0,0,0,0
image_1091.png,surface,0.0,0.0,1.7942205470504915,-13.14366016923183,-1.7407655783355784,0.0,-4.197421878495326,0.6779456900794477,0.0,0.0,0.0,-4.700990547598422,0,0,0,0,0,0
image_1092.png,surface,0.0,0.0,1.5661513326904186,5.44033620911106,-12.92545493000958,0.0,-1.1220658685276497,0.3504610941589904,0.0,0.0,0.0,-0.4564631006953838,0,0,0,0,0,0
image_1093.png,surface,0.0,0.0,1.2331944741579577,6.239456994868994,-2.065882645469195,0.0,-1.275596498286263,4.247502284923109,0.0,0.0,0.0,-0.3793406096301108,0,0,0,0,0,0
image_1094.png,surface,0.0,0.0,2.9219382849766986,2.003996647625002,11.25223354163275,0.0,-3.3525728737442764,-1.584178064400843,0.0,0.0,0.0,2.4234288545617177,0,0,0,0,0,0
image_1095.png,surface,0.0,0.0,1.1920905643920283,-14.430457545257276,-0.4928671813535402,0.0,-2.911217747650804,1.905413972095172,0.0,0.0,0.0,-1.5501123794082972,0,0,0,0,0,0
image_1096.png,surface,0.0,0.0,1.9455476145723376,-10.73123802826335,-3.7646184624965193,0.0,0.0808428358272933,-2.059483045620998,0.0,0.0,0.0,-1.9235139561959385,0,0,0,0,0,0
image_1097.png,surface,0.0,0.0,2.140020243449028,-9.569371324157448,7.880753449819607,0.0,0.6256168127009241,-2.2272118887118943,0.0,0.0,0.0,-2.4936596124516006,0,0,0,0,0,0
image_1098.png,surface,0.0,0.0,2.400414527991245,-12.595454703400032,21.439138681817635,0.0,3.349294179413922,3.7033933708795375,0.0,0.0,0.0,-0.1991803750151755,0,0,0,0,0,0
image_1099.png,surface,0.0,0.0,1.544141665259389,9.706335325562764,-4.050417085523645,0.0,3.1484400891059563,2.2202185525728577,0.0,0.0,0.0,-4.309613066556356,0,0,0,0,0,0
image_1100.png,surface,0.0,0.0,2.0321395559553794,-11.876329204958289,-10.197820963557492,0.0,4.527541336786898,0.0512556801799504,0.0,0.0,0.0,1.8503810415254565,0,0,0,0,0,0
image_1101.png,surface,0.0,0.0,1.7752991802179867,6.98608804721235,22.362022281946125,0.0,2.3964857624923503,-1.6637459562174948,0.0,0.0,0.0,4.978080089508438,0,0,0,0,0,0
image_1102.png,surface,0.0,0.0,1.1939161521809756,-20.056388971273524,3.112922266206485,0.0,-3.407893870445681,1.2065559896639977,0.0,0.0,0.0,-2.0418250882617994,0,0,0,0,0,0
image_1103.png,surface,0.0,0.0,1.241015007923278,-24.28748769540353,-1.217998181229622,0.0,1.8336980958388407,-1.323578253875667,0.0,0.0,0.0,-0.9156885159735548,0,0,0,0,0,0
image_1104.png,surface,0.0,0.0,1.8073632125266568,-4.586185203927094,-6.4891962897452204,0.0,1.173788444553474,-4.254792297096683,0.0,0.0,0.0,2.002319963568234,0,0,0,0,0,0
image_1105.png,surface,0.0,0.0,1.0070481515599563,-14.203355343096293,-10.239869211260498,0.0,2.562910532606489,3.647090793460755,0.0,0.0,0.0,4.279036005747992,0,0,0,0,0,0
image_1106.png,surface,0.0,0.0,1.0499406573724226,4.69867774715986,-24.16660087122664,0.0,0.5686849445054368,-4.836539524806249,0.0,0.0,0.0,-2.9672072313977784,0,0,0,0,0,0
image_1107.png,surface,0.0,0.0,1.1065290830504653,-11.275229009898306,-17.99938560580367,0.0,3.4720775378236044,-3.301837650485536,0.0,0.0,0.0,-1.6619899689383475,0,0,0,0,0,0
image_1108.png,surface,0.0,0.0,2.53080412553772,-15.33541360016552,-17.333841696796675,0.0,-2.0955306575883443,1.2789624338812875,0.0,0.0,0.0,-1.5941860261020269,0,0,0,0,0,0
image_1109.png,surface,0.0,0.0,2.7787954579524485,-11.809779411853068,9.125212801730342,0.0,-1.499645459131246,-2.194378517682646,0.0,0.0,0.0,0.9151508155754904,0,0,0,0,0,0
image_1110.png,surface,0.0,0.0,2.8085341948459206,6.626471436602839,-18.516174936328795,0.0,-0.4022331700407692,-2.8434562970901225,0.0,0.0,0.0,1.625947763939914,0,0,0,0,0,0
image_1111.png,surface,0.0,0.0,1.016246094183901,7.149967685805162,13.928468904740347,0.0,-2.8711335593445275,-0.0289720925825076,0.0,0.0,0.0,1.0539939332041524,0,0,0,0,0,0
image_1112.png,surface,0.0,0.0,2.3083715776611826,-23.699993335234584,-3.661077669449078,0.0,-2.848278704866211,-3.1425188143635028,0.0,0.0,0.0,-1.829636987046957,0,0,0,0,0,0
image_1113.png,surface,0.0,0.0,1.5728503177847135,9.978944259616105,-19.230723080858617,0.0,3.743432100119666,-2.678101412733224,0.0,0.0,0.0,4.799719451229249,0,0,0,0,0,0
image_1114.png,surface,0.0,0.0,1.1397589597065867,-5.04966190945964,14.179201262892768,0.0,-3.3411219966136776,1.936939380405454,0.0,0.0,0.0,1.687063118692559,0,0,0,0,0,0
image_1115.png,surface,0.0,0.0,1.207512911878103,12.268933048614468,7.14812909500204,0.0,3.367953962399055,2.944120575935472,0.0,0.0,0.0,2.481220661607328,0,0,0,0,0,0
image_1116.png,surface,0.0,0.0,1.133466142706787,-3.588741006998912,21.521901199563423,0.0,-0.5535697936596886,4.885609956875036,0.0,0.0,0.0,-3.815412746760256,0,0,0,0,0,0
image_1117.png,surface,0.0,0.0,2.1005351652509097,-0.5765619467712606,-18.300976253163224,0.0,1.4631711629404398,-4.622196817651768,0.0,0.0,0.0,-1.862519554605716,0,0,0,0,0,0
image_1118.png,surface,0.0,0.0,1.6137513281831757,-0.794422907617768,-2.3932887588304057,0.0,1.6306855829787157,3.948842216510341,0.0,0.0,0.0,2.7871104419516834,0,0,0,0,0,0
image_1119.png,surface,0.0,0.0,1.332554319797203,6.602477046061903,21.491921726541666,0.0,-1.8505850148603984,-4.387755989262083,0.0,0.0,0.0,0.4288863111024685,0,0,0,0,0,0
image_1120.png,surface,0.0,0.0,1.2909522838677976,-3.545073798109282,-6.38328840051759,0.0,-4.429779504842074,2.2526009142934305,0.0,0.0,0.0,-0.5609036711891147,0,0,0,0,0,0
image_1121.png,surface,0.0,0.0,2.6788218665759445,11.17604517835596,-7.190157197402922,0.0,1.46953400316844,-2.325440248482107,0.0,0.0,0.0,-3.509989607745203,0,0,0,0,0,0
image_1122.png,surface,0.0,0.0,1.0451014933865008,10.16191937639313,-5.817181978202372,0.0,0.6848151103259844,1.819223535105017,0.0,0.0,0.0,-0.045438494213446,0,0,0,0,0,0
image_1123.png,surface,0.0,0.0,1.990514701079961,17.474251582922097,16.79096058522235,0.0,2.2614608943238594,2.679892198245867,0.0,0.0,0.0,3.8894777216941208,0,0,0,0,0,0
image_1124.png,surface,0.0,0.0,1.1454827594638763,-4.177557891702917,-22.6001940115314,0.0,-4.873693205561269,-0.6385717795659651,0.0,0.0,0.0,0.4059935999954334,0,0,0,0,0,0
image_1125.png,surface,0.0,0.0,1.291905589533712,12.107556239004596,20.686242009688176,0.0,-2.149258822124299,4.432274666062044,0.0,0.0,0.0,1.922787648404665,0,0,0,0,0,0
image_1126.png,surface,0.0,0.0,1.9305879273237905,23.776531746156973,0.4398796077622107,0.0,-1.7077430623372232,0.7855040144422151,0.0,0.0,0.0,4.946999053514844,0,0,0,0,0,0
image_1127.png,surface,0.0,0.0,1.413795832260957,-8.022737531768623,-22.1147511689286,0.0,-3.002751146086936,1.2963064620158715,0.0,0.0,0.0,4.851091522457043,0,0,0,0,0,0
image_1128.png,surface,0.0,0.0,2.273389302925014,-1.3561725198865533,-10.396909314107376,0.0,-0.3359726659512622,3.4686809191129413,0.0,0.0,0.0,-0.8324092830922947,0,0,0,0,0,0
image_1129.png,surface,0.0,0.0,1.757966082622189,-0.7152042228702216,-21.80597654020832,0.0,0.7640222491846227,-1.0403876286353992,0.0,0.0,0.0,1.208827731932245,0,0,0,0,0,0
image_1130.png,surface,0.0,0.0,2.5689594773620046,-0.1770562284273292,-14.15656297779305,0.0,1.6514149261294844,-4.530365624343653,0.0,0.0,0.0,-4.353777160212051,0,0,0,0,0,0
image_1131.png,surface,0.0,0.0,2.3157892647996365,-10.770239502312853,-2.69426838105902,0.0,2.620875095799344,2.687309985108336,0.0,0.0,0.0,0.4099157085106819,0,0,0,0,0,0
image_1132.png,surface,0.0,0.0,2.9558298223299784,3.907548464601693,9.6622615283677,0.0,-1.816985724558706,0.6721244099330995,0.0,0.0,0.0,-3.908439995868487,0,0,0,0,0,0
image_1133.png,surface,0.0,0.0,1.7140727959009927,-1.7681891652300006,-19.278389246168448,0.0,3.199094819259284,1.1058066392241286,0.0,0.0,0.0,-1.1010211843382791,0,0,0,0,0,0
image_1134.png,surface,0.0,0.0,1.8923072833494337,-20.75638371367678,2.604210510983725,0.0,2.2029357850554105,2.723080795522569,0.0,0.0,0.0,3.683510512199701,0,0,0,0,0,0
image_1135.png,surface,0.0,0.0,2.3363967241120203,17.850096887643026,-4.1850420916161335,0.0,-0.5164677257488273,2.5644145995246808,0.0,0.0,0.0,2.212265472453248,0,0,0,0,0,0
image_1136.png,surface,0.0,0.0,1.8441633934601107,-9.856347515704512,15.76207988949776,0.0,-0.986736994785101,0.9308277014215646,0.0,0.0,0.0,3.998974333950344,0,0,0,0,0,0
image_1137.png,surface,0.0,0.0,1.4781137938817768,12.916323749727786,-11.697770052246245,0.0,1.3528653757741662,-2.750500567609865,0.0,0.0,0.0,-1.4554426761020856,0,0,0,0,0,0
image_1138.png,surface,0.0,0.0,1.0133544527237217,-0.6192455090539939,15.430262529035335,0.0,3.7508900796882014,-1.2146325757222611,0.0,0.0,0.0,1.5224967348312202,0,0,0,0,0,0
image_1139.png,surface,0.0,0.0,1.5512117854031071,3.318947859039072,20.629248412688675,0.0,2.2962251815514736,2.609224977359976,0.0,0.0,0.0,4.80389656491708,0,0,0,0,0,0
image_1140.png,surface,0.0,0.0,2.728393242306364,-12.16668619572065,17.42771862051208,0.0,-0.7695219974735857,-1.026337887794033,0.0,0.0,0.0,-3.339416636034538,0,0,0,0,0,0
image_1141.png,surface,0.0,0.0,2.179078218742668,15.921384527227849,-17.96731585484256,0.0,0.350594462546954,2.1195539966840773,0.0,0.0,0.0,3.9019864393925694,0,0,0,0,0,0
image_1142.png,surface,0.0,0.0,1.0093003802750065,-20.601883903718083,3.928199496398517,0.0,-0.7748917315213202,3.0974146482014366,0.0,0.0,0.0,-4.299553226305606,0,0,0,0,0,0
image_1143.png,surface,0.0,0.0,2.5758546354239256,-22.168659168562304,1.9909643669123875,0.0,-0.1604740840811936,-4.511112311377573,0.0,0.0,0.0,-1.9873219545920904,0,0,0,0,0,0
image_1144.png,surface,0.0,0.0,1.0312233097090449,3.868061324436173,-9.662544370349805,0.0,4.434609589177965,2.094259595082196,0.0,0.0,0.0,1.1144660372380055,0,0,0,0,0,0
image_1145.png,surface,0.0,0.0,2.9063392875122807,-14.121342096881095,-11.64345972002787,0.0,2.297562740516581,-2.0540970916304984,0.0,0.0,0.0,-1.183136085453251,0,0,0,0,0,0
image_1146.png,surface,0.0,0.0,2.0276195398238164,-0.6429212463173506,-16.33355601356677,0.0,2.689110589644065,-1.171760277089824,0.0,0.0,0.0,1.3913179411399206,0,0,0,0,0,0
image_1147.png,surface,0.0,0.0,2.8161838951084337,22.88044243547171,9.533015136571969,0.0,1.592584150847601,1.8810450303735664,0.0,0.0,0.0,-2.5904885959944,0,0,0,0,0,0
image_1148.png,surface,0.0,0.0,2.771851480761171,-15.71763306620332,-18.34348835659792,0.0,1.944372718558062,3.212747651266968,0.0,0.0,0.0,-3.853207241725847,0,0,0,0,0,0
image_1149.png,surface,0.0,0.0,2.7705334167107774,4.901638483085031,23.58656651974626,0.0,1.1864099840872075,-4.5098174600067535,0.0,0.0,0.0,3.845832286292433,0,0,0,0,0,0
image_1150.png,surface,0.0,0.0,1.7516044373281117,-19.868749392065865,1.2804600572919758,0.0,-1.1398842883194125,0.6634274706863124,0.0,0.0,0.0,-3.272476640221107,0,0,0,0,0,0
image_1151.png,surface,0.0,0.0,1.371756570732526,-10.709356722199622,5.636783956406556,0.0,4.412047750984309,0.7525911848015349,0.0,0.0,0.0,3.204202127090856,0,0,0,0,0,0
image_1152.png,surface,0.0,0.0,1.7023820116237756,20.10436610393684,1.311849518332482,0.0,1.2048245998682356,3.1911057013042634,0.0,0.0,0.0,3.136841177586575,0,0,0,0,0,0
image_1153.png,surface,0.0,0.0,1.2685532060593112,13.074206079859165,-17.810910331922354,0.0,-0.9512280772747848,-1.8954252348313887,0.0,0.0,0.0,3.856925938852722,0,0,0,0,0,0
image_1154.png,surface,0.0,0.0,2.668784654746697,-9.326214643417998,-1.381383820766509,0.0,-2.3911303554281003,-0.7325722800316116,0.0,0.0,0.0,3.038721231404418,0,0,0,0,0,0
image_1155.png,surface,0.0,0.0,2.137180698472057,4.918071070322015,-5.383004757727376,0.0,-2.3671089536577687,-2.301385660068745,0.0,0.0,0.0,3.2778075029530243,0,0,0,0,0,0
image_1156.png,surface,0.0,0.0,1.4971647794027905,20.201881374087428,-4.1201443022477005,0.0,2.2237375730223574,-3.5833506894598703,0.0,0.0,0.0,-1.790341763412565,0,0,0,0,0,0
image_1157.png,surface,0.0,0.0,2.639965139362455,-6.548471870353672,-8.95979782596124,0.0,-2.117382177810465,-1.7439114513362124,0.0,0.0,0.0,-3.936426503872616,0,0,0,0,0,0
image_1158.png,surface,0.0,0.0,1.921771073476789,13.721770615767824,0.6197393242652911,0.0,3.8871775869359375,-1.7776907066986165,0.0,0.0,0.0,4.690369431097158,0,0,0,0,0,0
image_1159.png,surface,0.0,0.0,1.0217589424177236,-3.7369530027968674,-6.639487902529611,0.0,-1.7041335959676829,-1.452131380733025,0.0,0.0,0.0,-4.933858812904459,0,0,0,0,0,0
image_1160.png,surface,0.0,0.0,1.3065935062205296,-18.620411629872308,-5.492371100244141,0.0,1.28193036002686,-1.7527099794802452,0.0,0.0,0.0,-0.218609832465999,0,0,0,0,0,0
image_1161.png,surface,0.0,0.0,1.8435125209758083,14.694215926102473,-15.33128509967326,0.0,-3.956976678905868,-2.776061413968271,0.0,0.0,0.0,0.1438606929657044,0,0,0,0,0,0
image_1162.png,surface,0.0,0.0,1.1552227182225796,-22.270208570736614,5.329265778010354,0.0,2.159058157415452,1.0570387421128395,0.0,0.0,0.0,3.7414019102247735,0,0,0,0,0,0
image_1163.png,surface,0.0,0.0,2.286698985625172,-20.70385331853471,6.763845184792071,0.0,1.213857368956495,4.823203438722554,0.0,0.0,0.0,3.5125569309258147,0,0,0,0,0,0
image_1164.png,surface,0.0,0.0,1.394652722224761,-15.752617186836495,7.58387548509634,0.0,2.7495246592795293,-0.9450024369535944,0.0,0.0,0.0,-1.310790998465495,0,0,0,0,0,0
image_1165.png,surface,0.0,0.0,2.1882218790272425,1.677431647477219,-20.740674203224668,0.0,-3.697547634314498,-0.690508192505355,0.0,0.0,0.0,3.4303014228905955,0,0,0,0,0,0
image_1166.png,surface,0.0,0.0,1.0188347355016694,-16.002693641858354,7.069538523283918,0.0,-0.4364066212028457,-2.817352908036364,0.0,0.0,0.0,3.900066865478065,0,0,0,0,0,0
image_1167.png,surface,0.0,0.0,1.2896013368450614,-17.41129347496352,5.11889274514925,0.0,-0.3303542872554077,1.544521474395408,0.0,0.0,0.0,0.8607263233285254,0,0,0,0,0,0
image_1168.png,surface,0.0,0.0,1.6518625202488182,6.7181506863730895,-20.0866125160544,0.0,-2.418737263872254,-4.17132706823243,0.0,0.0,0.0,3.5527371056571084,0,0,0,0,0,0
image_1169.png,surface,0.0,0.0,1.1753639236471167,-15.860498062469148,-2.7024111980944943,0.0,3.33738548300234,-1.3981437150466112,0.0,0.0,0.0,1.3306865609813308,0,0,0,0,0,0
image_1170.png,surface,0.0,0.0,2.967064391640597,14.40708959599247,-10.6849470698917,0.0,-4.449070364144215,0.5792338506609841,0.0,0.0,0.0,3.883073787730659,0,0,0,0,0,0
image_1171.png,surface,0.0,0.0,1.4640345430561166,-23.64016295101857,7.233350711866817,0.0,-3.827159257331715,1.7104114990721375,0.0,0.0,0.0,-4.847984803726924,0,0,0,0,0,0
image_1172.png,surface,0.0,0.0,2.797370267204684,-14.555199726172852,-7.472149679079039,0.0,-0.1566418444405019,4.471595100251087,0.0,0.0,0.0,-2.939617804635215,0,0,0,0,0,0
image_1173.png,surface,0.0,0.0,2.372736487165244,-2.8845939718609754,-17.67055083397064,0.0,3.9937961150385792,1.1246917131578693,0.0,0.0,0.0,-3.998904642272412,0,0,0,0,0,0
image_1174.png,surface,0.0,0.0,2.917132221508907,-9.363783964228492,13.785707236590508,0.0,3.60923636890162,-1.853325876228586,0.0,0.0,0.0,-0.4616740133557604,0,0,0,0,0,0
image_1175.png,surface,0.0,0.0,2.8209912379250346,8.648514172329119,6.822515726959132,0.0,2.430165176809812,3.549389759516777,0.0,0.0,0.0,3.359529440495809,0,0,0,0,0,0
image_1176.png,surface,0.0,0.0,2.757322240194504,-11.65868548879366,-15.0413417187343,0.0,2.26756995334006,-2.347472473432667,0.0,0.0,0.0,3.573001790300644,0,0,0,0,0,0
image_1177.png,surface,0.0,0.0,2.1555464734086933,-13.660696759645536,16.561868615193188,0.0,-0.0158153811085463,-2.059457527476022,0.0,0.0,0.0,2.7469914710762016,0,0,0,0,0,0
image_1178.png,surface,0.0,0.0,2.929284828067043,5.220266595719996,3.081989456426305,0.0,1.4459477690076157,-0.5419014347350428,0.0,0.0,0.0,2.3180890862668955,0,0,0,0,0,0
image_1179.png,surface,0.0,0.0,1.3616401654393084,9.931327003969384,-8.525755821242786,0.0,-0.940628263440754,3.7542201582184,0.0,0.0,0.0,-2.695009362504325,0,0,0,0,0,0
image_1180.png,surface,0.0,0.0,1.908384494429764,-2.157381464171112,-11.835933474249336,0.0,1.6774203585532528,-1.6078656418964103,0.0,0.0,0.0,-4.076508706266802,0,0,0,0,0,0
image_1181.png,surface,0.0,0.0,2.5622530088094133,-7.690842473171948,-20.91743664144961,0.0,2.5204164172360217,0.9543429918104672,0.0,0.0,0.0,2.7222225875708794,0,0,0,0,0,0
image_1182.png,surface,0.0,0.0,1.967023695214984,22.10643554760355,0.1577379332231613,0.0,1.0789859704044635,4.221656467802762,0.0,0.0,0.0,2.38245497374324,0,0,0,0,0,0
image_1183.png,surface,0.0,0.0,2.988844783142357,-19.70255138482035,-4.21019633617785,0.0,-4.49957282590764,1.1503055968490772,0.0,0.0,0.0,-4.764439939941624,0,0,0,0,0,0
image_1184.png,surface,0.0,0.0,2.466296499662976,0.1044134567169184,2.3628596471453256,0.0,-3.3808896967501454,-2.380228103664485,0.0,0.0,0.0,-1.1135064136527897,0,0,0,0,0,0
image_1185.png,surface,0.0,0.0,1.412710888807977,-2.270634994582654,-23.573378767787663,0.0,1.5899150152449253,3.6584392428917822,0.0,0.0,0.0,-4.815536417921901,0,0,0,0,0,0
image_1186.png,surface,0.0,0.0,2.622791288307904,0.7528428653753436,12.808990222906624,0.0,0.686103630268267,4.237538846430295,0.0,0.0,0.0,0.0392327053918464,0,0,0,0,0,0
image_1187.png,surface,0.0,0.0,2.77492369713005,7.879658347037265,16.58175168866773,0.0,4.897978272811567,-0.3600221944687762,0.0,0.0,0.0,-0.2214403712167856,0,0,0,0,0,0
image_1188.png,surface,0.0,0.0,2.0788343257672466,3.987663487551192,-12.305603182150856,0.0,-1.297349709452584,-2.082162727801292,0.0,0.0,0.0,4.795303882230572,0,0,0,0,0,0
image_1189.png,surface,0.0,0.0,2.9810803785881816,6.232980518723623,18.85782447277589,0.0,-2.3527200448071293,1.3074158752141587,0.0,0.0,0.0,1.6070590950918042,0,0,0,0,0,0
image_1190.png,surface,0.0,0.0,2.0718069375949697,7.523632105657068,-0.7635874340390283,0.0,3.2078687514950426,-3.7808418457612496,0.0,0.0,0.0,-3.177763251350416,0,0,0,0,0,0
image_1191.png,surface,0.0,0.0,2.5462620562928366,6.937753356338792,4.437537765288309,0.0,-0.8917500928737221,-2.803453731413492,0.0,0.0,0.0,0.6020424774125077,0,0,0,0,0,0
image_1192.png,surface,0.0,0.0,1.6480572727028049,11.986819273860029,0.1776238021192349,0.0,-3.5540922036827407,1.0746147089371492,0.0,0.0,0.0,-0.881849809173759,0,0,0,0,0,0
image_1193.png,surface,0.0,0.0,1.4776599023054835,-2.1570060882470834,-22.95579462140616,0.0,-0.1374693651200731,0.9948007918105564,0.0,0.0,0.0,2.234522704522199,0,0,0,0,0,0
image_1194.png,surface,0.0,0.0,2.567520951610157,-15.884765308474435,-8.635656911597001,0.0,-2.2657415215578776,2.0841210590539285,0.0,0.0,0.0,-4.2145640032071,0,0,0,0,0,0
image_1195.png,surface,0.0,0.0,1.3859411157354122,5.4351973741985375,-16.96682857564445,0.0,0.7146473301604983,4.926650481070107,0.0,0.0,0.0,-3.0478337991429383,0,0,0,0,0,0
image_1196.png,surface,0.0,0.0,1.567859740015925,-6.481670949549308,15.29878069286918,0.0,-0.1691097266961251,1.9372767075724475,0.0,0.0,0.0,1.827074366752134,0,0,0,0,0,0
image_1197.png,surface,0.0,0.0,1.736430668536487,-21.316699813383263,5.7833679242189415,0.0,-2.623168933175849,-3.0447320474871606,0.0,0.0,0.0,0.52896085381155,0,0,0,0,0,0
image_1198.png,surface,0.0,0.0,2.2490142784692795,-4.79389441721725,22.21906160486288,0.0,0.4734817184434557,4.519592883701136,0.0,0.0,0.0,4.001044943291435,0,0,0,0,0,0
image_1199.png,surface,0.0,0.0,1.6844725727264331,-11.19684709878142,4.312994507404588,0.0,0.57838095749153,-4.236603666748306,0.0,0.0,0.0,3.249449115224253,0,0,0,0,0,0
image_1200.png,surface,0.0,0.0,1.6418505281861349,-4.87048141868484,-15.136209802951557,0.0,-3.007552080455745,-3.967137744207261,0.0,0.0,0.0,2.931801799832522,0,0,0,0,0,0
image_1201.png,surface,0.0,0.0,1.88612866523782,14.400590632876964,-19.559076668976875,0.0,1.4727461956032082,3.1686263617841903,0.0,0.0,0.0,0.9780333260765984,0,0,0,0,0,0
image_1202.png,surface,0.0,0.0,1.89956395965596,2.7232478404989795,-2.2367255359334046,0.0,1.3678093442940358,-0.0402785437586536,0.0,0.0,0.0,4.423051124439052,0,0,0,0,0,0
image_1203.png,surface,0.0,0.0,1.0419335407557029,4.7647407664543815,2.70771941606672,0.0,0.8443019868038235,3.5827613596630057,0.0,0.0,0.0,-1.572647572497532,0,0,0,0,0,0
image_1204.png,surface,0.0,0.0,1.6329527734574347,-9.319556145756952,-20.412281525662,0.0,0.7030717740370004,-1.80409551479688,0.0,0.0,0.0,-2.495465986324179,0,0,0,0,0,0
image_1205.png,surface,0.0,0.0,1.939325019413373,-3.091793067688133,18.651391422244576,0.0,3.228135845356757,-3.770211823197044,0.0,0.0,0.0,-1.8019988070852344,0,0,0,0,0,0
image_1206.png,surface,0.0,0.0,1.4709775073276723,-18.914773256698776,-0.3666704118554529,0.0,4.9832271497712,0.3794766367443293,0.0,0.0,0.0,-0.13521433093136,0,0,0,0,0,0
image_1207.png,surface,0.0,0.0,1.9540082975976871,-8.086432266746986,-4.940556498305477,0.0,3.752299534891852,-3.100222540513228,0.0,0.0,0.0,-4.626740942467439,0,0,0,0,0,0
image_1208.png,surface,0.0,0.0,2.13857730984142,14.877321370570863,-0.6596418471816717,0.0,-3.964256328576651,-0.6065165805441095,0.0,0.0,0.0,-1.5189573402901324,0,0,0,0,0,0
image_1209.png,surface,0.0,0.0,2.679036743944092,-6.990299104290611,-22.161104162406165,0.0,2.096520079603208,3.737715317263784,0.0,0.0,0.0,-4.104426359289915,0,0,0,0,0,0
image_1210.png,surface,0.0,0.0,2.549492650423396,7.391091436885602,-6.93803733068835,0.0,0.4661749636684726,-4.239774022190384,0.0,0.0,0.0,4.858574185406759,0,0,0,0,0,0
image_1211.png,surface,0.0,0.0,1.5132569454598357,12.330127972630075,0.3293347445656711,0.0,3.0868771067463325,-1.657697677710143,0.0,0.0,0.0,-2.1201637203337453,0,0,0,0,0,0
image_1212.png,surface,0.0,0.0,1.2574466581783923,-18.695787198310345,13.596918500708693,0.0,-2.5276518333272286,0.0334082782364691,0.0,0.0,0.0,0.6766568371729278,0,0,0,0,0,0
image_1213.png,surface,0.0,0.0,1.00259410063388,15.818978716044604,16.5859416929615,0.0,3.1849180828420245,3.098551509493773,0.0,0.0,0.0,4.825540344906724,0,0,0,0,0,0
image_1214.png,surface,0.0,0.0,1.7972380419024374,-3.755886348773356,10.122905018601733,0.0,1.497175833327726,-4.71874769434956,0.0,0.0,0.0,-2.016212824631477,0,0,0,0,0,0
image_1215.png,surface,0.0,0.0,2.710730039715928,3.0520839012469136,-0.4605851270287241,0.0,1.0906739264370506,-0.4427485484491158,0.0,0.0,0.0,2.678207256197888,0,0,0,0,0,0
image_1216.png,surface,0.0,0.0,1.3227857917841013,4.897465655786576,-1.93647790429814,0.0,-0.2038007810243528,1.8041652907470649,0.0,0.0,0.0,-0.4944905902943937,0,0,0,0,0,0
image_1217.png,surface,0.0,0.0,1.5734392516604825,6.203384693253089,15.30584856006234,0.0,-0.6473657562798334,1.1307031407466417,0.0,0.0,0.0,-1.887721074941766,0,0,0,0,0,0
image_1218.png,surface,0.0,0.0,2.086405452450304,-12.342328749082792,8.199998054062513,0.0,0.376155195305582,1.9287261292655853,0.0,0.0,0.0,-2.0545287513121235,0,0,0,0,0,0
image_1219.png,surface,0.0,0.0,2.187636509028647,-6.647465872490176,11.17747260716717,0.0,3.228445511466931,-2.666307141230925,0.0,0.0,0.0,-0.5232763224144463,0,0,0,0,0,0
image_1220.png,surface,0.0,0.0,2.094452465023447,6.7839521208818745,5.4538730044514105,0.0,-3.2915790260910143,2.511737514682777,0.0,0.0,0.0,-4.548505238332736,0,0,0,0,0,0
image_1221.png,surface,0.0,0.0,1.0050724542926606,-9.4677580123835,-16.854461526465524,0.0,-1.9653364769919663,4.148297693999468,0.0,0.0,0.0,-0.0330509730918082,0,0,0,0,0,0
image_1222.png,surface,0.0,0.0,2.5414335439068374,11.17619621255793,-12.975476368844864,0.0,4.667544663329346,0.2053538251540712,0.0,0.0,0.0,0.5096729973516387,0,0,0,0,0,0
image_1223.png,surface,0.0,0.0,2.8006048950452325,-18.93681862334738,0.6196100552869438,0.0,4.241907502860761,1.0915378474663897,0.0,0.0,0.0,-2.4714294775001777,0,0,0,0,0,0
image_1224.png,surface,0.0,0.0,1.505557728570699,1.0724130856141736,-18.203027796921365,0.0,3.3418920808635253,3.285406705833388,0.0,0.0,0.0,-2.3804040270616653,0,0,0,0,0,0
image_1225.png,surface,0.0,0.0,1.2664325034321142,-16.356259002089004,3.055831435516714,0.0,1.2904306120522624,-3.906353238063412,0.0,0.0,0.0,1.9061109464137864,0,0,0,0,0,0
image_1226.png,surface,0.0,0.0,2.536931632578628,14.502970212957278,20.373429913474776,0.0,-2.981168149272326,-1.19846161396361,0.0,0.0,0.0,3.4902027748598545,0,0,0,0,0,0
image_1227.png,surface,0.0,0.0,2.460065394823188,-5.557621184717553,7.891535306275458,0.0,1.843217954654233,1.070934464062772,0.0,0.0,0.0,2.340171158480372,0,0,0,0,0,0
image_1228.png,surface,0.0,0.0,2.5860974913295967,-16.373232218720776,2.5370052299991954,0.0,0.2003398387225681,1.2528062121191212,0.0,0.0,0.0,3.509299356731061,0,0,0,0,0,0
image_1229.png,surface,0.0,0.0,2.8378879579745107,14.07577568328214,5.833655190152932,0.0,0.1362152530993644,2.643909626775412,0.0,0.0,0.0,-2.180473920294961,0,0,0,0,0,0
image_1230.png,surface,0.0,0.0,1.088481589118876,16.94767430893904,15.382657995394352,0.0,2.0877478012209183,-1.8894807129763551,0.0,0.0,0.0,-2.3056022326000427,0,0,0,0,0,0
image_1231.png,surface,0.0,0.0,2.0740664586062243,21.91476938603637,11.04993369275339,0.0,-4.418514577668325,0.9750790894168568,0.0,0.0,0.0,0.4016163842390092,0,0,0,0,0,0
image_1232.png,surface,0.0,0.0,2.578147738612312,-16.98109880933337,-10.89877017648735,0.0,1.0039013514527484,-3.453771359626777,0.0,0.0,0.0,3.4008037910823035,0,0,0,0,0,0
image_1233.png,surface,0.0,0.0,2.0024680507007675,11.676713927584562,20.3930927685359,0.0,-4.584374130876779,0.9663295613006848,0.0,0.0,0.0,1.5718705418708332,0,0,0,0,0,0
image_1234.png,surface,0.0,0.0,2.104284579077097,-11.22647381049109,-12.210787471498517,0.0,-1.399188180990103,2.987596564535228,0.0,0.0,0.0,4.187845486948511,0,0,0,0,0,0
image_1235.png,surface,0.0,0.0,2.1332462463697617,-16.512156743520197,-7.697110358092793,0.0,-3.860962319468976,-2.9282066872160666,0.0,0.0,0.0,4.734837316863793,0,0,0,0,0,0
image_1236.png,surface,0.0,0.0,1.020779106330471,2.940540999813818,12.638715307015442,0.0,-0.8130191298475978,1.1664038968710153,0.0,0.0,0.0,1.5030004400371677,0,0,0,0,0,0
image_1237.png,surface,0.0,0.0,2.808577069289817,-6.952818916130302,-8.051430354787025,0.0,-2.467253957103757,-1.2216255249646373,0.0,0.0,0.0,-2.072923647090977,0,0,0,0,0,0
image_1238.png,surface,0.0,0.0,1.4215753523514585,16.233117931858786,11.90105904622621,0.0,-4.35446758035679,1.640960787278407,0.0,0.0,0.0,4.366929048407842,0,0,0,0,0,0
image_1239.png,surface,0.0,0.0,1.0509161955262292,-1.4039744957865283,18.10873214981775,0.0,-3.0795989384983296,1.2573649385030654,0.0,0.0,0.0,-0.22970677359024,0,0,0,0,0,0
image_1240.png,surface,0.0,0.0,2.266877861635736,-9.424194088471578,-20.74362684282924,0.0,-1.1483164099518846,-1.0701682581280054,0.0,0.0,0.0,-4.478400982107415,0,0,0,0,0,0
image_1241.png,surface,0.0,0.0,2.120347987281136,-0.0076069040722681,20.56918882017941,0.0,3.2250848820447566,-0.1052961729978677,0.0,0.0,0.0,1.0090991393571702,0,0,0,0,0,0
image_1242.png,surface,0.0,0.0,1.255518541858786,-8.716894765173707,5.528288657295883,0.0,-3.178830983818706,2.301292687984468,0.0,0.0,0.0,4.619512852803005,0,0,0,0,0,0
image_1243.png,surface,0.0,0.0,2.9965893925814173,4.256701082053643,-12.52380995157564,0.0,2.917602461968881,-3.977538217484682,0.0,0.0,0.0,-0.81531492799086,0,0,0,0,0,0
image_1244.png,surface,0.0,0.0,1.7829899022118836,-20.079104567926027,10.878841503775757,0.0,-0.8633479760005645,-0.7371691493863944,0.0,0.0,0.0,-3.1376255438301657,0,0,0,0,0,0
image_1245.png,surface,0.0,0.0,1.5319882309065274,-7.195081942460645,1.7330169465101717,0.0,-3.6747489692117625,-2.528758528130318,0.0,0.0,0.0,2.7308916719380703,0,0,0,0,0,0
image_1246.png,surface,0.0,0.0,1.2023938072785845,-11.481139711409565,-16.52272084287442,0.0,-2.185417344501837,-3.838433489440137,0.0,0.0,0.0,4.744709745487214,0,0,0,0,0,0
image_1247.png,surface,0.0,0.0,2.069074561483329,-14.163922742644235,-0.7598294903194592,0.0,-3.238265880024532,-3.1054575360933727,0.0,0.0,0.0,1.3946954798217162,0,0,0,0,0,0
image_1248.png,surface,0.0,0.0,1.3285513345193891,-9.28276674736692,-16.864026129740722,0.0,-0.8200556458962426,4.166638741520105,0.0,0.0,0.0,2.0252617752131643,0,0,0,0,0,0
image_1249.png,surface,0.0,0.0,1.2913508491356305,19.3694956076273,7.38354374509451,0.0,-2.4325760249693755,3.061547831548734,0.0,0.0,0.0,-2.091122237775785,0,0,0,0,0,0
image_1250.png,surface,0.0,0.0,2.4550162987912785,22.41078492568436,-10.478016819798029,0.0,-2.597068633803932,2.8102064085707794,0.0,0.0,0.0,-3.4076397545509938,0,0,0,0,0,0
image_1251.png,surface,0.0,0.0,1.1337213497400116,19.841856939981422,8.747953888779808,0.0,4.604759439669112,-0.9572302392845684,0.0,0.0,0.0,-0.6005134692955494,0,0,0,0,0,0
image_1252.png,surface,0.0,0.0,2.426303596168171,-9.755144939462328,15.205867998316911,0.0,-4.560700408186364,-1.5652066309463442,0.0,0.0,0.0,3.829409215086773,0,0,0,0,0,0
image_1253.png,surface,0.0,0.0,1.139290509693939,-21.01786387514985,11.19304420464494,0.0,2.0808277621531737,1.987399772053109,0.0,0.0,0.0,4.026682645730119,0,0,0,0,0,0
image_1254.png,surface,0.0,0.0,1.7886271420646584,-12.620720114699388,5.677330017534676,0.0,-1.6853507337963345,-3.046627905472287,0.0,0.0,0.0,1.1492543478113282,0,0,0,0,0,0
image_1255.png,surface,0.0,0.0,1.2498770298382358,4.736793855396135,-2.085957632228753,0.0,3.259940157768168,1.0818292774445302,0.0,0.0,0.0,4.592537673637773,0,0,0,0,0,0
image_1256.png,surface,0.0,0.0,2.969317413961173,16.115210208684474,-3.27827545479567,0.0,-3.661967671996349,1.962340586315473,0.0,0.0,0.0,1.5156882748835132,0,0,0,0,0,0
image_1257.png,surface,0.0,0.0,1.4724913703242777,8.681638638493782,-14.440869501055676,0.0,-2.2902770070281315,-2.425945795811073,0.0,0.0,0.0,-0.6188468070544246,0,0,0,0,0,0
image_1258.png,surface,0.0,0.0,1.728924447117029,-21.142713289392315,-9.588102303119744,0.0,0.1101935829346961,1.8592504807408023,0.0,0.0,0.0,2.4380258836400426,0,0,0,0,0,0
image_1259.png,surface,0.0,0.0,1.4226623720266245,-10.04151593957024,8.5708807717626,0.0,-1.4451155204839448,-1.6011646489775355,0.0,0.0,0.0,2.487501513106721,0,0,0,0,0,0
image_1260.png,surface,0.0,0.0,2.087768112055975,18.08265305105695,-14.479671215187487,0.0,-1.1489376905733253,0.513973475312625,0.0,0.0,0.0,1.849119269512557,0,0,0,0,0,0
image_1261.png,surface,0.0,0.0,2.844536835357156,-6.579200242569947,15.385823999391723,0.0,-3.125486429378136,-1.1556499973900458,0.0,0.0,0.0,-4.77925277030863,0,0,0,0,0,0
image_1262.png,surface,0.0,0.0,1.9653170833779403,20.109701064170974,12.342605028736646,0.0,4.331354688167684,0.7325609198346716,0.0,0.0,0.0,-1.542190382044184,0,0,0,0,0,0
image_1263.png,surface,0.0,0.0,2.484266342075326,0.5038797468927035,7.610088421058622,0.0,4.715388446695332,1.5162048467313287,0.0,0.0,0.0,-4.237642329037766,0,0,0,0,0,0
image_1264.png,surface,0.0,0.0,1.7097772031558012,8.088799495729182,10.900551949115398,0.0,-0.0230818655900298,2.8196374544946603,0.0,0.0,0.0,-0.0680971969413404,0,0,0,0,0,0
image_1265.png,surface,0.0,0.0,1.5647785032794443,17.48256977029254,-3.189579604099324,0.0,0.5133069128884025,3.0447054713778887,0.0,0.0,0.0,-1.6532838732574873,0,0,0,0,0,0
image_1266.png,surface,0.0,0.0,1.1971985301736685,-3.257268798385268,16.558778606252822,0.0,1.5595957543359813,2.610639896334351,0.0,0.0,0.0,-1.5772287892895562,0,0,0,0,0,0
image_1267.png,surface,0.0,0.0,2.939797667865104,16.33703018553259,-13.983419747873269,0.0,-1.7293570933368951,-0.6301205467177375,0.0,0.0,0.0,-3.9402687920918,0,0,0,0,0,0
image_1268.png,surface,0.0,0.0,1.7570244045724048,7.462232592144506,2.807545321735265,0.0,-0.9771584754558492,-0.9972434052147854,0.0,0.0,0.0,-3.835353322921199,0,0,0,0,0,0
image_1269.png,surface,0.0,0.0,2.747226014987213,-23.71477997572449,-1.986549939780921,0.0,1.494970486904246,0.6251290439108775,0.0,0.0,0.0,-2.7098295222220523,0,0,0,0,0,0
image_1270.png,surface,0.0,0.0,2.239392883975784,19.483789204446875,-12.598945834881844,0.0,1.830294427130212,0.7761632294866726,0.0,0.0,0.0,-1.6488574993759055,0,0,0,0,0,0
image_1271.png,surface,0.0,0.0,2.356425023001432,-3.57662709819527,1.7555224625073536,0.0,-3.650903780421796,0.3994468143046412,0.0,0.0,0.0,2.5800086651719125,0,0,0,0,0,0
image_1272.png,surface,0.0,0.0,1.914533336924169,-3.88141805029818,-2.396087302197703,0.0,1.025013698921599,2.407194259309016,0.0,0.0,0.0,0.9882921400464788,0,0,0,0,0,0
image_1273.png,surface,0.0,0.0,1.6544913139552382,-21.229647637559182,12.617360980558896,0.0,-0.3429370004851936,-0.9556362939224928,0.0,0.0,0.0,-4.903307472319075,0,0,0,0,0,0
image_1274.png,surface,0.0,0.0,1.9473800790975329,15.550428483037372,-2.21108504481017,0.0,-0.1285415895144723,-1.774180787084067,0.0,0.0,0.0,-0.3120766778971688,0,0,0,0,0,0
image_1275.png,surface,0.0,0.0,2.532760422631113,16.59361059944563,1.7223856234924988,0.0,-1.9447143605432056,-0.7394985550061555,0.0,0.0,0.0,3.177815580112659,0,0,0,0,0,0
image_1276.png,surface,0.0,0.0,2.824188854044965,8.218721650413965,-3.046772589910927,0.0,-4.33042245750356,-0.7071256471878273,0.0,0.0,0.0,4.533649792423283,0,0,0,0,0,0
image_1277.png,surface,0.0,0.0,1.9905824001704568,6.801996592592357,4.544114219708745,0.0,-3.398601018188676,2.766816918086441,0.0,0.0,0.0,-3.3213489457108847,0,0,0,0,0,0
image_1278.png,surface,0.0,0.0,2.061725394878476,-22.443836296074508,-0.9837003070907566,0.0,-3.2701044661691903,-3.029346132986644,0.0,0.0,0.0,2.613671094403496,0,0,0,0,0,0
image_1279.png,surface,0.0,0.0,2.464916313667766,-0.1562601228191847,-9.074709040926615,0.0,-0.1772187158413722,2.849423173898588,0.0,0.0,0.0,0.674700383630702,0,0,0,0,0,0
image_1280.png,surface,0.0,0.0,2.918692791311842,-7.800486034591998,-23.12536248376797,0.0,0.8248653825535867,-4.783162889095822,0.0,0.0,0.0,1.7996677301574555,0,0,0,0,0,0
image_1281.png,surface,0.0,0.0,2.315644926767158,10.67284052083621,-0.8254472819620244,0.0,-4.671679010112571,-0.5265810151228605,0.0,0.0,0.0,-4.869066121752081,0,0,0,0,0,0
image_1282.png,surface,0.0,0.0,2.700096572327781,0.5434236542893547,-2.150922247297532,0.0,-1.2323336328612111,3.836075031383997,0.0,0.0,0.0,-4.86454174755464,0,0,0,0,0,0
image_1283.png,surface,0.0,0.0,1.808236222845842,11.796728481768266,7.595106895992506,0.0,-3.1169341876328978,-3.155874781765565,0.0,0.0,0.0,-1.6909613163205783,0,0,0,0,0,0
image_1284.png,surface,0.0,0.0,1.3589735118084332,-16.796546268369863,0.9219911802372246,0.0,-1.852968063842121,0.3724413660761835,0.0,0.0,0.0,4.908950274574615,0,0,0,0,0,0
image_1285.png,surface,0.0,0.0,2.409429424978628,17.114587517708962,-3.975973001958259,0.0,1.1074889565310426,3.445375217998018,0.0,0.0,0.0,4.10072060816902,0,0,0,0,0,0
image_1286.png,surface,0.0,0.0,1.4901284361131093,-1.558229594217302,-14.124948823779295,0.0,2.6061229035500486,-2.9146497474109574,0.0,0.0,0.0,-3.441228370310301,0,0,0,0,0,0
image_1287.png,surface,0.0,0.0,2.77166855856614,-20.44122876584421,14.490066389498567,0.0,1.2687606055666916,-2.0623327162069947,0.0,0.0,0.0,3.8309088179924817,0,0,0,0,0,0
image_1288.png,surface,0.0,0.0,1.1574472133630234,14.24587174060336,3.4438306977122006,0.0,-2.1340774598996304,3.2527799371295054,0.0,0.0,0.0,-3.0550149190035345,0,0,0,0,0,0
image_1289.png,surface,0.0,0.0,1.951866714622047,4.206195792539303,1.3386095040347483,0.0,3.8321506274915422,1.5663845547617905,0.0,0.0,0.0,-3.91009128541428,0,0,0,0,0,0
image_1290.png,surface,0.0,0.0,1.87277658106647,2.037042310297163,-2.008240516079874,0.0,-4.228301491555121,-0.8646934755031469,0.0,0.0,0.0,-0.2801228692734439,0,0,0,0,0,0
image_1291.png,surface,0.0,0.0,2.724708354937197,20.36695627596466,9.848185001491952,0.0,3.4898186031498653,2.1377319165727124,0.0,0.0,0.0,-4.399642543497537,0,0,0,0,0,0
image_1292.png,surface,0.0,0.0,2.937572635622329,3.52323633157382,-17.64957022699892,0.0,1.7939938486100262,-4.049634849253654,0.0,0.0,0.0,-2.8822071516741565,0,0,0,0,0,0
image_1293.png,surface,0.0,0.0,2.907252475496984,-13.40317440216035,-21.219998420561144,0.0,0.7230377450683363,4.781379898657085,0.0,0.0,0.0,3.4850732617637696,0,0,0,0,0,0
image_1294.png,surface,0.0,0.0,1.10985958973776,-16.402179021846315,1.3893188081974104,0.0,-1.6358466867306618,-1.4582630962876637,0.0,0.0,0.0,-1.094052716725704,0,0,0,0,0,0
image_1295.png,surface,0.0,0.0,2.981532392890726,-8.836677424242444,3.11706071182672,0.0,2.504772715938193,0.6422024688598283,0.0,0.0,0.0,4.543889173059233,0,0,0,0,0,0
image_1296.png,surface,0.0,0.0,2.335933387565272,19.019602081950225,2.4092658686239394,0.0,-0.399738725088989,-2.890220035982188,0.0,0.0,0.0,1.0701631623706938,0,0,0,0,0,0
image_1297.png,surface,0.0,0.0,1.5045724573368484,-1.229564451549087,16.05435302284263,0.0,-0.4646546473402191,-3.187526735880075,0.0,0.0,0.0,-1.994584762033289,0,0,0,0,0,0
image_1298.png,surface,0.0,0.0,1.7540878740416046,-10.512360095191186,-4.207348210546848,0.0,-2.864886656010709,-0.1034208186757776,0.0,0.0,0.0,-3.28065465094864,0,0,0,0,0,0
image_1299.png,surface,0.0,0.0,2.7773953032779053,10.275951129026366,-16.854920967500366,0.0,1.244577403827703,1.1711785106843493,0.0,0.0,0.0,2.106399126713759,0,0,0,0,0,0
image_1300.png,surface,0.0,0.0,2.832105317064497,-12.250195504673387,-15.773595897299751,0.0,-1.5823290332014637,-4.167399325346202,0.0,0.0,0.0,-2.634867248779875,0,0,0,0,0,0
image_1301.png,surface,0.0,0.0,1.2437789817743403,-10.56335636003333,-10.127691839753416,0.0,-4.536807379377135,-0.5642041927902326,0.0,0.0,0.0,1.102449276522285,0,0,0,0,0,0
image_1302.png,surface,0.0,0.0,1.2866309176753308,1.0628310110288326,-8.203629923901797,0.0,-1.0791630790897595,-0.3275855150807722,0.0,0.0,0.0,4.121953893639013,0,0,0,0,0,0
image_1303.png,surface,0.0,0.0,1.0883910238991563,19.05838060289203,-14.948366151488974,0.0,-2.8418384322586547,-1.9930732521845835,0.0,0.0,0.0,-2.8329973299772027,0,0,0,0,0,0
image_1304.png,surface,0.0,0.0,1.7876929094356016,16.836641691451447,9.42537646474523,0.0,-2.188708590471909,-4.339677578086445,0.0,0.0,0.0,-0.6833259930326481,0,0,0,0,0,0
image_1305.png,surface,0.0,0.0,1.690271178888083,9.01852355628766,-4.850471749720593,0.0,-0.9463488859263588,-2.893477995491857,0.0,0.0,0.0,3.94131404760148,0,0,0,0,0,0
image_1306.png,surface,0.0,0.0,2.3454296226607103,-5.800455352641913,-12.282175295059206,0.0,-0.6784969765394107,1.7307711055735908,0.0,0.0,0.0,-0.0072014136804661,0,0,0,0,0,0
image_1307.png,surface,0.0,0.0,1.323290097662696,8.584925696077496,-23.071700868447284,0.0,-3.482484537481536,-1.2069213795399392,0.0,0.0,0.0,0.0843653955336982,0,0,0,0,0,0
image_1308.png,surface,0.0,0.0,2.593955759172693,-7.749290806930059,17.092474499314203,0.0,2.1839570195170346,-0.5446352108818979,0.0,0.0,0.0,4.372682729040418,0,0,0,0,0,0
image_1309.png,surface,0.0,0.0,2.16029591235986,-5.237256268053361,-18.00636201696126,0.0,-2.0074856740218308,1.1913102978226773,0.0,0.0,0.0,-4.984309261988478,0,0,0,0,0,0
image_1310.png,surface,0.0,0.0,1.2220167456859163,17.793123191228947,1.1140601335245042,0.0,1.5233090127078086,1.899441923510122,0.0,0.0,0.0,-4.014698129295685,0,0,0,0,0,0
image_1311.png,surface,0.0,0.0,2.7937051465324867,11.268588518499676,19.958890002493284,0.0,-1.25337254652703,-2.488250656219172,0.0,0.0,0.0,-3.3357558537982444,0,0,0,0,0,0
image_1312.png,surface,0.0,0.0,2.698853464789746,-20.47005519563685,-13.996589197103642,0.0,-0.9109803784590575,4.328952362967089,0.0,0.0,0.0,-0.1046712575804207,0,0,0,0,0,0
image_1313.png,surface,0.0,0.0,2.508198275355821,-8.271421851846048,18.62595271247193,0.0,0.9496538739439369,-0.2985309215140495,0.0,0.0,0.0,-0.5098441192272691,0,0,0,0,0,0
image_1314.png,surface,0.0,0.0,1.959482751221894,20.090675604489867,-9.610024939021434,0.0,-0.670500485375633,-0.4234304562304233,0.0,0.0,0.0,-2.597821715821947,0,0,0,0,0,0
image_1315.png,surface,0.0,0.0,2.2207586671101165,-22.9146470533347,-6.616455603582249,0.0,-4.010053097155845,2.7466177182967053,0.0,0.0,0.0,3.1996189220230686,0,0,0,0,0,0
image_1316.png,surface,0.0,0.0,1.395549961223,10.21540007148031,-9.20908052194971,0.0,-1.8541516628416743,1.983091370711316,0.0,0.0,0.0,-1.821046486933966,0,0,0,0,0,0
image_1317.png,surface,0.0,0.0,2.5195977793575004,8.63561740473614,20.21926947109274,0.0,4.009495421946642,-2.544998729223516,0.0,0.0,0.0,-1.0624181028616952,0,0,0,0,0,0
image_1318.png,surface,0.0,0.0,2.387889742455235,20.62081032158813,5.452404315572434,0.0,-0.2249365826094459,3.9742853463760346,0.0,0.0,0.0,2.23617037550424,0,0,0,0,0,0
image_1319.png,surface,0.0,0.0,2.5978234087818337,-2.2981411750744445,-10.004064169373848,0.0,2.265737479556276,-4.077165837957995,0.0,0.0,0.0,3.313872556731553,0,0,0,0,0,0
image_1320.png,surface,0.0,0.0,2.875792328719529,24.53818135979426,-3.01167779372997,0.0,2.8072633445288457,-1.522343195007018,0.0,0.0,0.0,-3.210528319416005,0,0,0,0,0,0
image_1321.png,surface,0.0,0.0,2.777735915511117,2.7020370177771333,-5.608006818761594,0.0,2.3689643437498216,0.3391503191250845,0.0,0.0,0.0,4.128527482390782,0,0,0,0,0,0
image_1322.png,surface,0.0,0.0,2.7908084334837384,11.677614433112664,15.04967955274252,0.0,0.3790963173949236,-3.0842945225384475,0.0,0.0,0.0,-3.728508494601661,0,0,0,0,0,0
image_1323.png,surface,0.0,0.0,1.8599831710564887,-17.834979272873365,-5.293682424959576,0.0,-1.89307110129982,-2.252291478844379,0.0,0.0,0.0,-4.764512469098117,0,0,0,0,0,0
image_1324.png,surface,0.0,0.0,2.577196811157121,14.64918637587351,10.975853782604371,0.0,4.180852168235313,-0.4036901742337903,0.0,0.0,0.0,3.954507716921828,0,0,0,0,0,0
image_1325.png,surface,0.0,0.0,2.939157347589888,-14.416657512863624,7.184442659387305,0.0,3.1558814512280184,-0.7621461739718312,0.0,0.0,0.0,3.340007936867311,0,0,0,0,0,0
image_1326.png,surface,0.0,0.0,1.5321585408307974,21.14103605450697,-11.28569338197174,0.0,-2.88537046450796,2.1103447436515776,0.0,0.0,0.0,4.898909244503326,0,0,0,0,0,0
image_1327.png,surface,0.0,0.0,2.530404138935426,-17.446106960464,-8.97849709224553,0.0,-1.3399105136194116,0.9408875638834092,0.0,0.0,0.0,1.942885822422788,0,0,0,0,0,0
image_1328.png,surface,0.0,0.0,1.4862362453232492,-4.613505208355677,-3.509121765718931,0.0,-0.5902916324382443,0.8609249443643328,0.0,0.0,0.0,0.1096096533203425,0,0,0,0,0,0
image_1329.png,surface,0.0,0.0,1.570631199910266,-18.38352629966131,17.098927317732105,0.0,-2.0305695530397143,-0.5822692118482261,0.0,0.0,0.0,4.649079986306447,0,0,0,0,0,0
image_1330.png,surface,0.0,0.0,1.85536518806416,-10.34839900461953,13.770330693622505,0.0,1.1344636856697867,-3.767234668821322,0.0,0.0,0.0,0.5083839988575836,0,0,0,0,0,0
image_1331.png,surface,0.0,0.0,1.8843200923358936,-0.8847107682856198,6.836048322923997,0.0,-1.693486764229868,2.03707996458382,0.0,0.0,0.0,4.977805931072922,0,0,0,0,0,0
image_1332.png,surface,0.0,0.0,2.401600263643167,1.6802129949398277,-22.82730645611442,0.0,-0.7271920777940569,-2.086925907031687,0.0,0.0,0.0,-0.4303328833841346,0,0,0,0,0,0
image_1333.png,surface,0.0,0.0,1.209480461947895,-0.6287618134628126,8.648202944513075,0.0,-0.7692809931079141,2.0727377115028927,0.0,0.0,0.0,-2.3442578288733698,0,0,0,0,0,0
image_1334.png,surface,0.0,0.0,2.683251079987442,-11.120080509068194,19.35383687101262,0.0,-2.212700690064976,3.3718245583937394,0.0,0.0,0.0,-2.747498856749435,0,0,0,0,0,0
image_1335.png,surface,0.0,0.0,1.2722546064935674,-23.52898954876132,-7.740238280356692,0.0,-0.2594811064250579,-0.2881023001073318,0.0,0.0,0.0,3.2710963214495035,0,0,0,0,0,0
image_1336.png,surface,0.0,0.0,1.0511531195023416,4.122413575311779,-17.80896620651951,0.0,0.8990364547138895,-4.437736435315775,0.0,0.0,0.0,4.670825468029461,0,0,0,0,0,0
image_1337.png,surface,0.0,0.0,1.8063914330169708,13.468512864512652,-11.09465325976682,0.0,-0.6323196239491949,-2.4886677703621167,0.0,0.0,0.0,3.165998496318325,0,0,0,0,0,0
image_1338.png,surface,0.0,0.0,2.550120524951755,-16.351396423078132,11.065728272874829,0.0,0.0743694769386966,4.342305345987063,0.0,0.0,0.0,0.1050848205692354,0,0,0,0,0,0
image_1339.png,surface,0.0,0.0,1.6968473362756773,-9.4063785049647,-13.467047252995163,0.0,2.180216972308989,-1.7004250014368556,0.0,0.0,0.0,-3.122772980296442,0,0,0,0,0,0
image_1340.png,surface,0.0,0.0,2.700576263188632,-8.06259327645327,-12.903969432210165,0.0,0.2567788505398365,4.538755180070173,0.0,0.0,0.0,-0.826485360607526,0,0,0,0,0,0
image_1341.png,surface,0.0,0.0,2.326740069537996,20.4547529994032,-6.825923893860353,0.0,0.97044598997721,-3.903934868486484,0.0,0.0,0.0,-4.005795841377139,0,0,0,0,0,0
image_1342.png,surface,0.0,0.0,2.417798428191364,-0.7478348219936932,-5.73273008735355,0.0,0.8123916723009241,2.3162702978435563,0.0,0.0,0.0,2.380006526045721,0,0,0,0,0,0
image_1343.png,surface,0.0,0.0,2.0338368822798945,17.402984951711787,2.412129652594442,0.0,-0.3136787116999529,-3.4395420848547986,0.0,0.0,0.0,0.7049182635253786,0,0,0,0,0,0
image_1344.png,surface,0.0,0.0,2.178781159613993,17.477474354669894,3.339507948427501,0.0,-2.765435820719266,-1.720810732330483,0.0,0.0,0.0,3.644554314129581,0,0,0,0,0,0
image_1345.png,surface,0.0,0.0,1.3275911891687384,8.17181703811172,22.05057160298562,0.0,-2.4411200066266607,2.993018377569857,0.0,0.0,0.0,-3.18039788317497,0,0,0,0,0,0
image_1346.png,surface,0.0,0.0,2.7749977884259422,2.183430433507157,-23.965910822689725,0.0,0.6469743333125043,3.519460317121523,0.0,0.0,0.0,3.5413278234575234,0,0,0,0,0,0
image_1347.png,surface,0.0,0.0,1.851518784541299,-9.43631858713728,-0.6553252450147282,0.0,2.872500377170054,-3.8155535045629314,0.0,0.0,0.0,-2.5282858403017605,0,0,0,0,0,0
image_1348.png,surface,0.0,0.0,1.8777884850994664,2.2676447696901745,23.41834040551618,0.0,-0.961489950092681,1.0814289091430551,0.0,0.0,0.0,3.589153160268692,0,0,0,0,0,0
image_1349.png,surface,0.0,0.0,2.356944372227648,-9.29484185569314,9.826990040337964,0.0,-3.469526704690974,-0.3547313943615694,0.0,0.0,0.0,2.942227736707574,0,0,0,0,0,0
image_1350.png,surface,0.0,0.0,2.7767877250196458,-16.062050955419487,1.038558311325521,0.0,-0.4942066079481989,3.012828406559316,0.0,0.0,0.0,1.4198445268431046,0,0,0,0,0,0
image_1351.png,surface,0.0,0.0,2.488089614272089,-3.28671601152954,17.340487388215625,0.0,2.682575546335418,4.015197699573906,0.0,0.0,0.0,4.071261151327995,0,0,0,0,0,0
image_1352.png,surface,0.0,0.0,1.882695569874324,5.36021222730271,-22.44887214951224,0.0,0.9910256499012914,-0.910147646010911,0.0,0.0,0.0,4.681977111004152,0,0,0,0,0,0
image_1353.png,surface,0.0,0.0,1.9247552243854047,-14.931464461669162,-6.858781577900664,0.0,4.022315696774753,-0.7658391098290206,0.0,0.0,0.0,-0.6351908490770741,0,0,0,0,0,0
image_1354.png,surface,0.0,0.0,1.5567112859204917,1.116244224813426,-23.60919174761294,0.0,0.765191276567252,2.354172513822699,0.0,0.0,0.0,0.4085274770579863,0,0,0,0,0,0
image_1355.png,surface,0.0,0.0,1.1167839656285634,7.808989863208549,21.814894555083846,0.0,-4.251613817649895,2.1168414963885938,0.0,0.0,0.0,1.8297699775509968,0,0,0,0,0,0
image_1356.png,surface,0.0,0.0,2.87936921829825,-5.190627735871765,23.563809608215923,0.0,-3.0564694078384624,-1.2655682774984114,0.0,0.0,0.0,-3.476372658978728,0,0,0,0,0,0
image_1357.png,surface,0.0,0.0,1.199245561655288,-8.512571352515055,-11.316188586567836,0.0,1.7413322595902836,-3.26232486254568,0.0,0.0,0.0,-4.288836321744959,0,0,0,0,0,0
image_1358.png,surface,0.0,0.0,1.5410516772249816,-3.962982456933025,8.073223367113707,0.0,-0.2169385644488774,-0.5433249062201255,0.0,0.0,0.0,3.5864957149009467,0,0,0,0,0,0
image_1359.png,surface,0.0,0.0,2.8948969765213874,13.14494640576746,14.33193387759586,0.0,-2.155108058781724,-0.2564296757143513,0.0,0.0,0.0,2.471581001080793,0,0,0,0,0,0
image_1360.png,surface,0.0,0.0,2.155550005913941,-24.77458117077292,3.4035515239725944,0.0,3.308244670375146,-0.6203545905510857,0.0,0.0,0.0,-2.450851335754339,0,0,0,0,0,0
image_1361.png,surface,0.0,0.0,2.7061396123722488,3.8849528536688376,19.5227234386376,0.0,-1.010002952854669,3.294534531344846,0.0,0.0,0.0,-4.682174904084057,0,0,0,0,0,0
image_1362.png,surface,0.0,0.0,2.3902497010958816,18.10446242763985,16.06767207842207,0.0,-3.987704957013885,1.270198748031381,0.0,0.0,0.0,-2.630090843166524,0,0,0,0,0,0
image_1363.png,surface,0.0,0.0,1.092806980053047,-5.772578465994508,-13.086219347046748,0.0,2.051497388110965,-3.6380373808685182,0.0,0.0,0.0,0.744752922796577,0,0,0,0,0,0
image_1364.png,surface,0.0,0.0,1.2996416988702222,-11.629671787037855,-13.609590535085909,0.0,-3.8672265417532734,1.5054041556192694,0.0,0.0,0.0,-4.397316846807438,0,0,0,0,0,0
image_1365.png,surface,0.0,0.0,1.2350759250399654,-15.920571207322991,-2.0880195298044195,0.0,-1.5248406470085485,-0.6249811076704155,0.0,0.0,0.0,-0.8526134241902872,0,0,0,0,0,0
image_1366.png,surface,0.0,0.0,1.9625668787695267,-9.516988559632155,-10.86988777809186,0.0,-4.341403673625308,0.9403698068265968,0.0,0.0,0.0,3.2017777988001352,0,0,0,0,0,0
image_1367.png,surface,0.0,0.0,2.6328192520125406,-18.33986718882367,-1.7648544578386496,0.0,3.5389542264911023,3.2498072411356613,0.0,0.0,0.0,0.5268392264004245,0,0,0,0,0,0
image_1368.png,surface,0.0,0.0,2.436368741872042,-24.48279828896092,4.085942918735189,0.0,-4.231328584095073,1.2022829492576832,0.0,0.0,0.0,-3.5808270657359023,0,0,0,0,0,0
image_1369.png,surface,0.0,0.0,1.4142783000895205,-3.023407876797629,12.494795308591357,0.0,4.653269400854382,-0.1533741241902153,0.0,0.0,0.0,-3.06791507697958,0,0,0,0,0,0
image_1370.png,surface,0.0,0.0,1.833612755869528,5.97417487930265,11.545183129392502,0.0,4.183755589347112,2.510791713297573,0.0,0.0,0.0,3.711732761199391,0,0,0,0,0,0
image_1371.png,surface,0.0,0.0,2.3965971802424866,-11.401106119757136,-13.738793469191934,0.0,-4.749321664020392,-0.5768374894329503,0.0,0.0,0.0,2.5958131961383053,0,0,0,0,0,0
image_1372.png,surface,0.0,0.0,2.788773405876894,2.011084212286576,23.82532970813358,0.0,3.4200654726929987,-0.8961045359013339,0.0,0.0,0.0,-4.087290776051576,0,0,0,0,0,0
image_1373.png,surface,0.0,0.0,2.832248443378852,-20.35912438330309,-11.970592260305622,0.0,3.04949545960442,-0.8461655109677192,0.0,0.0,0.0,4.399359978759904,0,0,0,0,0,0
image_1374.png,surface,0.0,0.0,2.00926632553814,17.40888584195822,-13.091159108920191,0.0,-2.1861476170869274,1.0164338197982152,0.0,0.0,0.0,-1.7388546102018476,0,0,0,0,0,0
image_1375.png,surface,0.0,0.0,1.832402572297385,17.378670182535394,-5.803107199724251,0.0,-0.6311451151115766,-1.944811330102139,0.0,0.0,0.0,4.23509826870556,0,0,0,0,0,0
image_1376.png,surface,0.0,0.0,2.303452790003136,-4.038516073330156,18.48481967108885,0.0,4.940858702490042,-0.5672102267100484,0.0,0.0,0.0,-1.5195254105236602,0,0,0,0,0,0
image_1377.png,surface,0.0,0.0,2.325104842349246,-13.59887228722812,-20.039529685607448,0.0,0.327641955873836,4.934873290674608,0.0,0.0,0.0,2.026064400315695,0,0,0,0,0,0
image_1378.png,surface,0.0,0.0,2.946564030302446,-16.086204797141544,16.741555929773558,0.0,-0.1982880561400187,3.333435547491986,0.0,0.0,0.0,3.765285200372322,0,0,0,0,0,0
image_1379.png,surface,0.0,0.0,1.9961095402403928,9.026172202690358,2.12392828754502,0.0,-0.0526501870291966,-4.394126399951179,0.0,0.0,0.0,1.1473452398954134,0,0,0,0,0,0
image_1380.png,surface,0.0,0.0,2.07522859286415,20.05064880575298,11.398211479131588,0.0,-1.041710813841741,-2.866000030969281,0.0,0.0,0.0,-1.0537355605089536,0,0,0,0,0,0
image_1381.png,surface,0.0,0.0,1.9183617461554097,18.51241148327838,-15.668196861878643,0.0,-2.3987064936124587,-0.2319456212475591,0.0,0.0,0.0,-4.461088243333054,0,0,0,0,0,0
image_1382.png,surface,0.0,0.0,2.434139901994432,18.41341944412208,15.961095211873875,0.0,-1.8848161832216608,1.5302941578632046,0.0,0.0,0.0,2.347009289531151,0,0,0,0,0,0
image_1383.png,surface,0.0,0.0,1.6704728463022365,0.0038546635045839,-0.8275616514114429,0.0,1.5268895507536588,0.4993524131951484,0.0,0.0,0.0,2.1504586207103067,0,0,0,0,0,0
image_1384.png,surface,0.0,0.0,1.0713245218752625,-11.490104482624044,-0.84749347714466,0.0,3.1449223413739245,-0.1326698380031121,0.0,0.0,0.0,2.539077736222996,0,0,0,0,0,0
image_1385.png,surface,0.0,0.0,2.11231167529075,-1.0290017776219171,-9.798051703452076,0.0,1.0380861741932192,0.6178419790826098,0.0,0.0,0.0,-4.982292876740724,0,0,0,0,0,0
image_1386.png,surface,0.0,0.0,1.562576365356405,16.98637285090092,6.810379999029441,0.0,0.9275233967143406,0.0344608554014927,0.0,0.0,0.0,3.2231777131876864,0,0,0,0,0,0
image_1387.png,surface,0.0,0.0,2.4960072408380727,15.89165601849281,-9.485542215929945,0.0,1.2863387460312643,1.0038644382814583,0.0,0.0,0.0,2.5813968767544795,0,0,0,0,0,0
image_1388.png,surface,0.0,0.0,1.3435285524857132,-22.77179061169265,6.608603946859779,0.0,2.803288031836793,0.8203919489183782,0.0,0.0,0.0,-0.6592466618718067,0,0,0,0,0,0
image_1389.png,surface,0.0,0.0,2.6902097225508186,14.530390763772632,-18.756791452244656,0.0,-4.392739555577655,-1.7110703336314546,0.0,0.0,0.0,-0.6661937102999627,0,0,0,0,0,0
image_1390.png,surface,0.0,0.0,2.521819456701216,8.973265995177558,16.977238764592016,0.0,3.4147836645075142,0.7639599586427394,0.0,0.0,0.0,-3.509725239092819,0,0,0,0,0,0
image_1391.png,surface,0.0,0.0,1.753189492016434,-7.817283902342321,10.880503221135251,0.0,-0.4184529364511391,-0.7981735061773366,0.0,0.0,0.0,-1.9835534575276883,0,0,0,0,0,0
image_1392.png,surface,0.0,0.0,1.3444985948104584,-7.810835487475257,-12.693863923624669,0.0,-2.56449908841912,-3.891455671613023,0.0,0.0,0.0,-3.606328808613518,0,0,0,0,0,0
image_1393.png,surface,0.0,0.0,2.7103594296749667,-17.161695542191612,9.764419286977445,0.0,1.8639049084984216,-4.058010235401193,0.0,0.0,0.0,-2.914119059463092,0,0,0,0,0,0
image_1394.png,surface,0.0,0.0,1.683392560661115,-7.170614772950327,3.4282571926567003,0.0,-1.2310903400312372,-1.458960176503815,0.0,0.0,0.0,1.4989055728335812,0,0,0,0,0,0
image_1395.png,surface,0.0,0.0,1.2083015637773875,15.564137228174152,-14.268521142641251,0.0,0.155363749898392,0.0957991033649466,0.0,0.0,0.0,1.1548891918901465,0,0,0,0,0,0
image_1396.png,surface,0.0,0.0,2.016213916966532,-20.63308390241609,-6.510082979907985,0.0,0.278860197810392,-0.9100921268073856,0.0,0.0,0.0,-1.6393093183191096,0,0,0,0,0,0
image_1397.png,surface,0.0,0.0,1.0806394256538223,5.955375703427347,23.21002349694962,0.0,-2.2973363311851007,1.266968865651142,0.0,0.0,0.0,4.168229015471979,0,0,0,0,0,0
image_1398.png,surface,0.0,0.0,1.321593643812801,-5.141443863404413,4.481900067435567,0.0,-3.578490347796974,-0.8390741803666956,0.0,0.0,0.0,1.2628271264614916,0,0,0,0,0,0
image_1399.png,surface,0.0,0.0,1.2648126927722672,14.78559882375428,-2.595022881618364,0.0,0.3195074737605718,-0.0612670471252724,0.0,0.0,0.0,-3.1629797656269765,0,0,0,0,0,0
image_1400.png,surface,0.0,0.0,1.9979198084569865,-9.853133371892833,-20.02787766305397,0.0,0.5993592101342301,-3.818178883203025,0.0,0.0,0.0,-3.8663285857650393,0,0,0,0,0,0
image_1401.png,surface,0.0,0.0,1.656472811128277,4.001022259332936,18.98298591896612,0.0,-2.90761635403434,0.1288059698696643,0.0,0.0,0.0,-0.7828687655620294,0,0,0,0,0,0
image_1402.png,surface,0.0,0.0,2.449351601271053,17.575063280281885,15.086415251412518,0.0,-1.9801256827390348,0.9262916522436152,0.0,0.0,0.0,4.985219497057612,0,0,0,0,0,0
image_1403.png,surface,0.0,0.0,1.2163544947739842,-14.219129980627187,-5.634345912764911,0.0,-3.62714881369436,2.515470955207268,0.0,0.0,0.0,-1.2063015090955176,0,0,0,0,0,0
image_1404.png,surface,0.0,0.0,1.6113238838109845,4.291895260508431,-21.03178698364808,0.0,-3.734517674201247,-1.448249673726378,0.0,0.0,0.0,-2.919714062395774,0,0,0,0,0,0
image_1405.png,surface,0.0,0.0,1.5973956903674635,-18.4412030627639,12.7020459263005,0.0,1.3426156794823647,-0.6224267451971313,0.0,0.0,0.0,-3.0344857642246925,0,0,0,0,0,0
image_1406.png,surface,0.0,0.0,2.49457869797384,-22.00316890250473,-8.716067420993426,0.0,2.817275032026822,-2.827823824384749,0.0,0.0,0.0,-1.5129298312289894,0,0,0,0,0,0
image_1407.png,surface,0.0,0.0,2.7595491442014266,18.867203756929253,-8.256483501307113,0.0,-4.521266558505749,0.6561914292340227,0.0,0.0,0.0,4.768939317568883,0,0,0,0,0,0
image_1408.png,surface,0.0,0.0,1.9854295076648072,6.424009355793984,1.1132230736176514,0.0,-4.543348358436811,-1.3009687366815734,0.0,0.0,0.0,2.115797046349506,0,0,0,0,0,0
image_1409.png,surface,0.0,0.0,2.1233543054377924,-1.3064776234873958,-23.141154776487333,0.0,0.4652692604659004,-0.6199299000282631,0.0,0.0,0.0,-4.931524485224593,0,0,0,0,0,0
image_1410.png,surface,0.0,0.0,2.593795138558736,3.180670384322131,5.784077810769592,0.0,-2.1958843030030577,1.3327466799739451,0.0,0.0,0.0,-1.863820576387031,0,0,0,0,0,0
image_1411.png,surface,0.0,0.0,2.742419097124379,2.2359303916472624,3.532665248506392,0.0,2.201180350384897,-0.3098649889448817,0.0,0.0,0.0,4.074699753606128,0,0,0,0,0,0
image_1412.png,surface,0.0,0.0,2.5274600040154294,-11.058177635607706,7.702756444263905,0.0,-0.3944861889320383,4.144099250321485,0.0,0.0,0.0,0.8709564965749976,0,0,0,0,0,0
image_1413.png,surface,0.0,0.0,1.5179932947964032,-6.616963344547398,17.954538622851842,0.0,-2.466883239866029,-0.6046262440362032,0.0,0.0,0.0,-1.089960712429253,0,0,0,0,0,0
image_1414.png,surface,0.0,0.0,1.1459368244109749,-17.70069730050316,16.7393803444872,0.0,-2.0318169592649515,2.29629952081756,0.0,0.0,0.0,-0.2013451225580942,0,0,0,0,0,0
image_1415.png,surface,0.0,0.0,1.4218386929352096,-10.610839752151742,14.596518384463044,0.0,-3.163074337629677,-3.586728445446932,0.0,0.0,0.0,2.0798088972072923,0,0,0,0,0,0
image_1416.png,surface,0.0,0.0,2.239132724486313,-14.33533294754244,-19.07823450057779,0.0,-0.3082989366402079,-3.8628230088285136,0.0,0.0,0.0,-3.274650703785845,0,0,0,0,0,0
image_1417.png,surface,0.0,0.0,2.097773932657331,6.237776455996198,21.48234213075204,0.0,-3.824618911336996,-0.1521081443773404,0.0,0.0,0.0,-0.5216687630997559,0,0,0,0,0,0
image_1418.png,surface,0.0,0.0,2.0156495098986387,8.254295910539529,15.157686291499363,0.0,-3.9135805306725806,0.1855057759535123,0.0,0.0,0.0,1.6144081126649832,0,0,0,0,0,0
image_1419.png,surface,0.0,0.0,1.1463635915017938,-1.809143131164561,-12.424542252329951,0.0,-4.192072891564859,1.742406722246093,0.0,0.0,0.0,0.9128089966840748,0,0,0,0,0,0
image_1420.png,surface,0.0,0.0,1.8217390319489608,-17.42458205046486,4.63624436109831,0.0,-3.151842961069877,0.8298222527133544,0.0,0.0,0.0,-0.6048239490795506,0,0,0,0,0,0
image_1421.png,surface,0.0,0.0,1.052378461754866,-12.286519171516648,13.02025976248242,0.0,3.796932879540555,0.0816165587864249,0.0,0.0,0.0,2.750685968765437,0,0,0,0,0,0
image_1422.png,surface,0.0,0.0,2.3067803968532283,-8.960642808578237,18.586608136296302,0.0,4.409721963237541,-1.493889189975451,0.0,0.0,0.0,4.236813590461741,0,0,0,0,0,0
image_1423.png,surface,0.0,0.0,1.4917406206237145,-18.056425986268188,-9.745227835872386,0.0,-3.678932230004999,2.217066443691206,0.0,0.0,0.0,-4.725900721452013,0,0,0,0,0,0
image_1424.png,surface,0.0,0.0,2.4140994204836623,13.581722096055929,10.199589222089338,0.0,-3.0940465557305683,-0.5592508180186817,0.0,0.0,0.0,0.6569776582628606,0,0,0,0,0,0
image_1425.png,surface,0.0,0.0,2.0644956058177755,-2.863478301390971,-1.0335971911234818,0.0,4.84526733796944,-0.0654907260164682,0.0,0.0,0.0,-3.453488958644063,0,0,0,0,0,0
image_1426.png,surface,0.0,0.0,1.1083479822712612,-2.987263077592408,13.390065568675478,0.0,-2.731111562366679,2.9388221938086665,0.0,0.0,0.0,-4.949446612468876,0,0,0,0,0,0
image_1427.png,surface,0.0,0.0,1.2784275637306182,-7.00856847311557,4.142092116506286,0.0,-0.8014515155282689,-4.158779444312446,0.0,0.0,0.0,-1.9781094943590365,0,0,0,0,0,0
image_1428.png,surface,0.0,0.0,2.823555010425403,-6.201125357673741,-16.69463051773608,0.0,-1.483404852923382,-3.329057943024756,0.0,0.0,0.0,-4.742812434536575,0,0,0,0,0,0
image_1429.png,surface,0.0,0.0,2.751569778737532,-16.54891651786817,14.048795118607028,0.0,-0.4586805173384278,1.1193979885090029,0.0,0.0,0.0,-1.3151435923628654,0,0,0,0,0,0
image_1430.png,surface,0.0,0.0,2.631508287704312,-13.16702276381172,-1.351288569383293,0.0,0.9447075956480148,0.562967351667699,0.0,0.0,0.0,3.724950394481049,0,0,0,0,0,0
image_1431.png,surface,0.0,0.0,2.1423054040162377,19.56418701200989,-7.1369507739956255,0.0,-1.004184610053822,-3.678350807752338,0.0,0.0,0.0,2.7023766042183963,0,0,0,0,0,0
image_1432.png,surface,0.0,0.0,1.7203785863843652,-4.02067157087049,14.901149912391698,0.0,4.32095208885938,-1.4481102737037237,0.0,0.0,0.0,4.608042146719395,0,0,0,0,0,0
image_1433.png,surface,0.0,0.0,2.9175278913163822,17.965554134267208,-9.909251536506993,0.0,3.488849612378152,-1.654672654914316,0.0,0.0,0.0,-1.1603973903015774,0,0,0,0,0,0
image_1434.png,surface,0.0,0.0,2.818881600702208,17.579429767354732,-12.301800361861677,0.0,2.7400624493227204,-3.7272451852209554,0.0,0.0,0.0,1.6227811694685688,0,0,0,0,0,0
image_1435.png,surface,0.0,0.0,1.0340546360326186,2.8111128419529736,7.3116262460900145,0.0,-0.5172498586967048,-3.315009270199556,0.0,0.0,0.0,4.596473919806087,0,0,0,0,0,0
image_1436.png,surface,0.0,0.0,1.2421322351732131,9.599255971983844,7.870053864548845,0.0,3.085047136355176,-2.9032839564224404,0.0,0.0,0.0,2.005347545802124,0,0,0,0,0,0
image_1437.png,surface,0.0,0.0,2.086098482700133,14.344972618970385,-12.880865012506918,0.0,0.7745009629081089,3.8235348229054575,0.0,0.0,0.0,0.3651251226881165,0,0,0,0,0,0
image_1438.png,surface,0.0,0.0,2.3810505625930944,-10.483822971263336,8.387009044236901,0.0,-2.5364872951178565,-2.319757598946355,0.0,0.0,0.0,1.5234992167448,0,0,0,0,0,0
image_1439.png,surface,0.0,0.0,1.929677125613426,-6.40853936080079,-2.1716200623964927,0.0,-0.1581978601677426,-0.7205797959284671,0.0,0.0,0.0,-4.974398039168077,0,0,0,0,0,0
image_1440.png,surface,0.0,0.0,1.364133601069872,2.825615008529622,-18.44965728486929,0.0,-4.322774462992896,-1.6599121823297216,0.0,0.0,0.0,-3.4044125253652324,0,0,0,0,0,0
image_1441.png,surface,0.0,0.0,1.840561113404163,14.023004237966893,20.827990841569008,0.0,2.784403503693339,-3.948991830082987,0.0,0.0,0.0,-2.5925934714119645,0,0,0,0,0,0
image_1442.png,surface,0.0,0.0,1.4107235168534038,9.396751264443788,6.594229467256006,0.0,-2.9753754532666314,-0.9519801007391162,0.0,0.0,0.0,-2.638820379355411,0,0,0,0,0,0
image_1443.png,surface,0.0,0.0,2.608401635411,1.7673029277754102,0.9094658941034076,0.0,4.560828578442394,1.2005822359035705,0.0,0.0,0.0,2.9481795997718274,0,0,0,0,0,0
image_1444.png,surface,0.0,0.0,2.0844456698204974,-11.301699038229517,3.685800943778781,0.0,-1.6451014858169315,3.3451234442457114,0.0,0.0,0.0,-0.3417246391341244,0,0,0,0,0,0
image_1445.png,surface,0.0,0.0,1.8177050773845207,-2.865345000551124,9.761758476113007,0.0,4.458356491289522,-0.6251462247915729,0.0,0.0,0.0,-0.0451524374566494,0,0,0,0,0,0
image_1446.png,surface,0.0,0.0,1.2833322944052834,10.410280077585874,-15.108449039184594,0.0,-2.009376210092922,0.1739068960634106,0.0,0.0,0.0,4.891398284545245,0,0,0,0,0,0
image_1447.png,surface,0.0,0.0,2.028876229724593,-4.207686516916825,13.479406453032087,0.0,4.789570531014049,-0.4911378384438214,0.0,0.0,0.0,0.2335074803557297,0,0,0,0,0,0
image_1448.png,surface,0.0,0.0,2.1327806879352043,7.293410239991755,-10.516069004002867,0.0,1.7588564890409568,2.581656541657092,0.0,0.0,0.0,4.9050892068596,0,0,0,0,0,0
image_1449.png,surface,0.0,0.0,2.306209480514683,-22.5759749805908,8.866017246103608,0.0,4.128262951607702,1.1068488086045185,0.0,0.0,0.0,-3.202402138163569,0,0,0,0,0,0
image_1450.png,surface,0.0,0.0,2.4111100396333427,-11.298858455134765,2.778723254098629,0.0,-1.0341376847638957,0.1704053406163765,0.0,0.0,0.0,-4.94345589121023,0,0,0,0,0,0
image_1451.png,surface,0.0,0.0,1.0836555139872956,-6.083097249598842,-2.8134029010977817,0.0,3.2423570253901657,-3.5238795199389665,0.0,0.0,0.0,4.13775559668553,0,0,0,0,0,0
image_1452.png,surface,0.0,0.0,1.7555943745848954,-13.429015038044094,-0.4688741615993561,0.0,3.432545696405234,1.6701791205492034,0.0,0.0,0.0,2.163106829218892,0,0,0,0,0,0
image_1453.png,surface,0.0,0.0,1.7440753450531443,7.691038931300851,15.31537361064372,0.0,0.3038096131015048,-4.846191032176517,0.0,0.0,0.0,0.8732922028949597,0,0,0,0,0,0
image_1454.png,surface,0.0,0.0,1.3409833336403874,7.943877424707997,-6.719633906438988,0.0,1.290393896093979,-1.4659832531562198,0.0,0.0,0.0,1.3287954266747537,0,0,0,0,0,0
image_1455.png,surface,0.0,0.0,1.6444358482535275,-12.70500322552244,8.953347509240112,0.0,-1.4404000407341782,-3.3006644500732083,0.0,0.0,0.0,0.6599865292802303,0,0,0,0,0,0
image_1456.png,surface,0.0,0.0,1.0882756163795797,7.328829014560231,-12.65555089264904,0.0,3.2377630596341764,0.1882394156702317,0.0,0.0,0.0,-0.2593435168086433,0,0,0,0,0,0
image_1457.png,surface,0.0,0.0,1.9242864725585096,-7.398329296397786,23.30994989823041,0.0,0.8343178344123195,-0.857170227895408,0.0,0.0,0.0,-0.3560762340269363,0,0,0,0,0,0
image_1458.png,surface,0.0,0.0,2.0276383447531043,-18.600019415225866,-8.84174352412067,0.0,2.0372541245083364,-3.826365214447672,0.0,0.0,0.0,2.622218498712183,0,0,0,0,0,0
image_1459.png,surface,0.0,0.0,1.978405932609208,-4.953419651954882,-14.62532948040325,0.0,2.5177456696617826,-4.15918415563918,0.0,0.0,0.0,-2.101740913987004,0,0,0,0,0,0
image_1460.png,surface,0.0,0.0,1.283968166421977,10.019609430055798,14.58741771955174,0.0,-2.424764074209897,2.6629197358935306,0.0,0.0,0.0,3.5415224195175856,0,0,0,0,0,0
image_1461.png,surface,0.0,0.0,1.2117300313304782,-14.17944160278873,-10.770374748108562,0.0,-1.3821080257452203,0.7885926581937232,0.0,0.0,0.0,2.9130953280794305,0,0,0,0,0,0
image_1462.png,surface,0.0,0.0,2.518328740710147,3.936035181303069,17.55183241606978,0.0,-4.950842883723934,-0.4436781250759019,0.0,0.0,0.0,-3.0774137287802605,0,0,0,0,0,0
image_1463.png,surface,0.0,0.0,2.4977510787662887,-4.3221047084275765,-17.607538026165834,0.0,1.3846903275184137,-1.2117252645329075,0.0,0.0,0.0,1.2071048776477316,0,0,0,0,0,0
image_1464.png,surface,0.0,0.0,1.5939287392181722,13.493229332786802,-15.82651403742804,0.0,1.495742858871444,0.7084823049370189,0.0,0.0,0.0,-2.6905277769238034,0,0,0,0,0,0
image_1465.png,surface,0.0,0.0,2.3600559082431447,-16.63751677838934,2.05782779096176,0.0,-3.838243873313555,1.0511415441487622,0.0,0.0,0.0,3.6191510118817423,0,0,0,0,0,0
image_1466.png,surface,0.0,0.0,2.883029972383543,19.833271788959348,8.277721372435487,0.0,1.3821677859433992,2.098583986107084,0.0,0.0,0.0,1.7535667999292528,0,0,0,0,0,0
image_1467.png,surface,0.0,0.0,2.6780478048748844,10.210800752639916,12.04485260038879,0.0,0.2204982902520996,2.965325522672684,0.0,0.0,0.0,3.378575480478576,0,0,0,0,0,0
image_1468.png,surface,0.0,0.0,1.5908371355569428,21.40940721006156,-1.7706829485864632,0.0,-4.095167990882472,1.5409357516069515,0.0,0.0,0.0,-2.561553768687792,0,0,0,0,0,0
image_1469.png,surface,0.0,0.0,1.266460861431381,-1.3742504823459871,-14.304479425603317,0.0,-2.655401530064176,2.985099149869763,0.0,0.0,0.0,-4.706094060836035,0,0,0,0,0,0
image_1470.png,surface,0.0,0.0,1.1024557297778197,-9.66682990548098,-16.54290780623333,0.0,0.3250548377195473,-3.172498366833823,0.0,0.0,0.0,-1.9736919508510573,0,0,0,0,0,0
image_1471.png,surface,0.0,0.0,2.007456665602968,19.387974805726284,-11.064056568744936,0.0,1.0443333716795995,-3.823987092595856,0.0,0.0,0.0,4.004899803252735,0,0,0,0,0,0
image_1472.png,surface,0.0,0.0,1.9150726161446363,-19.201183719214857,3.278666635949946,0.0,4.531675635770785,-1.388196368705126,0.0,0.0,0.0,-4.991365504583137,0,0,0,0,0,0
image_1473.png,surface,0.0,0.0,2.5022767023194628,-11.548655496675488,-19.714006340555034,0.0,2.291470703803264,-1.0724241243787416,0.0,0.0,0.0,2.135096611635224,0,0,0,0,0,0
image_1474.png,surface,0.0,0.0,2.5367078715861697,-18.89424104756673,-8.818816572012949,0.0,2.1588536093614805,-2.9966989335433944,0.0,0.0,0.0,0.8293486934679448,0,0,0,0,0,0
image_1475.png,surface,0.0,0.0,1.1399575021376434,-11.67816694331665,13.01240227480944,0.0,1.1505674443797564,-1.4023966069460163,0.0,0.0,0.0,1.301309392067295,0,0,0,0,0,0
image_1476.png,surface,0.0,0.0,2.94286330331842,-1.1786715678900928,-3.643782919756843,0.0,0.9043124344467588,-4.078590632370817,0.0,0.0,0.0,2.182484293473382,0,0,0,0,0,0
image_1477.png,surface,0.0,0.0,1.5158283069503418,18.310647842660007,2.2459063911874457,0.0,-2.8884878602473174,-2.321743191032828,0.0,0.0,0.0,2.121055791839156,0,0,0,0,0,0
image_1478.png,surface,0.0,0.0,1.7482046498608963,18.64184111755435,11.599197385772312,0.0,-1.1491889075103336,-2.006503909648659,0.0,0.0,0.0,2.09215865169986,0,0,0,0,0,0
image_1479.png,surface,0.0,0.0,2.15257406311452,6.060318338272374,-10.24649095978714,0.0,-4.556296635989862,-0.7607757596853869,0.0,0.0,0.0,2.9367619545703763,0,0,0,0,0,0
image_1480.png,surface,0.0,0.0,1.0765652389582014,-16.886784207445153,-10.598817932756567,0.0,3.0832559065968503,-1.6099125398299572,0.0,0.0,0.0,0.1908650910645786,0,0,0,0,0,0
image_1481.png,surface,0.0,0.0,2.425768392621276,-9.744698728834331,-4.627804686697312,0.0,-2.812402524032672,-0.4298775904508786,0.0,0.0,0.0,-2.297074444296273,0,0,0,0,0,0
image_1482.png,surface,0.0,0.0,1.3843997013159075,-6.965415482802299,15.438405011396164,0.0,1.4920211741118463,4.458763476898749,0.0,0.0,0.0,-1.0161710840071736,0,0,0,0,0,0
image_1483.png,surface,0.0,0.0,2.8339981362917914,-15.869561251022596,-13.28011690561047,0.0,-3.876256429061128,-3.0347258126541523,0.0,0.0,0.0,0.4695514056395469,0,0,0,0,0,0
image_1484.png,surface,0.0,0.0,1.4934767750135576,17.11673582406055,-6.564559184352264,0.0,-3.9226500295460376,-2.836774173135096,0.0,0.0,0.0,1.2981443500997898,0,0,0,0,0,0
image_1485.png,surface,0.0,0.0,1.826615344763115,-6.587160542954709,-1.719119099220184,0.0,-2.7384445328632,-3.018703839551496,0.0,0.0,0.0,-2.398989790106792,0,0,0,0,0,0
image_1486.png,surface,0.0,0.0,1.4486502469447662,-16.533916173870267,-17.79825745292066,0.0,-1.8497286297234763,-1.287610881092215,0.0,0.0,0.0,3.424347954920659,0,0,0,0,0,0
image_1487.png,surface,0.0,0.0,2.292198141844223,-10.16557619953947,-10.056620349202763,0.0,1.2284769213960327,1.2681704215133802,0.0,0.0,0.0,-1.2355944185525858,0,0,0,0,0,0
image_1488.png,surface,0.0,0.0,1.7546054081443174,-17.999482080300183,7.249732238634104,0.0,4.104076331932715,2.2205040488915704,0.0,0.0,0.0,0.9848824737580212,0,0,0,0,0,0
image_1489.png,surface,0.0,0.0,1.4783502910383024,1.9160087735410924,-22.115796986564064,0.0,1.057121847455079,0.4127148607496756,0.0,0.0,0.0,1.6815363490984412,0,0,0,0,0,0
image_1490.png,surface,0.0,0.0,2.687842687294503,-6.572758122557864,1.977014440088129,0.0,-0.6123266901506548,-2.846000266697132,0.0,0.0,0.0,-3.087789172518427,0,0,0,0,0,0
image_1491.png,surface,0.0,0.0,2.4058902263637028,3.102763358759028,10.393167122227055,0.0,0.380819367990525,1.145382894250977,0.0,0.0,0.0,0.1919602819156072,0,0,0,0,0,0
image_1492.png,surface,0.0,0.0,1.9432973503942248,-5.388171185930715,2.2692827714760337,0.0,-3.359420756550519,-0.8331265979637485,0.0,0.0,0.0,2.53037432111351,0,0,0,0,0,0
image_1493.png,surface,0.0,0.0,1.5718707898052593,-8.195969646100513,4.690547250132317,0.0,0.8934459970233686,-2.832257375500712,0.0,0.0,0.0,0.2569365338521345,0,0,0,0,0,0
image_1494.png,surface,0.0,0.0,2.744586203547428,3.5294200812991328,6.6799517146323,0.0,-0.2996134028639718,-2.52651069075505,0.0,0.0,0.0,4.034322432598387,0,0,0,0,0,0
image_1495.png,surface,0.0,0.0,1.8387676303477305,-4.448200428440289,-16.11327532765435,0.0,-1.4850438249072355,-3.218165535162293,0.0,0.0,0.0,1.860579886462145,0,0,0,0,0,0
image_1496.png,surface,0.0,0.0,1.9307934649688951,-3.992293805839395,1.0189173632905206,0.0,-1.7378551695471844,-4.256648298330064,0.0,0.0,0.0,4.355077306322318,0,0,0,0,0,0
image_1497.png,surface,0.0,0.0,1.3839860351613555,4.04512751040466,21.70672295652012,0.0,-2.1830761274950112,1.010812178316472,0.0,0.0,0.0,0.9804762308963362,0,0,0,0,0,0
image_1498.png,surface,0.0,0.0,2.667840857112016,-10.868152617906697,22.58268429985844,0.0,0.7205586861001316,0.5082966942756314,0.0,0.0,0.0,-0.0409279185502438,0,0,0,0,0,0
image_1499.png,surface,0.0,0.0,2.099810146768289,10.536368091870871,-16.26630184236047,0.0,-2.087112731034884,0.6767259584914737,0.0,0.0,0.0,-4.1388638854471616,0,0,0,0,0,0
image_1500.png,surface,0.0,0.0,2.3137954912150374,-15.059686129945522,2.0203461709293715,0.0,2.952188069499372,1.89110717646374,0.0,0.0,0.0,0.6581371778021481,0,0,0,0,0,0
image_1501.png,surface,0.0,0.0,1.837634459591765,-11.301683398324796,5.018184136930202,0.0,-3.5712466494672475,1.4741876852947498,0.0,0.0,0.0,-3.881822358424224,0,0,0,0,0,0
image_1502.png,surface,0.0,0.0,1.0387547667549577,0.7194366575950502,12.28599815035288,0.0,-1.8225765890662309,-4.413596687609128,0.0,0.0,0.0,1.0914418106212675,0,0,0,0,0,0
image_1503.png,surface,0.0,0.0,1.6010236349650429,5.373916498357674,22.982967630935,0.0,-0.7508793441928292,1.5564335597211554,0.0,0.0,0.0,3.6132109576561415,0,0,0,0,0,0
image_1504.png,surface,0.0,0.0,1.0413443255364323,2.938971293779792,22.73595806945948,0.0,1.4409893435396577,1.096082341103583,0.0,0.0,0.0,-3.622171263508341,0,0,0,0,0,0
image_1505.png,surface,0.0,0.0,1.0598570756883112,9.169318979733834,23.03874302303318,0.0,-3.6087070109874775,3.098600915209299,0.0,0.0,0.0,2.86647380992426,0,0,0,0,0,0
image_1506.png,surface,0.0,0.0,2.970256865582178,2.629862066177877,-10.892950501314996,0.0,1.5275308023781953,-1.6112989123831012,0.0,0.0,0.0,2.362838455141357,0,0,0,0,0,0
image_1507.png,surface,0.0,0.0,1.1894934161624675,6.969254952134322,13.903338314720118,0.0,1.7472491625122286,4.130000217136436,0.0,0.0,0.0,-2.946202661194628,0,0,0,0,0,0
image_1508.png,surface,0.0,0.0,1.901993777294042,9.758624286517216,-0.1337878908344604,0.0,3.4959843543683777,-2.4759108483593826,0.0,0.0,0.0,-0.641335016503108,0,0,0,0,0,0
image_1509.png,surface,0.0,0.0,2.677438982132505,9.306846863635874,-5.936373037880618,0.0,-0.4563980582088973,-3.0061627426243107,0.0,0.0,0.0,-1.687056549511916,0,0,0,0,0,0
image_1510.png,surface,0.0,0.0,1.8431007755469624,0.1870309255726488,-22.687159123877063,0.0,-0.6441156019762657,-1.4131912163864535,0.0,0.0,0.0,0.6360649276868848,0,0,0,0,0,0
image_1511.png,surface,0.0,0.0,1.4975046003844368,12.486464262651548,-13.728351052934125,0.0,2.213958766045203,0.4258491787912257,0.0,0.0,0.0,0.8429344446897229,0,0,0,0,0,0
image_1512.png,surface,0.0,0.0,1.8280031611309653,-3.737823484665306,5.202736598283774,0.0,-0.4749663043832955,-2.150836949095284,0.0,0.0,0.0,-3.092469416789595,0,0,0,0,0,0
image_1513.png,surface,0.0,0.0,2.6477777337400386,15.011356625895624,-9.405799714842733,0.0,0.7697268246776938,-3.1133069096359134,0.0,0.0,0.0,0.6628799847920517,0,0,0,0,0,0
image_1514.png,surface,0.0,0.0,1.0897828464348744,11.445402293273457,-4.029130680000407,0.0,1.2407690767579258,3.1399174101243528,0.0,0.0,0.0,4.976319913999914,0,0,0,0,0,0
image_1515.png,surface,0.0,0.0,1.9775556541769448,-9.167929182170832,2.4538412347171765,0.0,1.4071480057714585,-4.279424056717642,0.0,0.0,0.0,1.2178266269140572,0,0,0,0,0,0
image_1516.png,surface,0.0,0.0,1.3870119396949312,-7.192990972892017,23.524352644389563,0.0,4.379806183175424,1.2854906899440235,0.0,0.0,0.0,3.5651291890260133,0,0,0,0,0,0
image_1517.png,surface,0.0,0.0,1.1205386588611534,8.712844289380739,-7.814142995597499,0.0,4.350807866774523,1.0735904788465414,0.0,0.0,0.0,3.216102477112452,0,0,0,0,0,0
image_1518.png,surface,0.0,0.0,2.571108955109028,-1.9765504074973832,-1.7589581813799255,0.0,0.2227680511803941,-3.586242321303321,0.0,0.0,0.0,-3.2590456985123417,0,0,0,0,0,0
image_1519.png,surface,0.0,0.0,1.0289650333463949,11.99003287069806,-20.87095182087066,0.0,-4.337545660095385,0.5714029480772016,0.0,0.0,0.0,2.474750772902973,0,0,0,0,0,0
image_1520.png,surface,0.0,0.0,1.829915893237657,-17.29683422702055,-2.8057296629996165,0.0,-0.8654699359807393,-2.452459587016182,0.0,0.0,0.0,-1.246832033783428,0,0,0,0,0,0
image_1521.png,surface,0.0,0.0,2.091005554961167,2.796328244309385,19.215878097476228,0.0,-1.144473239283493,4.3441315175781945,0.0,0.0,0.0,-4.322744821768181,0,0,0,0,0,0
image_1522.png,surface,0.0,0.0,1.3457674654526834,-8.576938607624177,5.477314666402076,0.0,0.3036553352619364,-0.0193073172858657,0.0,0.0,0.0,1.7063756074614842,0,0,0,0,0,0
image_1523.png,surface,0.0,0.0,2.798913308710288,-1.514700712771535,0.3153708490669715,0.0,-0.459345565611311,-3.646776362287287,0.0,0.0,0.0,0.8307424718525604,0,0,0,0,0,0
image_1524.png,surface,0.0,0.0,1.817361154845739,15.005162192613994,6.698532863355369,0.0,2.277450416993583,1.4031802230401544,0.0,0.0,0.0,2.82617737511045,0,0,0,0,0,0
image_1525.png,surface,0.0,0.0,1.364207594904884,22.10513035827042,-6.749287367326887,0.0,-0.2193397972361242,-3.597934160123783,0.0,0.0,0.0,-4.976486713178407,0,0,0,0,0,0
image_1526.png,surface,0.0,0.0,2.2223591488224503,-8.779758650183076,-10.758900146904448,0.0,2.370895728255756,0.1502999556690161,0.0,0.0,0.0,3.2222738640556248,0,0,0,0,0,0
image_1527.png,surface,0.0,0.0,2.2788973830513872,-9.983124963687146,17.25900936961704,0.0,1.088033484453318,-0.6691960279282227,0.0,0.0,0.0,3.476695469098788,0,0,0,0,0,0
image_1528.png,surface,0.0,0.0,1.7773428528040027,7.226136161911047,21.10268220541964,0.0,-2.4176773130596807,2.264154985294026,0.0,0.0,0.0,-3.9054674725007232,0,0,0,0,0,0
image_1529.png,surface,0.0,0.0,1.0629367264846754,11.643507398523802,21.63465370641463,0.0,4.182832655999833,-2.394892563512748,0.0,0.0,0.0,4.776347189142076,0,0,0,0,0,0
image_1530.png,surface,0.0,0.0,2.323291939451438,-11.28770941184064,15.14863869379402,0.0,-0.5377608214606228,1.5658920766126267,0.0,0.0,0.0,2.189232106228122,0,0,0,0,0,0
image_1531.png,surface,0.0,0.0,1.4755332615402603,-8.090158193574116,13.84335173454562,0.0,0.4020050290728353,3.8016733145852095,0.0,0.0,0.0,-2.687229644957071,0,0,0,0,0,0
image_1532.png,surface,0.0,0.0,1.299851182412105,-7.023411048705819,-10.396593948048494,0.0,1.6035610556545807,-0.272658817947453,0.0,0.0,0.0,2.862584142794379,0,0,0,0,0,0
image_1533.png,surface,0.0,0.0,2.641874280631205,-24.650539665473588,0.0943962914939391,0.0,2.500811246759228,-0.2578056583322682,0.0,0.0,0.0,0.6885938689973035,0,0,0,0,0,0
image_1534.png,surface,0.0,0.0,2.008482817553105,-20.971490304232425,5.296015176177935,0.0,-0.2803755551689267,-2.0191027537922985,0.0,0.0,0.0,-0.5356727334126976,0,0,0,0,0,0
image_1535.png,surface,0.0,0.0,1.8958595126125304,-4.851857798596022,10.569825928537997,0.0,-4.091959305187301,2.3791127703183936,0.0,0.0,0.0,-3.5954936641595947,0,0,0,0,0,0
image_1536.png,surface,0.0,0.0,2.509684475049451,9.975500664715227,3.2455004705046875,0.0,-2.078799561997941,2.286282602071086,0.0,0.0,0.0,-3.72921847338287,0,0,0,0,0,0
image_1537.png,surface,0.0,0.0,1.941378421131841,-3.9041765217117774,10.972610316572302,0.0,3.95891038541892,0.3936432966784978,0.0,0.0,0.0,-4.362007705544788,0,0,0,0,0,0
image_1538.png,surface,0.0,0.0,2.223679699737879,21.393433568662367,-10.946833999807852,0.0,0.8618617089977768,-0.9276207659564196,0.0,0.0,0.0,-4.069343026906199,0,0,0,0,0,0
image_1539.png,surface,0.0,0.0,1.8124811841771693,-19.00399322778088,4.535734435986466,0.0,-1.85763961808055,-0.7544912719147562,0.0,0.0,0.0,3.5463450609057734,0,0,0,0,0,0
image_1540.png,surface,0.0,0.0,2.7750445503195023,21.812394527257048,8.034383957708318,0.0,3.02552771815739,1.5731249297665286,0.0,0.0,0.0,0.080664879424086,0,0,0,0,0,0
image_1541.png,surface,0.0,0.0,2.1311312784072047,-12.149579905909194,6.422604362114675,0.0,-0.9488596822517164,2.3644754756068616,0.0,0.0,0.0,0.0570834622195883,0,0,0,0,0,0
image_1542.png,surface,0.0,0.0,2.805022105172568,5.078690413135189,-9.053351193437612,0.0,-3.4965628650634604,0.6525242017286119,0.0,0.0,0.0,-1.6303459650643557,0,0,0,0,0,0
image_1543.png,surface,0.0,0.0,2.7976591392005483,-8.6885539573255,2.413293796756661,0.0,-0.4787847288197593,-2.921054700021435,0.0,0.0,0.0,0.5890701523425363,0,0,0,0,0,0
image_1544.png,surface,0.0,0.0,2.5171414625820026,-2.387236744745853,-6.112526283795665,0.0,-0.5637998295577583,2.96532271997168,0.0,0.0,0.0,-4.453443970812336,0,0,0,0,0,0
image_1545.png,surface,0.0,0.0,2.0961025757015967,1.7937665149411957,-13.763691933552389,0.0,-0.5545888383296187,4.555069944139009,0.0,0.0,0.0,-1.5206598440465902,0,0,0,0,0,0
image_1546.png,surface,0.0,0.0,2.308439189879097,13.025745152631702,-18.527495293850183,0.0,-4.530873912629478,0.7512481964500614,0.0,0.0,0.0,-1.9297455845084324,0,0,0,0,0,0
image_1547.png,surface,0.0,0.0,1.444169713008756,-4.288740218321024,6.062811855429134,0.0,1.6848039266850967,-4.400480146904277,0.0,0.0,0.0,-3.7481024957146847,0,0,0,0,0,0
image_1548.png,surface,0.0,0.0,2.838254715599032,5.66125510875828,-6.794913027678746,0.0,-2.1150836004951667,2.006921634031864,0.0,0.0,0.0,-2.136745745415676,0,0,0,0,0,0
image_1549.png,surface,0.0,0.0,2.7194718424067887,18.290606272453747,-10.241389630490628,0.0,1.9042997366745,3.7070370919133793,0.0,0.0,0.0,4.198141155661135,0,0,0,0,0,0
image_1550.png,surface,0.0,0.0,2.5742865740857965,-13.92583081028947,-1.7003151345126928,0.0,-0.6461411452704615,4.451849126800231,0.0,0.0,0.0,-4.632412391100695,0,0,0,0,0,0
image_1551.png,surface,0.0,0.0,1.0509620458396187,-15.934878825575614,-9.355336743245656,0.0,3.396775781463152,3.2646679046357274,0.0,0.0,0.0,-1.3010066888584082,0,0,0,0,0,0
image_1552.png,surface,0.0,0.0,1.3890543031630045,-7.270276523488732,-19.51614086322361,0.0,1.957317001562075,-1.3328834769751543,0.0,0.0,0.0,-0.0881420056919504,0,0,0,0,0,0
image_1553.png,surface,0.0,0.0,2.833394829825093,-20.084926555939024,-8.583484225524595,0.0,2.283071425509604,-1.140402465070087,0.0,0.0,0.0,-4.516445523026666,0,0,0,0,0,0
image_1554.png,surface,0.0,0.0,2.6181078566638885,-16.871421652626708,-0.0555250347771758,0.0,-0.1032676656646166,1.398548697298874,0.0,0.0,0.0,1.562299238817748,0,0,0,0,0,0
image_1555.png,surface,0.0,0.0,2.6923192448203146,-4.871752092104933,-23.20182558941341,0.0,1.9523526890766096,1.3250828554580054,0.0,0.0,0.0,2.9216586963362943,0,0,0,0,0,0
image_1556.png,surface,0.0,0.0,1.809139001068512,-2.767126591463891,7.37416528719294,0.0,-0.277141385130797,4.781955758883753,0.0,0.0,0.0,-3.5399145946788027,0,0,0,0,0,0
image_1557.png,surface,0.0,0.0,1.5127494607704657,6.38331133310331,-4.282396315997733,0.0,-1.935621318474577,-3.6295393771923137,0.0,0.0,0.0,-1.694880762123805,0,0,0,0,0,0
image_1558.png,surface,0.0,0.0,2.7813956327512632,10.055016516382018,7.220410674916072,0.0,4.16723653376017,1.2124723624277505,0.0,0.0,0.0,-1.5001332960660738,0,0,0,0,0,0
image_1559.png,surface,0.0,0.0,1.7459106475070765,-2.0565826210409868,-3.795038858224908,0.0,0.3682423504202315,-4.363584193986685,0.0,0.0,0.0,-2.349909777241831,0,0,0,0,0,0
image_1560.png,surface,0.0,0.0,1.597741156217836,14.602178268088144,-10.11573844312866,0.0,-0.2669411574188052,-1.86443079700878,0.0,0.0,0.0,1.3861701449834252,0,0,0,0,0,0
image_1561.png,surface,0.0,0.0,1.6017246263499174,5.8008544632701495,-15.279792342676457,0.0,1.8061904613403,1.947257851519632,0.0,0.0,0.0,0.2071664609146069,0,0,0,0,0,0
image_1562.png,surface,0.0,0.0,2.7648647769779693,24.25145644615255,5.986448698118837,0.0,-2.7330674883433947,-0.6361472512538537,0.0,0.0,0.0,2.5710920597860216,0,0,0,0,0,0
image_1563.png,surface,0.0,0.0,1.3538601072687413,-3.979712983570721,-17.10082225185752,0.0,-1.0072445909762346,-2.569595112095345,0.0,0.0,0.0,0.2501551338006642,0,0,0,0,0,0
image_1564.png,surface,0.0,0.0,2.665914679069447,21.33821050332855,11.19992616761442,0.0,1.28402493056034,-1.732690221651405,0.0,0.0,0.0,-4.533923738270054,0,0,0,0,0,0
image_1565.png,surface,0.0,0.0,1.9551354657059288,13.152325107249592,17.474547568277046,0.0,-0.4549355162605772,4.804799550545335,0.0,0.0,0.0,-0.6441360160223706,0,0,0,0,0,0
image_1566.png,surface,0.0,0.0,1.522287486955587,17.341178021905332,-16.94784384874267,0.0,-1.0990502826044108,3.785601738922902,0.0,0.0,0.0,4.377300891576532,0,0,0,0,0,0
image_1567.png,surface,0.0,0.0,2.1684624743182166,-3.7822159835576463,24.43898672309806,0.0,0.6083463636133467,-3.565699539388225,0.0,0.0,0.0,-3.439020834373073,0,0,0,0,0,0
image_1568.png,surface,0.0,0.0,1.557982972114104,5.803720823067349,1.9870800501064263,0.0,-2.249007707967944,-4.3550932023975015,0.0,0.0,0.0,-3.7812057942290456,0,0,0,0,0,0
image_1569.png,surface,0.0,0.0,2.02977735662213,-9.685160602735987,2.1552352144392373,0.0,0.2703710267417188,0.1158280371084772,0.0,0.0,0.0,-1.583971310229686,0,0,0,0,0,0
image_1570.png,surface,0.0,0.0,2.2273516443373227,-16.966435560209238,13.161507372994176,0.0,1.687880428006497,-2.855249903733955,0.0,0.0,0.0,4.928202518568156,0,0,0,0,0,0
image_1571.png,surface,0.0,0.0,2.166047651531322,-18.003773094793157,-0.0346057409833543,0.0,-1.0676392859750734,-1.4596256924166662,0.0,0.0,0.0,3.1076157640191138,0,0,0,0,0,0
image_1572.png,surface,0.0,0.0,2.63247453825968,0.4938543192134954,23.07428371081427,0.0,-3.4699869750736307,-1.1400775031207682,0.0,0.0,0.0,0.9515699098938244,0,0,0,0,0,0
image_1573.png,surface,0.0,0.0,2.2375336041691254,-5.728497278388252,-2.701221566582152,0.0,-0.3170633634290203,3.163483103433299,0.0,0.0,0.0,3.073124378096857,0,0,0,0,0,0
image_1574.png,surface,0.0,0.0,1.4412790052369129,18.45675673661931,2.288371295759328,0.0,3.254354169175373,-2.9961312230939314,0.0,0.0,0.0,0.4124811420559133,0,0,0,0,0,0
image_1575.png,surface,0.0,0.0,1.5897862635345796,12.825443151735076,-21.63817336069509,0.0,-4.423768224852484,-1.374690988981617,0.0,0.0,0.0,0.6782347077284214,0,0,0,0,0,0
image_1576.png,surface,0.0,0.0,1.8043554636654964,8.929882504968214,0.1625859307170702,0.0,-0.0743248123647359,-1.2765362439407562,0.0,0.0,0.0,-0.8291686780257335,0,0,0,0,0,0
image_1577.png,surface,0.0,0.0,2.538974672932369,13.730529180582804,-1.861526054591801,0.0,1.5449157296402605,-2.4537578734781293,0.0,0.0,0.0,-0.6792716803614649,0,0,0,0,0,0
image_1578.png,surface,0.0,0.0,2.808364888580148,-18.92728542741768,3.3779479694329893,0.0,3.2369872931329406,-0.4327575104865898,0.0,0.0,0.0,-3.630477502320635,0,0,0,0,0,0
image_1579.png,surface,0.0,0.0,1.0490647109984816,12.93537525800336,14.304832711290889,0.0,2.8697155774361045,4.011844035015133,0.0,0.0,0.0,4.286529686170379,0,0,0,0,0,0
image_1580.png,surface,0.0,0.0,2.9868362962239705,21.214365617801608,11.951273515695442,0.0,0.3494265200729825,0.4741235204920456,0.0,0.0,0.0,0.0371690485016396,0,0,0,0,0,0
image_1581.png,surface,0.0,0.0,1.9829240481407229,17.349280957907563,-5.682463327537254,0.0,1.2913666163620876,4.0504098178661465,0.0,0.0,0.0,0.4539395005906987,0,0,0,0,0,0
image_1582.png,surface,0.0,0.0,1.263488036114094,8.941905796197354,-22.60608316353104,0.0,-1.6043557787073306,1.1512954132585684,0.0,0.0,0.0,-0.073872777241192,0,0,0,0,0,0
image_1583.png,surface,0.0,0.0,2.130883377739368,5.238828470785014,2.703048933631663,0.0,2.8684049041006703,-1.6549418563234646,0.0,0.0,0.0,0.4920153994774043,0,0,0,0,0,0
image_1584.png,surface,0.0,0.0,1.917066694521063,-9.400325103861018,21.82301040297445,0.0,-1.9738672590854272,2.8552226821090074,0.0,0.0,0.0,0.7835319426373788,0,0,0,0,0,0
image_1585.png,surface,0.0,0.0,1.0986430871125488,-19.5042789016544,-5.189958167204654,0.0,-1.0744223813176452,3.4631333938678286,0.0,0.0,0.0,-3.022319623387385,0,0,0,0,0,0
image_1586.png,surface,0.0,0.0,2.155248584057629,21.818093818955788,3.58587333624435,0.0,-0.1629584072207981,1.469176411696185,0.0,0.0,0.0,2.797063106039576,0,0,0,0,0,0
image_1587.png,surface,0.0,0.0,2.863142326140845,-7.92204854449185,-6.448580885778741,0.0,2.421315252493383,-4.005417215462593,0.0,0.0,0.0,2.5883022365686745,0,0,0,0,0,0
image_1588.png,surface,0.0,0.0,1.9452612360729824,-0.6997262916948233,-17.293415259566245,0.0,1.4802128618103398,-0.7660909308011905,0.0,0.0,0.0,4.255023404418083,0,0,0,0,0,0
image_1589.png,surface,0.0,0.0,1.4584053474742515,1.934208525968267,3.188938158762138,0.0,-0.7758635541465725,-2.8260982513308868,0.0,0.0,0.0,3.230319585317682,0,0,0,0,0,0
image_1590.png,surface,0.0,0.0,2.3418809400349243,-4.714894479034956,21.285622303292104,0.0,-2.040584768400085,4.100596122695489,0.0,0.0,0.0,-3.1474630012725524,0,0,0,0,0,0
image_1591.png,surface,0.0,0.0,1.5352509765543378,9.46166223562015,20.53610920893879,0.0,2.148827291050641,-2.183130525879432,0.0,0.0,0.0,-1.837643767082755,0,0,0,0,0,0
image_1592.png,surface,0.0,0.0,2.830382091024741,4.676693780629722,12.42940081083489,0.0,-2.666343692232778,-1.8661716288961456,0.0,0.0,0.0,4.753094757489434,0,0,0,0,0,0
image_1593.png,surface,0.0,0.0,1.954091217055081,4.106268084676453,7.8776516681868864,0.0,3.3456389396876687,0.2921553899116786,0.0,0.0,0.0,-1.4263468327200526,0,0,0,0,0,0
image_1594.png,surface,0.0,0.0,2.5691089760823163,0.2363664962678629,20.447792078283925,0.0,2.362529569811069,3.706137581522996,0.0,0.0,0.0,2.4496560739080344,0,0,0,0,0,0
image_1595.png,surface,0.0,0.0,1.0982751095388807,8.460191172184505,12.074530501752715,0.0,-1.0982980443332402,-4.536124458757469,0.0,0.0,0.0,-0.6563568989611337,0,0,0,0,0,0
image_1596.png,surface,0.0,0.0,2.464977721061339,-15.581762330103087,-14.572213177787267,0.0,-3.12052991129744,1.5470280686788542,0.0,0.0,0.0,-4.86026948002718,0,0,0,0,0,0
image_1597.png,surface,0.0,0.0,1.295952238092318,4.0386738891362,2.685068495436129,0.0,4.248697038337429,0.8946528575351878,0.0,0.0,0.0,3.2707241181642264,0,0,0,0,0,0
image_1598.png,surface,0.0,0.0,1.435435746495163,1.0710258536121309,-17.459708606978648,0.0,3.300496522753088,2.6926674969334585,0.0,0.0,0.0,-2.3779572672467464,0,0,0,0,0,0
image_1599.png,surface,0.0,0.0,2.7226167801423564,-13.50235285569187,1.5934341403531018,0.0,-0.0232047402642495,-1.8449854851214984,0.0,0.0,0.0,1.8154936804555497,0,0,0,0,0,0
image_1600.png,surface,0.0,0.0,1.247850287287535,-8.52296287539726,-22.66325898888394,0.0,1.4646264572837742,3.0427089545201427,0.0,0.0,0.0,-2.231991075987371,0,0,0,0,0,0
image_1601.png,surface,0.0,0.0,1.5894214428749458,-2.115826202760088,-7.1244196509827065,0.0,2.2278331246601604,-2.0332357140938924,0.0,0.0,0.0,-2.736962048312251,0,0,0,0,0,0
image_1602.png,surface,0.0,0.0,1.7398144667159492,3.584480111672532,-15.760263478326335,0.0,-4.0381182637063056,2.1799366634465067,0.0,0.0,0.0,1.526843656858805,0,0,0,0,0,0
image_1603.png,surface,0.0,0.0,2.820021136096921,-14.467942314511388,18.5668430480125,0.0,-4.056045361201107,-1.283752677229826,0.0,0.0,0.0,0.2341640590522589,0,0,0,0,0,0
image_1604.png,surface,0.0,0.0,1.2857792771609728,-15.666405781939249,-11.994799300115089,0.0,1.7849153152871902,-1.8826561778974145,0.0,0.0,0.0,-2.746852817019667,0,0,0,0,0,0
image_1605.png,surface,0.0,0.0,2.233869940837604,-0.0847710278118477,19.43733289443289,0.0,-2.2039279976704544,2.36276646552746,0.0,0.0,0.0,4.18892789453167,0,0,0,0,0,0
image_1606.png,surface,0.0,0.0,1.405815527663929,1.7633234822827313,-21.338636257942458,0.0,-2.149449322773112,-3.978050693356639,0.0,0.0,0.0,1.8104706670438853,0,0,0,0,0,0
image_1607.png,surface,0.0,0.0,1.577617893100996,14.673967075384642,6.243309915781958,0.0,1.0082780159972862,3.0360727057636696,0.0,0.0,0.0,-4.151812180534254,0,0,0,0,0,0
image_1608.png,surface,0.0,0.0,1.890120074867652,18.759417365927867,-15.881826680401945,0.0,2.694696774290092,-4.04071512183816,0.0,0.0,0.0,1.6632451545750389,0,0,0,0,0,0
image_1609.png,surface,0.0,0.0,2.0944531547378364,0.5089541910785373,16.439438219429846,0.0,-2.1754745736592893,-3.803133523481919,0.0,0.0,0.0,4.941001395196928,0,0,0,0,0,0
image_1610.png,surface,0.0,0.0,1.3507472736522672,-12.591058970411591,17.008686820053708,0.0,2.083434579443932,-3.50141395378967,0.0,0.0,0.0,-1.487222926612386,0,0,0,0,0,0
image_1611.png,surface,0.0,0.0,2.191043914211731,24.179811665254725,2.9536046082730265,0.0,0.1251817623104667,0.3738450543094341,0.0,0.0,0.0,-0.6581273847592417,0,0,0,0,0,0
image_1612.png,surface,0.0,0.0,2.2144887704902843,22.209504700268845,-9.481827572525226,0.0,-2.97171542461996,3.08549515289639,0.0,0.0,0.0,4.077558790003689,0,0,0,0,0,0
image_1613.png,surface,0.0,0.0,1.8170705507936689,-17.85346850870053,-9.172780624255571,0.0,-1.900791691502158,2.9758327583086936,0.0,0.0,0.0,1.111778397504095,0,0,0,0,0,0
image_1614.png,surface,0.0,0.0,1.4014402804962651,4.031502807114127,-5.978159290060481,0.0,-0.030444253997372,-1.251307267175044,0.0,0.0,0.0,3.597856778294524,0,0,0,0,0,0
image_1615.png,surface,0.0,0.0,1.6678545527262596,-10.571961668343269,22.609403792623663,0.0,4.4673831879563295,0.1404759107943837,0.0,0.0,0.0,3.146214422811486,0,0,0,0,0,0
image_1616.png,surface,0.0,0.0,1.1960731833223488,-5.36555484950282,-8.04299391393208,0.0,1.5142725811484563,2.0381130317407994,0.0,0.0,0.0,4.245250023830664,0,0,0,0,0,0
image_1617.png,surface,0.0,0.0,2.489675507807159,-15.047467709876758,-1.2554768234154172,0.0,-0.7620265810599149,1.9623727340188968,0.0,0.0,0.0,2.0921222221393894,0,0,0,0,0,0
image_1618.png,surface,0.0,0.0,1.0292346000115082,-2.0045823110145697,-5.317885854729071,0.0,0.0525807099062722,-2.769252001977512,0.0,0.0,0.0,4.533457608647854,0,0,0,0,0,0
image_1619.png,surface,0.0,0.0,1.663581669579697,-13.26629592024628,14.426474358275604,0.0,3.6712036234510528,1.923082390679648,0.0,0.0,0.0,1.006962224950044,0,0,0,0,0,0
image_1620.png,surface,0.0,0.0,2.848681024322315,-3.1092420239566345,-22.2956061043072,0.0,-2.370679592724838,1.335885215749738,0.0,0.0,0.0,2.931752491471454,0,0,0,0,0,0
image_1621.png,surface,0.0,0.0,1.3750386334600386,4.84376736647389,-2.675776584077478,0.0,3.7318724651591006,0.6239111017702609,0.0,0.0,0.0,3.620201572295441,0,0,0,0,0,0
image_1622.png,surface,0.0,0.0,2.0470310878691853,22.54333433957784,2.984428522044719,0.0,-0.565350934339503,3.0718629863857814,0.0,0.0,0.0,-2.493504215434452,0,0,0,0,0,0
image_1623.png,surface,0.0,0.0,1.298489979244721,-16.85618244375911,7.816172798764105,0.0,0.4011236231555791,-3.936326786139134,0.0,0.0,0.0,2.608381718458588,0,0,0,0,0,0
image_1624.png,surface,0.0,0.0,2.899536809639249,-11.6082792429206,18.08280338422656,0.0,0.8209982022198754,-1.040842801902621,0.0,0.0,0.0,3.976812219803282,0,0,0,0,0,0
image_1625.png,surface,0.0,0.0,2.641158944592876,12.32273841224809,-3.7481913572959153,0.0,-2.080671263355491,4.321338744191601,0.0,0.0,0.0,2.286940905979514,0,0,0,0,0,0
image_1626.png,surface,0.0,0.0,1.6252509497165584,22.520559334478165,6.433054012922953,0.0,-2.4189616706070147,3.966889954783362,0.0,0.0,0.0,-1.5979306899845156,0,0,0,0,0,0
image_1627.png,surface,0.0,0.0,2.503891715294925,13.728652198645008,3.262464844589616,0.0,1.8246047711337523,2.7556225341509943,0.0,0.0,0.0,0.4678412034366328,0,0,0,0,0,0
image_1628.png,surface,0.0,0.0,2.1347044898772403,8.409824361232278,-16.65233807311588,0.0,-0.1103818966225356,-0.2466162660923335,0.0,0.0,0.0,-4.79414280115094,0,0,0,0,0,0
image_1629.png,surface,0.0,0.0,1.4433045592685856,-9.461327288254578,0.8377815199024283,0.0,1.6269840441979595,2.4708732109881533,0.0,0.0,0.0,2.979327388952374,0,0,0,0,0,0
image_1630.png,surface,0.0,0.0,1.2687742911605486,-2.1395388800269544,1.5123186012835623,0.0,1.867405863710735,4.229125447980666,0.0,0.0,0.0,-2.583838636080541,0,0,0,0,0,0
image_1631.png,surface,0.0,0.0,1.4984895019046929,-10.044217821947852,-9.847296779586989,0.0,-4.192684645026523,-2.182401165868621,0.0,0.0,0.0,-0.4171266066270904,0,0,0,0,0,0
image_1632.png,surface,0.0,0.0,2.2579811887879133,-10.858639544579878,19.517544206279663,0.0,-2.015566974180335,0.9087433429325836,0.0,0.0,0.0,-0.7105361069768987,0,0,0,0,0,0
image_1633.png,surface,0.0,0.0,2.909549914801625,20.513314903255168,10.252755818472997,0.0,-0.5163165436046063,1.0161908202823895,0.0,0.0,0.0,3.4482319816181946,0,0,0,0,0,0
image_1634.png,surface,0.0,0.0,2.553750591283733,-12.02762077939111,-17.272632196163652,0.0,-2.2431839552379222,1.6258412077226927,0.0,0.0,0.0,2.1943736167546204,0,0,0,0,0,0
image_1635.png,surface,0.0,0.0,2.8069217410465432,5.260716580517496,-1.9129334837074847,0.0,4.298881652954418,1.8326504098804688,0.0,0.0,0.0,2.394561006652732,0,0,0,0,0,0
image_1636.png,surface,0.0,0.0,1.3881569146544703,21.6244843312631,1.0208669232526124,0.0,3.1750832855796904,3.2723849784133536,0.0,0.0,0.0,2.116773522004726,0,0,0,0,0,0
image_1637.png,surface,0.0,0.0,2.829178756883785,-21.431386437467804,-6.261541270951197,0.0,0.4360181204031214,-2.58800574861993,0.0,0.0,0.0,-4.799076403424082,0,0,0,0,0,0
image_1638.png,surface,0.0,0.0,1.1693639580249433,13.84546836520752,19.20943510837421,0.0,-3.3533021035225308,1.8696098423548984,0.0,0.0,0.0,1.9850089916316875,0,0,0,0,0,0
image_1639.png,surface,0.0,0.0,2.8883737621208097,17.28091607113481,-13.605527819685092,0.0,-1.7811623123580342,2.3122721972089018,0.0,0.0,0.0,-3.328969886643568,0,0,0,0,0,0
image_1640.png,surface,0.0,0.0,1.282431308116364,-0.7442052469573736,-24.08099084092756,0.0,1.8302403571902688,-1.300337285353352,0.0,0.0,0.0,2.494545121475098,0,0,0,0,0,0
image_1641.png,surface,0.0,0.0,1.723059791633086,-17.535288566413683,-8.242235559642577,0.0,4.267518294451252,1.5091708314636407,0.0,0.0,0.0,1.8376322703548824,0,0,0,0,0,0
image_1642.png,surface,0.0,0.0,1.691110853714721,-13.399346073942002,-0.6269179147013626,0.0,0.8526774120424895,-0.0830825047138897,0.0,0.0,0.0,-0.7490983279418462,0,0,0,0,0,0
image_1643.png,surface,0.0,0.0,1.6597140411225044,7.307793319665363,3.860497939721007,0.0,-1.7090961988735442,1.8445519759912727,0.0,0.0,0.0,-3.8168508002772006,0,0,0,0,0,0
image_1644.png,surface,0.0,0.0,2.473230927272616,14.839612287672512,17.461957651418217,0.0,-1.0080343040710804,3.3043842824455143,0.0,0.0,0.0,-4.493043281532355,0,0,0,0,0,0
image_1645.png,surface,0.0,0.0,2.6789439683389427,-8.966736523993102,14.092569458023457,0.0,-1.2240896916870982,-2.305446962794162,0.0,0.0,0.0,3.187567053617471,0,0,0,0,0,0
image_1646.png,surface,0.0,0.0,2.1409467584451,-8.796283135293345,19.56500951183204,0.0,3.771081156352232,1.8551984517027025,0.0,0.0,0.0,2.1463222183027595,0,0,0,0,0,0
image_1647.png,surface,0.0,0.0,2.092150097139182,24.20485161161514,4.378473974968369,0.0,0.6107255240568761,4.458286564444792,0.0,0.0,0.0,1.415126497126491,0,0,0,0,0,0
image_1648.png,surface,0.0,0.0,1.5226158929909952,6.62699205686472,14.106312978038018,0.0,0.1535815605443431,3.927987149522403,0.0,0.0,0.0,3.716856875133685,0,0,0,0,0,0
image_1649.png,surface,0.0,0.0,2.806650151338016,-4.416503117987823,16.993775692555552,0.0,-3.266137313586673,2.4325914230910346,0.0,0.0,0.0,0.8578178165807158,0,0,0,0,0,0
image_1650.png,surface,0.0,0.0,2.129554679130421,-2.404705873202444,-21.51951310190648,0.0,-2.358890992374626,2.345605962331432,0.0,0.0,0.0,-1.7324177369463944,0,0,0,0,0,0
image_1651.png,surface,0.0,0.0,1.8226245024317929,3.0728319639375603,-5.752558440743154,0.0,-2.9094383087176108,3.0770428132385663,0.0,0.0,0.0,3.558639970363448,0,0,0,0,0,0
image_1652.png,surface,0.0,0.0,2.1189985485330203,-10.156146995262002,-6.660294576734073,0.0,0.8635178581327834,3.3323051627116285,0.0,0.0,0.0,1.6250185639226302,0,0,0,0,0,0
image_1653.png,surface,0.0,0.0,1.2089333948995968,-4.531903058060432,-16.78887114335686,0.0,1.7378297949900343,3.3179844095523108,0.0,0.0,0.0,-0.8842802847151399,0,0,0,0,0,0
image_1654.png,surface,0.0,0.0,1.2228685908794348,22.38974487570022,2.9128246148193737,0.0,0.876948366251261,4.813484127824743,0.0,0.0,0.0,0.9253629348856762,0,0,0,0,0,0
image_1655.png,surface,0.0,0.0,2.8545705832234534,10.853642544000058,-4.819814677714311,0.0,-2.513715819759444,-0.998772798306672,0.0,0.0,0.0,-2.356175762320106,0,0,0,0,0,0
image_1656.png,surface,0.0,0.0,1.4371114772688989,-11.010357245928176,17.24103154052845,0.0,-3.0822207263466903,2.1622789507273903,0.0,0.0,0.0,4.649615079977265,0,0,0,0,0,0
image_1657.png,surface,0.0,0.0,1.540562290375244,10.088130476559408,19.39994274398439,0.0,1.0201107038610016,2.065142467524004,0.0,0.0,0.0,-4.095884721298199,0,0,0,0,0,0
image_1658.png,surface,0.0,0.0,2.1144844756387595,-23.94095584798883,6.039232497933993,0.0,0.745981759959563,0.3282028981731599,0.0,0.0,0.0,-3.5024805088360056,0,0,0,0,0,0
image_1659.png,surface,0.0,0.0,1.973723938192484,3.807048030559845,-18.244465338873887,0.0,4.227975961819594,1.1633217832234446,0.0,0.0,0.0,-2.0415168397180103,0,0,0,0,0,0
image_1660.png,surface,0.0,0.0,2.1114656690370026,13.0625864753792,6.889963028942854,0.0,-4.5275184331208695,0.6512269443571588,0.0,0.0,0.0,4.1335982333212655,0,0,0,0,0,0
image_1661.png,surface,0.0,0.0,1.730858270079937,-3.8471489277849975,-0.7437417162755472,0.0,0.5209341174804996,-3.6672569127769226,0.0,0.0,0.0,2.290509201210406,0,0,0,0,0,0
image_1662.png,surface,0.0,0.0,1.810430531663037,-7.017893548246167,6.78566946513645,0.0,0.5013767389187318,-1.3929747506599912,0.0,0.0,0.0,3.3847165989204004,0,0,0,0,0,0
image_1663.png,surface,0.0,0.0,1.337597746964192,-1.3722352810932683,-4.914219376989821,0.0,0.9289756796837664,2.0123367683970006,0.0,0.0,0.0,3.231742492578606,0,0,0,0,0,0
image_1664.png,surface,0.0,0.0,1.994034236289552,-12.147863071965803,14.97057638211569,0.0,-1.7744568095221327,-0.8868328847141509,0.0,0.0,0.0,-3.0931006158092176,0,0,0,0,0,0
image_1665.png,surface,0.0,0.0,1.845912236527016,6.285605035572369,-22.6539926691906,0.0,-4.690026838497157,-0.3989594148000719,0.0,0.0,0.0,-2.616366486127641,0,0,0,0,0,0
image_1666.png,surface,0.0,0.0,2.880167491877873,-24.516397995049967,-5.01709396432057,0.0,2.381746855677339,-2.4717672764522294,0.0,0.0,0.0,-0.778960165725123,0,0,0,0,0,0
image_1667.png,surface,0.0,0.0,1.2595744620040856,0.649183103982717,1.805993508839928,0.0,0.7858483512149261,3.6069163098839927,0.0,0.0,0.0,-2.5076620711597,0,0,0,0,0,0
image_1668.png,surface,0.0,0.0,2.2314808608654264,14.931685555200726,-16.245543702379518,0.0,0.4250156764861961,-4.272684210790856,0.0,0.0,0.0,-0.5679116355359382,0,0,0,0,0,0
image_1669.png,surface,0.0,0.0,2.933052096673455,8.192056069378495,-13.57263259335065,0.0,-2.589062574926577,-1.5763110365292567,0.0,0.0,0.0,-0.9199992919067695,0,0,0,0,0,0
image_1670.png,surface,0.0,0.0,1.195923548050528,-0.5159516217228112,5.922962139254417,0.0,-0.6595742495485308,-0.4151259713805486,0.0,0.0,0.0,4.313505858166433,0,0,0,0,0,0
image_1671.png,surface,0.0,0.0,2.4422370578400985,13.981274472973968,-1.159257502331397,0.0,-2.088499559014444,1.2181819006650676,0.0,0.0,0.0,-1.7292890425380971,0,0,0,0,0,0
image_1672.png,surface,0.0,0.0,2.7310320715250143,7.439042493211666,-14.079411658800126,0.0,1.657299531554808,1.1600349747231151,0.0,0.0,0.0,-1.140120559215303,0,0,0,0,0,0
image_1673.png,surface,0.0,0.0,1.664465963196648,-8.755342056001094,21.85147847725959,0.0,0.8032261492502741,3.4203632963230124,0.0,0.0,0.0,2.479627338214112,0,0,0,0,0,0
image_1674.png,surface,0.0,0.0,2.138726855503508,10.095642010371431,-14.742840427056148,0.0,-4.338403431518223,0.5726712298568534,0.0,0.0,0.0,0.7231678400763011,0,0,0,0,0,0
image_1675.png,surface,0.0,0.0,1.17926026905367,13.308785730620215,-14.816231190511967,0.0,-0.7605079722819381,-0.9728131387298846,0.0,0.0,0.0,1.0181618080381325,0,0,0,0,0,0
image_1676.png,surface,0.0,0.0,1.6741132968745625,6.526369001832998,-13.755050258035006,0.0,3.843995314909807,0.2159805843374467,0.0,0.0,0.0,-2.536946717354329,0,0,0,0,0,0
image_1677.png,surface,0.0,0.0,1.4976628970210113,9.930126037561536,-17.207582904442184,0.0,-2.853562186273924,0.5516694493604137,0.0,0.0,0.0,-3.824558445347371,0,0,0,0,0,0
image_1678.png,surface,0.0,0.0,2.370736055774592,-19.2706240795928,7.941102462128235,0.0,3.329635220382635,3.5908438330284933,0.0,0.0,0.0,-2.741465727254746,0,0,0,0,0,0
image_1679.png,surface,0.0,0.0,1.1113755542161157,-6.138841201634283,-20.265834617306787,0.0,1.8286347159536551,1.9443168994345992,0.0,0.0,0.0,-2.109951115051416,0,0,0,0,0,0
image_1680.png,surface,0.0,0.0,1.9664579937384752,7.990912115314914,-11.016029235944323,0.0,-2.313008535482985,3.79885139565144,0.0,0.0,0.0,-1.2989133385430538,0,0,0,0,0,0
image_1681.png,surface,0.0,0.0,2.1076916814691207,-13.610919025005488,19.078586424352057,0.0,-1.1520681462405364,-2.482165741494661,0.0,0.0,0.0,2.2633572444686854,0,0,0,0,0,0
image_1682.png,surface,0.0,0.0,2.862509259323226,8.900853372035693,8.832894901822016,0.0,1.447901634459666,3.2838036671773594,0.0,0.0,0.0,2.3667056020324555,0,0,0,0,0,0
image_1683.png,surface,0.0,0.0,2.84224437979738,-17.86958433816147,10.32746672840894,0.0,-3.077569466294302,-1.5542716986322265,0.0,0.0,0.0,-3.838130337837205,0,0,0,0,0,0
image_1684.png,surface,0.0,0.0,1.0131861346053053,-0.7898053547008062,11.696385092612596,0.0,2.755613083866049,-0.5690766661492827,0.0,0.0,0.0,-3.575140360199464,0,0,0,0,0,0
image_1685.png,surface,0.0,0.0,2.162062069904856,4.636076840994563,-0.592319959041184,0.0,3.7009952018603887,3.1260711631591613,0.0,0.0,0.0,-3.5615991659004544,0,0,0,0,0,0
image_1686.png,surface,0.0,0.0,1.7995764230221776,15.865366153212916,-9.678661673791607,0.0,1.7193928137067724,2.604522116754661,0.0,0.0,0.0,1.6670459666688986,0,0,0,0,0,0
image_1687.png,surface,0.0,0.0,2.072512247988304,-2.8423557245442206,8.815796067722802,0.0,-1.8454391372628856,-3.640604158252346,0.0,0.0,0.0,-0.8598547215892491,0,0,0,0,0,0
image_1688.png,surface,0.0,0.0,2.299200124962419,11.781592374271208,8.963725760890256,0.0,-1.9147911663497847,-0.686663020896611,0.0,0.0,0.0,0.9561200845450156,0,0,0,0,0,0
image_1689.png,surface,0.0,0.0,1.5487534669299805,6.411281925183177,-3.693209640244362,0.0,1.6266165772230945,-1.3911705691512823,0.0,0.0,0.0,4.069791344499993,0,0,0,0,0,0
image_1690.png,surface,0.0,0.0,2.5223014992768795,21.80062328949388,-11.551998989445952,0.0,0.6744430193736534,-1.3369662067609551,0.0,0.0,0.0,1.82880611357265,0,0,0,0,0,0
image_1691.png,surface,0.0,0.0,2.8410390173040607,3.843787810969064,19.10569762435393,0.0,-2.7161886396711936,0.3695795071796336,0.0,0.0,0.0,1.4107318091572116,0,0,0,0,0,0
image_1692.png,surface,0.0,0.0,2.777572153125217,14.53247678289222,-9.962165309952,0.0,-2.382075146632733,2.02427550858798,0.0,0.0,0.0,-2.386950237033832,0,0,0,0,0,0
image_1693.png,surface,0.0,0.0,2.510685680263488,16.533668684727974,8.252560095239392,0.0,0.7232165416759939,3.6188831092140847,0.0,0.0,0.0,3.263639967963522,0,0,0,0,0,0
image_1694.png,surface,0.0,0.0,2.048913168275387,-11.309384410384816,11.860153794280466,0.0,-2.0264889524833896,1.642495442642614,0.0,0.0,0.0,-4.238470230598351,0,0,0,0,0,0
image_1695.png,surface,0.0,0.0,1.970385060308003,22.9771672045136,-6.582198336739331,0.0,0.2753419706868015,2.3944998433986178,0.0,0.0,0.0,-2.9527860076094283,0,0,0,0,0,0
image_1696.png,surface,0.0,0.0,2.489997273716366,-1.8026707781572453,2.2429487022385883,0.0,1.127861417648058,-4.002683939980621,0.0,0.0,0.0,-2.7026551915288124,0,0,0,0,0,0
image_1697.png,surface,0.0,0.0,2.5454602319903223,-6.665409019849297,-15.070880960937371,0.0,-1.473410346396973,-0.1253660868352081,0.0,0.0,0.0,-1.840584192608152,0,0,0,0,0,0
image_1698.png,surface,0.0,0.0,1.024238797976693,5.024175080076992,-8.836642712539886,0.0,-1.467377510911153,0.0910718201814431,0.0,0.0,0.0,-4.9469722819478825,0,0,0,0,0,0
image_1699.png,surface,0.0,0.0,1.0756556904490435,5.976643317767827,-14.92270759043778,0.0,0.2208882578712648,2.4795309450385536,0.0,0.0,0.0,-2.3785269836739253,0,0,0,0,0,0
image_1700.png,surface,0.0,0.0,1.955120193643744,1.4604835719863458,-10.390499420159555,0.0,0.7837619352481323,2.800126738364757,0.0,0.0,0.0,-3.706863700786172,0,0,0,0,0,0
image_1701.png,surface,0.0,0.0,2.7327127989492683,14.043831713531192,9.5214450230383,0.0,-4.6804604509826335,1.2227167910420471,0.0,0.0,0.0,4.873071575851496,0,0,0,0,0,0
image_1702.png,surface,0.0,0.0,1.4300127097947102,10.189744202412218,4.646114618187421,0.0,0.6948919988612192,-4.8200255213218135,0.0,0.0,0.0,-0.8162806418301223,0,0,0,0,0,0
image_1703.png,surface,0.0,0.0,1.287153528485409,-5.189253387250417,-8.655575925350457,0.0,0.9998897918472748,-1.6063345785610137,0.0,0.0,0.0,-2.012571593977804,0,0,0,0,0,0
image_1704.png,surface,0.0,0.0,2.866324503060336,23.49748253625112,-0.799720331359396,0.0,1.449643472942739,-3.864953563467358,0.0,0.0,0.0,-2.474773956880459,0,0,0,0,0,0
image_1705.png,surface,0.0,0.0,2.7822246809689903,12.587658339919669,13.112602791077885,0.0,-2.3331816279598203,0.7410096047497589,0.0,0.0,0.0,2.31208924195219,0,0,0,0,0,0
image_1706.png,surface,0.0,0.0,1.5373485508909304,20.53251261380719,5.225474172582718,0.0,2.352011103345813,2.1997109848999243,0.0,0.0,0.0,-1.916218189456184,0,0,0,0,0,0
image_1707.png,surface,0.0,0.0,2.680569980714421,-5.109816573675283,-4.972914232491874,0.0,4.392644994854102,0.5999801790368525,0.0,0.0,0.0,-1.3494806507147272,0,0,0,0,0,0
image_1708.png,surface,0.0,0.0,2.5140202714080084,-11.331644566784403,1.473157321213966,0.0,-1.1614035469386814,-0.1513880273470572,0.0,0.0,0.0,-0.6351201514833358,0,0,0,0,0,0
image_1709.png,surface,0.0,0.0,2.9907820839832984,13.862228822201535,-19.513301263067344,0.0,1.2796595745242625,1.9778287348963808,0.0,0.0,0.0,-4.7188583030259865,0,0,0,0,0,0
image_1710.png,surface,0.0,0.0,1.3267487407074443,17.947041215759448,-12.366345446027854,0.0,-0.1377558143156015,-0.3760595626299913,0.0,0.0,0.0,-0.2258722249836955,0,0,0,0,0,0
image_1711.png,surface,0.0,0.0,2.794787245199532,4.51235780063906,14.553909550230394,0.0,2.209091473657065,-3.613336569927008,0.0,0.0,0.0,2.288554555775666,0,0,0,0,0,0
image_1712.png,surface,0.0,0.0,1.1139607077898597,14.110201309104248,20.48584609529642,0.0,-1.5029415866062708,4.378895591055518,0.0,0.0,0.0,2.300678544993784,0,0,0,0,0,0
image_1713.png,surface,0.0,0.0,2.3461292929645,6.56837955204482,22.42143577076143,0.0,1.959519984919924,-3.724655582178879,0.0,0.0,0.0,-1.7471212752816068,0,0,0,0,0,0
image_1714.png,surface,0.0,0.0,2.338315609778572,17.564261409091007,-14.99065509045071,0.0,2.2381210949712664,-2.5890744171455355,0.0,0.0,0.0,0.7904358504484907,0,0,0,0,0,0
image_1715.png,surface,0.0,0.0,2.831387898877519,14.857118367256234,19.68970561167584,0.0,1.3466334856903528,-3.929335475719348,0.0,0.0,0.0,-2.1867219747659283,0,0,0,0,0,0
image_1716.png,surface,0.0,0.0,1.4557510477339934,-12.208557984723548,-9.801415453800464,0.0,0.6977290833676467,-4.517390354528796,0.0,0.0,0.0,-0.9203935888586344,0,0,0,0,0,0
image_1717.png,surface,0.0,0.0,1.3432648094287372,-6.840654898124271,-21.796441728282822,0.0,-0.8676185413428869,1.1614157787826207,0.0,0.0,0.0,-2.8985159284327047,0,0,0,0,0,0
image_1718.png,surface,0.0,0.0,2.0270227966998684,-23.94620459907579,-7.393810349795126,0.0,1.8868938049608968,-3.878299676743576,0.0,0.0,0.0,-0.5712614835448093,0,0,0,0,0,0
image_1719.png,surface,0.0,0.0,2.9051434841683994,-7.035544861604724,19.47981901552541,0.0,2.7096144750300746,3.6235937104638407,0.0,0.0,0.0,0.3099587174048324,0,0,0,0,0,0
image_1720.png,surface,0.0,0.0,1.5577320389779443,13.115242799126433,-16.92834829356056,0.0,-3.8500218811561657,1.5982719708652262,0.0,0.0,0.0,-2.8673454942871834,0,0,0,0,0,0
image_1721.png,surface,0.0,0.0,2.59332990936256,13.40099096469725,-17.119332814264265,0.0,-1.2760921601596535,2.425876912114543,0.0,0.0,0.0,-4.194700269406199,0,0,0,0,0,0
image_1722.png,surface,0.0,0.0,1.6398843048510898,7.1496656012795645,16.7443003389908,0.0,-1.9138376777592576,4.474781322942457,0.0,0.0,0.0,0.1655977555637893,0,0,0,0,0,0
image_1723.png,surface,0.0,0.0,1.5102436628176517,3.531677992163033,16.50866242639143,0.0,-1.5934932769162125,-2.923870612987924,0.0,0.0,0.0,1.5174280322050038,0,0,0,0,0,0
image_1724.png,surface,0.0,0.0,2.368211413584932,8.378425862114154,-6.477503646857624,0.0,4.297468134706199,1.903102757024855,0.0,0.0,0.0,1.8609453371761155,0,0,0,0,0,0
image_1725.png,surface,0.0,0.0,2.542811988168872,0.1566456299080849,22.705773959713383,0.0,0.529347506072967,-1.427965525864083,0.0,0.0,0.0,-1.4161844057304696,0,0,0,0,0,0
image_1726.png,surface,0.0,0.0,1.026126707993785,-10.172673412494,-6.29493283046834,0.0,0.0760336148367449,-1.362867904320025,0.0,0.0,0.0,3.323594678486621,0,0,0,0,0,0
image_1727.png,surface,0.0,0.0,2.1672017157027788,5.425223381027188,13.22914466085078,0.0,3.194467711418257,-2.934600323369224,0.0,0.0,0.0,-2.145945083059865,0,0,0,0,0,0
image_1728.png,surface,0.0,0.0,2.061806439674291,-7.713266082799951,18.161365045801013,0.0,-1.073305934576391,4.175460076623876,0.0,0.0,0.0,-2.15894774202635,0,0,0,0,0,0
image_1729.png,surface,0.0,0.0,1.7780145981662925,-1.7656953843283525,1.048580444786556,0.0,1.207611740229688,2.5850231768407905,0.0,0.0,0.0,-3.831144685735687,0,0,0,0,0,0
image_1730.png,surface,0.0,0.0,2.5706354603424684,18.29111587443273,9.627587890236398,0.0,2.776898392178312,-0.9327938414800588,0.0,0.0,0.0,4.803678335677869,0,0,0,0,0,0
image_1731.png,surface,0.0,0.0,1.7118414586838302,-0.5384745835105001,-15.925718632588447,0.0,-3.1708733464869905,-1.608040857985835,0.0,0.0,0.0,-3.1760576903901905,0,0,0,0,0,0
image_1732.png,surface,0.0,0.0,2.088056187834691,-14.960971066765318,16.96707166173089,0.0,-0.1948078276280394,-1.0757304085161348,0.0,0.0,0.0,2.9794763295565474,0,0,0,0,0,0
image_1733.png,surface,0.0,0.0,1.8557164493999043,-3.8076728965350863,-0.0797159967025363,0.0,1.4786605874183016,0.5944276051935119,0.0,0.0,0.0,0.7063290979723513,0,0,0,0,0,0
image_1734.png,surface,0.0,0.0,1.896103399986222,-15.251986287885243,5.091097069348948,0.0,-2.354342900851338,-3.59254446692181,0.0,0.0,0.0,1.2074223171941316,0,0,0,0,0,0
image_1735.png,surface,0.0,0.0,1.971235103814339,19.61064782947763,-1.186684703532779,0.0,2.9840848907190134,-0.8172872339369591,0.0,0.0,0.0,4.653322092297056,0,0,0,0,0,0
image_1736.png,surface,0.0,0.0,1.3123620846345996,-4.776073143615999,-6.433398162840216,0.0,-1.0533263868880085,2.805126496818802,0.0,0.0,0.0,-1.7161324641861686,0,0,0,0,0,0
image_1737.png,surface,0.0,0.0,2.6069177685418685,-4.816599443975315,-22.863605299913576,0.0,-0.0361936860607665,-4.253078803475014,0.0,0.0,0.0,-4.593663828542132,0,0,0,0,0,0
image_1738.png,surface,0.0,0.0,1.5811848071889365,10.17700562114884,10.522135906737931,0.0,2.125466263307312,0.9866017594130811,0.0,0.0,0.0,2.8172941268143923,0,0,0,0,0,0
image_1739.png,surface,0.0,0.0,2.032591598248019,-8.391048492367585,7.62458503456669,0.0,-2.36648912789539,-0.1689477817305041,0.0,0.0,0.0,-2.5870556761004213,0,0,0,0,0,0
image_1740.png,surface,0.0,0.0,1.5461365589978502,11.62979069530216,8.554261201977269,0.0,0.3712278662233689,4.044619193231873,0.0,0.0,0.0,-1.7403997754755829,0,0,0,0,0,0
image_1741.png,surface,0.0,0.0,2.7185667022192934,-7.397619602445707,6.781160904192759,0.0,-2.195601061712264,-4.022058033912353,0.0,0.0,0.0,-4.698893814121368,0,0,0,0,0,0
image_1742.png,surface,0.0,0.0,2.663374064171754,-10.923062726846153,-17.8243473708475,0.0,-0.7085748260440331,3.9748957680729458,0.0,0.0,0.0,2.786836393776541,0,0,0,0,0,0
image_1743.png,surface,0.0,0.0,2.901239574426594,20.83678556202261,-2.244804272140985,0.0,1.241878254204439,1.4614704020954927,0.0,0.0,0.0,1.94011497400637,0,0,0,0,0,0
image_1744.png,surface,0.0,0.0,1.7285282284827344,-1.5742822313848883,23.9441963549844,0.0,4.142671837862459,-1.7093450838132564,0.0,0.0,0.0,-3.693906790645215,0,0,0,0,0,0
image_1745.png,surface,0.0,0.0,2.77390727571517,-9.482640701397896,-3.8857761857806143,0.0,2.247453083430724,-1.5935780526087118,0.0,0.0,0.0,-2.631750006245668,0,0,0,0,0,0
image_1746.png,surface,0.0,0.0,2.717714894391617,7.135078018006322,3.6571641112375337,0.0,-3.3954049533815835,0.0429599812024437,0.0,0.0,0.0,3.1393890880168023,0,0,0,0,0,0
image_1747.png,surface,0.0,0.0,2.147608616833571,19.769589030699382,15.368266202529869,0.0,1.646421394224355,2.0756005495526546,0.0,0.0,0.0,-3.278902641302277,0,0,0,0,0,0
image_1748.png,surface,0.0,0.0,1.2951488914226148,-14.586830489745209,19.48134654159089,0.0,3.2675843249598016,-1.5599724586320205,0.0,0.0,0.0,-2.4395862215040154,0,0,0,0,0,0
image_1749.png,surface,0.0,0.0,2.408297075233704,3.745283363197976,-11.235627655183064,0.0,1.2557889441686476,-2.716443991763265,0.0,0.0,0.0,4.715812859199682,0,0,0,0,0,0
image_1750.png,surface,0.0,0.0,2.8895757180662667,0.0158336372520235,3.651509920766047,0.0,-3.4293968877697893,-1.1913166813597194,0.0,0.0,0.0,-0.3435676762458106,0,0,0,0,0,0
image_1751.png,surface,0.0,0.0,2.638610170339228,16.425218653853587,4.590888554733351,0.0,2.809900449681916,0.5704454530754558,0.0,0.0,0.0,4.438381164477356,0,0,0,0,0,0
image_1752.png,surface,0.0,0.0,1.1530621212587655,-4.118538365017232,10.578282285536332,0.0,-2.6578806143234206,-2.212614173254757,0.0,0.0,0.0,-1.2966759994910424,0,0,0,0,0,0
image_1753.png,surface,0.0,0.0,1.0450469323683236,1.6707639590392669,-22.594459814970623,0.0,4.537874210951715,0.9178750246483816,0.0,0.0,0.0,-2.616682860608618,0,0,0,0,0,0
image_1754.png,surface,0.0,0.0,1.921271825708723,13.648905716144135,7.933029947925095,0.0,-1.16578079082871,3.0234278351596227,0.0,0.0,0.0,2.748086476826264,0,0,0,0,0,0
image_1755.png,surface,0.0,0.0,2.826017452786724,-10.174219154200827,12.307228293688748,0.0,4.587753640276893,-1.830558320617352,0.0,0.0,0.0,-1.327464466713193,0,0,0,0,0,0
image_1756.png,surface,0.0,0.0,2.4447255888236503,-3.3540751690153874,-22.19334118148241,0.0,3.230103154973531,-0.248598952326963,0.0,0.0,0.0,-2.211391392729332,0,0,0,0,0,0
image_1757.png,surface,0.0,0.0,2.998771166211359,9.379300316014213,13.659627443720664,0.0,1.20850425261536,2.5797420317932214,0.0,0.0,0.0,1.6478502983320906,0,0,0,0,0,0
image_1758.png,surface,0.0,0.0,2.2545972005373014,-0.8275713843680547,-7.718838590145065,0.0,4.693045861308828,1.2203895090313928,0.0,0.0,0.0,-4.894527706843007,0,0,0,0,0,0
image_1759.png,surface,0.0,0.0,2.7644599642568224,-16.025532760796327,-6.001767432471181,0.0,-4.025574637774773,-1.6036246349447796,0.0,0.0,0.0,-0.5711511926168864,0,0,0,0,0,0
image_1760.png,surface,0.0,0.0,2.624050078101276,-1.1107035405070795,14.565572644346233,0.0,-0.3191330254811591,4.133068050468512,0.0,0.0,0.0,4.663226319412338,0,0,0,0,0,0
image_1761.png,surface,0.0,0.0,2.0772178208164416,14.838420298964296,-9.68499633506534,0.0,-0.7633152435153435,-0.7445054127333551,0.0,0.0,0.0,-2.10428844623038,0,0,0,0,0,0
image_1762.png,surface,0.0,0.0,1.1809010905515809,-16.35028321134057,15.48081142447223,0.0,-0.9194465674635892,4.436916800207533,0.0,0.0,0.0,-0.8552354578161037,0,0,0,0,0,0
image_1763.png,surface,0.0,0.0,1.2616660832022604,0.6865316265880554,16.63853237012811,0.0,-4.254250575467786,-0.959874230023418,0.0,0.0,0.0,1.6470543304426597,0,0,0,0,0,0
image_1764.png,surface,0.0,0.0,2.6309638268929736,-14.757315256302071,11.53091376911866,0.0,3.8756518693299618,-2.534840936776225,0.0,0.0,0.0,4.145180466020527,0,0,0,0,0,0
image_1765.png,surface,0.0,0.0,1.7387477809180178,10.4094077592252,12.317810883635978,0.0,2.343851647109957,-4.321508416357066,0.0,0.0,0.0,1.1142871791053066,0,0,0,0,0,0
image_1766.png,surface,0.0,0.0,2.2052819345975845,-7.046461402003119,16.17105794795732,0.0,-0.954694042182676,2.0581022058804086,0.0,0.0,0.0,1.273955488315054,0,0,0,0,0,0
image_1767.png,surface,0.0,0.0,1.583423255129631,-20.857736590337367,11.651734520241346,0.0,1.026738041502506,-1.973173022934669,0.0,0.0,0.0,-4.2336386346256525,0,0,0,0,0,0
image_1768.png,surface,0.0,0.0,2.783058469475828,-5.717982206699462,12.467891260763713,0.0,1.199000681129723,4.731062460590682,0.0,0.0,0.0,-2.274867639504776,0,0,0,0,0,0
image_1769.png,surface,0.0,0.0,2.831992740798348,16.835479647198042,1.790850126697555,0.0,-3.663512845777576,2.703593080536698,0.0,0.0,0.0,2.266641839224704,0,0,0,0,0,0
image_1770.png,surface,0.0,0.0,2.911410681353393,-5.949541850108539,18.29991026019493,0.0,0.8200892404193656,-1.977057386753908,0.0,0.0,0.0,3.5517085061113534,0,0,0,0,0,0
image_1771.png,surface,0.0,0.0,2.857273509969253,20.89462856981997,-0.8207769372004717,0.0,-2.70172389205438,-2.248315709180021,0.0,0.0,0.0,-0.7539613216861785,0,0,0,0,0,0
image_1772.png,surface,0.0,0.0,2.1280340482999125,-7.57347028061533,-10.945304799301937,0.0,-0.4680088675552492,-3.4148726754392675,0.0,0.0,0.0,-0.1844927120917674,0,0,0,0,0,0
image_1773.png,surface,0.0,0.0,2.203759796277818,2.045349280577003,-21.604350037377564,0.0,4.014509908392483,0.2009357956664868,0.0,0.0,0.0,-2.2517407867895223,0,0,0,0,0,0
image_1774.png,surface,0.0,0.0,2.924495384915025,-19.343479268848352,-9.457591412145996,0.0,0.0369028866798561,1.3386982666929146,0.0,0.0,0.0,-1.9695705545885624,0,0,0,0,0,0
image_1775.png,surface,0.0,0.0,1.745269181022417,-10.187441202099343,-2.8453754864353646,0.0,4.130287744823443,-2.727729361306958,0.0,0.0,0.0,0.2076523425354093,0,0,0,0,0,0
image_1776.png,surface,0.0,0.0,2.2616739673324844,-9.371317728303744,4.779108132167474,0.0,0.0181610190318538,-4.820843024770577,0.0,0.0,0.0,-3.703249510407872,0,0,0,0,0,0
image_1777.png,surface,0.0,0.0,1.879436564058784,-18.71052361198783,-6.076916564566154,0.0,-0.1043515179013006,2.1530637164632944,0.0,0.0,0.0,-1.129543722241506,0,0,0,0,0,0
image_1778.png,surface,0.0,0.0,1.689443537823304,-3.966557059628792,7.058708277007534,0.0,-1.1684225112526552,-0.3177593935182969,0.0,0.0,0.0,-2.470644260912742,0,0,0,0,0,0
image_1779.png,surface,0.0,0.0,2.8588845197305703,2.046623331632368,24.398878115636315,0.0,-4.115529477942622,-1.53754229603121,0.0,0.0,0.0,3.631858831449336,0,0,0,0,0,0
image_1780.png,surface,0.0,0.0,2.1392883318007287,19.63615799683334,-10.640151528634116,0.0,-3.9709736429377007,1.5323284909544446,0.0,0.0,0.0,3.7723407727556575,0,0,0,0,0,0
image_1781.png,surface,0.0,0.0,1.9302122257995824,-6.913512661092619,18.95432210011981,0.0,2.038945001196492,3.967561088677634,0.0,0.0,0.0,-1.6597543911224024,0,0,0,0,0,0
image_1782.png,surface,0.0,0.0,1.1082576942035047,-19.649117129002235,-15.0648050542475,0.0,1.2598864755982764,4.051599886538073,0.0,0.0,0.0,-1.4917596243305975,0,0,0,0,0,0
image_1783.png,surface,0.0,0.0,1.3109774647476975,-3.5022227081570327,14.579985707117196,0.0,3.912831333884928,0.3100409431908506,0.0,0.0,0.0,-3.4733418648537464,0,0,0,0,0,0
image_1784.png,surface,0.0,0.0,2.0814869135280523,-17.69798652388975,2.0948488245733308,0.0,-0.9679651521109354,-3.189914608850163,0.0,0.0,0.0,-0.149748084342626,0,0,0,0,0,0
image_1785.png,surface,0.0,0.0,2.989236641230983,-6.22177467975785,-12.408905434372272,0.0,0.7266859918093183,2.8572716610432725,0.0,0.0,0.0,1.6351598868881236,0,0,0,0,0,0
image_1786.png,surface,0.0,0.0,1.9188729175093284,-16.254766159819134,-5.12534745497968,0.0,-1.4756610930640934,2.482663778286339,0.0,0.0,0.0,-2.895655219869316,0,0,0,0,0,0
image_1787.png,surface,0.0,0.0,2.250383206169766,-15.761463598886593,-17.542046304949153,0.0,-1.2039288623566624,-0.1730129576337694,0.0,0.0,0.0,-2.9546043099206587,0,0,0,0,0,0
image_1788.png,surface,0.0,0.0,2.703384857604987,9.446314960939404,3.7835757322185497,0.0,-0.7911653270594137,-2.11097909078003,0.0,0.0,0.0,-3.3462163457669414,0,0,0,0,0,0
image_1789.png,surface,0.0,0.0,2.836794213531728,18.56697676584324,-9.859586268943282,0.0,2.807196018270124,-1.0447599074846303,0.0,0.0,0.0,3.185335011127816,0,0,0,0,0,0
image_1790.png,surface,0.0,0.0,1.7322601435404483,1.3320313894966835,-0.1948873459065284,0.0,4.129475875037885,-0.8326223264924427,0.0,0.0,0.0,-1.2393748273343252,0,0,0,0,0,0
image_1791.png,surface,0.0,0.0,1.327187578153981,20.93753241516035,-10.056183215228684,0.0,1.7319615033330351,2.441085292037652,0.0,0.0,0.0,2.97546638943298,0,0,0,0,0,0
image_1792.png,surface,0.0,0.0,2.942605953531072,2.131386999632581,24.66437566060168,0.0,-2.9364986322443585,3.3927685568152803,0.0,0.0,0.0,-1.310621819290709,0,0,0,0,0,0
image_1793.png,surface,0.0,0.0,2.0549793895456343,-4.511924253483583,13.439674219781184,0.0,3.725288032748364,0.1143303082948067,0.0,0.0,0.0,-2.431691404734214,0,0,0,0,0,0
image_1794.png,surface,0.0,0.0,2.7715585236197784,19.03730766616908,4.6002699070850745,0.0,-1.699077314782361,-2.5811737068926712,0.0,0.0,0.0,-3.890324186053098,0,0,0,0,0,0
image_1795.png,surface,0.0,0.0,1.5970123580406184,-3.236018643428428,-21.914563698545127,0.0,-4.607661963290902,-0.1453662279580299,0.0,0.0,0.0,-1.1093826999868872,0,0,0,0,0,0
image_1796.png,surface,0.0,0.0,1.1773268133897286,8.078131702965043,-5.055053569182072,0.0,-1.8848102962429465,2.1947894707006763,0.0,0.0,0.0,-3.807236154398322,0,0,0,0,0,0
image_1797.png,surface,0.0,0.0,2.75680430319522,12.6911997876489,5.268336355945808,0.0,2.1096509216262618,3.952236496784091,0.0,0.0,0.0,-1.8346017027878123,0,0,0,0,0,0
image_1798.png,surface,0.0,0.0,1.833126764052392,-2.2226614933261133,-22.148636366683856,0.0,-1.811480636932948,3.750301087977377,0.0,0.0,0.0,-2.8574031555528414,0,0,0,0,0,0
image_1799.png,surface,0.0,0.0,1.8811551393173709,-17.4377493426735,16.306263094578348,0.0,-0.3695233923352453,2.107483877142477,0.0,0.0,0.0,-4.091025686648912,0,0,0,0,0,0
image_1800.png,surface,0.0,0.0,2.9670770856988447,9.76593973895841,-16.624998646626903,0.0,-2.075834144924401,-1.8335437617301265,0.0,0.0,0.0,-3.353029328590789,0,0,0,0,0,0
image_1801.png,surface,0.0,0.0,1.8176853712930896,16.034693010859318,11.661015853232117,0.0,-2.011020466955108,-2.8161723097366766,0.0,0.0,0.0,0.739482076282501,0,0,0,0,0,0
image_1802.png,surface,0.0,0.0,2.147359202182537,-15.517274117796,17.630991928042846,0.0,3.278164503376769,2.4197412752730787,0.0,0.0,0.0,4.571728711427049,0,0,0,0,0,0
image_1803.png,surface,0.0,0.0,2.4745822834685605,10.337375126833278,-15.88053121571883,0.0,-1.0568599752674452,-0.8328147456122721,0.0,0.0,0.0,-3.388267971500624,0,0,0,0,0,0
image_1804.png,surface,0.0,0.0,1.450396873057374,17.31388743036208,17.92143578476933,0.0,1.6675490126657928,0.2580868324587036,0.0,0.0,0.0,-1.32078949741795,0,0,0,0,0,0
image_1805.png,surface,0.0,0.0,1.5393958416536715,4.594358398214696,16.812685303726518,0.0,4.345523572816555,0.0489383381943307,0.0,0.0,0.0,-0.9119158217541354,0,0,0,0,0,0
image_1806.png,surface,0.0,0.0,2.4776507738448874,-14.67282787487169,12.21470468751185,0.0,3.134319595838011,-3.5908436567298283,0.0,0.0,0.0,2.716113902250531,0,0,0,0,0,0
image_1807.png,surface,0.0,0.0,2.614289570225287,-16.911163843446783,-13.391128253693926,0.0,0.1064890608698414,-4.436680695479717,0.0,0.0,0.0,3.0544492572169464,0,0,0,0,0,0
image_1808.png,surface,0.0,0.0,1.4011929186343377,-8.514716421522618,-11.928880758608946,0.0,-0.6009079801049212,4.878099307705824,0.0,0.0,0.0,2.037333823620189,0,0,0,0,0,0
image_1809.png,surface,0.0,0.0,1.617478226657994,-11.47868685004344,17.782629007867843,0.0,-2.4738984575889145,0.2652051077835901,0.0,0.0,0.0,-2.583413848221036,0,0,0,0,0,0
image_1810.png,surface,0.0,0.0,1.0174425948231376,-19.099560529030025,-1.9312509689581905,0.0,-2.3409398614024566,-2.823835018040849,0.0,0.0,0.0,-4.641959089329988,0,0,0,0,0,0
image_1811.png,surface,0.0,0.0,1.7696654249045811,-10.937754073134045,-12.721172512927064,0.0,-1.4743180636462556,0.5047423211339684,0.0,0.0,0.0,-3.5999406144039057,0,0,0,0,0,0
image_1812.png,surface,0.0,0.0,2.802229851335886,-5.566878152278399,11.594667964791544,0.0,-3.3334003147154725,3.5462036463488142,0.0,0.0,0.0,-2.3398624028319515,0,0,0,0,0,0
image_1813.png,surface,0.0,0.0,1.8026809320683463,12.34386011626087,2.33211396436142,0.0,3.844713104844301,2.228594451563392,0.0,0.0,0.0,1.5437769935915586,0,0,0,0,0,0
image_1814.png,surface,0.0,0.0,2.5180298398812058,20.74091782152114,12.494012851255649,0.0,0.7500647752964491,2.8755133040432224,0.0,0.0,0.0,3.878877343477813,0,0,0,0,0,0
image_1815.png,surface,0.0,0.0,1.1147740976168774,14.79367124106058,8.834653713441973,0.0,0.5505038216409802,0.3696496848312282,0.0,0.0,0.0,-0.928269149830145,0,0,0,0,0,0
image_1816.png,surface,0.0,0.0,2.1757894949294485,-13.093010394429786,-11.892108887279024,0.0,0.5194983971901019,4.858420199116721,0.0,0.0,0.0,4.187114865455921,0,0,0,0,0,0
image_1817.png,surface,0.0,0.0,2.9080878279852653,-13.389940392001105,11.153920206414004,0.0,0.4084955765854933,3.38647979791006,0.0,0.0,0.0,-2.8956891023610765,0,0,0,0,0,0
image_1818.png,surface,0.0,0.0,2.9687680763379656,-4.306617644284159,0.016495256631965,0.0,-4.688334011228772,0.524802519441263,0.0,0.0,0.0,-4.025325712402611,0,0,0,0,0,0
image_1819.png,surface,0.0,0.0,2.1568077646171666,8.225784304045277,-4.175545339700587,0.0,-1.170074636581275,1.4885295957855962,0.0,0.0,0.0,0.274436747989756,0,0,0,0,0,0
image_1820.png,surface,0.0,0.0,1.028637892229496,6.058707875116662,19.16393070332168,0.0,-2.3561188769413213,1.914193891319809,0.0,0.0,0.0,-0.260363104226168,0,0,0,0,0,0
image_1821.png,surface,0.0,0.0,2.6797912859493938,-22.302032319543542,-5.872470588832476,0.0,3.234594013822284,0.1511757018933506,0.0,0.0,0.0,-2.921792136469745,0,0,0,0,0,0
image_1822.png,surface,0.0,0.0,2.469430371224908,-14.146401998826848,-19.679861885803778,0.0,1.2693367984439528,-4.567999199909162,0.0,0.0,0.0,-2.062602913750493,0,0,0,0,0,0
image_1823.png,surface,0.0,0.0,1.049362365477522,8.72103419004049,-17.646014234218562,0.0,-2.9471020346722354,-3.2709826512598217,0.0,0.0,0.0,2.1944353787903106,0,0,0,0,0,0
image_1824.png,surface,0.0,0.0,2.513323773333485,-9.464345492167723,9.122572687300217,0.0,-0.4248145492274717,-3.865795789389241,0.0,0.0,0.0,2.6073407216355173,0,0,0,0,0,0
image_1825.png,surface,0.0,0.0,2.438996667208838,-24.72406230915921,2.3653473581277784,0.0,3.929421402352992,0.2552631224866857,0.0,0.0,0.0,-4.262658161583075,0,0,0,0,0,0
image_1826.png,surface,0.0,0.0,1.193185588490315,7.8530749073080734,-23.4559595140254,0.0,1.269148183619677,-1.338149010330197,0.0,0.0,0.0,1.0328698788249395,0,0,0,0,0,0
image_1827.png,surface,0.0,0.0,2.0727544923223293,4.284837458345951,-11.113287375299343,0.0,0.9080814489522212,-2.7268824158254925,0.0,0.0,0.0,-1.7200334256902077,0,0,0,0,0,0
image_1828.png,surface,0.0,0.0,2.0977519549592345,18.16739839448942,9.17133136539646,0.0,-3.1441446428804425,1.9361786680864583,0.0,0.0,0.0,0.6524517776816303,0,0,0,0,0,0
image_1829.png,surface,0.0,0.0,2.7897099292195886,-11.409812860389676,-12.5911941132043,0.0,-0.4922676457830684,-1.2107370057922058,0.0,0.0,0.0,3.093370258105299,0,0,0,0,0,0
image_1830.png,surface,0.0,0.0,1.8862444788691224,-21.85447963800987,-3.451733547952621,0.0,1.765000876139648,3.055545783190171,0.0,0.0,0.0,-3.742643899458238,0,0,0,0,0,0
image_1831.png,surface,0.0,0.0,2.11831512003217,-9.967586960422144,3.251603582941714,0.0,-3.8353249997953394,2.077352872317181,0.0,0.0,0.0,3.034448496223879,0,0,0,0,0,0
image_1832.png,surface,0.0,0.0,2.1018928825380936,-14.389862909516305,-10.052823771120128,0.0,4.262401349800957,-0.590600066079728,0.0,0.0,0.0,-4.837732426853847,0,0,0,0,0,0
image_1833.png,surface,0.0,0.0,2.038751873157945,2.0248502291851005,-15.265769326408815,0.0,-0.4076050216691716,-1.3065749224253471,0.0,0.0,0.0,2.5025215157193683,0,0,0,0,0,0
image_1834.png,surface,0.0,0.0,2.7063169642028875,13.867419266186465,-10.990655190933555,0.0,-1.0319827313367365,-4.263265689614112,0.0,0.0,0.0,-0.7353976235015445,0,0,0,0,0,0
image_1835.png,surface,0.0,0.0,2.8932586391444626,21.496484076735072,3.406310100149456,0.0,-0.0442543309936904,4.175550900732607,0.0,0.0,0.0,3.433473133639488,0,0,0,0,0,0
image_1836.png,surface,0.0,0.0,2.8298439772404445,8.839773919727183,5.018584782365558,0.0,2.65447085243517,3.627344651589621,0.0,0.0,0.0,-2.399044207078638,0,0,0,0,0,0
image_1837.png,surface,0.0,0.0,1.3929032871058928,-22.912023307650813,1.6304297404788013,0.0,4.095311902550668,1.9515299650173457,0.0,0.0,0.0,0.1450916485664031,0,0,0,0,0,0
image_1838.png,surface,0.0,0.0,2.7359996999365848,20.477760330561537,9.566945237943411,0.0,3.208230620275621,2.922583319506165,0.0,0.0,0.0,4.55511273783263,0,0,0,0,0,0
image_1839.png,surface,0.0,0.0,1.6355096410209653,-4.9382996312048,15.655368572679135,0.0,2.6695899736824305,-3.629278214166264,0.0,0.0,0.0,-0.7529780592623805,0,0,0,0,0,0
image_1840.png,surface,0.0,0.0,1.0256230043331866,16.36989725368437,-16.08356177932426,0.0,-3.6732729583211934,2.7731881643855014,0.0,0.0,0.0,0.8364897803934115,0,0,0,0,0,0
image_1841.png,surface,0.0,0.0,2.0662485569744087,-11.311590290292116,-7.129575744215803,0.0,-0.1646855700673744,1.299944595477034,0.0,0.0,0.0,-1.1171540654961278,0,0,0,0,0,0
image_1842.png,surface,0.0,0.0,1.188546320870816,2.5873604489897875,-23.42426504572881,0.0,1.344099776801165,3.683299171382135,0.0,0.0,0.0,-2.762890411029751,0,0,0,0,0,0
image_1843.png,surface,0.0,0.0,1.998616478958236,-16.763712160191115,6.886016616124233,0.0,-0.0265995503105753,-3.865361139949338,0.0,0.0,0.0,4.446412036225015,0,0,0,0,0,0
image_1844.png,surface,0.0,0.0,2.479550853061773,-12.456573111283667,17.08463871737486,0.0,0.608417374765112,2.931381708051476,0.0,0.0,0.0,1.6477155264750063,0,0,0,0,0,0
image_1845.png,surface,0.0,0.0,2.6915501623553144,2.2188035532752126,-11.612854084748948,0.0,4.561142261123786,-1.2716735991413148,0.0,0.0,0.0,0.7333623700845004,0,0,0,0,0,0
image_1846.png,surface,0.0,0.0,1.6456267415635568,3.976836788467792,7.001973735609704,0.0,-0.0022058289050299,2.96056281711586,0.0,0.0,0.0,-1.83703114489548,0,0,0,0,0,0
image_1847.png,surface,0.0,0.0,2.6776077177629256,-7.70744065121395,5.069756108648798,0.0,2.8946088183341194,-2.738873341902013,0.0,0.0,0.0,-1.913752813029008,0,0,0,0,0,0
image_1848.png,surface,0.0,0.0,1.1142602971108733,0.9935654381037036,16.30322418777407,0.0,-0.1889941864745758,-2.9493422315124573,0.0,0.0,0.0,-3.55360693987242,0,0,0,0,0,0
image_1849.png,surface,0.0,0.0,2.2312428701158,13.658279138906307,-10.331908238845717,0.0,-4.209903396940953,2.0463223806424664,0.0,0.0,0.0,-3.071173926281721,0,0,0,0,0,0
image_1850.png,surface,0.0,0.0,1.6991394876173656,-10.873260065397329,-10.267711003556258,0.0,-3.158709070096092,-1.0173959986044872,0.0,0.0,0.0,2.098257674373468,0,0,0,0,0,0
image_1851.png,surface,0.0,0.0,2.0975040872046407,-2.584281304221622,1.9566074829382727,0.0,-1.4698484779005458,-3.805047410287043,0.0,0.0,0.0,-0.3264369835649026,0,0,0,0,0,0
image_1852.png,surface,0.0,0.0,1.3838955846932788,-14.737406349929552,-13.487928813799934,0.0,-3.5893378493152803,-0.6545242518770814,0.0,0.0,0.0,0.8338006716774888,0,0,0,0,0,0
image_1853.png,surface,0.0,0.0,1.462470356085561,-13.37310668047122,13.131813533065296,0.0,-1.3147251579616035,-4.68266820981188,0.0,0.0,0.0,-1.0121102533211013,0,0,0,0,0,0
image_1854.png,surface,0.0,0.0,2.672771444095331,-19.021255083364323,5.568454916784512,0.0,-2.1752535764902503,2.6749880928758265,0.0,0.0,0.0,-0.8614395391283578,0,0,0,0,0,0
image_1855.png,surface,0.0,0.0,2.595187667916848,-16.293859325708762,-14.089785605167528,0.0,-2.154386792424649,-1.4121568619169218,0.0,0.0,0.0,0.1809826492438659,0,0,0,0,0,0
image_1856.png,surface,0.0,0.0,2.708653775277571,24.55360390420505,1.3588394141261866,0.0,-1.080721347818835,0.9648337801607592,0.0,0.0,0.0,-1.935589173767392,0,0,0,0,0,0
image_1857.png,surface,0.0,0.0,1.9567759390020312,16.81241726067737,-12.474245290611991,0.0,1.0792539674286077,-1.2482403658765124,0.0,0.0,0.0,1.069469934173517,0,0,0,0,0,0
image_1858.png,surface,0.0,0.0,2.32426313856542,-10.574622840696376,-10.465931113974868,0.0,-2.558494931960213,-2.5941982471497567,0.0,0.0,0.0,4.979476769143247,0,0,0,0,0,0
image_1859.png,surface,0.0,0.0,1.9163832507908385,-2.4074423415530783,22.37016987841558,0.0,-0.5305702954258573,1.3412692509287365,0.0,0.0,0.0,0.7084462140444128,0,0,0,0,0,0
image_1860.png,surface,0.0,0.0,1.4982483154170037,4.159613230865777,-4.799671551806054,0.0,-1.7198366512730914,3.4137804828754343,0.0,0.0,0.0,-3.910330498712295,0,0,0,0,0,0
image_1861.png,surface,0.0,0.0,1.0123954241126765,10.122849014667548,0.4242216795426742,0.0,-3.25995242724804,2.099501709575045,0.0,0.0,0.0,-0.7342313347797012,0,0,0,0,0,0
image_1862.png,surface,0.0,0.0,2.83961351149751,-0.0916869023500589,-5.8829688664201445,0.0,-1.7984006505657688,2.39007571830705,0.0,0.0,0.0,-1.059164607326065,0,0,0,0,0,0
image_1863.png,surface,0.0,0.0,2.3942069754560222,-14.642372628748133,8.62320620315562,0.0,0.6861561937649668,-3.2394102524127795,0.0,0.0,0.0,-0.8690158444496356,0,0,0,0,0,0
image_1864.png,surface,0.0,0.0,2.563663596378235,-21.182025187806584,2.740367331912072,0.0,-2.5166845995049183,-3.339765142633883,0.0,0.0,0.0,-4.096558374408393,0,0,0,0,0,0
image_1865.png,surface,0.0,0.0,1.1482270936130072,-6.217771958449105,12.366387527303552,0.0,-2.0481984702784635,0.9699886366274288,0.0,0.0,0.0,2.4349974650017767,0,0,0,0,0,0
image_1866.png,surface,0.0,0.0,2.765820866611157,2.587977952058255,15.546366862152077,0.0,2.8858356744997367,3.4527861986998327,0.0,0.0,0.0,2.4793047296195203,0,0,0,0,0,0
image_1867.png,surface,0.0,0.0,1.293469198999875,-4.052785399497028,21.1766743761756,0.0,-1.3259951968961226,2.9276795070789268,0.0,0.0,0.0,-3.6768018558484417,0,0,0,0,0,0
image_1868.png,surface,0.0,0.0,2.68608217196397,11.416869943002933,9.025274985540404,0.0,-0.7167616705228927,2.7890218040102406,0.0,0.0,0.0,-1.8571951380186704,0,0,0,0,0,0
image_1869.png,surface,0.0,0.0,2.52944052197096,14.933149388925424,12.04423992371021,0.0,-0.6500226618722613,-2.983514217152738,0.0,0.0,0.0,0.4743392817775982,0,0,0,0,0,0
image_1870.png,surface,0.0,0.0,2.4776364190954325,-6.99939488779217,13.56045218562956,0.0,0.4517416429948374,4.833018607885296,0.0,0.0,0.0,-3.810627422064952,0,0,0,0,0,0
image_1871.png,surface,0.0,0.0,2.374395362173712,4.740628410222188,-3.325877556977096,0.0,-4.068319321523493,1.217121053195818,0.0,0.0,0.0,1.7247981221915074,0,0,0,0,0,0
image_1872.png,surface,0.0,0.0,1.4050034214455511,-18.13904202962659,13.988369182082726,0.0,-0.8847553843584435,3.460894924001523,0.0,0.0,0.0,1.1968541702709032,0,0,0,0,0,0
image_1873.png,surface,0.0,0.0,2.315581896005744,8.436263487474145,3.0936859370017924,0.0,0.7350347904166901,-1.3411418113442122,0.0,0.0,0.0,1.1801214730294562,0,0,0,0,0,0
image_1874.png,surface,0.0,0.0,1.2171806808725707,-4.590503791488163,12.845226357285702,0.0,0.6988090807904379,1.9309987178221657,0.0,0.0,0.0,-1.933882316582664,0,0,0,0,0,0
image_1875.png,surface,0.0,0.0,2.719234909038668,-6.344724771433294,-9.09337098367797,0.0,-2.701477589923392,3.50317658791105,0.0,0.0,0.0,-1.1601006437339976,0,0,0,0,0,0
image_1876.png,surface,0.0,0.0,1.4007414413530983,-23.82099346048304,-2.227865542742292,0.0,0.3001963956598701,-4.629050252046891,0.0,0.0,0.0,3.015339651891141,0,0,0,0,0,0
image_1877.png,surface,0.0,0.0,1.879210662323324,-18.166886582669783,14.346951162120329,0.0,-4.308973900073727,0.308599298912379,0.0,0.0,0.0,-4.54768349037899,0,0,0,0,0,0
image_1878.png,surface,0.0,0.0,2.812088996825292,-3.6535368703830864,10.972501144179502,0.0,1.6806113962523883,-4.496223179829824,0.0,0.0,0.0,-4.504482311818871,0,0,0,0,0,0
image_1879.png,surface,0.0,0.0,2.590854663150779,8.907607763592996,-5.284939387111332,0.0,0.95648697669827,3.844140829845622,0.0,0.0,0.0,2.9690550554759474,0,0,0,0,0,0
image_1880.png,surface,0.0,0.0,1.0762444985535975,-18.002660448461622,-0.2451730912788635,0.0,2.874227742661541,1.0694512557638132,0.0,0.0,0.0,-2.4374348952289893,0,0,0,0,0,0
image_1881.png,surface,0.0,0.0,1.9770123339372727,-18.203980277849645,10.500021264389456,0.0,-2.26906387285312,1.6713706751117654,0.0,0.0,0.0,0.6745642344660805,0,0,0,0,0,0
image_1882.png,surface,0.0,0.0,2.050292275626731,8.367628737023976,2.589785083523996,0.0,-4.109749254386126,2.1393869596440145,0.0,0.0,0.0,-3.1290753311133788,0,0,0,0,0,0
image_1883.png,surface,0.0,0.0,2.670566405695241,-11.065315795555325,-16.12308836188819,0.0,4.960226039928653,-0.3985939709756156,0.0,0.0,0.0,1.2355639356555406,0,0,0,0,0,0
image_1884.png,surface,0.0,0.0,2.1939304250621765,17.446426026076974,6.102231023291956,0.0,0.7637213470407505,-3.337947185667565,0.0,0.0,0.0,2.205299393174556,0,0,0,0,0,0
image_1885.png,surface,0.0,0.0,1.1318489073906437,21.84354017589564,7.9509917925692655,0.0,1.0556673141939297,3.649630186198997,0.0,0.0,0.0,0.1309978952797692,0,0,0,0,0,0
image_1886.png,surface,0.0,0.0,1.839461688660264,10.988763029800372,18.271355901452708,0.0,-1.4833391956703534,1.385419376814485,0.0,0.0,0.0,-2.0703132914446742,0,0,0,0,0,0
image_1887.png,surface,0.0,0.0,2.320400745474431,-2.270254464354796,-23.26896269901989,0.0,-2.204101917833212,-1.4839410178624657,0.0,0.0,0.0,-1.9518797760877904,0,0,0,0,0,0
image_1888.png,surface,0.0,0.0,2.9760688865393163,13.801717588867856,-19.399094292895587,0.0,1.8831874605352417,4.280337361114717,0.0,0.0,0.0,3.279310281422065,0,0,0,0,0,0
image_1889.png,surface,0.0,0.0,1.7681686029696406,13.33628025667664,6.395416727232105,0.0,-3.6287374846725298,-0.3435878209630695,0.0,0.0,0.0,-0.2647561529596256,0,0,0,0,0,0
image_1890.png,surface,0.0,0.0,2.969186521127109,12.251896470164237,20.598415367797266,0.0,1.3427239182685928,-2.37320194491462,0.0,0.0,0.0,0.1783773354205928,0,0,0,0,0,0
image_1891.png,surface,0.0,0.0,2.097721705007077,-9.500600985279084,15.86720438608751,0.0,1.4427174007044046,3.46615632061883,0.0,0.0,0.0,-1.4733252898293223,0,0,0,0,0,0
image_1892.png,surface,0.0,0.0,1.9275081030493089,-6.497983455893571,11.35330135846792,0.0,3.0393330631041624,-3.500138691632597,0.0,0.0,0.0,-1.4659409903384724,0,0,0,0,0,0
image_1893.png,surface,0.0,0.0,1.8308680156534485,10.03111335156887,19.20352062162444,0.0,1.486140731823251,4.517862918250626,0.0,0.0,0.0,-1.6916161758808732,0,0,0,0,0,0
image_1894.png,surface,0.0,0.0,2.158678921100772,23.70044569465356,6.4963586324901,0.0,0.7997349659202739,-2.149755450326139,0.0,0.0,0.0,-1.5570799095747545,0,0,0,0,0,0
image_1895.png,surface,0.0,0.0,1.857073064063442,6.940314965399601,19.334631183126533,0.0,1.511291227929944,-4.759886499536222,0.0,0.0,0.0,1.0261374025132035,0,0,0,0,0,0
image_1896.png,surface,0.0,0.0,1.7669511871655936,-18.64526734842681,-11.38162747795982,0.0,-1.6145778024603512,-2.322126949164504,0.0,0.0,0.0,3.291049623831249,0,0,0,0,0,0
image_1897.png,surface,0.0,0.0,2.956337991697834,3.700461988933562,19.289350899038908,0.0,2.1948759126224573,0.0740351191193862,0.0,0.0,0.0,1.2962878380401897,0,0,0,0,0,0
image_1898.png,surface,0.0,0.0,1.9890166718240472,10.42824536614941,1.4257173031420778,0.0,-4.654595307425824,-0.725501048007712,0.0,0.0,0.0,-3.1776453283186514,0,0,0,0,0,0
image_1899.png,surface,0.0,0.0,2.5603773177783213,-15.680559343223242,8.751739435476509,0.0,0.5563314841743401,-0.6767056455623165,0.0,0.0,0.0,-3.766838584138826,0,0,0,0,0,0
image_1900.png,surface,0.0,0.0,2.012596727337706,12.984850408409358,-14.987862467157344,0.0,1.843134994162835,0.7149360810814006,0.0,0.0,0.0,0.9277155857486532,0,0,0,0,0,0
image_1901.png,surface,0.0,0.0,1.46386313851518,1.8752549549427424,21.78241496441936,0.0,-1.9202911671578595,-2.472718656059255,0.0,0.0,0.0,-0.1084096051860274,0,0,0,0,0,0
image_1902.png,surface,0.0,0.0,2.8967361227351063,-0.3636649297428631,-10.203023975370654,0.0,-0.8468321983708595,-2.8513210555419883,0.0,0.0,0.0,2.14368286778115,0,0,0,0,0,0
image_1903.png,surface,0.0,0.0,2.762613985857573,0.3812913919782222,20.69006683154902,0.0,-0.8913547188479036,-3.982496421640328,0.0,0.0,0.0,-1.0285395238768658,0,0,0,0,0,0
image_1904.png,surface,0.0,0.0,1.2838667903370344,17.80189447034584,-6.077654409592468,0.0,2.6997181946595443,-3.5088285150892267,0.0,0.0,0.0,3.141203701497542,0,0,0,0,0,0
image_1905.png,surface,0.0,0.0,2.7699646354126424,9.400150873321753,0.3183333142876828,0.0,2.9906345200833977,3.264014712925549,0.0,0.0,0.0,-2.5151584026159703,0,0,0,0,0,0
image_1906.png,surface,0.0,0.0,1.394027942332891,-12.887509012486092,-18.001853319246937,0.0,4.454331310888476,-1.4393991810930191,0.0,0.0,0.0,-4.02482836937284,0,0,0,0,0,0
image_1907.png,surface,0.0,0.0,2.137226659150177,11.617324014680772,-7.653066806106799,0.0,2.78294567055308,-3.02814140312542,0.0,0.0,0.0,4.917490978729653,0,0,0,0,0,0
image_1908.png,surface,0.0,0.0,2.8620304853932863,8.418121785571529,-15.211243993049235,0.0,2.1131364643798163,3.3822305813348827,0.0,0.0,0.0,-2.571980055495154,0,0,0,0,0,0
image_1909.png,surface,0.0,0.0,2.128986341543556,-5.59591592706042,2.37393998896218,0.0,-0.2033390022759514,-2.5236933314686887,0.0,0.0,0.0,-4.495014994546009,0,0,0,0,0,0
image_1910.png,surface,0.0,0.0,1.4232570140879752,-18.26615078776169,14.0326429494828,0.0,3.057464956651569,-1.6851640620117188,0.0,0.0,0.0,1.6895819790062552,0,0,0,0,0,0
image_1911.png,surface,0.0,0.0,1.5299079041894148,-8.743331896080345,-5.130999946718148,0.0,-0.0119934839314887,-4.558041256852988,0.0,0.0,0.0,3.1690790054583537,0,0,0,0,0,0
image_1912.png,surface,0.0,0.0,2.3571415241230573,-6.637635681050214,23.00798910935967,0.0,2.148901650886024,-2.4512955586635994,0.0,0.0,0.0,-4.514232287614028,0,0,0,0,0,0
image_1913.png,surface,0.0,0.0,2.4940792976125907,-1.1719978666855095,15.15418173706958,0.0,-3.617342116440162,0.8677611063029846,0.0,0.0,0.0,-4.1106238053428426,0,0,0,0,0,0
image_1914.png,surface,0.0,0.0,2.1835044713030483,-2.338677092958942,-3.616265397526668,0.0,4.723710052393034,1.292664959242581,0.0,0.0,0.0,2.6904727606422103,0,0,0,0,0,0
image_1915.png,surface,0.0,0.0,1.5628515677101456,-8.07428703754275,19.826756165126348,0.0,-0.7765279394414656,-1.487506773776713,0.0,0.0,0.0,-2.6509947594730585,0,0,0,0,0,0
image_1916.png,surface,0.0,0.0,1.3735416053710805,12.247474415609329,-4.46245266668927,0.0,-3.654402201621417,-3.175509467797299,0.0,0.0,0.0,2.575934224359165,0,0,0,0,0,0
image_1917.png,surface,0.0,0.0,2.309293246407571,5.29376018077575,19.13580427167615,0.0,-4.1572560110279575,2.568635973037717,0.0,0.0,0.0,1.0513477710702457,0,0,0,0,0,0
image_1918.png,surface,0.0,0.0,1.4586625076307769,2.5592062414557617,-2.749342313464474,0.0,-4.343112120705758,-2.360087139827692,0.0,0.0,0.0,-1.5193473452202024,0,0,0,0,0,0
image_1919.png,surface,0.0,0.0,1.325557925346193,-15.736677395661856,-15.555412458285444,0.0,-3.719881228858812,-3.072993367629897,0.0,0.0,0.0,-1.490604090533524,0,0,0,0,0,0
image_1920.png,surface,0.0,0.0,1.2622825516005245,16.994365366946152,-18.165958817375,0.0,0.1104184520119586,-2.091063366348749,0.0,0.0,0.0,2.075208513270669,0,0,0,0,0,0
image_1921.png,surface,0.0,0.0,2.477689151763616,-0.531884194387896,-17.651177201936445,0.0,0.9143903867928872,-3.3803299745449618,0.0,0.0,0.0,3.1359198941059248,0,0,0,0,0,0
image_1922.png,surface,0.0,0.0,2.4238231219060897,-24.000013930904306,2.43716478010724,0.0,-1.3100104810651485,1.413660177467455,0.0,0.0,0.0,1.2533453129493122,0,0,0,0,0,0
image_1923.png,surface,0.0,0.0,2.8549490220315104,-21.982422486266795,2.165479089784553,0.0,3.1700145950234897,-1.1784909816545963,0.0,0.0,0.0,0.441906034816629,0,0,0,0,0,0
image_1924.png,surface,0.0,0.0,1.523425204010106,-11.242819845434324,-19.63339781084295,0.0,1.819330817011851,2.8344678685924314,0.0,0.0,0.0,-2.834771949902967,0,0,0,0,0,0
image_1925.png,surface,0.0,0.0,2.178909167131432,19.53360148380184,-4.850228063355613,0.0,-1.6331886479642537,2.231905571149989,0.0,0.0,0.0,4.159104237397287,0,0,0,0,0,0
image_1926.png,surface,0.0,0.0,2.8392325922623627,10.26621014748723,-9.683205861790077,0.0,1.027368130086982,2.562437719207796,0.0,0.0,0.0,-2.409715298734329,0,0,0,0,0,0
image_1927.png,surface,0.0,0.0,1.4470110309134472,-2.6082025195090184,20.57574440828697,0.0,-2.653940922652594,3.998681815909182,0.0,0.0,0.0,-1.5808703548515437,0,0,0,0,0,0
image_1928.png,surface,0.0,0.0,1.9079378599879344,0.1889027344490801,14.22713608173425,0.0,2.3728596812741216,0.9729119381826612,0.0,0.0,0.0,3.720141492351116,0,0,0,0,0,0
image_1929.png,surface,0.0,0.0,2.931635206327231,14.62337660453259,-17.21660398760107,0.0,2.347782557920025,1.9273351374748613,0.0,0.0,0.0,0.2967268697402394,0,0,0,0,0,0
image_1930.png,surface,0.0,0.0,2.909764781034569,-1.3929980771241914,24.251142462495768,0.0,-4.219299155947015,-1.2888043198369854,0.0,0.0,0.0,-2.159003871133144,0,0,0,0,0,0
image_1931.png,surface,0.0,0.0,2.023172299110944,-17.450907030263167,-6.916346550371373,0.0,2.361045346713317,-1.954588450146019,0.0,0.0,0.0,-1.6230800841213069,0,0,0,0,0,0
image_1932.png,surface,0.0,0.0,1.8973377404961504,23.50434394877717,5.444356172832403,0.0,3.823060737323796,-0.4640099375246763,0.0,0.0,0.0,0.6845766574707044,0,0,0,0,0,0
image_1933.png,surface,0.0,0.0,2.889653722600336,7.568258567698726,15.55111127180651,0.0,-1.5053764278468345,-1.3195078480222606,0.0,0.0,0.0,1.6541239349796315,0,0,0,0,0,0
image_1934.png,surface,0.0,0.0,2.1989132653282435,10.498958378214406,9.970611530613391,0.0,-1.926175536272368,1.956258392030156,0.0,0.0,0.0,2.2432106158208,0,0,0,0,0,0
image_1935.png,surface,0.0,0.0,1.4938826613981482,-5.4115170132979085,18.68567398070302,0.0,-4.511164979142111,-0.8447971987757125,0.0,0.0,0.0,1.1055009133990374,0,0,0,0,0,0
image_1936.png,surface,0.0,0.0,2.0346533908154054,8.97506376409021,-9.332900334003964,0.0,-1.521731437288404,-2.0329536677513,0.0,0.0,0.0,-0.1665336413312683,0,0,0,0,0,0
image_1937.png,surface,0.0,0.0,2.1451060512151274,-7.183227365945254,-6.195111371639275,0.0,3.95717055030096,2.413376222929984,0.0,0.0,0.0,-2.2954545090199465,0,0,0,0,0,0
image_1938.png,surface,0.0,0.0,2.104583699223701,-2.396289176377078,6.929913119760709,0.0,-3.0222625705447945,2.110910008817641,0.0,0.0,0.0,-3.136149495774622,0,0,0,0,0,0
image_1939.png,surface,0.0,0.0,1.811358484151888,11.956190512940912,7.178267448956014,0.0,-0.5577785420117525,3.8881034196400113,0.0,0.0,0.0,-2.2723846309628004,0,0,0,0,0,0
image_1940.png,surface,0.0,0.0,1.2928409636433482,8.179621794268009,20.51493357417728,0.0,3.7242910669563583,1.1642398110215368,0.0,0.0,0.0,2.7830339498176784,0,0,0,0,0,0
image_1941.png,surface,0.0,0.0,2.736112452104289,-18.4605868903162,12.491986929337026,0.0,3.7886025523441234,-2.81828083520353,0.0,0.0,0.0,3.46524168078888,0,0,0,0,0,0
image_1942.png,surface,0.0,0.0,1.224656104413364,-5.528794674617253,-7.721229482526662,0.0,-2.242441088666625,-0.0641096938165302,0.0,0.0,0.0,1.2878909031591217,0,0,0,0,0,0
image_1943.png,surface,0.0,0.0,1.2789363155493123,9.369717853631975,8.468164802311469,0.0,3.120110012357905,-2.433166261548048,0.0,0.0,0.0,2.7047687438836725,0,0,0,0,0,0
image_1944.png,surface,0.0,0.0,1.298496336369258,3.1429784682342747,-22.276792286434947,0.0,2.5288089995432714,2.256096865713037,0.0,0.0,0.0,1.9324992028202912,0,0,0,0,0,0
image_1945.png,surface,0.0,0.0,1.078821010911311,7.654514499203211,-3.5615787862952724,0.0,2.757570971040609,0.5185414735720871,0.0,0.0,0.0,3.156767592798893,0,0,0,0,0,0
image_1946.png,surface,0.0,0.0,2.715463699334165,5.380268321750251,22.336249677047984,0.0,3.373228358525927,-3.594810349666657,0.0,0.0,0.0,1.9542873755422887,0,0,0,0,0,0
image_1947.png,surface,0.0,0.0,2.783416781991061,3.035093616582895,-20.59190844373716,0.0,4.976422686832216,0.028952584449857,0.0,0.0,0.0,-3.366578854511172,0,0,0,0,0,0
image_1948.png,surface,0.0,0.0,1.2451272244931315,0.7271609740831293,-2.948154603716896,0.0,0.690604445975763,-2.659871644853852,0.0,0.0,0.0,3.16223115373281,0,0,0,0,0,0
image_1949.png,surface,0.0,0.0,1.923137504411829,6.4404608150251725,-16.227742705454652,0.0,-3.4353728048961383,-3.261098754055243,0.0,0.0,0.0,2.322237678144829,0,0,0,0,0,0
image_1950.png,surface,0.0,0.0,1.7863692551677284,-8.703407140425035,-0.3734016892040322,0.0,1.54189587754208,-4.63437320745023,0.0,0.0,0.0,0.7930577119783475,0,0,0,0,0,0
image_1951.png,surface,0.0,0.0,1.252307771601123,5.771236404934783,13.471545703559377,0.0,3.230076636124418,1.0817375247590324,0.0,0.0,0.0,-3.745415125877379,0,0,0,0,0,0
image_1952.png,surface,0.0,0.0,2.728785322021214,-13.70807106589898,16.1309846508058,0.0,0.2016142164033529,1.7563980628176692,0.0,0.0,0.0,-1.1490723595272403,0,0,0,0,0,0
image_1953.png,surface,0.0,0.0,2.7281349366522853,-4.309322764639445,6.082071163371344,0.0,4.118711636789775,-2.459014974749843,0.0,0.0,0.0,-1.0157732603664271,0,0,0,0,0,0
image_1954.png,surface,0.0,0.0,2.4816367274437687,10.078273694682112,-7.63670268518802,0.0,3.0324459416797773,2.154471058687057,0.0,0.0,0.0,3.768085524538087,0,0,0,0,0,0
image_1955.png,surface,0.0,0.0,1.3331316051288755,-2.028342056014351,-18.05779351423153,0.0,1.4529730325583945,-0.3958581539624083,0.0,0.0,0.0,2.7185859961143564,0,0,0,0,0,0
image_1956.png,surface,0.0,0.0,1.5272592851581914,4.377207301758237,-6.658879534371002,0.0,1.1172423373480818,2.537316623276634,0.0,0.0,0.0,2.1071602851034434,0,0,0,0,0,0
image_1957.png,surface,0.0,0.0,1.3846084482336127,-13.188848604466829,-10.506763078773108,0.0,-0.251436468480615,1.9322423395273176,0.0,0.0,0.0,0.4751749857501322,0,0,0,0,0,0
image_1958.png,surface,0.0,0.0,2.6649371124768058,-14.479618856428578,-19.442764849707235,0.0,-0.4861931029523066,2.9941989466336905,0.0,0.0,0.0,0.7375771804353617,0,0,0,0,0,0
image_1959.png,surface,0.0,0.0,1.935237199564664,1.5614428635701212,-22.139734334533816,0.0,-1.833605928093842,2.92544900624229,0.0,0.0,0.0,3.5050406474789515,0,0,0,0,0,0
image_1960.png,surface,0.0,0.0,1.3008924671639386,-2.983722694959862,18.223399335939824,0.0,2.1270754605799467,1.0751955619163005,0.0,0.0,0.0,-3.21134197997848,0,0,0,0,0,0
image_1961.png,surface,0.0,0.0,1.0201903495301294,2.1517473526521487,15.241512479672172,0.0,4.2264691746421645,-0.7978015618205088,0.0,0.0,0.0,-3.740924083545616,0,0,0,0,0,0
image_1962.png,surface,0.0,0.0,1.5570212242458423,-11.028561872922964,-16.56762968041426,0.0,2.8226861872685034,2.413176688215524,0.0,0.0,0.0,0.6067091382845513,0,0,0,0,0,0
image_1963.png,surface,0.0,0.0,2.9482611189766126,7.451954728893669,4.955260615850343,0.0,-2.816576163092909,-0.8807673548553285,0.0,0.0,0.0,1.8111330824376424,0,0,0,0,0,0
image_1964.png,surface,0.0,0.0,1.0633817309933102,-3.193533328997972,-2.4942922332822337,0.0,-1.9276124326003967,-0.9102027399673972,0.0,0.0,0.0,0.5532367294980514,0,0,0,0,0,0
image_1965.png,surface,0.0,0.0,2.8229030539998847,-14.666458471631874,17.531558886950062,0.0,-0.8615469858364218,0.5236283316948563,0.0,0.0,0.0,-3.821649392422637,0,0,0,0,0,0
image_1966.png,surface,0.0,0.0,1.1158808401254092,-15.774459771634463,-14.600113914297614,0.0,1.1359915847573905,1.4430736861846007,0.0,0.0,0.0,-3.411784449773536,0,0,0,0,0,0
image_1967.png,surface,0.0,0.0,2.3435404961491284,23.410723061300125,3.035968731528893,0.0,-4.330045321586701,1.0067829129706984,0.0,0.0,0.0,1.5222195610972422,0,0,0,0,0,0
image_1968.png,surface,0.0,0.0,1.6993938600043546,5.0183434884023495,-18.29641943236461,0.0,2.213863434924066,3.9162017398891726,0.0,0.0,0.0,-3.351216114243203,0,0,0,0,0,0
image_1969.png,surface,0.0,0.0,1.910996855600511,12.657960990206286,-19.21882675064884,0.0,2.4766813028332058,3.1941303827736856,0.0,0.0,0.0,-1.9724428975843848,0,0,0,0,0,0
image_1970.png,surface,0.0,0.0,1.4422776035544995,16.21916679008756,9.935517447609788,0.0,0.0118279718185001,-1.8576671153453408,0.0,0.0,0.0,2.7339199603726847,0,0,0,0,0,0
image_1971.png,surface,0.0,0.0,1.677051719342893,-12.19319082141542,1.9337559277902616,0.0,1.7609463457086258,-3.572817156729836,0.0,0.0,0.0,0.645769060694386,0,0,0,0,0,0
image_1972.png,surface,0.0,0.0,1.616212273502411,2.2148189706407986,20.592628468724133,0.0,1.0468815725935154,-0.4370926865392872,0.0,0.0,0.0,-4.687753230047461,0,0,0,0,0,0
image_1973.png,surface,0.0,0.0,2.41780054915033,-21.41820119928853,11.036510842320672,0.0,-0.5110124103392357,2.3536743062572274,0.0,0.0,0.0,2.525987666471336,0,0,0,0,0,0
image_1974.png,surface,0.0,0.0,2.742507162965565,16.764355038563245,17.784448274441058,0.0,4.05636170076885,2.2584016887458813,0.0,0.0,0.0,-2.797902255057468,0,0,0,0,0,0
image_1975.png,surface,0.0,0.0,1.8186331666574969,6.726990396928204,-8.448154571846139,0.0,0.6046095319112467,4.957040904049792,0.0,0.0,0.0,-0.4454322818890199,0,0,0,0,0,0
image_1976.png,surface,0.0,0.0,2.6324422045716527,22.646277560282865,-0.2601779424216192,0.0,3.0157071093307257,-1.5382921522729134,0.0,0.0,0.0,-1.2575942403662257,0,0,0,0,0,0
image_1977.png,surface,0.0,0.0,1.0230984812784096,-16.015518472310223,-12.136067322177311,0.0,-2.9153260930038725,-0.9334259180580794,0.0,0.0,0.0,2.2363700928173653,0,0,0,0,0,0
image_1978.png,surface,0.0,0.0,2.575395346504772,-5.259858411634243,-19.08993299849569,0.0,2.462282249082117,2.9110883514512875,0.0,0.0,0.0,-2.4647728350135347,0,0,0,0,0,0
image_1979.png,surface,0.0,0.0,2.051907617919984,0.1288003846712707,22.680423603419754,0.0,3.668251505481872,0.4239121916360535,0.0,0.0,0.0,1.014314972353958,0,0,0,0,0,0
image_1980.png,surface,0.0,0.0,2.66745780976272,5.731489617577041,10.593861542898502,0.0,-1.380800323238622,4.5985494337706605,0.0,0.0,0.0,4.141551768046236,0,0,0,0,0,0
image_1981.png,surface,0.0,0.0,1.4480812563542809,16.218451269799573,-6.520466263340963,0.0,-2.1566770992966737,3.461149989540236,0.0,0.0,0.0,-0.5175828434905805,0,0,0,0,0,0
image_1982.png,surface,0.0,0.0,1.7534857905139445,0.7034256014140556,21.62198285028146,0.0,4.419795257251062,1.2318837090678891,0.0,0.0,0.0,2.352264965143026,0,0,0,0,0,0
image_1983.png,surface,0.0,0.0,2.3954171608758843,6.556508545322634,-13.804419281664764,0.0,-2.655261599537761,2.3244824762557927,0.0,0.0,0.0,-4.020854584992076,0,0,0,0,0,0
image_1984.png,surface,0.0,0.0,2.696840784130672,-11.906099376543978,6.531636892221462,0.0,2.355363887197803,1.4582761583240549,0.0,0.0,0.0,-3.886362071430297,0,0,0,0,0,0
image_1985.png,surface,0.0,0.0,1.956633148251226,-5.656397958232224,-1.5698376540049035,0.0,-4.326246829925097,1.3999508332569546,0.0,0.0,0.0,4.320615330661896,0,0,0,0,0,0
image_1986.png,surface,0.0,0.0,2.6927200777671194,-2.1490993574834585,18.62242916760849,0.0,-0.6682927241213525,-1.354966172456539,0.0,0.0,0.0,3.350333514305888,0,0,0,0,0,0
image_1987.png,surface,0.0,0.0,2.0966386757403663,-5.610095473075983,13.744001437272882,0.0,2.829606321119487,0.9770562651403166,0.0,0.0,0.0,-3.6566705294419455,0,0,0,0,0,0
image_1988.png,surface,0.0,0.0,2.982742052120342,15.373471829646686,0.6624615462943477,0.0,1.1881097331059287,3.177519357621046,0.0,0.0,0.0,-3.64176699680292,0,0,0,0,0,0
image_1989.png,surface,0.0,0.0,2.8094223473343103,-16.432039240003203,4.606278272526695,0.0,-1.1492351187233083,2.430721102007512,0.0,0.0,0.0,4.731116387359851,0,0,0,0,0,0
image_1990.png,surface,0.0,0.0,1.7712558148343531,-17.733323699697753,-12.39892765462147,0.0,-2.7046698712219763,0.6515075591149422,0.0,0.0,0.0,-0.2140945701330086,0,0,0,0,0,0
image_1991.png,surface,0.0,0.0,2.910965264639418,16.827188748232704,15.592855357131103,0.0,3.825898131462195,-3.114852390932949,0.0,0.0,0.0,1.3571789743605986,0,0,0,0,0,0
image_1992.png,surface,0.0,0.0,2.5306836291965027,2.898572691349417,10.049675499849508,0.0,1.2703164075035174,3.5977337013662747,0.0,0.0,0.0,-4.280905137365191,0,0,0,0,0,0
image_1993.png,surface,0.0,0.0,2.051005439727848,-1.178704749277073,-16.902176573044503,0.0,3.436780791466857,2.3016536069573155,0.0,0.0,0.0,4.214318343177876,0,0,0,0,0,0
image_1994.png,surface,0.0,0.0,2.982086405191576,-5.488326019535686,18.219313675743585,0.0,4.546219980837802,1.3567274555059967,0.0,0.0,0.0,2.9704560272490896,0,0,0,0,0,0
image_1995.png,surface,0.0,0.0,2.3899666574406004,-11.31574813029238,10.745135597819472,0.0,-1.946596865403632,-3.4483174687568967,0.0,0.0,0.0,-2.7168928152109584,0,0,0,0,0,0
image_1996.png,surface,0.0,0.0,1.3892137849799842,-7.226834053693544,-20.633390407488204,0.0,-1.0463090698949502,-2.7198993957074658,0.0,0.0,0.0,1.9308944204787155,0,0,0,0,0,0
image_1997.png,surface,0.0,0.0,1.228073517732122,9.483272518716896,21.62183595735769,0.0,3.7783757785259007,-1.753228730624005,0.0,0.0,0.0,-0.8732418041214816,0,0,0,0,0,0
image_1998.png,surface,0.0,0.0,1.524231528482521,9.88247362876633,-15.385348290439968,0.0,3.535867078915568,-1.3258520143955224,0.0,0.0,0.0,4.093613355670811,0,0,0,0,0,0
image_1999.png,surface,0.0,0.0,2.471004466923195,-13.985701750385871,17.94676728722091,0.0,1.467555979467537,3.292433919164712,0.0,0.0,0.0,2.073727849235051,0,0,0,0,0,0
image_2000.png,surface,0.0,0.0,2.1008936399107507,17.84999720944327,-8.384007377590297,0.0,-0.5996863472402368,0.73354723579664,0.0,0.0,0.0,3.9035850756907937,0,0,0,0,0,0
image_2001.png,surface,0.0,0.0,1.794302667077631,-6.296711295342934,17.058917112643332,0.0,-4.3622425969675565,-1.197207603254136,0.0,0.0,0.0,-3.608711886547511,0,0,0,0,0,0
image_2002.png,surface,0.0,0.0,2.5168590414261542,-18.025658285434403,-14.629273287204734,0.0,0.7881333763447724,2.2438757763494213,0.0,0.0,0.0,1.0420673498939053,0,0,0,0,0,0
image_2003.png,surface,0.0,0.0,1.0475748549407735,14.126899631663417,-16.209236763801258,0.0,-2.258544205238504,-4.165573649186729,0.0,0.0,0.0,4.765032809555914,0,0,0,0,0,0
image_2004.png,surface,0.0,0.0,2.627150159902458,-18.2533141963714,-8.132370330512243,0.0,-0.7119713721509399,3.161734339591402,0.0,0.0,0.0,-3.7789020839973753,0,0,0,0,0,0
image_2005.png,surface,0.0,0.0,2.496535962579397,-21.15143719868021,-5.077975111799962,0.0,1.7302274199533176,0.0673829556274978,0.0,0.0,0.0,3.634124056443952,0,0,0,0,0,0
image_2006.png,surface,0.0,0.0,1.36040541463258,-14.538472016921668,10.145708683395211,0.0,-0.4514164758791675,1.6132434839198069,0.0,0.0,0.0,0.0731344794595418,0,0,0,0,0,0
image_2007.png,surface,0.0,0.0,1.7780462890649655,-4.228437901555654,-9.564534908194837,0.0,-1.929212085969864,-0.2281979839265571,0.0,0.0,0.0,3.037292622417437,0,0,0,0,0,0
image_2008.png,surface,0.0,0.0,1.0752003631296252,-9.124836483372214,-20.96244888951604,0.0,-1.4020145185050652,2.8123494462465746,0.0,0.0,0.0,-2.37190390927236,0,0,0,0,0,0
image_2009.png,surface,0.0,0.0,1.0235754783614486,17.88976799601273,-0.703503078853235,0.0,-4.090382708149519,-1.4221594358921197,0.0,0.0,0.0,-4.723997767807372,0,0,0,0,0,0
image_2010.png,surface,0.0,0.0,2.9925357432696886,-21.83443745442428,-10.351199031195728,0.0,-4.768699546380988,1.3719632615994526,0.0,0.0,0.0,-4.491996399623279,0,0,0,0,0,0
image_2011.png,surface,0.0,0.0,1.976393316110873,24.63634692124345,-0.4036301005580738,0.0,1.2127225311964411,-1.1289108679628006,0.0,0.0,0.0,-3.2005722888587984,0,0,0,0,0,0
image_2012.png,surface,0.0,0.0,1.74404952794384,10.241888596710703,-17.840420845804996,0.0,0.3400076464760171,-1.3193951164099902,0.0,0.0,0.0,-4.433427211865164,0,0,0,0,0,0
image_2013.png,surface,0.0,0.0,1.3923441891279569,-13.549159805326036,-3.0869075746661747,0.0,3.621582631981332,-2.973276904443515,0.0,0.0,0.0,-0.560921194038495,0,0,0,0,0,0
image_2014.png,surface,0.0,0.0,2.6143844901770925,16.915998614489286,-8.564816531670424,0.0,1.8979009188497933,3.731757053152586,0.0,0.0,0.0,3.662594830771543,0,0,0,0,0,0
image_2015.png,surface,0.0,0.0,2.411505439060296,8.36292676148334,-12.686293261699282,0.0,1.14426820750136,0.8182936178952881,0.0,0.0,0.0,-4.141829726166089,0,0,0,0,0,0
image_2016.png,surface,0.0,0.0,1.0031123958592645,0.5357987612969916,12.880005758091658,0.0,3.367251782757685,-0.5806768878632703,0.0,0.0,0.0,-2.7569513080014807,0,0,0,0,0,0
image_2017.png,surface,0.0,0.0,2.542453346080473,6.2453549892159845,-15.599884292319892,0.0,-3.2450707022140097,-0.3980497301726565,0.0,0.0,0.0,-2.4221211053347327,0,0,0,0,0,0
image_2018.png,surface,0.0,0.0,1.2229654903014198,-2.797071968194319,-15.766115137299408,0.0,1.6984739928144017,-1.0509899411181394,0.0,0.0,0.0,-4.55011654887659,0,0,0,0,0,0
image_2019.png,surface,0.0,0.0,2.897265360368066,13.99136461689904,13.683243989559166,0.0,1.6148639277650831,-2.7476722345123736,0.0,0.0,0.0,1.7758550285873491,0,0,0,0,0,0
image_2020.png,surface,0.0,0.0,1.6654721679110114,-0.842687440836976,23.05604822083223,0.0,-1.1021628748447596,4.62844980411095,0.0,0.0,0.0,0.3298078890881575,0,0,0,0,0,0
image_2021.png,surface,0.0,0.0,1.9022055506530224,12.807784532411077,7.28765039232186,0.0,-4.314969498064047,-0.143399219993278,0.0,0.0,0.0,3.578792936459511,0,0,0,0,0,0
image_2022.png,surface,0.0,0.0,1.0099618113475068,-13.394608202981251,10.026508710408748,0.0,-1.2296012413471955,-0.1613999044395091,0.0,0.0,0.0,2.400000128268557,0,0,0,0,0,0
image_2023.png,surface,0.0,0.0,2.648785376888944,21.64752946310844,7.297570538709292,0.0,-1.3540649868076118,4.445909769532872,0.0,0.0,0.0,3.0139504516126863,0,0,0,0,0,0
image_2024.png,surface,0.0,0.0,1.6163365084604744,6.169842807800726,-8.945647605233562,0.0,-1.4901327092534162,-0.8711147130619178,0.0,0.0,0.0,2.203635027789021,0,0,0,0,0,0
image_2025.png,surface,0.0,0.0,2.112893752338894,-6.408850365222866,6.034342620390101,0.0,-0.2786484547070768,-4.73230327310797,0.0,0.0,0.0,3.6569262458151393,0,0,0,0,0,0
image_2026.png,surface,0.0,0.0,2.8532015941193487,5.1552886081362335,-17.657718724764926,0.0,2.301370664235975,3.885851732977938,0.0,0.0,0.0,1.6672775596285927,0,0,0,0,0,0
image_2027.png,surface,0.0,0.0,1.3124447664311272,4.715383847785505,-22.29198976325545,0.0,3.035542408292269,0.3786069614012133,0.0,0.0,0.0,-4.66361758338609,0,0,0,0,0,0
image_2028.png,surface,0.0,0.0,2.734659225861843,0.4177346593827694,15.193286236798231,0.0,2.2531370504334345,-2.568097282185421,0.0,0.0,0.0,2.4239045333528377,0,0,0,0,0,0
image_2029.png,surface,0.0,0.0,2.000477861685109,-0.8140957265403774,-19.798469034917435,0.0,-3.308906679590796,0.1071428804189763,0.0,0.0,0.0,-1.6203585564386502,0,0,0,0,0,0
image_2030.png,surface,0.0,0.0,2.848912348113241,2.3037343673634774,0.8585526588700838,0.0,2.286112692535677,3.815698601073493,0.0,0.0,0.0,-0.074024524169638,0,0,0,0,0,0
image_2031.png,surface,0.0,0.0,2.644710100372852,22.66055415794385,7.539834530215827,0.0,-3.5519109065403303,-2.2230722876002127,0.0,0.0,0.0,-0.6373156873748513,0,0,0,0,0,0
image_2032.png,surface,0.0,0.0,1.8859600613181773,-10.251407219980631,16.509449402791468,0.0,1.2993424958041704,-2.344315565381207,0.0,0.0,0.0,2.88630015464458,0,0,0,0,0,0
image_2033.png,surface,0.0,0.0,1.177423541429488,-1.5743884642692625,-12.541690581679989,0.0,0.7674765311759473,1.3196419124681684,0.0,0.0,0.0,-3.529945152830376,0,0,0,0,0,0
image_2034.png,surface,0.0,0.0,1.0603949097640513,-6.573053743082716,2.235613887753148,0.0,0.7433007988160558,1.877041429205476,0.0,0.0,0.0,-4.14300628563859,0,0,0,0,0,0
image_2035.png,surface,0.0,0.0,2.748461619668152,11.626354844905064,1.8516576255943813,0.0,-2.7576686945334195,-3.0154313194626545,0.0,0.0,0.0,1.1659608292509995,0,0,0,0,0,0
image_2036.png,surface,0.0,0.0,1.9485698349167373,16.403538778121845,11.181486247803344,0.0,-4.252229687941504,1.183322213635059,0.0,0.0,0.0,1.728756894218173,0,0,0,0,0,0
image_2037.png,surface,0.0,0.0,2.327389815855504,1.6848941993565325,20.329609530308108,0.0,3.9635917272338648,2.9518417442723,0.0,0.0,0.0,-2.874117071436733,0,0,0,0,0,0
image_2038.png,surface,0.0,0.0,2.7632968284177046,20.483920130105385,-4.829130506929928,0.0,-1.9228173786362943,-1.6495257056765693,0.0,0.0,0.0,-3.877845788580792,0,0,0,0,0,0
image_2039.png,surface,0.0,0.0,1.6093179829693942,5.82907272780389,22.25821322983893,0.0,1.2285284019671066,3.606698265896982,0.0,0.0,0.0,-1.3351072599003055,0,0,0,0,0,0
image_2040.png,surface,0.0,0.0,2.791526036782696,10.290152735816642,-15.125361028047433,0.0,0.6614143585820041,4.268743555342083,0.0,0.0,0.0,-2.827379877619051,0,0,0,0,0,0
image_2041.png,surface,0.0,0.0,1.0550648788553767,11.673913872743126,4.265410635164007,0.0,-3.831324829836728,0.8334175694372328,0.0,0.0,0.0,2.832656676715964,0,0,0,0,0,0
image_2042.png,surface,0.0,0.0,1.559851357468265,-24.566872100620643,-1.683412865694361,0.0,1.2197553249574813,3.4058708052069075,0.0,0.0,0.0,3.3545728825015466,0,0,0,0,0,0
image_2043.png,surface,0.0,0.0,2.623532790199248,4.7241267450619135,-6.8987692048434,0.0,-0.7711584984920611,4.416588310681659,0.0,0.0,0.0,2.5435085950253944,0,0,0,0,0,0
image_2044.png,surface,0.0,0.0,2.7064406366472933,8.452533552179535,10.53100132157019,0.0,0.4706203236046055,3.378645191680936,0.0,0.0,0.0,-0.6765933587089581,0,0,0,0,0,0
image_2045.png,surface,0.0,0.0,2.8896707907151726,9.744643177410866,-18.7707118997798,0.0,1.5481272964432236,4.350388886148074,0.0,0.0,0.0,-3.910921738466391,0,0,0,0,0,0
image_2046.png,surface,0.0,0.0,1.606022544927807,19.305539311888783,-1.8879779441302955,0.0,1.7427166313815503,1.8339765554644405,0.0,0.0,0.0,-0.0159476306396317,0,0,0,0,0,0
image_2047.png,surface,0.0,0.0,2.560471171232273,7.51697179871274,16.809659786896155,0.0,-3.6860997771813824,2.466039909110523,0.0,0.0,0.0,4.178298530793619,0,0,0,0,0,0
image_2048.png,surface,0.0,0.0,2.9702606052976703,8.351203798030966,-0.8973946473934501,0.0,-0.2166835013955947,4.428120668530425,0.0,0.0,0.0,0.0703493580276468,0,0,0,0,0,0
image_2049.png,surface,0.0,0.0,2.0540120302235096,24.73304744122057,0.4419696403425129,0.0,4.732511376933101,0.0074522429717719,0.0,0.0,0.0,-0.635334911507571,0,0,0,0,0,0
image_2050.png,surface,0.0,0.0,1.505192579276043,-2.882000306147813,9.105939432094976,0.0,-2.58389312908482,-0.6218400054618929,0.0,0.0,0.0,4.912638451409405,0,0,0,0,0,0
image_2051.png,surface,0.0,0.0,1.0779246307943633,14.094136716377214,-2.382349277185185,0.0,3.993520756701241,-1.6482131216743467,0.0,0.0,0.0,-4.264613818005102,0,0,0,0,0,0
image_2052.png,surface,0.0,0.0,2.519306125567618,11.298099647142536,-10.487659402544136,0.0,2.26338475375788,-0.9011529663746588,0.0,0.0,0.0,-0.2797396747468808,0,0,0,0,0,0
image_2053.png,surface,0.0,0.0,1.277690768876934,9.612497591435597,7.276527946240041,0.0,-0.0996781435872066,-2.533683152657648,0.0,0.0,0.0,4.616430651710585,0,0,0,0,0,0
image_2054.png,surface,0.0,0.0,1.7738852128619256,2.813463803093688,-13.108002911966643,0.0,-3.707349026995193,-1.1757441200306742,0.0,0.0,0.0,1.922974312306744,0,0,0,0,0,0
image_2055.png,surface,0.0,0.0,1.6185557633065075,2.037870826390056,-20.75158667226582,0.0,2.4741163264615054,-0.5365693157756957,0.0,0.0,0.0,-1.4413274671567122,0,0,0,0,0,0
image_2056.png,surface,0.0,0.0,1.833701345907304,6.802437235249417,-20.839911353350747,0.0,-2.3212259343060047,0.2539028149866469,0.0,0.0,0.0,4.248142541797611,0,0,0,0,0,0
image_2057.png,surface,0.0,0.0,2.8119979898651257,14.529993019385834,-12.528117085184586,0.0,-2.0012645172412102,-3.396248605912346,0.0,0.0,0.0,0.6449921575212505,0,0,0,0,0,0
image_2058.png,surface,0.0,0.0,1.851895522443724,0.3533567765199744,23.191439492371813,0.0,0.1026530705526249,-4.152045016139368,0.0,0.0,0.0,1.7713347441369454,0,0,0,0,0,0
image_2059.png,surface,0.0,0.0,2.825488625247246,20.572336895623625,-4.76642913992348,0.0,1.1923176017365016,3.727142494507503,0.0,0.0,0.0,-3.4671588285709354,0,0,0,0,0,0
image_2060.png,surface,0.0,0.0,2.610801719401427,-9.739896306625312,-13.917081471366869,0.0,-0.1037976942980312,-2.89900639233561,0.0,0.0,0.0,2.7621432763183984,0,0,0,0,0,0
image_2061.png,surface,0.0,0.0,1.5767566641370083,-14.790001260110094,-12.543257976029643,0.0,-1.9127895167208453,2.0461183410739583,0.0,0.0,0.0,3.976949336447257,0,0,0,0,0,0
image_2062.png,surface,0.0,0.0,1.6361780381026645,-5.252786047380316,15.714665336168483,0.0,4.88124038614812,0.6889075418240725,0.0,0.0,0.0,-1.1889945039662542,0,0,0,0,0,0
image_2063.png,surface,0.0,0.0,1.739688449202851,2.878719065156447,-24.204496080866114,0.0,0.6303024520365544,2.042313737407099,0.0,0.0,0.0,0.0705805200185132,0,0,0,0,0,0
image_2064.png,surface,0.0,0.0,2.211294383240204,-14.378238716845765,-10.07293239415953,0.0,2.7467454258840647,0.7355534488722162,0.0,0.0,0.0,-3.2882008576780053,0,0,0,0,0,0
image_2065.png,surface,0.0,0.0,2.3481250342826216,2.4798924504760125,-5.446419154846195,0.0,-2.293151595389977,0.7946484291869019,0.0,0.0,0.0,-4.958603513982992,0,0,0,0,0,0
image_2066.png,surface,0.0,0.0,2.944459671412407,4.595453934250962,0.0306387367625677,0.0,1.1034176551797732,-0.0932806198706532,0.0,0.0,0.0,-0.3997340118743278,0,0,0,0,0,0
image_2067.png,surface,0.0,0.0,2.853032126994123,-10.695281551759727,-12.252808318933049,0.0,2.079459662702514,-4.097038849826429,0.0,0.0,0.0,3.044248768669215,0,0,0,0,0,0
image_2068.png,surface,0.0,0.0,2.223743442851399,6.484566804831004,-2.1598793928226607,0.0,-2.968451801464883,-1.6450084480628595,0.0,0.0,0.0,3.2655595359221365,0,0,0,0,0,0
image_2069.png,surface,0.0,0.0,1.092477558998222,21.61251530323451,9.332716194976882,0.0,-0.0576326483786607,0.1827214875934948,0.0,0.0,0.0,0.1221807259075795,0,0,0,0,0,0
image_2070.png,surface,0.0,0.0,2.090615240785402,24.139878221001364,-1.7531974463510525,0.0,-1.2888647010818983,-0.193921384185206,0.0,0.0,0.0,0.9314766240688056,0,0,0,0,0,0
image_2071.png,surface,0.0,0.0,1.807280442545552,-3.449053741806034,8.068144988454662,0.0,4.758192886577119,-0.2188893244817879,0.0,0.0,0.0,-0.9936573614758988,0,0,0,0,0,0
image_2072.png,surface,0.0,0.0,2.089557450863831,-9.83707399573536,15.167422021684594,0.0,-4.908285521481746,0.5312825902267351,0.0,0.0,0.0,-0.971800813350172,0,0,0,0,0,0
image_2073.png,surface,0.0,0.0,1.080352746519834,-7.115751946438765,12.559887525030652,0.0,-0.8726065594306074,0.4424145026077811,0.0,0.0,0.0,1.433106556379097,0,0,0,0,0,0
image_2074.png,surface,0.0,0.0,2.9915244148543545,14.879556448482198,18.21917636808697,0.0,2.10058898709888,-1.4849807504038908,0.0,0.0,0.0,1.7138200289612948,0,0,0,0,0,0
image_2075.png,surface,0.0,0.0,1.1139167408392017,-3.1422355211347623,-3.785002905293509,0.0,0.0782759075252093,-2.9918200510365285,0.0,0.0,0.0,1.63276093727292,0,0,0,0,0,0
image_2076.png,surface,0.0,0.0,1.545359868666586,-23.60365873300405,-6.9732532027043375,0.0,-0.3626344765653226,2.122799376359508,0.0,0.0,0.0,-0.9008222839256376,0,0,0,0,0,0
image_2077.png,surface,0.0,0.0,1.144248057875995,-19.409490818504448,-12.839139744043145,0.0,-1.806060935948384,-3.637464172113697,0.0,0.0,0.0,-4.910990323410113,0,0,0,0,0,0
image_2078.png,surface,0.0,0.0,2.095222212008541,-7.112698144381847,-1.919772340290762,0.0,-2.5484540026929188,0.364559284635968,0.0,0.0,0.0,4.48334787354373,0,0,0,0,0,0
image_2079.png,surface,0.0,0.0,1.7036365931083126,9.198458851728294,-21.223848076571525,0.0,1.1652257574316325,-2.590613034337728,0.0,0.0,0.0,3.877776619799562,0,0,0,0,0,0
image_2080.png,surface,0.0,0.0,1.7505996857054325,-7.010795972767351,-19.49434995536968,0.0,3.293721055528562,3.087446199040644,0.0,0.0,0.0,-3.331448857389713,0,0,0,0,0,0
image_2081.png,surface,0.0,0.0,2.578335041715878,5.954644049705853,-10.964899342900264,0.0,-3.369982468440687,-1.0437120582074195,0.0,0.0,0.0,-3.031724181646034,0,0,0,0,0,0
image_2082.png,surface,0.0,0.0,2.808040231138637,6.05228835345254,-18.28710434060001,0.0,-1.7120221788603798,-1.7075482016949568,0.0,0.0,0.0,2.338454524095221,0,0,0,0,0,0
image_2083.png,surface,0.0,0.0,1.3313939662317285,9.884171040693753,6.975952973715459,0.0,-2.111900929939289,1.2936830312009755,0.0,0.0,0.0,-3.893354071203184,0,0,0,0,0,0
image_2084.png,surface,0.0,0.0,1.557953880119914,1.0117997533002043,-12.122326092553658,0.0,3.2416763832672792,-3.1042009886665114,0.0,0.0,0.0,1.464408669302513,0,0,0,0,0,0
image_2085.png,surface,0.0,0.0,1.9454572403931696,18.58757540947303,10.387336867193566,0.0,-3.3834035454498905,-0.9565559298110756,0.0,0.0,0.0,2.8174004813045626,0,0,0,0,0,0
image_2086.png,surface,0.0,0.0,1.2257633402839765,-11.811180649132233,1.4658238729556874,0.0,2.4417124691846364,0.4818128341354031,0.0,0.0,0.0,1.5486805688322465,0,0,0,0,0,0
image_2087.png,surface,0.0,0.0,1.7730761641032051,-14.690164482489257,-6.864037572553951,0.0,-3.0094979370350528,3.720801196578715,0.0,0.0,0.0,0.6090036564280528,0,0,0,0,0,0
image_2088.png,surface,0.0,0.0,1.604176091229769,14.821356409277804,-20.295755541993387,0.0,-0.8360214374155073,-2.969732808062476,0.0,0.0,0.0,-4.030077456138335,0,0,0,0,0,0
image_2089.png,surface,0.0,0.0,2.843952674066865,-18.05510025605805,17.096686511519447,0.0,1.5726146817844076,4.361308496001108,0.0,0.0,0.0,-1.6428844506229447,0,0,0,0,0,0
image_2090.png,surface,0.0,0.0,1.3970682408709956,20.06289607711434,2.9036882763404703,0.0,3.646400159507065,-1.7666808923528277,0.0,0.0,0.0,-3.058066220817465,0,0,0,0,0,0
image_2091.png,surface,0.0,0.0,2.442422796146761,-19.873617306384023,0.7150634241408554,0.0,-2.3736599121534034,3.9286070775499313,0.0,0.0,0.0,2.718163294148693,0,0,0,0,0,0
image_2092.png,surface,0.0,0.0,1.4317864175069108,7.170168373066663,9.233605319199976,0.0,0.9712802366468484,-1.6782264356330732,0.0,0.0,0.0,-3.209758873467065,0,0,0,0,0,0
image_2093.png,surface,0.0,0.0,2.2513167575241173,-7.256613705467634,-5.402391179188714,0.0,-0.4917319913758633,2.827046285279751,0.0,0.0,0.0,-0.7347174691961165,0,0,0,0,0,0
image_2094.png,surface,0.0,0.0,2.163981456280961,-2.8707050097055538,5.610027328633257,0.0,-2.8785669464172368,-3.2133391000518845,0.0,0.0,0.0,2.978092595972587,0,0,0,0,0,0
image_2095.png,surface,0.0,0.0,1.9174485854190164,0.4216353712923527,-14.211862999780426,0.0,-0.133817109251542,-4.993785102777199,0.0,0.0,0.0,-1.0076859153819138,0,0,0,0,0,0
image_2096.png,surface,0.0,0.0,2.633814604363856,2.859349392734305,-14.24467955774356,0.0,0.0566231891175747,-1.432760086908837,0.0,0.0,0.0,-1.1862296838276731,0,0,0,0,0,0
image_2097.png,surface,0.0,0.0,1.44543438875638,-17.24335734390181,2.9692696863069106,0.0,1.385782092153887,3.3562690493115555,0.0,0.0,0.0,-4.479185070135221,0,0,0,0,0,0
image_2098.png,surface,0.0,0.0,1.954560448049813,-12.264020478281973,-4.820515103492356,0.0,-1.6908793905154416,-3.806699490485988,0.0,0.0,0.0,-2.798718800699709,0,0,0,0,0,0
image_2099.png,surface,0.0,0.0,2.964835202846383,17.710955018810704,4.076112711599083,0.0,4.3648359958133485,-0.6070794549013006,0.0,0.0,0.0,-2.4404763520664217,0,0,0,0,0,0
image_2100.png,surface,0.0,0.0,1.366523578576468,-2.901936673733647,11.817689000307125,0.0,0.1672265655934305,-2.5738542964374616,0.0,0.0,0.0,1.135053168151522,0,0,0,0,0,0
image_2101.png,surface,0.0,0.0,2.090864909680743,-8.455667304341924,-6.135699851653085,0.0,3.612710528585125,0.7107398509210259,0.0,0.0,0.0,-2.577954824153597,0,0,0,0,0,0
image_2102.png,surface,0.0,0.0,1.586211566616943,-8.651016236021782,13.151416405935716,0.0,-4.369176198780417,0.4412089968305851,0.0,0.0,0.0,0.8114314497702129,0,0,0,0,0,0
image_2103.png,surface,0.0,0.0,1.2476121190021687,-3.940396137158761,-24.218876629738286,0.0,1.0593259604665093,2.8645720992842967,0.0,0.0,0.0,0.680656241278756,0,0,0,0,0,0
image_2104.png,surface,0.0,0.0,2.703185961785084,-9.631469825614284,-7.000330322090312,0.0,-0.8402756669273965,-4.51287353134927,0.0,0.0,0.0,2.948540904244189,0,0,0,0,0,0
image_2105.png,surface,0.0,0.0,2.155357683143264,22.779191580511725,-4.69010887731986,0.0,3.346518147093384,3.363714582851716,0.0,0.0,0.0,-0.9653973670932734,0,0,0,0,0,0
image_2106.png,surface,0.0,0.0,2.157658527020592,-0.548465722996477,17.130545958463948,0.0,3.437674521952069,-1.399662689667557,0.0,0.0,0.0,0.473704678309109,0,0,0,0,0,0
image_2107.png,surface,0.0,0.0,2.090669474529353,22.867931138953928,-4.662400089434791,0.0,0.9265487066519468,4.37175498663669,0.0,0.0,0.0,-3.38090746803183,0,0,0,0,0,0
image_2108.png,surface,0.0,0.0,1.3689362136403502,-9.83668566506239,-19.18957458966453,0.0,-0.915580730829591,0.4964145673993534,0.0,0.0,0.0,-2.298311969854454,0,0,0,0,0,0
image_2109.png,surface,0.0,0.0,2.1372663311723503,-0.2482926567230089,-5.42691664484482,0.0,-1.5615932449009795,3.486774641835857,0.0,0.0,0.0,4.166124939837975,0,0,0,0,0,0
image_2110.png,surface,0.0,0.0,1.1827780288708305,24.53849898145039,-2.3078823547857703,0.0,-0.3773302996674721,-0.2662105991960379,0.0,0.0,0.0,-1.261160276842015,0,0,0,0,0,0
image_2111.png,surface,0.0,0.0,2.365283740839594,-2.69423513843523,5.166510706407789,0.0,2.6212331260211803,0.5505312962257939,0.0,0.0,0.0,-2.7265580669895484,0,0,0,0,0,0
image_2112.png,surface,0.0,0.0,1.102914336119051,3.9270727037436144,-20.870979775077178,0.0,-2.6726726890616823,-1.228925788651505,0.0,0.0,0.0,1.52348142198798,0,0,0,0,0,0
image_2113.png,surface,0.0,0.0,1.3783022339433788,-19.65857829359018,11.417307926395813,0.0,-1.9858147260844008,-2.9135112953315367,0.0,0.0,0.0,2.3634667944688195,0,0,0,0,0,0
image_2114.png,surface,0.0,0.0,1.5884355941883297,-11.569864356152696,5.599066763408855,0.0,-2.9918029445939363,-1.4052345675417128,0.0,0.0,0.0,-2.537476396334003,0,0,0,0,0,0
image_2115.png,surface,0.0,0.0,1.557862435319758,9.521912607874995,-3.7368467506455048,0.0,0.0156736785511732,2.270341404369302,0.0,0.0,0.0,-0.1009170230237028,0,0,0,0,0,0
image_2116.png,surface,0.0,0.0,2.624204577920645,-18.288984501653538,-7.769159128651056,0.0,2.7263180191146126,2.1032834195790966,0.0,0.0,0.0,-3.917617228782354,0,0,0,0,0,0
image_2117.png,surface,0.0,0.0,1.575501289203498,12.71941655216736,21.26720196655317,0.0,1.0880508790459305,-2.386621765775669,0.0,0.0,0.0,-3.306618364008782,0,0,0,0,0,0
image_2118.png,surface,0.0,0.0,1.1479158042437614,-22.58659772317352,4.384878999512235,0.0,3.3430908487569058,1.125745288038286,0.0,0.0,0.0,4.128462326660394,0,0,0,0,0,0
image_2119.png,surface,0.0,0.0,1.1359653871697866,-1.4559595932757596,-6.131560015892619,0.0,4.255229599605555,2.094234313001409,0.0,0.0,0.0,-4.85026573716575,0,0,0,0,0,0
image_2120.png,surface,0.0,0.0,1.2988270387698768,12.68972181809359,-19.68100185928525,0.0,0.1030605233487547,0.1877226068787757,0.0,0.0,0.0,1.055998607877182,0,0,0,0,0,0
image_2121.png,surface,0.0,0.0,1.7883838009248472,-10.62851495683362,10.074416965161475,0.0,0.6493312623121351,-0.2044812824056172,0.0,0.0,0.0,2.0666622033280504,0,0,0,0,0,0
image_2122.png,surface,0.0,0.0,1.3936284674720711,21.95303384432717,-5.950206667836698,0.0,4.572098016364071,-0.6991361949817284,0.0,0.0,0.0,-2.708250916128047,0,0,0,0,0,0
image_2123.png,surface,0.0,0.0,1.4700447189749954,2.9424322023867164,-1.4410547487625305,0.0,-0.0215275387179542,2.4431258017950785,0.0,0.0,0.0,-2.638313163318461,0,0,0,0,0,0
image_2124.png,surface,0.0,0.0,1.3679513109906536,17.485479673170964,8.322388950816517,0.0,-3.8191027019634216,-1.5539685845137765,0.0,0.0,0.0,-1.8298792553460983,0,0,0,0,0,0
image_2125.png,surface,0.0,0.0,1.597470794429041,13.111313578620951,13.22285743283915,0.0,-1.1708445515975958,-1.3383717699911952,0.0,0.0,0.0,-4.249719979859071,0,0,0,0,0,0
image_2126.png,surface,0.0,0.0,2.009717457246208,-2.258902075551387,-1.0012741928766284,0.0,2.512027364560346,-2.820586210001092,0.0,0.0,0.0,-1.1121226828199735,0,0,0,0,0,0
image_2127.png,surface,0.0,0.0,2.942694143368529,-10.186103365310617,15.462155217558973,0.0,-3.592880912424972,0.2700930373977115,0.0,0.0,0.0,3.6899741798220127,0,0,0,0,0,0
image_2128.png,surface,0.0,0.0,2.5839808837525657,0.9050965828257204,12.028255743051712,0.0,1.8331963899463424,3.926742247494449,0.0,0.0,0.0,2.8036227157534954,0,0,0,0,0,0
image_2129.png,surface,0.0,0.0,1.3450414069203087,1.1379316246810247,-1.3635139080251113,0.0,0.5948496114035794,-2.5616366320858712,0.0,0.0,0.0,-1.7842289121690902,0,0,0,0,0,0
image_2130.png,surface,0.0,0.0,2.6057013808216647,2.39683499484076,18.31974957547777,0.0,4.726783646925064,0.5353931317462307,0.0,0.0,0.0,0.2194984064128489,0,0,0,0,0,0
image_2131.png,surface,0.0,0.0,2.4201860597949727,-1.3404841573263713,14.52838504844619,0.0,-3.9185292352951775,0.2351380101369549,0.0,0.0,0.0,-3.0829741436672453,0,0,0,0,0,0
image_2132.png,surface,0.0,0.0,2.811596819796823,-14.558798137884004,16.847194901560776,0.0,-4.169422318488006,1.3701692448762988,0.0,0.0,0.0,1.0727561330163171,0,0,0,0,0,0
image_2133.png,surface,0.0,0.0,1.8694134670488447,16.832405989164496,-15.431953229968734,0.0,1.0947425802221116,-1.1407386045625136,0.0,0.0,0.0,0.1483892763736882,0,0,0,0,0,0
image_2134.png,surface,0.0,0.0,2.7341973651279097,2.831214432834588,-6.410502559449819,0.0,2.6025204910792845,2.164210925704384,0.0,0.0,0.0,3.1764612451445657,0,0,0,0,0,0
image_2135.png,surface,0.0,0.0,2.3961805050554714,-10.526099468495095,-12.264977395046042,0.0,-2.7618079886099656,-2.342294591820395,0.0,0.0,0.0,-2.197110679778276,0,0,0,0,0,0
image_2136.png,surface,0.0,0.0,1.5461851522258865,-10.66184088196838,12.140103367167264,0.0,1.6905865064149377,-0.9805996993459688,0.0,0.0,0.0,-1.6128646020078543,0,0,0,0,0,0
image_2137.png,surface,0.0,0.0,1.7795522969795583,3.204527084260896,-11.053236771137676,0.0,-2.785006731136728,0.6990091959434491,0.0,0.0,0.0,0.1912630707798035,0,0,0,0,0,0
image_2138.png,surface,0.0,0.0,2.676957179320937,-8.733228712615407,17.094203860749758,0.0,-2.580421474143173,3.734349425667023,0.0,0.0,0.0,-1.880819511103391,0,0,0,0,0,0
image_2139.png,surface,0.0,0.0,2.615424559617245,-21.01833872141869,-0.410196506337321,0.0,-2.408714068687748,4.3053687239165415,0.0,0.0,0.0,3.97453117884686,0,0,0,0,0,0
image_2140.png,surface,0.0,0.0,1.4910119454368078,6.884114150504323,-2.4742225623836136,0.0,-1.8994801684238865,0.2426826824360733,0.0,0.0,0.0,-4.090215943065965,0,0,0,0,0,0
image_2141.png,surface,0.0,0.0,2.672547781232227,-9.143623837499732,15.192268113419756,0.0,-2.287332995469156,-2.9303397993865,0.0,0.0,0.0,-4.539863972515864,0,0,0,0,0,0
image_2142.png,surface,0.0,0.0,2.8915141439072305,17.00692220743046,-1.2914391675231944,0.0,2.855251317069686,-3.7081225593793903,0.0,0.0,0.0,-2.3480933958347263,0,0,0,0,0,0
image_2143.png,surface,0.0,0.0,2.755538917254966,7.7765038865047105,11.348314355018848,0.0,0.4537496883859003,2.119955885965344,0.0,0.0,0.0,-3.86944543602185,0,0,0,0,0,0
image_2144.png,surface,0.0,0.0,1.7625760554259806,-11.722161152497376,6.105843597268077,0.0,1.0154212721807911,4.414659195355108,0.0,0.0,0.0,-4.106831609887066,0,0,0,0,0,0
image_2145.png,surface,0.0,0.0,2.08232359115908,-13.683447825717806,-5.564803646672259,0.0,-2.3212309575946777,0.4453993380475763,0.0,0.0,0.0,-3.167269528120744,0,0,0,0,0,0
image_2146.png,surface,0.0,0.0,2.691921284602999,-13.262522907252595,-11.419457422320033,0.0,2.9715531009370224,2.6547389785063373,0.0,0.0,0.0,3.0462012006679924,0,0,0,0,0,0
image_2147.png,surface,0.0,0.0,2.43280085508914,-7.853027334085567,-10.419603617793026,0.0,-0.3060295714693432,-4.137420001337804,0.0,0.0,0.0,-0.395224715158406,0,0,0,0,0,0
image_2148.png,surface,0.0,0.0,2.418209880256317,12.302607315245709,13.631770780188022,0.0,1.2818264393476948,-4.433293805489562,0.0,0.0,0.0,1.8156106539449564,0,0,0,0,0,0
image_2149.png,surface,0.0,0.0,1.57050292220849,-20.46331397877704,7.497667013092458,0.0,2.4779897938617896,2.641510053662214,0.0,0.0,0.0,-3.2224542291040503,0,0,0,0,0,0
image_2150.png,surface,0.0,0.0,2.221603779881351,15.64210799224704,1.021469507210556,0.0,1.9979750622175785,0.6580797245540514,0.0,0.0,0.0,0.1195756351559893,0,0,0,0,0,0
image_2151.png,surface,0.0,0.0,1.108922231497894,-7.108296527906423,-5.134734988723088,0.0,2.8788791491804964,-1.998946770546718,0.0,0.0,0.0,3.0317142230322585,0,0,0,0,0,0
image_2152.png,surface,0.0,0.0,1.5942947991236192,-0.2747897202861729,-20.14275333717829,0.0,0.6322407037742472,1.712475450636027,0.0,0.0,0.0,-2.606748019112902,0,0,0,0,0,0
image_2153.png,surface,0.0,0.0,1.4055777323812957,-18.69398895077502,9.801297631248836,0.0,3.8329460553227337,2.6650184599639,0.0,0.0,0.0,-4.186252424219054,0,0,0,0,0,0
image_2154.png,surface,0.0,0.0,1.7740291485936888,10.070259082857236,-7.485022751239188,0.0,-1.814420437112736,-0.2604116096729726,0.0,0.0,0.0,0.5730120148023481,0,0,0,0,0,0
image_2155.png,surface,0.0,0.0,2.4764591724957543,8.545671080336248,21.30514636086505,0.0,-0.3200414777988819,1.2605835726108197,0.0,0.0,0.0,4.14509348716259,0,0,0,0,0,0
image_2156.png,surface,0.0,0.0,1.521082255545967,-12.780698266626324,-2.627507868032313,0.0,3.724168588305736,2.570099789795365,0.0,0.0,0.0,1.8123724542177069,0,0,0,0,0,0
image_2157.png,surface,0.0,0.0,1.3578301826219503,-15.97892962865057,-14.38811157819918,0.0,-0.7737931129967839,3.958432023175605,0.0,0.0,0.0,0.4256637306306832,0,0,0,0,0,0
image_2158.png,surface,0.0,0.0,2.684071350644816,-0.5489889609649408,-11.812625641921764,0.0,3.4305555275913284,1.807500894600876,0.0,0.0,0.0,1.7032556386873798,0,0,0,0,0,0
image_2159.png,surface,0.0,0.0,2.830195927892806,-0.2696212048412332,16.26323657596659,0.0,1.1351685919942152,4.66812827950393,0.0,0.0,0.0,-4.152064482350736,0,0,0,0,0,0
image_2160.png,surface,0.0,0.0,1.8924331926589453,-6.9348513027257965,-20.812363424217708,0.0,-0.4011879121971053,-3.155840827791066,0.0,0.0,0.0,-2.0873913654248035,0,0,0,0,0,0
image_2161.png,surface,0.0,0.0,1.4889955437116855,-12.243012517894403,-3.731617774832334,0.0,1.6764183700640256,-3.218513661255779,0.0,0.0,0.0,-2.950379666434885,0,0,0,0,0,0
image_2162.png,surface,0.0,0.0,1.5047318036048416,7.130562457879746,20.33172680095124,0.0,0.0199089417345458,-1.4752805300916356,0.0,0.0,0.0,2.743919014259565,0,0,0,0,0,0
image_2163.png,surface,0.0,0.0,1.8323597754806296,-4.117185010007415,-14.532198230541807,0.0,3.46169351091311,0.8046339561973432,0.0,0.0,0.0,4.376313243093037,0,0,0,0,0,0
image_2164.png,surface,0.0,0.0,2.604885875138887,-24.78376217086896,-3.369951135915126,0.0,-1.1683403778780608,-1.9117598459723315,0.0,0.0,0.0,-2.0352850644523466,0,0,0,0,0,0
image_2165.png,surface,0.0,0.0,2.1229633616740027,-1.0556745589220002,-12.446703835549922,0.0,-1.2208348595730312,1.5021414582755563,0.0,0.0,0.0,-3.5643125338748605,0,0,0,0,0,0
image_2166.png,surface,0.0,0.0,2.154671893718913,1.684268013861209,7.939407797255174,0.0,-0.0302011640890871,-3.635927003093312,0.0,0.0,0.0,-1.807895959504216,0,0,0,0,0,0
image_2167.png,surface,0.0,0.0,2.956314631275573,-11.472626829678942,-11.477876715285271,0.0,3.9056660372221854,1.6323013204078674,0.0,0.0,0.0,-2.116826722171572,0,0,0,0,0,0
image_2168.png,surface,0.0,0.0,1.1553503937239122,-7.587165113028471,-19.81983961666561,0.0,2.613830547241254,2.8966798469321566,0.0,0.0,0.0,-3.208369711567697,0,0,0,0,0,0
image_2169.png,surface,0.0,0.0,1.9500267866217769,-17.708033059072132,17.10727335647498,0.0,4.423667127435221,-0.1734229371428681,0.0,0.0,0.0,3.635182373609263,0,0,0,0,0,0
image_2170.png,surface,0.0,0.0,1.958804590231162,19.879771283119645,4.505061859026886,0.0,-1.2923272677820838,2.2612842075459336,0.0,0.0,0.0,-3.90280400578391,0,0,0,0,0,0
image_2171.png,surface,0.0,0.0,2.107947951537548,13.883373359932358,-12.063971279427822,0.0,-1.6241911921605725,-0.5848335074030401,0.0,0.0,0.0,4.85083356435789,0,0,0,0,0,0
image_2172.png,surface,0.0,0.0,1.335880474725723,21.60387451672269,-2.9009435484475485,0.0,-2.6836228160257383,-3.2387006608156934,0.0,0.0,0.0,0.1522981771985438,0,0,0,0,0,0
image_2173.png,surface,0.0,0.0,1.3378442967980366,-17.598451653617754,-8.181003472210376,0.0,-3.2152859477491305,-3.8017392671102734,0.0,0.0,0.0,2.3228562360090823,0,0,0,0,0,0
image_2174.png,surface,0.0,0.0,1.830897121901627,20.44572973517442,2.579846333781452,0.0,-0.4186196125797371,0.703322963711237,0.0,0.0,0.0,3.243038135877552,0,0,0,0,0,0
image_2175.png,surface,0.0,0.0,2.212434512582953,-15.378185158505753,10.545148517358696,0.0,-2.1847356711182253,1.7945720701495569,0.0,0.0,0.0,0.7242118238335982,0,0,0,0,0,0
image_2176.png,surface,0.0,0.0,1.6056050500681898,-12.180289517354618,-4.854108849276877,0.0,0.4283660894139806,3.578714468626879,0.0,0.0,0.0,2.2595252709394096,0,0,0,0,0,0
image_2177.png,surface,0.0,0.0,1.995038408232864,15.67068703132804,15.194218544702789,0.0,-0.1019242273060182,-3.2623424303589004,0.0,0.0,0.0,-3.679178159724911,0,0,0,0,0,0
image_2178.png,surface,0.0,0.0,2.9735145486638004,-15.967135561842996,5.296727032028888,0.0,1.4199045892693387,-0.6704168710406048,0.0,0.0,0.0,1.0173312006423512,0,0,0,0,0,0
image_2179.png,surface,0.0,0.0,1.060862034779654,-0.2571864511785157,-15.406659371721313,0.0,-1.3389432300557214,-0.3833150826930002,0.0,0.0,0.0,-3.1713777939290377,0,0,0,0,0,0
image_2180.png,surface,0.0,0.0,1.9317345716510028,1.0202681259937207,-0.5313002148609112,0.0,0.7461838635335323,2.025810400177856,0.0,0.0,0.0,2.078611758657426,0,0,0,0,0,0
image_2181.png,surface,0.0,0.0,1.947809394685171,-13.96145495002256,-4.803250530615312,0.0,-1.397691207676529,-4.436903969478262,0.0,0.0,0.0,-0.3729460797614168,0,0,0,0,0,0
image_2182.png,surface,0.0,0.0,2.383612777441092,-23.778938136104504,-1.1639833689054568,0.0,-2.3976202713031447,0.6072018218883349,0.0,0.0,0.0,4.593950819766551,0,0,0,0,0,0
image_2183.png,surface,0.0,0.0,1.5328002305748327,-2.555084073835717,4.782326944017454,0.0,-0.6104576417609868,-4.117955159539396,0.0,0.0,0.0,-3.5976297720435846,0,0,0,0,0,0
image_2184.png,surface,0.0,0.0,2.5998681349386192,8.721280387823738,3.3026757791400763,0.0,2.7091537901738296,-3.1966998400068,0.0,0.0,0.0,3.487270809969342,0,0,0,0,0,0
image_2185.png,surface,0.0,0.0,1.8019868400529715,-16.026475934216254,13.336942426685177,0.0,-1.9679924642946407,3.5656296741521527,0.0,0.0,0.0,1.4226458146389902,0,0,0,0,0,0
image_2186.png,surface,0.0,0.0,1.1903247852376522,0.4041032926241016,-19.896755165036524,0.0,2.583268360105594,0.8046211033302857,0.0,0.0,0.0,-2.531719647551438,0,0,0,0,0,0
image_2187.png,surface,0.0,0.0,2.260120998123917,13.671053997864634,14.104812477271292,0.0,-3.484513180761636,-2.4873882597910324,0.0,0.0,0.0,0.0089293752052723,0,0,0,0,0,0
image_2188.png,surface,0.0,0.0,1.0527862887990194,-11.834870426587091,-14.243756167715084,0.0,1.8023743526559348,-3.949832411465992,0.0,0.0,0.0,-0.742718389337619,0,0,0,0,0,0
image_2189.png,surface,0.0,0.0,2.433604387256832,-9.373615836905357,17.081295019681523,0.0,-0.170032677470866,3.576286384972003,0.0,0.0,0.0,-0.7297712204178044,0,0,0,0,0,0
image_2190.png,surface,0.0,0.0,1.0242805955211158,12.966116459845727,16.072627836712154,0.0,-0.2529363349938917,0.4977081928820598,0.0,0.0,0.0,4.9573390873476,0,0,0,0,0,0
image_2191.png,surface,0.0,0.0,2.1933404047195832,2.629559941291417,-17.827487587298354,0.0,-2.005050844164028,4.074237107287693,0.0,0.0,0.0,-3.89478901353514,0,0,0,0,0,0
image_2192.png,surface,0.0,0.0,2.7417839589737207,19.590231269951737,2.629356026972142,0.0,4.907238003472574,0.393881721520034,0.0,0.0,0.0,2.857176230662631,0,0,0,0,0,0
image_2193.png,surface,0.0,0.0,2.396816854523887,2.7571641467153007,0.0298899145186151,0.0,1.4607199560036157,2.603892419198414,0.0,0.0,0.0,4.513989973058795,0,0,0,0,0,0
image_2194.png,surface,0.0,0.0,2.248687509478038,2.6605928156819907,16.9695823409128,0.0,2.1474450234761204,-3.557853443117441,0.0,0.0,0.0,-3.837741045193241,0,0,0,0,0,0
image_2195.png,surface,0.0,0.0,1.8635822505746864,6.755940273222504,-14.730190203453695,0.0,-1.6898827164971844,3.314500106864984,0.0,0.0,0.0,4.639250357662219,0,0,0,0,0,0
image_2196.png,surface,0.0,0.0,1.672391033813515,-8.17154731362938,-20.475433986357647,0.0,-3.845014094205928,1.852801660237112,0.0,0.0,0.0,4.74697792096061,0,0,0,0,0,0
image_2197.png,surface,0.0,0.0,1.7405910418883586,3.3690011077569,11.33087113681372,0.0,-0.4189757918478875,1.509688845514486,0.0,0.0,0.0,2.158145640421555,0,0,0,0,0,0
image_2198.png,surface,0.0,0.0,1.7500528399634898,-21.40001368145947,-4.694210925077735,0.0,-3.081223202019566,2.8772654247822462,0.0,0.0,0.0,-0.0691465067746026,0,0,0,0,0,0
image_2199.png,surface,0.0,0.0,2.059767258859205,-7.697490645166411,-15.94521705384,0.0,-0.7722900440757172,-1.754201140462421,0.0,0.0,0.0,2.297604617650265,0,0,0,0,0,0
image_2200.png,surface,0.0,0.0,1.286660162134041,9.525930434958676,-18.078295949553315,0.0,-1.368658693875672,-2.7821238068234417,0.0,0.0,0.0,-1.037453076706317,0,0,0,0,0,0
image_2201.png,surface,0.0,0.0,2.763763870267825,2.7865744689378324,-4.6145446812960405,0.0,3.396217191877298,0.4317620424913721,0.0,0.0,0.0,-3.0442163722250006,0,0,0,0,0,0
image_2202.png,surface,0.0,0.0,2.251751088611229,-5.837607888666922,21.81996326861886,0.0,-3.22257490775288,-1.4087853545448554,0.0,0.0,0.0,3.630520447378391,0,0,0,0,0,0
image_2203.png,surface,0.0,0.0,1.748872455658195,-2.342094773451413,18.3066869341846,0.0,-3.555271336431954,-0.4203657763431732,0.0,0.0,0.0,1.4253872582966478,0,0,0,0,0,0
image_2204.png,surface,0.0,0.0,2.964424328229051,-14.884625739685625,-12.075528666329044,0.0,-0.2405761075190106,-4.040128002455247,0.0,0.0,0.0,0.6914477605280256,0,0,0,0,0,0
image_2205.png,surface,0.0,0.0,2.745055073250561,-10.23595635623521,4.718496829610674,0.0,-2.025554082389476,3.639533598471637,0.0,0.0,0.0,-0.6527070574792626,0,0,0,0,0,0
image_2206.png,surface,0.0,0.0,2.213632379070643,2.770182677255353,22.8069767318099,0.0,-3.6475138701222174,0.2916949637084925,0.0,0.0,0.0,3.3166787718693485,0,0,0,0,0,0
image_2207.png,surface,0.0,0.0,1.7434976369070776,-0.6118756089829377,-13.060693827845263,0.0,0.9092784821479398,1.4967328522913763,0.0,0.0,0.0,-0.702650375367389,0,0,0,0,0,0
image_2208.png,surface,0.0,0.0,1.7381877119976843,1.4984231324618766,22.764125677106108,0.0,-1.2009951126439256,-0.9139110740697866,0.0,0.0,0.0,-3.5977035488163747,0,0,0,0,0,0
image_2209.png,surface,0.0,0.0,1.133413452702143,4.935889591722567,23.326117300755524,0.0,1.7121796463423853,2.311112683704021,0.0,0.0,0.0,1.155953771462551,0,0,0,0,0,0
image_2210.png,surface,0.0,0.0,1.685041941574169,22.06940041722717,3.29496689849008,0.0,1.1601116864465222,1.208440721295753,0.0,0.0,0.0,1.9149629972399944,0,0,0,0,0,0
image_2211.png,surface,0.0,0.0,1.4913684568664265,-22.86413588388571,-8.153319805909991,0.0,2.413110645667825,-2.211024835706633,0.0,0.0,0.0,3.2624987465751456,0,0,0,0,0,0
image_2212.png,surface,0.0,0.0,2.217102244530831,10.577206225030675,-1.3650711447056794,0.0,4.407514920900674,-0.5500007037998791,0.0,0.0,0.0,-3.01056575306315,0,0,0,0,0,0
image_2213.png,surface,0.0,0.0,2.4403269711230067,0.3665030800214747,-10.948663350039038,0.0,0.7640854497651652,-1.3449215451877152,0.0,0.0,0.0,-1.9125492054797668,0,0,0,0,0,0
image_2214.png,surface,0.0,0.0,1.5848496211434198,-14.976550086300229,-18.0775782550087,0.0,1.6612457755892576,0.886100739829386,0.0,0.0,0.0,-4.091172566099043,0,0,0,0,0,0
image_2215.png,surface,0.0,0.0,2.092294998837644,13.411309087983224,-10.615557308015925,0.0,-3.0428989311363366,-0.6119261971275238,0.0,0.0,0.0,-2.325325274464997,0,0,0,0,0,0
image_2216.png,surface,0.0,0.0,2.5741592863274168,-8.642505215096213,-1.7096968436929063,0.0,3.783655327972852,0.877558269123931,0.0,0.0,0.0,-3.8837541239896,0,0,0,0,0,0
image_2217.png,surface,0.0,0.0,2.2838076205422686,-7.7972895780258,2.1634222633680174,0.0,4.265070660253462,-1.1593347989435798,0.0,0.0,0.0,-0.5203629936987433,0,0,0,0,0,0
image_2218.png,surface,0.0,0.0,2.4873226250143743,-5.145510657011149,16.902977900598014,0.0,-2.948790892890959,1.925288426537555,0.0,0.0,0.0,2.529854430776882,0,0,0,0,0,0
image_2219.png,surface,0.0,0.0,1.436159375445302,-19.51019783544617,-4.359863181931106,0.0,1.0965176357601394,-3.0624200711540523,0.0,0.0,0.0,-3.3058506081617622,0,0,0,0,0,0
image_2220.png,surface,0.0,0.0,2.270099786040144,18.88814282782599,-12.571553755640084,0.0,3.609868520143383,-2.8967986205720795,0.0,0.0,0.0,-4.631957799402645,0,0,0,0,0,0
image_2221.png,surface,0.0,0.0,1.5475686261825008,16.497444308721015,9.32254219624111,0.0,0.9890989390426828,-4.071660341996645,0.0,0.0,0.0,-3.8069279100389606,0,0,0,0,0,0
image_2222.png,surface,0.0,0.0,1.461501176564858,-3.2284827715750013,4.082328010705162,0.0,-2.921591270221696,-2.4083963392758245,0.0,0.0,0.0,3.1972451930851182,0,0,0,0,0,0
image_2223.png,surface,0.0,0.0,1.5418745583073654,10.709514336838492,22.21063655886073,0.0,-0.4277596851135619,-2.7374891459106645,0.0,0.0,0.0,-2.347651295976493,0,0,0,0,0,0
image_2224.png,surface,0.0,0.0,1.733051023049333,10.41837133978317,15.227352218340624,0.0,0.7982362183259261,-0.8598029797982535,0.0,0.0,0.0,-1.3692301794234418,0,0,0,0,0,0
image_2225.png,surface,0.0,0.0,1.9418808330759096,11.644324071657516,0.7483428533638239,0.0,-3.846207981146416,1.066893549217649,0.0,0.0,0.0,0.9290304302406892,0,0,0,0,0,0
image_2226.png,surface,0.0,0.0,1.4585228851384526,9.588575778881518,-12.0950060964772,0.0,-3.267480418387436,-0.7353471589549384,0.0,0.0,0.0,-4.357466046648675,0,0,0,0,0,0
image_2227.png,surface,0.0,0.0,1.6999269905835506,14.223163666867162,-4.784097185915023,0.0,2.585964418008585,0.3180321726860599,0.0,0.0,0.0,3.959062250955313,0,0,0,0,0,0
image_2228.png,surface,0.0,0.0,2.7929934302272565,18.25710439103251,-3.645937053032464,0.0,3.3954377442136705,1.2421153515914594,0.0,0.0,0.0,-1.6535103039204224,0,0,0,0,0,0
image_2229.png,surface,0.0,0.0,1.2692538150425314,9.48962358910072,-20.81282564762076,0.0,-1.2954158198906125,1.3312598154190334,0.0,0.0,0.0,2.4699538809546606,0,0,0,0,0,0
image_2230.png,surface,0.0,0.0,1.4314481199827511,-22.166729554542368,10.503496451612651,0.0,0.5281013757714786,0.8004034724583124,0.0,0.0,0.0,-3.804008306766915,0,0,0,0,0,0
image_2231.png,surface,0.0,0.0,1.121385385885422,8.262661598407487,3.5460634931380324,0.0,-4.627079475307029,0.367848966164519,0.0,0.0,0.0,-4.201923136284897,0,0,0,0,0,0
image_2232.png,surface,0.0,0.0,2.417762259502517,9.094987093952604,13.88392398387665,0.0,-1.0148429179697662,-1.8691846335798104,0.0,0.0,0.0,-2.580393299755725,0,0,0,0,0,0
image_2233.png,surface,0.0,0.0,2.0588214275423105,-14.16565893071708,5.008337614543998,0.0,1.73994686003524,1.4599609453233262,0.0,0.0,0.0,-4.638182460808617,0,0,0,0,0,0
image_2234.png,surface,0.0,0.0,1.94864068139301,-11.610906069882846,-7.262419201346592,0.0,1.850464744953775,-0.9723552825066104,0.0,0.0,0.0,-2.0861554035232857,0,0,0,0,0,0
image_2235.png,surface,0.0,0.0,1.0688303514899424,10.90985577963506,17.729947422713753,0.0,0.9659512788706373,-1.589464478827363,0.0,0.0,0.0,-1.2159222592070016,0,0,0,0,0,0
image_2236.png,surface,0.0,0.0,2.9226853310278744,-0.2851725374775083,17.041812991100837,0.0,1.39644548589732,3.081731214019524,0.0,0.0,0.0,0.4800234834516272,0,0,0,0,0,0
image_2237.png,surface,0.0,0.0,2.688154729339794,9.106180495835735,-18.46118150455354,0.0,3.3678853746815016,3.138586041560879,0.0,0.0,0.0,-2.349026886150156,0,0,0,0,0,0
image_2238.png,surface,0.0,0.0,2.640748216235324,1.3826706664177488,24.78725123030169,0.0,4.259505521162451,2.0613604428760985,0.0,0.0,0.0,0.4972908307651984,0,0,0,0,0,0
image_2239.png,surface,0.0,0.0,2.750434951074953,5.565437319577651,15.883795943618782,0.0,2.6911617412724445,-2.24709652263608,0.0,0.0,0.0,-4.851319520079725,0,0,0,0,0,0
image_2240.png,surface,0.0,0.0,2.5540503218568658,21.62032107054737,12.009906908536268,0.0,1.7387526965248974,-0.0470843024862961,0.0,0.0,0.0,-2.5757421383013543,0,0,0,0,0,0
image_2241.png,surface,0.0,0.0,1.2788751347436178,-5.8475709880722295,8.270389921881561,0.0,4.653480935956572,-1.7784097824285687,0.0,0.0,0.0,-4.067152838963829,0,0,0,0,0,0
image_2242.png,surface,0.0,0.0,2.942984861957373,-13.392124484591568,18.16792736308738,0.0,1.86440082607127,-3.178293261392086,0.0,0.0,0.0,-0.663244886250852,0,0,0,0,0,0
image_2243.png,surface,0.0,0.0,2.8674369458803186,-0.4914432833802357,5.604467465109432,0.0,-0.1140607969287545,0.8511127878038388,0.0,0.0,0.0,-4.467674974799802,0,0,0,0,0,0
image_2244.png,surface,0.0,0.0,2.392154222757946,9.375919100287383,-6.44407033655659,0.0,1.2020469436632129,-3.1981815389376687,0.0,0.0,0.0,-2.156840274615032,0,0,0,0,0,0
image_2245.png,surface,0.0,0.0,1.584021353056152,0.5581487343920284,-13.94788597578704,0.0,-1.5074382454911843,-0.4023864696589153,0.0,0.0,0.0,4.45129913785779,0,0,0,0,0,0
image_2246.png,surface,0.0,0.0,1.0022222167812258,-2.780590234991528,-9.534346865517726,0.0,2.478201970750542,-2.723470757143916,0.0,0.0,0.0,2.8200741354707626,0,0,0,0,0,0
image_2247.png,surface,0.0,0.0,1.971723538827476,-13.650565942234326,10.941094299571024,0.0,4.19887859218365,-0.347439897497459,0.0,0.0,0.0,0.2337478340414476,0,0,0,0,0,0
image_2248.png,surface,0.0,0.0,2.1896069450744724,3.978398250650341,13.3500610498046,0.0,2.0676918681670657,-3.455876056513958,0.0,0.0,0.0,-4.688773976316883,0,0,0,0,0,0
image_2249.png,surface,0.0,0.0,2.987962646325105,-19.06685428259919,-3.660986214562074,0.0,1.9508993398569787,3.2353970748079,0.0,0.0,0.0,-0.3448519541417969,0,0,0,0,0,0
image_2250.png,surface,0.0,0.0,1.2658300740994337,7.31122456083472,-10.464837017812718,0.0,-4.3266645247719095,-0.0314082788964007,0.0,0.0,0.0,-2.0296042556589624,0,0,0,0,0,0
image_2251.png,surface,0.0,0.0,1.1776401949855848,8.047403496797044,1.2113717921445033,0.0,-0.5924030634705735,-1.1205780289033889,0.0,0.0,0.0,3.068000338704536,0,0,0,0,0,0
image_2252.png,surface,0.0,0.0,1.8526368760064795,4.338740568608312,9.869495092424708,0.0,-1.667729431481059,-2.027807552906844,0.0,0.0,0.0,1.7999772400567622,0,0,0,0,0,0
image_2253.png,surface,0.0,0.0,2.501912444534524,-10.25542546583472,14.379513433459694,0.0,3.075719502860092,-0.5495735495130358,0.0,0.0,0.0,-3.795053269386269,0,0,0,0,0,0
image_2254.png,surface,0.0,0.0,1.6801406590166916,-1.2643111842613317,6.629199395085494,0.0,-2.045679199462205,1.9421110379452624,0.0,0.0,0.0,4.117491211316231,0,0,0,0,0,0
image_2255.png,surface,0.0,0.0,2.3247205053819475,-5.935599115443984,13.944314793449426,0.0,-1.8722119295795927,-3.1261316367919227,0.0,0.0,0.0,-2.977906174476721,0,0,0,0,0,0
image_2256.png,surface,0.0,0.0,2.7788767732017954,17.122309942978134,4.5404406838957865,0.0,0.1670662364451035,-0.356605613841984,0.0,0.0,0.0,-1.5490228516015767,0,0,0,0,0,0
image_2257.png,surface,0.0,0.0,2.586323982206701,-3.180964876628192,-19.964442187882085,0.0,2.0704152830727702,4.333468107754602,0.0,0.0,0.0,-4.569508308025577,0,0,0,0,0,0
image_2258.png,surface,0.0,0.0,1.2031917170480513,-14.069076860067264,16.03589074686668,0.0,4.549213092563575,0.1122859708288282,0.0,0.0,0.0,1.310203258044699,0,0,0,0,0,0
image_2259.png,surface,0.0,0.0,1.892150654286008,10.432607969786408,18.142988954038675,0.0,0.2765351570286382,1.3293273838938442,0.0,0.0,0.0,-2.997817466002677,0,0,0,0,0,0
image_2260.png,surface,0.0,0.0,1.0759853088477498,-24.68363878898668,-1.6113247849600154,0.0,0.5346803037523392,2.69511581483328,0.0,0.0,0.0,3.884115900357706,0,0,0,0,0,0
image_2261.png,surface,0.0,0.0,1.3372766488728802,6.839018094713881,-5.378599501594037,0.0,4.102771429424164,0.7603518182977453,0.0,0.0,0.0,4.975495619979789,0,0,0,0,0,0
image_2262.png,surface,0.0,0.0,2.54142205303562,14.761009261977234,13.737649341498136,0.0,-3.467339423650499,-1.4048373925633877,0.0,0.0,0.0,4.118332042425468,0,0,0,0,0,0
image_2263.png,surface,0.0,0.0,1.3481862636739654,-2.6501377517875064,10.069652465464117,0.0,-0.784974214089712,3.904295216241173,0.0,0.0,0.0,2.671556363603522,0,0,0,0,0,0
image_2264.png,surface,0.0,0.0,2.117628098619579,5.630743964003703,-22.35538598966773,0.0,0.2297500372547395,3.5191286708899834,0.0,0.0,0.0,3.3084492516082964,0,0,0,0,0,0
image_2265.png,surface,0.0,0.0,2.2299569723934862,12.586545664186495,-11.748742423203607,0.0,-3.721171875827975,-3.304881328135924,0.0,0.0,0.0,-4.932659093222805,0,0,0,0,0,0
image_2266.png,surface,0.0,0.0,1.313272673989793,12.58684758549958,14.791573802846104,0.0,-3.3792341485251494,-1.119363409872935,0.0,0.0,0.0,2.815011713462612,0,0,0,0,0,0
image_2267.png,surface,0.0,0.0,2.829644325103499,18.579646962443665,16.253126549596413,0.0,-1.838447864709768,1.3167479604286525,0.0,0.0,0.0,-0.0179372699945457,0,0,0,0,0,0
image_2268.png,surface,0.0,0.0,1.1170036948743836,-2.4004274279757376,-14.862491645701011,0.0,-3.382565640775645,-1.888318846114465,0.0,0.0,0.0,-0.4023456893383343,0,0,0,0,0,0
image_2269.png,surface,0.0,0.0,2.8384691829214663,3.030467686279533,-18.742796626743907,0.0,1.0735132100289182,-1.2486214429538292,0.0,0.0,0.0,2.1033166055067003,0,0,0,0,0,0
image_2270.png,surface,0.0,0.0,1.2275987743214047,-1.7950522698885674,12.074367823145158,0.0,3.2787579983245494,-1.896955285778405,0.0,0.0,0.0,3.752121786999137,0,0,0,0,0,0
image_2271.png,surface,0.0,0.0,2.801739966684217,16.89395579581579,4.518747690517149,0.0,1.1656997617024816,-0.6971268895392472,0.0,0.0,0.0,3.963583357963282,0,0,0,0,0,0
image_2272.png,surface,0.0,0.0,1.7357818539007868,-9.005322759125196,-7.284559408451479,0.0,-0.7340914841091422,0.0687869622289421,0.0,0.0,0.0,1.6852778192314597,0,0,0,0,0,0
image_2273.png,surface,0.0,0.0,2.579681579605868,-0.1247435068767111,-14.049135437554977,0.0,3.549307267426839,2.6868188212531683,0.0,0.0,0.0,-3.6419353127817433,0,0,0,0,0,0
image_2274.png,surface,0.0,0.0,1.7884752704960094,23.2409225490095,-8.488440293439064,0.0,2.5234022194408627,-3.864395077325724,0.0,0.0,0.0,0.9331212419455516,0,0,0,0,0,0
image_2275.png,surface,0.0,0.0,2.466312966101808,8.102088883759942,9.57230397313748,0.0,-3.815437732767842,-2.582651398169196,0.0,0.0,0.0,1.0354606751635576,0,0,0,0,0,0
image_2276.png,surface,0.0,0.0,2.7047815107837883,2.9832763164569265,2.448510300641944,0.0,-4.245328153051722,-0.5165674196569648,0.0,0.0,0.0,-1.6266639251559156,0,0,0,0,0,0
image_2277.png,surface,0.0,0.0,2.0508777571524286,19.93023903533092,1.1000745606758378,0.0,3.42806438055554,-2.9226972576766643,0.0,0.0,0.0,1.1343312766071154,0,0,0,0,0,0
image_2278.png,surface,0.0,0.0,1.8042791341003952,11.027938186436629,18.04272284402133,0.0,0.2950392610070931,-1.0436613985115084,0.0,0.0,0.0,3.571265131609252,0,0,0,0,0,0
image_2279.png,surface,0.0,0.0,1.7892652802746625,1.6097750519033802,-2.995108358938922,0.0,-0.1243879641688424,2.9289478687292347,0.0,0.0,0.0,0.6022606781649555,0,0,0,0,0,0
image_2280.png,surface,0.0,0.0,1.113183525733185,-11.535384551906931,-14.216809542509878,0.0,3.1683755726499854,3.1915371314437766,0.0,0.0,0.0,3.229658317125722,0,0,0,0,0,0
image_2281.png,surface,0.0,0.0,1.0296314341543795,-6.241214572950704,-11.598024151708437,0.0,-2.3553146229876973,-2.290030880254069,0.0,0.0,0.0,-2.2492159596432404,0,0,0,0,0,0
image_2282.png,surface,0.0,0.0,2.487140268527283,0.749078789495833,16.32009732419808,0.0,-1.8654622991148664,0.5886245583487019,0.0,0.0,0.0,-3.385469134675083,0,0,0,0,0,0
image_2283.png,surface,0.0,0.0,1.8307989668047056,-3.2260316738530967,-20.35189290712308,0.0,0.7271668757252516,-2.572509950533868,0.0,0.0,0.0,-4.663132392517596,0,0,0,0,0,0
image_2284.png,surface,0.0,0.0,1.3021855368642758,-7.696313618483718,22.04912595969381,0.0,2.946588102010632,1.512378882101691,0.0,0.0,0.0,1.9224238583814013,0,0,0,0,0,0
image_2285.png,surface,0.0,0.0,2.743073994176739,2.143021149848632,14.23172393040249,0.0,1.1052593999915916,4.272388221829485,0.0,0.0,0.0,-4.169466633513612,0,0,0,0,0,0
image_2286.png,surface,0.0,0.0,2.275543451125926,20.16032256053323,-13.419369991890822,0.0,3.0130859595381936,1.657988881809832,0.0,0.0,0.0,0.2825092073784994,0,0,0,0,0,0
image_2287.png,surface,0.0,0.0,1.9490088967125472,7.920637565623038,14.52482319823383,0.0,2.550236243521889,0.1622004665041748,0.0,0.0,0.0,-1.815563534715716,0,0,0,0,0,0
image_2288.png,surface,0.0,0.0,1.7139699865078195,3.914269681838406,-21.54679726875116,0.0,-3.5643714624866734,-0.5905738636603075,0.0,0.0,0.0,-1.93157350760905,0,0,0,0,0,0
image_2289.png,surface,0.0,0.0,1.689492652753907,-1.6879306291098544,-5.954954959338983,0.0,0.739281297203391,-1.6720375906010152,0.0,0.0,0.0,3.2659911022617294,0,0,0,0,0,0
image_2290.png,surface,0.0,0.0,1.7428405615434104,-10.080621916486589,19.95419314487155,0.0,1.6204640183465682,0.2200356604451849,0.0,0.0,0.0,-1.897721484427258,0,0,0,0,0,0
image_2291.png,surface,0.0,0.0,2.7731086717252387,-21.928042776747983,-7.4691735928522895,0.0,-3.079107627767296,-0.482348678335082,0.0,0.0,0.0,2.2482833138530243,0,0,0,0,0,0
image_2292.png,surface,0.0,0.0,1.7572082548208632,-12.296555875503325,-5.609930033595029,0.0,-2.2403334400814128,2.4627538535251565,0.0,0.0,0.0,0.6582448740846436,0,0,0,0,0,0
image_2293.png,surface,0.0,0.0,1.0386328620956669,-8.086866961411486,-6.791981037417639,0.0,1.2841642537164046,-0.15215664732995,0.0,0.0,0.0,-3.2801448818774803,0,0,0,0,0,0
image_2294.png,surface,0.0,0.0,1.289867383311735,4.899819829636789,22.00551567123248,0.0,-2.30959460467696,-4.084082709535529,0.0,0.0,0.0,-1.7239273521125495,0,0,0,0,0,0
image_2295.png,surface,0.0,0.0,1.692416471912608,1.957298350076241,-5.494934070594004,0.0,-0.3325302871107721,-1.9302482761930808,0.0,0.0,0.0,4.290565029090983,0,0,0,0,0,0
image_2296.png,surface,0.0,0.0,1.3327044015062868,-2.769066313693453,-1.7183920894051976,0.0,3.5584435939237937,3.0016256596520297,0.0,0.0,0.0,4.776259969097032,0,0,0,0,0,0
image_2297.png,surface,0.0,0.0,2.6459629232123207,24.05519467302466,-4.181695827551057,0.0,-4.555632713006503,2.0539476317153835,0.0,0.0,0.0,-1.8932826389502369,0,0,0,0,0,0
image_2298.png,surface,0.0,0.0,2.9974632215075374,-18.280920681458884,2.6852592253192884,0.0,4.022907861965017,-1.6361372181859597,0.0,0.0,0.0,-4.98508322250553,0,0,0,0,0,0
image_2299.png,surface,0.0,0.0,1.668326041725896,22.13230339468673,1.3651072362134553,0.0,-2.6706080102274345,3.4304957381300403,0.0,0.0,0.0,1.125549944047691,0,0,0,0,0,0
image_2300.png,surface,0.0,0.0,1.9703726962831152,-7.808282479115177,-5.756120754275106,0.0,-0.6037664430163118,-3.2974291543728214,0.0,0.0,0.0,2.272434099141101,0,0,0,0,0,0
image_2301.png,surface,0.0,0.0,1.0952363343628442,-11.652614413037329,-15.423350704158166,0.0,4.372306965486343,-1.933230098671615,0.0,0.0,0.0,-0.3321620813870165,0,0,0,0,0,0
image_2302.png,surface,0.0,0.0,1.3889282278027093,-3.383146567186146,-15.229459340794811,0.0,-1.80442590739073,2.230301068007169,0.0,0.0,0.0,-0.6211793818529143,0,0,0,0,0,0
image_2303.png,surface,0.0,0.0,1.4581210110875495,-9.459714568000813,3.819015989130988,0.0,1.9516062021061416,3.5588513119123366,0.0,0.0,0.0,3.735107322337223,0,0,0,0,0,0
image_2304.png,surface,0.0,0.0,1.7749658282972436,-10.725635390762465,-14.764237654513686,0.0,-1.8263234645870243,-3.27239018494286,0.0,0.0,0.0,-1.3758391085053143,0,0,0,0,0,0
image_2305.png,surface,0.0,0.0,2.65283321945012,-8.124701302903047,7.947171793630002,0.0,2.797738287311548,2.1743208658043915,0.0,0.0,0.0,0.6107863560439153,0,0,0,0,0,0
image_2306.png,surface,0.0,0.0,1.798420544043514,-2.0050041974053547,-0.6735803790546235,0.0,-0.1997236346404882,-0.2130959943099981,0.0,0.0,0.0,1.214482777705431,0,0,0,0,0,0
image_2307.png,surface,0.0,0.0,2.4828572190696008,21.985218741114306,-9.42122831844229,0.0,-2.995247575614382,-2.849796983115916,0.0,0.0,0.0,-4.175497455160636,0,0,0,0,0,0
image_2308.png,surface,0.0,0.0,2.0571797732375616,7.648373382206417,3.2460598887809096,0.0,-1.4528149833257662,-2.352866507045519,0.0,0.0,0.0,2.4975321901307765,0,0,0,0,0,0
image_2309.png,surface,0.0,0.0,2.3272984094266844,15.69635003301998,7.741412444108882,0.0,-2.293332572240145,1.5955751109794678,0.0,0.0,0.0,-1.0025500336776516,0,0,0,0,0,0
image_2310.png,surface,0.0,0.0,1.3944475513352337,-3.0191618128585387,-24.624547325373943,0.0,-1.0086285033343712,-0.754865003382927,0.0,0.0,0.0,-3.653267814673818,0,0,0,0,0,0
image_2311.png,surface,0.0,0.0,1.077623616928432,0.3554617538327589,5.057003230177037,0.0,1.9651818251367128,-0.9231882732424966,0.0,0.0,0.0,-4.746736747269418,0,0,0,0,0,0
image_2312.png,surface,0.0,0.0,1.4933409224839702,-5.136338320489451,-18.991484411224096,0.0,0.0769549010343201,3.7539338628279664,0.0,0.0,0.0,-0.8075642643003995,0,0,0,0,0,0
image_2313.png,surface,0.0,0.0,1.2024653295188663,5.180523931004565,0.5044301995200052,0.0,3.659712997959941,0.7427852759979803,0.0,0.0,0.0,-4.068373368594028,0,0,0,0,0,0
image_2314.png,surface,0.0,0.0,2.4053363751677086,-2.966530793377608,-18.256447657658665,0.0,-3.169943142105825,-1.4357091158467092,0.0,0.0,0.0,1.2263705704955097,0,0,0,0,0,0
image_2315.png,surface,0.0,0.0,2.1384510424233287,-1.873280194463308,13.131004103577048,0.0,-0.8287221843371498,-3.368778210693188,0.0,0.0,0.0,-4.275160595931141,0,0,0,0,0,0
image_2316.png,surface,0.0,0.0,2.587376894794675,-2.157299470673132,12.66774966141479,0.0,-0.9060544236701936,2.4336135130330763,0.0,0.0,0.0,2.782388563440982,0,0,0,0,0,0
image_2317.png,surface,0.0,0.0,1.805192787028482,-10.393495053599482,13.081605685061572,0.0,0.321093335486098,0.3781048982359153,0.0,0.0,0.0,-1.841726729967092,0,0,0,0,0,0
image_2318.png,surface,0.0,0.0,1.5209843308050497,8.618448087311275,19.24813147854155,0.0,-2.968985878048959,3.332103858889895,0.0,0.0,0.0,0.570280244491963,0,0,0,0,0,0
image_2319.png,surface,0.0,0.0,2.7220817109699205,4.612937693176637,18.23731326290305,0.0,-0.1447117288614971,-4.609504352852261,0.0,0.0,0.0,-2.984407754817051,0,0,0,0,0,0
image_2320.png,surface,0.0,0.0,2.1310610496968767,-18.000241370512786,-6.853705299028428,0.0,3.045637728773736,2.7388388310812464,0.0,0.0,0.0,0.5953206961293684,0,0,0,0,0,0
image_2321.png,surface,0.0,0.0,1.9457975943388088,-8.719027925916823,-10.209991237824571,0.0,-3.4582117704505064,2.714196269200001,0.0,0.0,0.0,-0.6701020493758412,0,0,0,0,0,0
image_2322.png,surface,0.0,0.0,2.7826874981167107,-11.85310133328018,-18.38036529162605,0.0,0.3077114036722974,-1.2851431463560066,0.0,0.0,0.0,-2.6854283433310067,0,0,0,0,0,0
image_2323.png,surface,0.0,0.0,1.695625126752729,-3.6337907149926783,3.176141309903264,0.0,-1.2684635125928532,-1.0186442362500068,0.0,0.0,0.0,-0.498194837438584,0,0,0,0,0,0
image_2324.png,surface,0.0,0.0,1.817804402278062,23.603272742663325,-2.708340849970876,0.0,-1.030166382578041,4.039927359475329,0.0,0.0,0.0,-0.5762514250169488,0,0,0,0,0,0
image_2325.png,surface,0.0,0.0,1.5148891567567953,-4.296804286058392,23.73547650066222,0.0,-1.2153584647834736,0.9827389430541732,0.0,0.0,0.0,-4.618452241045556,0,0,0,0,0,0
image_2326.png,surface,0.0,0.0,1.2654150389704388,1.1423625696935464,3.1277012753543563,0.0,1.6575981211723467,-1.073067885559125,0.0,0.0,0.0,-3.867564171124912,0,0,0,0,0,0
image_2327.png,surface,0.0,0.0,2.141792156790102,11.699604114034466,1.3811026369832091,0.0,-1.9496087270630995,0.7850918562844691,0.0,0.0,0.0,2.243222889053774,0,0,0,0,0,0
image_2328.png,surface,0.0,0.0,2.842684264070944,2.363075819744389,14.407905712541268,0.0,-1.6739111650533336,-0.4755818772809437,0.0,0.0,0.0,-0.448884776833653,0,0,0,0,0,0
image_2329.png,surface,0.0,0.0,2.297604617850454,-7.299893821362652,-12.3877794968603,0.0,-0.06560950238351,-4.716219925294324,0.0,0.0,0.0,2.4780610158530347,0,0,0,0,0,0
image_2330.png,surface,0.0,0.0,2.327720847035984,17.13106759495248,-1.6683110045521643,0.0,2.878317676939676,-3.506046577867407,0.0,0.0,0.0,2.002715853527892,0,0,0,0,0,0
image_2331.png,surface,0.0,0.0,2.7168477202613524,-17.24621489463271,16.034871147237002,0.0,-0.9579212655083316,0.3886874908984933,0.0,0.0,0.0,1.2457969765823362,0,0,0,0,0,0
image_2332.png,surface,0.0,0.0,2.400242098294647,20.02419999870422,12.460488980775962,0.0,1.0876097499298034,0.7081883356939332,0.0,0.0,0.0,1.7474555571572503,0,0,0,0,0,0
image_2333.png,surface,0.0,0.0,1.7518808605555094,5.460008805043596,24.343430276384755,0.0,0.6853637032114781,-2.739531747806592,0.0,0.0,0.0,-2.736207121134565,0,0,0,0,0,0
image_2334.png,surface,0.0,0.0,2.606650216922879,5.7979284956359205,6.721610352829448,0.0,0.4236214840362454,-3.0610929367420727,0.0,0.0,0.0,4.126286699223664,0,0,0,0,0,0
image_2335.png,surface,0.0,0.0,1.247994742327253,-0.6350523117256786,1.0593894520951048,0.0,-1.469954808554726,-1.9538481201085256,0.0,0.0,0.0,-1.7013940681218576,0,0,0,0,0,0
image_2336.png,surface,0.0,0.0,2.742937876687691,-11.040306918702232,20.76859927491337,0.0,-3.2373760460803664,1.023475321079647,0.0,0.0,0.0,4.66588590729568,0,0,0,0,0,0
image_2337.png,surface,0.0,0.0,2.018283725691507,14.000488061397396,-17.635079829258054,0.0,0.3759851781601897,3.0008219528420184,0.0,0.0,0.0,-3.642304309528929,0,0,0,0,0,0
image_2338.png,surface,0.0,0.0,2.091642903175884,-13.90295516286164,-12.91002729793971,0.0,3.7698113523004095,0.4371640226216565,0.0,0.0,0.0,-0.2366759011247863,0,0,0,0,0,0
image_2339.png,surface,0.0,0.0,2.8453512048170024,-6.838283048097466,5.175999390968413,0.0,2.0946161932647285,0.2788534013468837,0.0,0.0,0.0,3.063136062100844,0,0,0,0,0,0
image_2340.png,surface,0.0,0.0,2.365359778620615,15.280894898243938,-1.0041471420713308,0.0,1.7184108578089303,0.1678855419092246,0.0,0.0,0.0,-4.650873281421215,0,0,0,0,0,0
image_2341.png,surface,0.0,0.0,1.15633696956347,6.445611897557948,-3.83771949453952,0.0,1.2625266482930495,-0.2817434301446601,0.0,0.0,0.0,-0.8210146147803066,0,0,0,0,0,0
image_2342.png,surface,0.0,0.0,1.5058120630985496,16.72700366487121,12.395863720779522,0.0,2.9259085271308867,-0.498402657264938,0.0,0.0,0.0,2.7867930326445904,0,0,0,0,0,0
image_2343.png,surface,0.0,0.0,2.421533009584072,-16.39766669277442,9.709156894138706,0.0,-1.994316441016472,1.9677412668478025,0.0,0.0,0.0,0.0389482340804505,0,0,0,0,0,0
image_2344.png,surface,0.0,0.0,1.1862420929487147,11.578032803961598,-19.705231458489028,0.0,-0.865746092107206,-1.1392635929374104,0.0,0.0,0.0,-1.6921958335888023,0,0,0,0,0,0
image_2345.png,surface,0.0,0.0,1.5225935218512208,20.45714223043496,-1.0143284976510032,0.0,-9.609961208316803e-05,4.92838351403346,0.0,0.0,0.0,-2.1343683977040784,0,0,0,0,0,0
image_2346.png,surface,0.0,0.0,1.5273741757115329,10.932245107182036,2.888941291548327,0.0,-4.702508311006662,-1.1323237788612852,0.0,0.0,0.0,2.4549499746406127,0,0,0,0,0,0
image_2347.png,surface,0.0,0.0,2.4154171306742387,11.77886448609735,18.85992386431,0.0,-2.041721723217944,-3.390745298610491,0.0,0.0,0.0,4.49842993387435,0,0,0,0,0,0
image_2348.png,surface,0.0,0.0,1.103246580124161,-3.709703708243613,23.088120549850217,0.0,0.168323423251523,4.629880837628503,0.0,0.0,0.0,2.54538171880371,0,0,0,0,0,0
image_2349.png,surface,0.0,0.0,1.6899622835842083,12.127859236740925,-3.2712591267282933,0.0,1.3266913055244538,0.2486094434674586,0.0,0.0,0.0,-2.680084678760952,0,0,0,0,0,0
image_2350.png,surface,0.0,0.0,1.8527458536477173,-1.1074164663633266,8.342104197879372,0.0,-0.3153576691398115,4.095426841115548,0.0,0.0,0.0,-3.108326154078118,0,0,0,0,0,0
image_2351.png,surface,0.0,0.0,1.146585593520381,10.410360722775645,17.526741745853013,0.0,-0.7796644391831677,-1.7811571354461702,0.0,0.0,0.0,-3.450393789918361,0,0,0,0,0,0
image_2352.png,surface,0.0,0.0,1.9168030765445856,-5.6033971911804565,20.23880741335146,0.0,3.634301691664145,1.1868118873072109,0.0,0.0,0.0,3.79835314963859,0,0,0,0,0,0
image_2353.png,surface,0.0,0.0,2.062815451875724,-4.8347190270874245,2.498705037287043,0.0,0.9525848990364766,2.9181761289747925,0.0,0.0,0.0,-2.6405950043239903,0,0,0,0,0,0
image_2354.png,surface,0.0,0.0,2.9416371061103126,1.6136529481996988,15.29981057127036,0.0,3.5933140850479783,1.0642498137783716,0.0,0.0,0.0,2.0886282928150184,0,0,0,0,0,0
image_2355.png,surface,0.0,0.0,2.7470363616717988,-16.899130286796638,-7.56437556449845,0.0,-2.1366247620800563,-2.254423847254957,0.0,0.0,0.0,0.5984932640365503,0,0,0,0,0,0
image_2356.png,surface,0.0,0.0,2.8611063773523537,20.76036112332408,-10.565900022425334,0.0,-2.4197418754162405,3.1794006090190923,0.0,0.0,0.0,-1.6820384253529044,0,0,0,0,0,0
image_2357.png,surface,0.0,0.0,1.54145993662423,8.332600186458322,-11.421825401286595,0.0,2.753151592650756,2.6178040650637016,0.0,0.0,0.0,3.5260597905174897,0,0,0,0,0,0
image_2358.png,surface,0.0,0.0,1.3003344796416954,-19.116170152190247,7.385776932913832,0.0,-1.2346613349537152,-4.37705620409018,0.0,0.0,0.0,-4.009177375927395,0,0,0,0,0,0
image_2359.png,surface,0.0,0.0,2.276984728021593,7.505514857998438,16.098398388555044,0.0,-0.8891891359365972,2.369246284558318,0.0,0.0,0.0,-4.28580241620261,0,0,0,0,0,0
image_2360.png,surface,0.0,0.0,1.4030497675361109,-13.489323027878584,-14.86689714629749,0.0,-2.9682331389333454,-0.7105122564792619,0.0,0.0,0.0,-3.6317093844494144,0,0,0,0,0,0
image_2361.png,surface,0.0,0.0,2.1729641725371938,5.217528038976628,-0.1096657060265853,0.0,-2.150207081028258,-3.970691908201148,0.0,0.0,0.0,-4.1857304164478215,0,0,0,0,0,0
image_2362.png,surface,0.0,0.0,1.391449669368388,2.471667505744583,-14.151662047121762,0.0,-1.4549913764614313,-0.803855624364898,0.0,0.0,0.0,0.917547571803028,0,0,0,0,0,0
image_2363.png,surface,0.0,0.0,1.1302880529594128,1.815239932864271,-13.9397186467265,0.0,2.172811979889896,-2.74886110136714,0.0,0.0,0.0,-2.7863793441379725,0,0,0,0,0,0
image_2364.png,surface,0.0,0.0,1.897848396259435,1.254313979665694,-3.036342104806603,0.0,-1.0307980913712165,-1.4466818947861124,0.0,0.0,0.0,1.886630101348075,0,0,0,0,0,0
image_2365.png,surface,0.0,0.0,2.272899609323739,16.13294603065939,-5.49521737235647,0.0,1.0384998471940734,0.369484659348526,0.0,0.0,0.0,-3.719157641918216,0,0,0,0,0,0
image_2366.png,surface,0.0,0.0,1.1882693315048414,3.0915447829935307,11.27088912038123,0.0,-2.623772198855795,-3.744464952377785,0.0,0.0,0.0,-1.3059805019233792,0,0,0,0,0,0
image_2367.png,surface,0.0,0.0,2.0994360895533086,-0.6852430386024115,19.369339570941094,0.0,-3.06827319134585,3.398172773789636,0.0,0.0,0.0,-0.7937006282699475,0,0,0,0,0,0
image_2368.png,surface,0.0,0.0,1.873669771263891,-0.2510155870033531,11.292902252536797,0.0,-3.5479563611674587,2.766683991402907,0.0,0.0,0.0,-0.8211528580375607,0,0,0,0,0,0
image_2369.png,surface,0.0,0.0,1.5104837850914534,-2.022071293309067,-24.02512824993413,0.0,-3.226504973679564,0.9358059658808756,0.0,0.0,0.0,-4.315588628328064,0,0,0,0,0,0
image_2370.png,surface,0.0,0.0,1.3437557662231143,8.466711357008899,3.270289777888374,0.0,4.203506565671067,-1.810674802896849,0.0,0.0,0.0,-0.2866894189683435,0,0,0,0,0,0
image_2371.png,surface,0.0,0.0,1.4686518993431126,16.474983204283888,5.37893699446145,0.0,-2.639838443755187,1.7659326571899094,0.0,0.0,0.0,-2.482104054985955,0,0,0,0,0,0
image_2372.png,surface,0.0,0.0,2.793223089551076,-4.250202993582812,-10.390921836457505,0.0,1.089010494882548,3.1025583700346058,0.0,0.0,0.0,1.1276528165990296,0,0,0,0,0,0
image_2373.png,surface,0.0,0.0,1.0637409004168146,9.61114748810323,-8.766707044230825,0.0,3.076481116806867,1.6966721076837803,0.0,0.0,0.0,-3.703399379492138,0,0,0,0,0,0
image_2374.png,surface,0.0,0.0,1.2949690144456592,-14.999061174802538,-19.337416162903263,0.0,-0.6502172908216589,-0.7797703523882933,0.0,0.0,0.0,4.884866039595899,0,0,0,0,0,0
image_2375.png,surface,0.0,0.0,2.0363397400028056,21.98961444371232,-9.122834515168789,0.0,3.8158128399502855,-1.9063065313740235,0.0,0.0,0.0,1.6929672189747027,0,0,0,0,0,0
image_2376.png,surface,0.0,0.0,2.365281832172407,10.161307771065914,-0.7861962860196655,0.0,-2.6140857719835653,4.211821814096336,0.0,0.0,0.0,3.729270018594109,0,0,0,0,0,0
image_2377.png,surface,0.0,0.0,1.8206393730536643,-15.495172432911858,-4.081692505310689,0.0,0.8848019072701686,2.05544282541646,0.0,0.0,0.0,4.395256660927219,0,0,0,0,0,0
image_2378.png,surface,0.0,0.0,1.4807156662569303,-0.5372135838799527,-14.109471117808171,0.0,-3.798129886644968,-0.6295816447349036,0.0,0.0,0.0,3.464377371301543,0,0,0,0,0,0
image_2379.png,surface,0.0,0.0,1.5486948599671124,6.679625495456096,7.151690905625522,0.0,0.108446913339214,3.734828480972367,0.0,0.0,0.0,2.108123378065593,0,0,0,0,0,0
image_2380.png,surface,0.0,0.0,2.298797226889854,-1.727154882345166,-7.2739359455675485,0.0,-1.093137512752711,2.7853470800046347,0.0,0.0,0.0,4.272053241817687,0,0,0,0,0,0
image_2381.png,surface,0.0,0.0,2.425803634929496,-7.874696077353687,8.606138267993328,0.0,0.059503586052815,4.476708895515444,0.0,0.0,0.0,1.4837389190527848,0,0,0,0,0,0
image_2382.png,surface,0.0,0.0,2.940571285168809,14.099400478506103,10.559251358527996,0.0,3.925424624520983,-2.9348498743203923,0.0,0.0,0.0,1.4831462774528346,0,0,0,0,0,0
image_2383.png,surface,0.0,0.0,2.4070156190029137,-5.797288739398501,-18.0206282141622,0.0,2.896482196315948,1.6449625490430335,0.0,0.0,0.0,0.4583624953679468,0,0,0,0,0,0
image_2384.png,surface,0.0,0.0,1.8438309311765373,-9.617881014351669,5.355113573964393,0.0,-0.0104753546821298,3.587835400540028,0.0,0.0,0.0,-2.8234047162315,0,0,0,0,0,0
image_2385.png,surface,0.0,0.0,1.49107903118512,5.392928852376285,-6.822755396265982,0.0,2.049403172889909,2.424139743513793,0.0,0.0,0.0,0.4939108464535646,0,0,0,0,0,0
image_2386.png,surface,0.0,0.0,2.069277533012347,10.768957305150712,-5.083609460450455,0.0,-3.405413310781887,3.564287510834192,0.0,0.0,0.0,-1.0439942804849442,0,0,0,0,0,0
image_2387.png,surface,0.0,0.0,2.453132382527815,-3.739575942688685,15.351169465553484,0.0,1.7491063861733942,-1.2165777218043796,0.0,0.0,0.0,0.9971333671872876,0,0,0,0,0,0
image_2388.png,surface,0.0,0.0,1.2331840423897271,-11.360560828993892,-12.054177923292247,0.0,0.0987023550543262,0.6072982321741535,0.0,0.0,0.0,0.1690590867691899,0,0,0,0,0,0
image_2389.png,surface,0.0,0.0,1.119618390066616,6.677058488669535,14.731133433362876,0.0,-3.4983913645458493,-0.7160884645937408,0.0,0.0,0.0,-2.560800226290428,0,0,0,0,0,0
image_2390.png,surface,0.0,0.0,1.4483164899125336,-10.427406617698097,4.906037820804659,0.0,-0.149013536680747,0.1990126493783984,0.0,0.0,0.0,-1.4464269228497226,0,0,0,0,0,0
image_2391.png,surface,0.0,0.0,1.8384946403912847,16.406271328157402,8.054767499258608,0.0,4.364401351845732,0.1220907078663396,0.0,0.0,0.0,-2.7480533403925445,0,0,0,0,0,0
image_2392.png,surface,0.0,0.0,2.33434883480222,0.361107462919133,14.056845306701804,0.0,-0.1179863457540424,-0.7047514639127739,0.0,0.0,0.0,1.8622087420460296,0,0,0,0,0,0
image_2393.png,surface,0.0,0.0,1.0182872540689114,-2.372468776150673,6.551126930113005,0.0,-2.4169451413836573,-1.9012901708401213,0.0,0.0,0.0,3.2554950258847466,0,0,0,0,0,0
image_2394.png,surface,0.0,0.0,2.077112538176018,18.717221924806207,7.4368971071711325,0.0,-1.8987681861269616,-0.2952343241042685,0.0,0.0,0.0,-0.3313823581663708,0,0,0,0,0,0
image_2395.png,surface,0.0,0.0,1.5817493495999992,-9.43523700652565,16.6996050591971,0.0,-1.0845166202419594,-4.769719610788958,0.0,0.0,0.0,3.314163965019452,0,0,0,0,0,0
image_2396.png,surface,0.0,0.0,1.670031008353584,18.61354960209221,13.752743837102818,0.0,-2.075856511291277,-0.4687552881760361,0.0,0.0,0.0,4.681122476382429,0,0,0,0,0,0
image_2397.png,surface,0.0,0.0,1.8664598917224573,-7.838048412989246,-0.6455544026234246,0.0,3.317218982975461,-0.6751442222476222,0.0,0.0,0.0,-3.926952022238837,0,0,0,0,0,0
image_2398.png,surface,0.0,0.0,1.920049581792671,-18.1544260388442,4.126472136538694,0.0,-3.922958264263529,-1.5725993750306808,0.0,0.0,0.0,-3.9244204381693337,0,0,0,0,0,0
image_2399.png,surface,0.0,0.0,1.803561095155028,-10.551057906948795,-22.5370683022106,0.0,-3.1877149385011907,-3.794642775100321,0.0,0.0,0.0,0.7420452663219246,0,0,0,0,0,0
image_2400.png,surface,0.0,0.0,1.1747861666978736,5.487041328083747,-2.7455433692103584,0.0,0.3125505692229121,4.421253781725701,0.0,0.0,0.0,2.8342163079364564,0,0,0,0,0,0
image_2401.png,surface,0.0,0.0,1.3182874201905963,-0.0867997964256071,15.454160460973377,0.0,-2.1503654261715863,-1.8455655040085617,0.0,0.0,0.0,-1.5763952447871468,0,0,0,0,0,0
image_2402.png,surface,0.0,0.0,1.986718739397603,21.23736696930001,-3.19956520535268,0.0,-0.202566762534775,-1.433077208465374,0.0,0.0,0.0,-0.2160709482450524,0,0,0,0,0,0
image_2403.png,surface,0.0,0.0,1.7731135657241646,13.815508625082012,-19.672565837279453,0.0,-2.1762668569326973,-1.8735039052813367,0.0,0.0,0.0,-0.6879823542316013,0,0,0,0,0,0
image_2404.png,surface,0.0,0.0,2.993403355742928,2.5688863832793523,-18.593584790845217,0.0,2.9495035061984844,-0.5840325059873556,0.0,0.0,0.0,2.437347105258768,0,0,0,0,0,0
image_2405.png,surface,0.0,0.0,2.539239007573811,-1.1513543430084168,7.640998868635509,0.0,-2.356587093803646,-1.1724146352235698,0.0,0.0,0.0,-2.819069781953909,0,0,0,0,0,0
image_2406.png,surface,0.0,0.0,2.165702536182386,16.175259507684924,-1.1396442634264343,0.0,-1.822852999755609,0.6008543454905648,0.0,0.0,0.0,-4.612005568629803,0,0,0,0,0,0
image_2407.png,surface,0.0,0.0,2.095670116293851,7.265207899074597,8.722451896463257,0.0,-1.1969535187129203,-3.32319100567227,0.0,0.0,0.0,3.3071660757091887,0,0,0,0,0,0
image_2408.png,surface,0.0,0.0,1.09999198282164,19.776490939865187,-8.192212412574875,0.0,3.876175900879557,-1.804769574013674,0.0,0.0,0.0,0.3204672905514725,0,0,0,0,0,0
image_2409.png,surface,0.0,0.0,2.3534630659076075,3.555592157137212,-8.588651703870301,0.0,-3.8425509867474736,-3.0466045733137483,0.0,0.0,0.0,3.5340696587080664,0,0,0,0,0,0
image_2410.png,surface,0.0,0.0,2.13086035008135,1.673949110983184,13.897175150721164,0.0,-0.177057742780704,-0.922228740024879,0.0,0.0,0.0,-1.7686574066192016,0,0,0,0,0,0
image_2411.png,surface,0.0,0.0,2.031800313490377,-14.721427986700492,12.432241712743624,0.0,1.2755785725553863,-2.7601480455920875,0.0,0.0,0.0,3.6309018732046425,0,0,0,0,0,0
image_2412.png,surface,0.0,0.0,2.532889360614898,-9.588926445846344,-22.928000908502256,0.0,-0.8688259385374237,0.9858233343020208,0.0,0.0,0.0,-4.373124896053221,0,0,0,0,0,0
image_2413.png,surface,0.0,0.0,2.565980795753199,3.9114508808941904,-17.884809071959953,0.0,-3.782264500240611,0.3298824487763131,0.0,0.0,0.0,-3.7452886349044223,0,0,0,0,0,0
image_2414.png,surface,0.0,0.0,1.4333813049434665,-5.878058692621479,9.09363144360918,0.0,-1.7504047366164814,4.683125022827044,0.0,0.0,0.0,3.629847397545696,0,0,0,0,0,0
image_2415.png,surface,0.0,0.0,1.369298432503699,-5.53441562039721,17.864473589175052,0.0,-3.681309439408808,-0.9632782399524762,0.0,0.0,0.0,4.473841714579727,0,0,0,0,0,0
image_2416.png,surface,0.0,0.0,2.3193330732875084,21.637783603873576,-4.816706403623905,0.0,-4.280098230361795,-0.0981840974246934,0.0,0.0,0.0,3.388803206075636,0,0,0,0,0,0
image_2417.png,surface,0.0,0.0,1.661604698501182,4.974967637796361,-9.93961659028414,0.0,-0.0550364181612679,-3.1056818764373224,0.0,0.0,0.0,0.4318507009840715,0,0,0,0,0,0
image_2418.png,surface,0.0,0.0,1.9095583062908768,11.60210263512009,-1.7324902078352935,0.0,3.119458611952997,-0.542845585930086,0.0,0.0,0.0,1.525318923670067,0,0,0,0,0,0
image_2419.png,surface,0.0,0.0,1.0887546533975032,-6.103945181266442,-6.311889966830512,0.0,2.327956456414149,3.982721808874409,0.0,0.0,0.0,0.6067856550798894,0,0,0,0,0,0
image_2420.png,surface,0.0,0.0,1.8458778824551616,10.12338738602065,-19.928435662114712,0.0,-1.1676908588151311,3.035121178205412,0.0,0.0,0.0,2.809883488662921,0,0,0,0,0,0
image_2421.png,surface,0.0,0.0,2.8836979406935024,19.31649131170864,-2.2450166188848493,0.0,-2.792238429410408,4.101154288127778,0.0,0.0,0.0,1.6240963702875515,0,0,0,0,0,0
image_2422.png,surface,0.0,0.0,2.37533719229858,11.733011879491697,20.1187104910844,0.0,1.7410456825342773,-0.2135686035283519,0.0,0.0,0.0,-1.2951324839198295,0,0,0,0,0,0
image_2423.png,surface,0.0,0.0,2.6388109954066064,1.50218912301986,24.01137737904721,0.0,0.6300984534143386,3.4407986434341304,0.0,0.0,0.0,1.6937453384686476,0,0,0,0,0,0
image_2424.png,surface,0.0,0.0,2.255049428588761,-3.0824545416027127,6.295148656785502,0.0,-2.601592624524818,-3.3199927262820137,0.0,0.0,0.0,-4.652863530386295,0,0,0,0,0,0
image_2425.png,surface,0.0,0.0,2.170216820608045,0.7332138148464648,-8.241784477801446,0.0,-0.5709945117612584,2.315620535591417,0.0,0.0,0.0,3.01760400149586,0,0,0,0,0,0
image_2426.png,surface,0.0,0.0,2.941709909252814,20.05997762840877,-0.6310370704318838,0.0,-3.0310999667271403,-2.0128573923135367,0.0,0.0,0.0,-0.3930193339225285,0,0,0,0,0,0
image_2427.png,surface,0.0,0.0,1.979427756591537,1.732929171187844,-15.314094401165306,0.0,-0.4133282147686072,-3.821860753759284,0.0,0.0,0.0,-3.752687586070416,0,0,0,0,0,0
image_2428.png,surface,0.0,0.0,2.58060392600732,11.77232918454502,-5.398293721393383,0.0,1.278682563496005,-4.176204365618676,0.0,0.0,0.0,2.3723426904639657,0,0,0,0,0,0
image_2429.png,surface,0.0,0.0,1.4628219222497802,5.405093576470044,14.5740320427904,0.0,1.387221951787941,3.2003492022087827,0.0,0.0,0.0,4.958913647698491,0,0,0,0,0,0
image_2430.png,surface,0.0,0.0,1.2039222692203224,-6.628529486668534,14.70540516831476,0.0,2.681869901644287,2.581650314572591,0.0,0.0,0.0,-1.7593783888816397,0,0,0,0,0,0
image_2431.png,surface,0.0,0.0,1.3626539841703111,23.55836234585598,-3.1229058911883243,0.0,0.7858707898505776,-0.3437921089098029,0.0,0.0,0.0,-0.8069681095396994,0,0,0,0,0,0
image_2432.png,surface,0.0,0.0,1.6846082337441433,9.652264131988796,3.229175737692323,0.0,-2.8362176199293643,2.7840361924993378,0.0,0.0,0.0,2.2055224095029846,0,0,0,0,0,0
image_2433.png,surface,0.0,0.0,1.9213657110661373,0.4444952148910875,-0.6551932026291936,0.0,4.900142533866735,0.6791215754274806,0.0,0.0,0.0,-2.474248805610647,0,0,0,0,0,0
image_2434.png,surface,0.0,0.0,2.778774074928489,-12.053936264575666,11.151635211286155,0.0,1.772189575854028,2.425362172459989,0.0,0.0,0.0,3.359894577478986,0,0,0,0,0,0
image_2435.png,surface,0.0,0.0,2.185251062507266,4.319142162472793,-0.9639469973369996,0.0,-4.372949865516185,-0.8861564042412434,0.0,0.0,0.0,-4.814244577366898,0,0,0,0,0,0
image_2436.png,surface,0.0,0.0,2.2852201855162937,13.860237826656858,12.93314064317794,0.0,4.790100068277504,0.2862048863536633,0.0,0.0,0.0,-4.907477106985716,0,0,0,0,0,0
image_2437.png,surface,0.0,0.0,1.7698980936028006,-2.086406199979323,-19.05480766536344,0.0,-1.9595629006811504,-0.135315952196574,0.0,0.0,0.0,0.1011403562812818,0,0,0,0,0,0
image_2438.png,surface,0.0,0.0,2.339239877244298,-18.016745318392942,3.5843339699682777,0.0,1.308157572973507,-4.36146183799195,0.0,0.0,0.0,0.307436350774469,0,0,0,0,0,0
image_2439.png,surface,0.0,0.0,1.808231891544664,8.57332598644883,1.6072192102047098,0.0,1.7596137720784517,1.846962783252753,0.0,0.0,0.0,2.630223874618945,0,0,0,0,0,0
image_2440.png,surface,0.0,0.0,2.216138230168573,15.540860148268106,11.220306766792287,0.0,-3.822506677266862,-2.132182816180422,0.0,0.0,0.0,0.1907215912449515,0,0,0,0,0,0
image_2441.png,surface,0.0,0.0,2.071620009556501,11.10291443975422,0.7683277862911781,0.0,3.893530591952719,0.2753763051510784,0.0,0.0,0.0,0.2057731296876852,0,0,0,0,0,0
image_2442.png,surface,0.0,0.0,1.6158130841092366,-7.241591363517144,9.171527075643686,0.0,-2.536905181244132,-4.027167264575836,0.0,0.0,0.0,0.7746823525824889,0,0,0,0,0,0
image_2443.png,surface,0.0,0.0,1.1672049587834656,18.566665818077123,9.316967631659804,0.0,3.519676977731037,0.7774752895361287,0.0,0.0,0.0,0.8973209454440862,0,0,0,0,0,0
image_2444.png,surface,0.0,0.0,1.2452078421985018,17.275753861716506,-17.701734721105556,0.0,1.2466021552676436,-4.505951435378185,0.0,0.0,0.0,1.3958663305141537,0,0,0,0,0,0
image_2445.png,surface,0.0,0.0,2.1498112916845327,21.98463235775925,6.48325575920667,0.0,3.0228965195536444,0.2392906997394197,0.0,0.0,0.0,2.297788674976738,0,0,0,0,0,0
image_2446.png,surface,0.0,0.0,1.146222856034113,13.057970317604472,-16.50569079154403,0.0,3.4931229848387697,3.3364858702404216,0.0,0.0,0.0,-3.896084040228941,0,0,0,0,0,0
image_2447.png,surface,0.0,0.0,1.906111137118614,-14.56050556774938,-18.301023198668588,0.0,-0.1177115751203889,-1.9749244055854167,0.0,0.0,0.0,-3.736488470827316,0,0,0,0,0,0
image_2448.png,surface,0.0,0.0,2.798121875083948,12.598857118675152,-19.88691488115999,0.0,1.5402977637183446,2.459915073092623,0.0,0.0,0.0,-1.937951815561321,0,0,0,0,0,0
image_2449.png,surface,0.0,0.0,2.1652781479417005,-3.629002925323921,16.435499863026138,0.0,4.639604993749168,-1.6406102503908422,0.0,0.0,0.0,-3.168855020620641,0,0,0,0,0,0
image_2450.png,surface,0.0,0.0,2.9533259186771814,-2.016164167930627,-18.082200633458186,0.0,-1.150065565285763,-3.2094029626439284,0.0,0.0,0.0,-2.642282138428768,0,0,0,0,0,0
image_2451.png,surface,0.0,0.0,1.5757616457308845,3.463377747635666,-20.26644401726324,0.0,-1.116682630737872,-0.8358804764165397,0.0,0.0,0.0,3.573692517215488,0,0,0,0,0,0
image_2452.png,surface,0.0,0.0,2.2998268669570225,-21.25189867487301,10.472767578792276,0.0,3.2701751121990825,3.0688925490214887,0.0,0.0,0.0,4.60098815900515,0,0,0,0,0,0
image_2453.png,surface,0.0,0.0,2.8695097911908136,-4.188845057944367,-6.44269070379085,0.0,-2.0834800206419164,2.481061496268744,0.0,0.0,0.0,-2.9538899680767514,0,0,0,0,0,0
image_2454.png,surface,0.0,0.0,1.6988085053105657,-11.300433169609098,10.60095164198276,0.0,-0.2793282713938189,-2.720948925719154,0.0,0.0,0.0,1.2370960902534869,0,0,0,0,0,0
image_2455.png,surface,0.0,0.0,2.067161095096295,3.496854307083968,3.200057484255529,0.0,-0.0105800585297042,0.4308037735614782,0.0,0.0,0.0,2.783645544024284,0,0,0,0,0,0
image_2456.png,surface,0.0,0.0,2.694356942271713,2.888960245782454,12.049867754343394,0.0,-3.350523148334143,-1.6194946587140793,0.0,0.0,0.0,1.1068585149155652,0,0,0,0,0,0
image_2457.png,surface,0.0,0.0,1.662669369916424,15.648835500415384,18.013564272872806,0.0,-1.276445952944017,4.708781468857661,0.0,0.0,0.0,-0.9370740155146732,0,0,0,0,0,0
image_2458.png,surface,0.0,0.0,1.0179070744100318,9.443363062116124,22.32712552211076,0.0,-2.989231165023081,-2.4739199971947565,0.0,0.0,0.0,-1.707763895848966,0,0,0,0,0,0
image_2459.png,surface,0.0,0.0,2.9804510368882378,-0.3371561269081118,17.317418792820572,0.0,-0.5776025762606122,-1.3080408404876704,0.0,0.0,0.0,-2.3180667832203463,0,0,0,0,0,0
image_2460.png,surface,0.0,0.0,1.8122451531807864,-16.359639666984847,-2.0448858453386363,0.0,3.820321231061144,-2.339617551861572,0.0,0.0,0.0,-1.7738163290756548,0,0,0,0,0,0
image_2461.png,surface,0.0,0.0,1.218949994518481,23.40635072962049,-1.2485361593743023,0.0,-1.878120159447266,-1.3850185009679727,0.0,0.0,0.0,-4.996764793608579,0,0,0,0,0,0
image_2462.png,surface,0.0,0.0,2.472054934784131,-10.965881711596523,2.141011636669354,0.0,-2.890761892345143,0.6444762998187854,0.0,0.0,0.0,-3.466664942885642,0,0,0,0,0,0
image_2463.png,surface,0.0,0.0,1.6501189916174108,12.634662291698234,4.292913478065777,0.0,0.5290152970121187,-4.080916856165331,0.0,0.0,0.0,3.894409581747784,0,0,0,0,0,0
image_2464.png,surface,0.0,0.0,1.3369134618470275,-16.516905376332065,3.737931173607368,0.0,-2.8769071406351787,-0.8705750416256399,0.0,0.0,0.0,-0.5791030100691223,0,0,0,0,0,0
image_2465.png,surface,0.0,0.0,1.2369810327934707,-8.703730357948546,-7.018787679722667,0.0,0.8714755897791506,1.8956651838559213,0.0,0.0,0.0,1.0516801029517486,0,0,0,0,0,0
image_2466.png,surface,0.0,0.0,2.3951472297664664,1.9269253792050287,-4.7204598040262535,0.0,-1.221536730130719,-3.6815026544073337,0.0,0.0,0.0,0.1004965493393701,0,0,0,0,0,0
image_2467.png,surface,0.0,0.0,2.986524429487619,2.0798378332980594,14.99045986832841,0.0,4.445464198157357,2.25525578893862,0.0,0.0,0.0,2.7060596623862443,0,0,0,0,0,0
image_2468.png,surface,0.0,0.0,1.7838293644384868,20.31174097516752,-5.272575003321077,0.0,2.978408968341148,-1.4845478510706749,0.0,0.0,0.0,3.518587493583638,0,0,0,0,0,0
image_2469.png,surface,0.0,0.0,2.527477216498891,-10.073272510907804,-8.898871805696837,0.0,-0.0900427375866366,2.0022353781801248,0.0,0.0,0.0,2.3146501614151385,0,0,0,0,0,0
image_2470.png,surface,0.0,0.0,2.3084806400076205,5.153285071880326,-0.6654389453497824,0.0,-0.7538414666350648,3.302458482943306,0.0,0.0,0.0,-4.825407214393506,0,0,0,0,0,0
image_2471.png,surface,0.0,0.0,1.8419230187300333,22.358582848044133,10.434308856200769,0.0,1.2197004191281562,-3.894779798830996,0.0,0.0,0.0,-0.2501074668720164,0,0,0,0,0,0
image_2472.png,surface,0.0,0.0,1.0978678812094709,14.83639163661543,-19.35767589526247,0.0,-3.739401038449555,-2.4568755256809607,0.0,0.0,0.0,0.4334926920670749,0,0,0,0,0,0
image_2473.png,surface,0.0,0.0,1.818857908745079,-11.241671599841974,-16.159154894955222,0.0,4.090013288864163,1.9706385817118075,0.0,0.0,0.0,3.831697515496579,0,0,0,0,0,0
image_2474.png,surface,0.0,0.0,1.0585313679058883,16.800149849864063,18.452160874284395,0.0,-0.3350537838985111,-1.6418073045176405,0.0,0.0,0.0,-3.602914738441221,0,0,0,0,0,0
image_2475.png,surface,0.0,0.0,2.904483287915628,15.641729073877656,-17.236759566192887,0.0,-0.9860680705583408,-3.070959417571081,0.0,0.0,0.0,2.881640739799675,0,0,0,0,0,0
image_2476.png,surface,0.0,0.0,1.8187764160984576,0.525046513059351,-3.873546462774263,0.0,-2.475859133757317,-2.144987277209585,0.0,0.0,0.0,-1.1142084192326127,0,0,0,0,0,0
image_2477.png,surface,0.0,0.0,2.158480374658001,-9.915108827089242,-18.111644913028428,0.0,3.813265877112067,-1.64068859374764,0.0,0.0,0.0,1.5650090558557554,0,0,0,0,0,0
image_2478.png,surface,0.0,0.0,2.881469760132915,15.031159525615225,11.975398409477826,0.0,-1.180695136377899,2.9771313908799657,0.0,0.0,0.0,4.20412970194487,0,0,0,0,0,0
image_2479.png,surface,0.0,0.0,2.152049229690191,-4.458699037100132,10.294730207350105,0.0,-3.283766457157817,-0.6933903894517697,0.0,0.0,0.0,2.6624528586254232,0,0,0,0,0,0
image_2480.png,surface,0.0,0.0,1.344657855727352,20.013628308259708,11.727968760862732,0.0,0.931696694126158,-2.7504401075470044,0.0,0.0,0.0,3.824373250151462,0,0,0,0,0,0
image_2481.png,surface,0.0,0.0,2.903227157733499,11.626554118413775,-0.8336971767656355,0.0,0.2876888649660764,1.829155747562204,0.0,0.0,0.0,-1.137334860303485,0,0,0,0,0,0
image_2482.png,surface,0.0,0.0,1.375879740778806,10.525900366118742,-9.748433391667188,0.0,-4.677561638462061,0.6577165327719703,0.0,0.0,0.0,3.369542481897156,0,0,0,0,0,0
image_2483.png,surface,0.0,0.0,1.256292287039192,15.920483682482445,-1.0359400077401482,0.0,-2.500373768250323,-3.368275200019913,0.0,0.0,0.0,0.6645052313508826,0,0,0,0,0,0
image_2484.png,surface,0.0,0.0,1.7249028755080256,21.74224845109064,-3.472739204396389,0.0,4.381920507599171,0.1280090921322476,0.0,0.0,0.0,-1.1619130598659155,0,0,0,0,0,0
image_2485.png,surface,0.0,0.0,1.869701672051172,-2.179137220190396,-4.586674215838009,0.0,-0.8594882783427373,4.387666351245287,0.0,0.0,0.0,-4.092214685857157,0,0,0,0,0,0
image_2486.png,surface,0.0,0.0,2.954745012214364,8.153250990673639,-19.620380867756825,0.0,0.8460415060734704,2.790626659847369,0.0,0.0,0.0,-4.140718409410996,0,0,0,0,0,0
image_2487.png,surface,0.0,0.0,2.108109826487948,-2.1377882124091325,2.86353929696237,0.0,-3.576835125209243,-1.591858167313079,0.0,0.0,0.0,-1.7652564107612214,0,0,0,0,0,0
image_2488.png,surface,0.0,0.0,2.61168120309146,-6.244777666815805,6.367340735341175,0.0,-1.357583274384862,-3.025433790238727,0.0,0.0,0.0,1.6869797351588218,0,0,0,0,0,0
image_2489.png,surface,0.0,0.0,2.5379674620426966,21.86326183764612,5.626388463207731,0.0,-0.4943251737808751,-2.095551560348836,0.0,0.0,0.0,1.2182906213064202,0,0,0,0,0,0
image_2490.png,surface,0.0,0.0,1.8044524948157568,-7.337768221664807,-1.3061394469935197,0.0,2.650237414939203,-0.4799191331801697,0.0,0.0,0.0,4.037582475341788,0,0,0,0,0,0
image_2491.png,surface,0.0,0.0,1.1492984732492375,-9.396632284898391,-10.633139367018538,0.0,2.521930401084606,1.2415079621036265,0.0,0.0,0.0,4.762636888275347,0,0,0,0,0,0
image_2492.png,surface,0.0,0.0,1.2394624597754438,-9.527855853586797,-2.233776788822491,0.0,0.9307947369718476,4.840558248489657,0.0,0.0,0.0,-4.66081269345716,0,0,0,0,0,0
image_2493.png,surface,0.0,0.0,2.985434542118435,-20.057183736484408,-2.737101576292557,0.0,-4.922165466490009,0.7781938411365097,0.0,0.0,0.0,-2.1582811901256003,0,0,0,0,0,0
image_2494.png,surface,0.0,0.0,2.719890526216335,-0.6430959462552576,5.681010886625342,0.0,4.326718147100945,1.5788665020181467,0.0,0.0,0.0,-3.5640147590645856,0,0,0,0,0,0
image_2495.png,surface,0.0,0.0,1.6914365206293698,7.782401246963808,-5.163352567916768,0.0,2.6286272150262504,-3.924433451983288,0.0,0.0,0.0,-1.9185082906945827,0,0,0,0,0,0
image_2496.png,surface,0.0,0.0,2.665560566867714,-2.211871704494788,24.28975764921412,0.0,-0.6311861817757685,-4.89486758779492,0.0,0.0,0.0,3.599321373621647,0,0,0,0,0,0
image_2497.png,surface,0.0,0.0,2.7997347717517065,-7.0971446826336,15.92705664411632,0.0,3.112600548751201,0.8885929455511394,0.0,0.0,0.0,-3.451370222388177,0,0,0,0,0,0
image_2498.png,surface,0.0,0.0,2.846790189526456,-11.979310937337711,15.987075509881162,0.0,-3.354334916720009,-0.7894311711546504,0.0,0.0,0.0,-3.833227183693016,0,0,0,0,0,0
image_2499.png,surface,0.0,0.0,2.750411984447946,-0.8513545762363185,4.944189540701047,0.0,-3.9612089471945993,1.8633540224082608,0.0,0.0,0.0,-2.0788791447992985,0,0,0,0,0,0
image_2500.png,surface,0.0,0.0,1.3724398001768383,14.003528322989476,-13.258618033967045,0.0,-0.7497360136981616,-2.8547689710593693,0.0,0.0,0.0,0.4324805075527731,0,0,0,0,0,0
image_2501.png,surface,0.0,0.0,2.5869300926333554,-0.2625234543947408,-24.29803698541401,0.0,0.8318469084657262,-3.547279841216144,0.0,0.0,0.0,-0.2441846816039197,0,0,0,0,0,0
image_2502.png,surface,0.0,0.0,1.1112703151381882,-18.933227441385085,-0.6138482104837117,0.0,-2.3632068049292028,-1.4822689922885348,0.0,0.0,0.0,4.579100240261317,0,0,0,0,0,0
image_2503.png,surface,0.0,0.0,2.613054092433754,13.713434047031637,-8.991581352682559,0.0,2.810783636696559,1.3657105958083915,0.0,0.0,0.0,2.5969374623709696,0,0,0,0,0,0
image_2504.png,surface,0.0,0.0,2.153817396328836,-0.892957036338943,4.008720489545298,0.0,0.0818935553637957,3.162740072725635,0.0,0.0,0.0,-2.8383687311234462,0,0,0,0,0,0
image_2505.png,surface,0.0,0.0,2.469872510117291,12.824382877834726,0.3015918392630395,0.0,-0.2856175064992317,-4.057618742916682,0.0,0.0,0.0,0.2931533304409015,0,0,0,0,0,0
image_2506.png,surface,0.0,0.0,2.0994111233382404,12.310020166172867,6.743906838957036,0.0,1.0624725026439734,2.454159442718062,0.0,0.0,0.0,-1.2833667162843732,0,0,0,0,0,0
image_2507.png,surface,0.0,0.0,2.195037986048676,10.586341347851135,7.006513928474395,0.0,-1.2449877639333058,-4.620995645331131,0.0,0.0,0.0,-4.71428982506372,0,0,0,0,0,0
image_2508.png,surface,0.0,0.0,1.0740427479441232,-3.098027261163076,13.157762588833434,0.0,2.549504439394999,1.6859112902029991,0.0,0.0,0.0,2.981263495359322,0,0,0,0,0,0
image_2509.png,surface,0.0,0.0,1.0629115590061458,1.246822546161013,-17.879918908271225,0.0,-4.274692381496859,0.8695482905174264,0.0,0.0,0.0,-3.3309118804601887,0,0,0,0,0,0
image_2510.png,surface,0.0,0.0,2.6242612077796066,-8.42022028382849,4.212541807967507,0.0,-2.855039336743026,3.1722554670534966,0.0,0.0,0.0,-2.8841157006541684,0,0,0,0,0,0
image_2511.png,surface,0.0,0.0,1.5821127347574788,5.194071842626739,3.753766610186212,0.0,0.748415618832154,4.4575123076543886,0.0,0.0,0.0,-0.7993853165896567,0,0,0,0,0,0
image_2512.png,surface,0.0,0.0,2.6144285171371893,-9.665210849945518,-4.655827713477709,0.0,2.667334929477359,-2.1315127572012864,0.0,0.0,0.0,-2.0837235413459663,0,0,0,0,0,0
image_2513.png,surface,0.0,0.0,2.407008246259323,-7.197821595931235,-3.419779767561409,0.0,-0.4498967294894836,0.8633873478749167,0.0,0.0,0.0,3.633302480573835,0,0,0,0,0,0
image_2514.png,surface,0.0,0.0,2.129895329430366,16.8030913903201,-17.372357719458666,0.0,2.3561966515434354,-3.662771832961779,0.0,0.0,0.0,-0.138417334325009,0,0,0,0,0,0
image_2515.png,surface,0.0,0.0,1.2099218689506268,17.35301749388745,-5.041016193017003,0.0,-0.809557344031904,-4.866757438232277,0.0,0.0,0.0,-0.2094988943276146,0,0,0,0,0,0
image_2516.png,surface,0.0,0.0,1.1320848081638606,3.815555525445008,-21.929899368386607,0.0,-2.29511862437542,-4.044615799179799,0.0,0.0,0.0,3.5842669584679427,0,0,0,0,0,0
image_2517.png,surface,0.0,0.0,1.7679629783076865,-16.28604734300712,2.226524748837815,0.0,-4.83703380488588,1.0314790591675829,0.0,0.0,0.0,1.5220059777319026,0,0,0,0,0,0
image_2518.png,surface,0.0,0.0,2.850503790344423,3.895948888658917,15.587469770747733,0.0,1.528575155521699,-2.180746931029624,0.0,0.0,0.0,-2.63597501304638,0,0,0,0,0,0
image_2519.png,surface,0.0,0.0,1.4525266302423503,-13.057512126670042,5.004537033555161,0.0,-2.1372961311628256,3.980266912444388,0.0,0.0,0.0,0.4857643102861955,0,0,0,0,0,0
image_2520.png,surface,0.0,0.0,1.8444814958387568,1.6249386067552518,-16.272819009326017,0.0,2.1683504486928125,-3.6640218452109816,0.0,0.0,0.0,-3.6796217295462617,0,0,0,0,0,0
image_2521.png,surface,0.0,0.0,2.2833755915433933,-12.11578112012515,13.135852608722344,0.0,2.4015472748484346,-4.27205718158057,0.0,0.0,0.0,0.1123886057004845,0,0,0,0,0,0
image_2522.png,surface,0.0,0.0,1.993403718556508,-11.952957755076833,-2.565859646456761,0.0,3.071783202292941,0.6840801643909452,0.0,0.0,0.0,-0.5163957581312388,0,0,0,0,0,0
image_2523.png,surface,0.0,0.0,1.0501919080253268,18.84068069064476,0.3273628263908296,0.0,-1.960016000011731,-1.224050471501022,0.0,0.0,0.0,-4.810767362801064,0,0,0,0,0,0
image_2524.png,surface,0.0,0.0,2.3905730095333846,-9.07016437778517,-5.871720590294921,0.0,3.796223770933657,-1.425506147158691,0.0,0.0,0.0,1.4416503536869758,0,0,0,0,0,0
image_2525.png,surface,0.0,0.0,2.8368153490250148,-1.5517898285299354,17.321578177240607,0.0,-2.7260451318103884,-1.7702863872568406,0.0,0.0,0.0,0.7355203401864738,0,0,0,0,0,0
image_2526.png,surface,0.0,0.0,2.199388596366764,20.2696164005586,-11.163542829058276,0.0,0.5017171638207512,2.2624300923188643,0.0,0.0,0.0,-1.8837982640543447,0,0,0,0,0,0
image_2527.png,surface,0.0,0.0,2.160825366329262,7.506731975217089,15.732796909919054,0.0,-1.3806952754484072,1.7386949519067851,0.0,0.0,0.0,2.1373780677892213,0,0,0,0,0,0
image_2528.png,surface,0.0,0.0,2.6705964832904883,13.038147824383724,-11.193013380411813,0.0,1.2377967530087453,1.499943971140796,0.0,0.0,0.0,-4.921106796040967,0,0,0,0,0,0
image_2529.png,surface,0.0,0.0,2.665676807265723,0.1729285854333621,20.03698573577072,0.0,4.512013598601991,0.6909619677940187,0.0,0.0,0.0,-2.107398586922945,0,0,0,0,0,0
image_2530.png,surface,0.0,0.0,1.3735130555380617,-11.319719392645236,-19.75683464213528,0.0,-2.2519167892810525,3.57249255682382,0.0,0.0,0.0,0.0573994324658864,0,0,0,0,0,0
image_2531.png,surface,0.0,0.0,1.844598294293822,16.53207642975858,-14.44119750313762,0.0,1.742061766414431,-3.476564417151353,0.0,0.0,0.0,-0.4918971137721488,0,0,0,0,0,0
image_2532.png,surface,0.0,0.0,2.638539564033704,-16.259218617180796,9.81609756550964,0.0,1.958360358670868,-2.986338135024323,0.0,0.0,0.0,3.764208129693349,0,0,0,0,0,0
image_2533.png,surface,0.0,0.0,2.4696679337188376,20.72583301003052,7.247573989024395,0.0,-1.641172784408025,-1.2789212850439244,0.0,0.0,0.0,0.0325409366759323,0,0,0,0,0,0
image_2534.png,surface,0.0,0.0,2.6887760691402347,8.696339574139003,4.673794792928592,0.0,1.7126214668339037,2.216993232272961,0.0,0.0,0.0,-4.1564169485460685,0,0,0,0,0,0
image_2535.png,surface,0.0,0.0,1.258886617836482,3.5526973742121624,18.63239019698506,0.0,2.1887191084949125,0.2934165674973521,0.0,0.0,0.0,-2.640407559540677,0,0,0,0,0,0
image_2536.png,surface,0.0,0.0,1.878934122019433,4.170039192717381,-3.99406032242096,0.0,0.1105955216957167,1.1125019334408737,0.0,0.0,0.0,-4.167476656947871,0,0,0,0,0,0
image_2537.png,surface,0.0,0.0,2.4179064349193538,14.339258850545876,-15.49338536893228,0.0,1.8216903238093816,1.1497179123572188,0.0,0.0,0.0,-2.32029388901753,0,0,0,0,0,0
image_2538.png,surface,0.0,0.0,2.4603225088234444,8.758026232192691,1.624234190383732,0.0,-0.0838582484860401,-1.7196810645500689,0.0,0.0,0.0,-3.07918379266118,0,0,0,0,0,0
image_2539.png,surface,0.0,0.0,1.1436098350646726,-5.40564207433336,14.62427556625807,0.0,-1.7354298091133982,3.565567021669109,0.0,0.0,0.0,1.6930833612047025,0,0,0,0,0,0
image_2540.png,surface,0.0,0.0,2.4238807130196447,-8.134129522222176,-19.054614577816963,0.0,3.1889796738377365,-1.038715817425225,0.0,0.0,0.0,-3.411063975309569,0,0,0,0,0,0
image_2541.png,surface,0.0,0.0,2.252456918408579,-0.9977080469573644,7.817963778318724,0.0,-0.9695399335744022,-0.4903541219985316,0.0,0.0,0.0,2.5727900768977774,0,0,0,0,0,0
image_2542.png,surface,0.0,0.0,1.6978261574642577,4.325166417240024,7.76434417700233,0.0,0.4793028099608576,2.436533976850066,0.0,0.0,0.0,2.9142282386303062,0,0,0,0,0,0
image_2543.png,surface,0.0,0.0,1.6082171983474118,-19.43488952679533,-15.591318156114315,0.0,-1.5145042990088955,-4.017813357337714,0.0,0.0,0.0,3.539143786126417,0,0,0,0,0,0
image_2544.png,surface,0.0,0.0,1.058018699390039,-3.380841879627823,20.169469697408545,0.0,-3.848174431995993,1.933544720781948,0.0,0.0,0.0,-0.4222225849975718,0,0,0,0,0,0
image_2545.png,surface,0.0,0.0,1.7839796292776982,-10.38563114899771,14.439210991121396,0.0,1.494537805908981,0.4592844490365681,0.0,0.0,0.0,1.3475108150362305,0,0,0,0,0,0
image_2546.png,surface,0.0,0.0,1.6139902152766004,-8.127707789809502,-13.825900552811154,0.0,3.3191828907658225,-0.8584337301414229,0.0,0.0,0.0,3.449685392254997,0,0,0,0,0,0
image_2547.png,surface,0.0,0.0,1.8630027423363065,-12.178696939656934,14.588545192724496,0.0,3.1155060549480007,2.8620695862381105,0.0,0.0,0.0,-2.902522307587673,0,0,0,0,0,0
image_2548.png,surface,0.0,0.0,2.417491232885194,4.063015366056115,-15.608763650373746,0.0,-0.121772559125825,1.9701249612031324,0.0,0.0,0.0,-4.899296064406766,0,0,0,0,0,0
image_2549.png,surface,0.0,0.0,1.290963815909726,-5.047034310375064,5.427905514225848,0.0,-1.7384151140586053,1.5411544300576512,0.0,0.0,0.0,-0.9076753166426704,0,0,0,0,0,0
image_2550.png,surface,0.0,0.0,1.9599248637029945,-5.819677741583975,-3.993795870683487,0.0,-0.5008775195677972,-0.8593170004916715,0.0,0.0,0.0,-4.703081520394839,0,0,0,0,0,0
image_2551.png,surface,0.0,0.0,2.585706576566481,5.933776759478126,-9.56150245772165,0.0,-4.689125485107992,0.659182689887905,0.0,0.0,0.0,2.3112528650257227,0,0,0,0,0,0
image_2552.png,surface,0.0,0.0,1.4972691814509689,-9.69106607345929,-20.36127195165472,0.0,-2.781003245935144,-0.934367747580261,0.0,0.0,0.0,4.027520783528741,0,0,0,0,0,0
image_2553.png,surface,0.0,0.0,2.727368771062098,6.390705194775443,1.9187056164937537,0.0,-3.5079299934667776,-1.2382499886073572,0.0,0.0,0.0,-3.775265714223721,0,0,0,0,0,0
image_2554.png,surface,0.0,0.0,2.865918927980265,-10.225453308685386,9.152295769357366,0.0,2.125513193931221,-2.2410749659354936,0.0,0.0,0.0,3.535550738223721,0,0,0,0,0,0
image_2555.png,surface,0.0,0.0,1.2256792181670322,-11.49923665209529,2.871119742517789,0.0,2.377419478131962,1.2648749994216943,0.0,0.0,0.0,-4.560820800026417,0,0,0,0,0,0
image_2556.png,surface,0.0,0.0,1.231400988848307,8.006736137138326,-17.517218731515026,0.0,-1.374910878831612,-3.158862346373301,0.0,0.0,0.0,1.3719041037969433,0,0,0,0,0,0
image_2557.png,surface,0.0,0.0,2.290403992557022,-19.16835382853732,7.399458019183129,0.0,0.8719368832301014,-3.298969507646947,0.0,0.0,0.0,-3.442862550067848,0,0,0,0,0,0
image_2558.png,surface,0.0,0.0,2.0343799773383218,-12.05148739151226,-8.866862079591215,0.0,1.8632402961347048,-0.7368164110009131,0.0,0.0,0.0,-3.251452396536909,0,0,0,0,0,0
image_2559.png,surface,0.0,0.0,2.8071551480604584,17.032020582616155,11.79278089300545,0.0,-1.7413928324259145,1.693040206786519,0.0,0.0,0.0,3.1328916864096765,0,0,0,0,0,0
image_2560.png,surface,0.0,0.0,2.6039038105153334,-6.943142906528608,-16.02206886290377,0.0,0.4161134638596407,2.2596670699665613,0.0,0.0,0.0,3.159626204168033,0,0,0,0,0,0
image_2561.png,surface,0.0,0.0,2.0037851236484814,-18.1927541836558,-16.384857622900725,0.0,-0.4341685897605711,-3.6002905811759125,0.0,0.0,0.0,-3.654847310896323,0,0,0,0,0,0
image_2562.png,surface,0.0,0.0,1.1373810177525934,-5.977974252002314,16.650949980572992,0.0,-3.433928368557764,0.142349739604665,0.0,0.0,0.0,0.8232755110863996,0,0,0,0,0,0
image_2563.png,surface,0.0,0.0,1.1977409567992852,-9.67382330933557,14.89533990279752,0.0,3.6880686830030713,2.5593763912813743,0.0,0.0,0.0,-0.3626244196252193,0,0,0,0,0,0
image_2564.png,surface,0.0,0.0,1.8969820216864663,3.624163952162788,2.265608756888072,0.0,-1.3321890220462391,0.503590605671682,0.0,0.0,0.0,3.743824985020813,0,0,0,0,0,0
image_2565.png,surface,0.0,0.0,1.6091432379867083,0.8096833555306107,-21.318166213974333,0.0,-3.680581237440583,3.0673944458246867,0.0,0.0,0.0,4.308864954294094,0,0,0,0,0,0
image_2566.png,surface,0.0,0.0,2.886258859146786,1.102002786075397,10.841702192470082,0.0,1.5154078172603704,-2.333174267553952,0.0,0.0,0.0,2.048988004472302,0,0,0,0,0,0
image_2567.png,surface,0.0,0.0,2.331691644543114,-18.109468143706387,-4.916936389080459,0.0,-2.121988228252812,1.47626315258203,0.0,0.0,0.0,1.351831094471633,0,0,0,0,0,0
image_2568.png,surface,0.0,0.0,1.5410611584088192,-14.484485738120313,15.289054839899476,0.0,1.731323557595345,4.504212154194517,0.0,0.0,0.0,-4.196795721877852,0,0,0,0,0,0
image_2569.png,surface,0.0,0.0,1.7139172446896058,-15.229741865283351,-12.99483871381218,0.0,2.2093195100834504,1.5570165737392585,0.0,0.0,0.0,0.7543418371558888,0,0,0,0,0,0
image_2570.png,surface,0.0,0.0,1.1615654398255413,-6.116501881854314,2.54197683785488,0.0,-2.355271852008217,-2.308936980560739,0.0,0.0,0.0,-3.671786460018903,0,0,0,0,0,0
image_2571.png,surface,0.0,0.0,1.4993760889924923,2.109679583918793,-20.51004297592073,0.0,0.76091046157644,-3.6745067758619823,0.0,0.0,0.0,-4.286401264722812,0,0,0,0,0,0
image_2572.png,surface,0.0,0.0,1.6375428008208988,23.32602645854726,6.867721993203482,0.0,2.20377471720107,3.218479072077861,0.0,0.0,0.0,-2.658773397288736,0,0,0,0,0,0
image_2573.png,surface,0.0,0.0,2.2838966890915846,10.064272824681035,13.521507336446422,0.0,3.0978208297869894,2.7263024437632493,0.0,0.0,0.0,4.729742890193545,0,0,0,0,0,0
image_2574.png,surface,0.0,0.0,1.345107469378355,6.122823611953917,1.727655517695235,0.0,-0.840620208364503,1.193274517957707,0.0,0.0,0.0,-2.374982661900754,0,0,0,0,0,0
image_2575.png,surface,0.0,0.0,2.3543673988522698,20.863140837696125,-10.875674166356548,0.0,4.830846373849106,-0.2694101483570185,0.0,0.0,0.0,3.8413439753313288,0,0,0,0,0,0
image_2576.png,surface,0.0,0.0,1.2352987115379552,-8.47720208186779,-14.023564718813846,0.0,-0.9474162030449008,-4.599984281241143,0.0,0.0,0.0,1.333538063914208,0,0,0,0,0,0
image_2577.png,surface,0.0,0.0,2.7882522213906697,3.4428161716283574,-4.490891347722016,0.0,-0.0150496076025641,4.125685539703207,0.0,0.0,0.0,4.616942463788318,0,0,0,0,0,0
image_2578.png,surface,0.0,0.0,2.252873115042849,10.498507999835784,-21.61069506399805,0.0,2.994757192258449,-2.942062524345613,0.0,0.0,0.0,0.0704004102762443,0,0,0,0,0,0
image_2579.png,surface,0.0,0.0,2.154945240178389,1.335622447649844,2.847121545417294,0.0,4.606065852159214,1.8966427505124768,0.0,0.0,0.0,-4.76072818778208,0,0,0,0,0,0
image_2580.png,surface,0.0,0.0,1.3745433795394009,-16.40815343188835,4.645756757456499,0.0,-4.505760982017193,1.7038964773666332,0.0,0.0,0.0,4.931906366052225,0,0,0,0,0,0
image_2581.png,surface,0.0,0.0,2.4817413013876743,-3.8630517793260895,-13.55197284944266,0.0,3.0030888439143046,2.124751260988158,0.0,0.0,0.0,-3.542428853367068,0,0,0,0,0,0
image_2582.png,surface,0.0,0.0,1.4721043237631548,6.375750285390364,10.04045437284322,0.0,-0.7661303999155443,1.6379238750058438,0.0,0.0,0.0,2.274801310272321,0,0,0,0,0,0
image_2583.png,surface,0.0,0.0,2.596086441959992,2.1319535837989063,11.107304112613834,0.0,-0.7640859828069221,-1.5463821034456855,0.0,0.0,0.0,3.20876966503386,0,0,0,0,0,0
image_2584.png,surface,0.0,0.0,2.5579091743167885,-8.801268423515019,7.008469311092553,0.0,3.912037977388372,3.072603484977787,0.0,0.0,0.0,3.479407516589381,0,0,0,0,0,0
image_2585.png,surface,0.0,0.0,2.8787915056263325,-3.7977135065122862,-10.60997357837286,0.0,-2.2081437341796835,-3.144434884683131,0.0,0.0,0.0,4.868088344735126,0,0,0,0,0,0
image_2586.png,surface,0.0,0.0,2.56538646306435,-23.911249551845163,2.456385449476068,0.0,1.469733972046242,1.2243649187819048,0.0,0.0,0.0,4.767937025600906,0,0,0,0,0,0
image_2587.png,surface,0.0,0.0,1.729890370680493,-20.544321858567542,-10.729393330689652,0.0,3.2848235820300937,-3.137390931472727,0.0,0.0,0.0,-2.584303461563984,0,0,0,0,0,0
image_2588.png,surface,0.0,0.0,2.021304492758284,-16.144782450759628,3.0983097473581327,0.0,0.1993363866242225,0.1181593158962832,0.0,0.0,0.0,-4.308559634532049,0,0,0,0,0,0
image_2589.png,surface,0.0,0.0,2.253738082388196,9.329925619539631,16.21327173149718,0.0,0.0017514017204777,-2.824170136698043,0.0,0.0,0.0,-1.4474521811719665,0,0,0,0,0,0
image_2590.png,surface,0.0,0.0,1.535036130065324,-2.6414078040051976,-19.20503285468497,0.0,-4.939276477765091,0.7353203645072619,0.0,0.0,0.0,2.48372875870342,0,0,0,0,0,0
image_2591.png,surface,0.0,0.0,2.600103236531135,5.544439592725015,5.737457161607512,0.0,3.5747432559383743,2.1548933998945854,0.0,0.0,0.0,-4.167428540601394,0,0,0,0,0,0
image_2592.png,surface,0.0,0.0,1.6581960846883714,-13.05738909887368,8.754043141248252,0.0,1.204946717379201,-3.977499689913936,0.0,0.0,0.0,4.541186709094154,0,0,0,0,0,0
image_2593.png,surface,0.0,0.0,1.2602721562178154,-15.146860580210417,-19.209837658624348,0.0,1.801420897791997,0.9679984219458752,0.0,0.0,0.0,4.674121875482896,0,0,0,0,0,0
image_2594.png,surface,0.0,0.0,1.1190428565764796,-4.066112198173841,5.114803025169588,0.0,2.4623096418351267,4.118893036812611,0.0,0.0,0.0,4.235538275461913,0,0,0,0,0,0
image_2595.png,surface,0.0,0.0,2.320018761962634,19.12738420222984,-7.033812158442093,0.0,-2.3009601390902965,3.499047874208765,0.0,0.0,0.0,3.8547939892009193,0,0,0,0,0,0
image_2596.png,surface,0.0,0.0,1.5294227383537913,0.2513410784018037,-8.035168116767252,0.0,-1.690284161766734,0.7428806397054643,0.0,0.0,0.0,1.6983367503334377,0,0,0,0,0,0
image_2597.png,surface,0.0,0.0,2.7031513968341385,19.45169078020984,15.41827921450685,0.0,-0.4908790155750068,-4.014556646224531,0.0,0.0,0.0,2.5656857316081982,0,0,0,0,0,0
image_2598.png,surface,0.0,0.0,2.5448636971313223,3.225132034891141,-18.53760454793367,0.0,0.3206500795200423,2.1597338740688725,0.0,0.0,0.0,4.01936631932913,0,0,0,0,0,0
image_2599.png,surface,0.0,0.0,1.230415902958471,-2.016322752989931,8.05638433914798,0.0,-0.4939682737816504,-1.9069090079938864,0.0,0.0,0.0,-2.377923663575517,0,0,0,0,0,0
image_2600.png,surface,0.0,0.0,2.1105624560017184,-3.797222962733205,11.350397884998884,0.0,-0.2524199877760538,-1.934526841253347,0.0,0.0,0.0,4.69147026878167,0,0,0,0,0,0
image_2601.png,surface,0.0,0.0,2.934747792035458,-21.580957800399563,-0.3687342372859798,0.0,1.9235221583876447,-0.9582046643618878,0.0,0.0,0.0,0.5829360829392343,0,0,0,0,0,0
image_2602.png,surface,0.0,0.0,2.6584618502947617,-7.355572447182197,19.565127859243585,0.0,-0.027664071990171,4.23590888011994,0.0,0.0,0.0,-1.5899779639896527,0,0,0,0,0,0
image_2603.png,surface,0.0,0.0,2.7444791284542207,4.424000062664121,-9.595856894889542,0.0,-3.937101100737837,2.265994746848337,0.0,0.0,0.0,3.6738778523227023,0,0,0,0,0,0
image_2604.png,surface,0.0,0.0,1.5255133990831786,-10.124670609483012,-4.464909019738849,0.0,1.107834702011005,1.2878153543346074,0.0,0.0,0.0,4.75165653788779,0,0,0,0,0,0
image_2605.png,surface,0.0,0.0,2.450956818332698,-3.852004813156523,2.5843257719037656,0.0,-1.6804926118894037,-0.4328307471366593,0.0,0.0,0.0,-2.1265456383597723,0,0,0,0,0,0
image_2606.png,surface,0.0,0.0,1.6797633079047087,-5.296475659634499,9.811158679297282,0.0,-0.795693091929632,-2.457668314028759,0.0,0.0,0.0,0.4400134872693995,0,0,0,0,0,0
image_2607.png,surface,0.0,0.0,2.656125325370464,12.07074351350479,13.028994546646624,0.0,-2.316176298823832,0.4536725496300401,0.0,0.0,0.0,0.3954848985460888,0,0,0,0,0,0
image_2608.png,surface,0.0,0.0,1.2053044329215838,-12.796496265388567,-14.361174806544604,0.0,2.9414091336113977,-4.039145103947545,0.0,0.0,0.0,-0.1242339782111834,0,0,0,0,0,0
image_2609.png,surface,0.0,0.0,2.3702281966030783,-0.3697824121281999,3.633399747468912,0.0,3.655271230009474,0.9718439224882036,0.0,0.0,0.0,1.0414575340014185,0,0,0,0,0,0
image_2610.png,surface,0.0,0.0,2.289808639234577,18.165594647461543,6.533969744141668,0.0,1.1518672534480074,4.176733729091193,0.0,0.0,0.0,2.46682367426299,0,0,0,0,0,0
image_2611.png,surface,0.0,0.0,1.5226362870288597,-18.67140562009841,2.6152158696446905,0.0,-3.8267154240852057,3.1965508597908925,0.0,0.0,0.0,3.8679039743685593,0,0,0,0,0,0
image_2612.png,surface,0.0,0.0,2.264322951028252,-3.3139855626867045,6.548397982505235,0.0,2.266750855715003,-2.9459902453978675,0.0,0.0,0.0,-3.7559223555025287,0,0,0,0,0,0
image_2613.png,surface,0.0,0.0,2.821761913982742,-6.1357552869179,-9.2539456824276,0.0,-2.184939818024581,3.338996569555141,0.0,0.0,0.0,2.714627344890136,0,0,0,0,0,0
image_2614.png,surface,0.0,0.0,2.230331659741056,0.9289356853120774,22.16704205437868,0.0,1.4133298168346682,-2.0905736706556164,0.0,0.0,0.0,2.9482010192451424,0,0,0,0,0,0
image_2615.png,surface,0.0,0.0,1.3680860207061938,-3.931385364011016,-10.495088402708843,0.0,-2.072857371224253,-4.051017653166117,0.0,0.0,0.0,-1.113368113284483,0,0,0,0,0,0
image_2616.png,surface,0.0,0.0,1.6123248270539294,-16.405856190048844,9.321150608297309,0.0,-3.7741467693701263,-3.1085680494594947,0.0,0.0,0.0,-0.8729603538315667,0,0,0,0,0,0
image_2617.png,surface,0.0,0.0,1.7031168676252697,-22.773717754843275,-9.568287919521111,0.0,-1.508209267422543,2.320436500206557,0.0,0.0,0.0,-2.789121624938593,0,0,0,0,0,0
image_2618.png,surface,0.0,0.0,1.6223386968763258,-14.3955970732217,1.493309034647828,0.0,-1.5547041548234806,-0.4209389396711432,0.0,0.0,0.0,4.794136941115459,0,0,0,0,0,0
image_2619.png,surface,0.0,0.0,2.368814963337904,6.461939770043617,7.805768047135711,0.0,-1.979422784347968,4.579590499426225,0.0,0.0,0.0,-0.0700964949276041,0,0,0,0,0,0
image_2620.png,surface,0.0,0.0,2.9000055607423985,1.542003556154043,-20.474296140747622,0.0,-4.533347164967744,-1.6948454066232796,0.0,0.0,0.0,4.6597597099015005,0,0,0,0,0,0
image_2621.png,surface,0.0,0.0,2.0078203266654744,-4.943474261955728,3.4519914912282084,0.0,-3.79494067529012,2.103389871505817,0.0,0.0,0.0,-4.874763783925059,0,0,0,0,0,0
image_2622.png,surface,0.0,0.0,2.580514104340081,11.73382015903018,7.057862659080325,0.0,1.3381963076064671,0.147755860791081,0.0,0.0,0.0,3.1856032263979763,0,0,0,0,0,0
image_2623.png,surface,0.0,0.0,2.88877014520704,-7.986986756519333,-22.97864758120128,0.0,-0.3961056144269265,3.4009363685069025,0.0,0.0,0.0,2.411594226633468,0,0,0,0,0,0
image_2624.png,surface,0.0,0.0,1.748888831075532,-2.464980392082541,11.296715959590664,0.0,-1.2266486718925826,4.483659680976777,0.0,0.0,0.0,2.242358285501957,0,0,0,0,0,0
image_2625.png,surface,0.0,0.0,1.0925573955039445,-12.377266992177551,-14.296757639631895,0.0,-3.8572636929449136,-2.6586823279949536,0.0,0.0,0.0,-4.089255769095052,0,0,0,0,0,0
image_2626.png,surface,0.0,0.0,2.506603209218593,4.293733994961229,-14.782991126056691,0.0,-2.9528045454925183,-2.565748731992534,0.0,0.0,0.0,0.7675570054662719,0,0,0,0,0,0
image_2627.png,surface,0.0,0.0,2.4699806571238705,21.4915157162726,2.1061613299973243,0.0,0.2970179195412706,-1.4533076221382728,0.0,0.0,0.0,-0.5622343006775585,0,0,0,0,0,0
image_2628.png,surface,0.0,0.0,1.6065031554434424,-11.628631620049587,12.2789594535041,0.0,-1.632904983520309,-4.214979165324355,0.0,0.0,0.0,3.9357999659937946,0,0,0,0,0,0
image_2629.png,surface,0.0,0.0,1.5382597676584124,-21.94267384617489,9.628956325756157,0.0,1.594005897362632,-4.238260525177764,0.0,0.0,0.0,-0.5886521072584019,0,0,0,0,0,0
image_2630.png,surface,0.0,0.0,2.406656314502177,10.66156422130488,5.405788455366056,0.0,3.0412353302232416,-2.113887642545729,0.0,0.0,0.0,-2.5423440959306776,0,0,0,0,0,0
image_2631.png,surface,0.0,0.0,1.312810264409475,-18.74376522228595,-11.732120330938285,0.0,0.4254967659018916,-3.953993361530757,0.0,0.0,0.0,1.7288534046988495,0,0,0,0,0,0
image_2632.png,surface,0.0,0.0,2.686896450441261,10.100077198802374,-7.6966206232700145,0.0,-1.4175996332697296,-1.772005393209729,0.0,0.0,0.0,4.437394787494824,0,0,0,0,0,0
image_2633.png,surface,0.0,0.0,2.721258057390523,20.092632130743752,6.323512284810289,0.0,-3.0660396555313394,-2.348301016903024,0.0,0.0,0.0,4.136808011492537,0,0,0,0,0,0
image_2634.png,surface,0.0,0.0,2.1326968577314527,1.8246363383427904,-5.2631221865231135,0.0,4.080034979993502,2.879891255090629,0.0,0.0,0.0,-0.9625607095478586,0,0,0,0,0,0
image_2635.png,surface,0.0,0.0,1.4376099697948967,-6.413471167925497,-11.901995414831964,0.0,-0.324136183056845,0.2875049481055687,0.0,0.0,0.0,0.540198755083793,0,0,0,0,0,0
image_2636.png,surface,0.0,0.0,2.898006112036032,20.31413015762357,8.828600711987168,0.0,1.7174600812084335,-4.089501290499477,0.0,0.0,0.0,4.727953599765742,0,0,0,0,0,0
image_2637.png,surface,0.0,0.0,1.4705631570659317,-2.118470663694332,19.457437410586845,0.0,-0.5694577634055719,2.113217389608023,0.0,0.0,0.0,-0.3534808118428909,0,0,0,0,0,0
image_2638.png,surface,0.0,0.0,1.6180020807139692,-3.6012911037354107,2.4455458781723696,0.0,-1.7682255910929814,-0.9888627743073772,0.0,0.0,0.0,-1.2710781959372677,0,0,0,0,0,0
image_2639.png,surface,0.0,0.0,1.8836640988239013,7.201441190415269,8.482229736125745,0.0,-3.788034299425552,-3.161382169165876,0.0,0.0,0.0,1.541046692896156,0,0,0,0,0,0
image_2640.png,surface,0.0,0.0,2.041459896881098,-5.683361068591468,-1.876161368937576,0.0,-3.105189876802603,1.1196912665142984,0.0,0.0,0.0,-2.732967023489521,0,0,0,0,0,0
image_2641.png,surface,0.0,0.0,1.911034644260324,-20.07408669753808,-13.596888814629365,0.0,2.733396149430578,-3.1648375237758866,0.0,0.0,0.0,0.3580118559396599,0,0,0,0,0,0
image_2642.png,surface,0.0,0.0,1.0004138969641283,13.115345582594893,-17.658583227503076,0.0,1.2140819352939671,1.1230331728122125,0.0,0.0,0.0,0.1210052563935217,0,0,0,0,0,0
image_2643.png,surface,0.0,0.0,2.7243929193884355,10.92493338989058,0.6965411127208111,0.0,0.6611914707913328,-0.038736119067692,0.0,0.0,0.0,2.5978151532117586,0,0,0,0,0,0
image_2644.png,surface,0.0,0.0,1.0474772428180463,-14.05616944601656,-6.900620490134951,0.0,3.921788530109728,1.050867962151618,0.0,0.0,0.0,-2.171344602908877,0,0,0,0,0,0
image_2645.png,surface,0.0,0.0,2.76310121980495,4.4673274777719065,-12.702215176624684,0.0,3.5379371311635,-0.537645077919035,0.0,0.0,0.0,1.5125985177382093,0,0,0,0,0,0
image_2646.png,surface,0.0,0.0,2.645635490090057,-4.697136982946938,-18.035087827019968,0.0,-0.6895238402827223,-3.508862447772769,0.0,0.0,0.0,1.7052681827123166,0,0,0,0,0,0
image_2647.png,surface,0.0,0.0,2.873398215728662,-6.719168896664495,-6.45277184029062,0.0,-2.71112818053954,0.1516573317103153,0.0,0.0,0.0,-4.607604636147907,0,0,0,0,0,0
image_2648.png,surface,0.0,0.0,1.6279269003653491,10.483810492553593,-20.843639542624004,0.0,-1.7046385164759537,4.612045451454836,0.0,0.0,0.0,-4.0111462095165615,0,0,0,0,0,0
image_2649.png,surface,0.0,0.0,1.3594139994121572,-1.2273391255619617,-21.80398954096644,0.0,0.0559333007780621,3.5669913498428607,0.0,0.0,0.0,1.217827730180324,0,0,0,0,0,0
image_2650.png,surface,0.0,0.0,1.1085730524817443,5.333382948648353,1.032920630567017,0.0,3.628943968198919,-2.072144233804272,0.0,0.0,0.0,-0.5799279344976629,0,0,0,0,0,0
image_2651.png,surface,0.0,0.0,2.3754853938503,18.15486178649048,16.999146396384038,0.0,2.216003095255761,4.110208074425151,0.0,0.0,0.0,2.875458222872367,0,0,0,0,0,0
image_2652.png,surface,0.0,0.0,1.3131177030678796,23.41292584961285,0.638087652910441,0.0,-4.56199555580058,1.824669457085757,0.0,0.0,0.0,-4.60778758159495,0,0,0,0,0,0
image_2653.png,surface,0.0,0.0,1.3356629694483753,-0.7978696609452872,-2.072916950450143,0.0,-0.5547811990238178,0.5779953576753316,0.0,0.0,0.0,-1.930620256398301,0,0,0,0,0,0
image_2654.png,surface,0.0,0.0,1.4607858436659715,-23.20089506119699,-2.5590669809956195,0.0,-0.9786457181530468,1.663119831259384,0.0,0.0,0.0,-4.3628428869411575,0,0,0,0,0,0
image_2655.png,surface,0.0,0.0,1.5572381178128665,4.952448638172098,22.691989958722715,0.0,3.1921338140630606,1.184637017402019,0.0,0.0,0.0,-2.3710052810918727,0,0,0,0,0,0
image_2656.png,surface,0.0,0.0,1.4271931684259496,12.87783988780747,2.87068175360687,0.0,-1.9884362798853528,1.828617958427761,0.0,0.0,0.0,-1.2032665245683694,0,0,0,0,0,0
image_2657.png,surface,0.0,0.0,2.2148344704726792,16.144908263203213,-3.0775145493929035,0.0,-3.968566785495213,-2.6889164168246253,0.0,0.0,0.0,-2.941628022705581,0,0,0,0,0,0
image_2658.png,surface,0.0,0.0,2.0222318867329907,23.938435660384403,5.787098300615754,0.0,-3.7498637152219056,-0.9318934014103626,0.0,0.0,0.0,-1.4502335753809,0,0,0,0,0,0
image_2659.png,surface,0.0,0.0,2.301373182990865,14.120489268891582,-2.249996845909741,0.0,-1.8785914393965712,-3.734532532352321,0.0,0.0,0.0,-0.4741898442535408,0,0,0,0,0,0
image_2660.png,surface,0.0,0.0,2.2840964309411893,-19.84554620589265,-10.868683816812498,0.0,-2.306333417311925,-4.1076600962600045,0.0,0.0,0.0,3.978916652928588,0,0,0,0,0,0
image_2661.png,surface,0.0,0.0,2.7103115123685004,10.666508350634162,18.9887163626565,0.0,3.3774284042243035,0.8235383760320579,0.0,0.0,0.0,0.5445036592410499,0,0,0,0,0,0
image_2662.png,surface,0.0,0.0,1.0734533092755771,7.873466320126364,14.66686040751204,0.0,-3.2392568183733093,2.8088684859469586,0.0,0.0,0.0,2.298006649002467,0,0,0,0,0,0
image_2663.png,surface,0.0,0.0,2.1154233201345667,10.67763450232167,6.106020111392422,0.0,-3.0337034097020323,-3.2844478092595906,0.0,0.0,0.0,-1.4892905364367994,0,0,0,0,0,0
image_2664.png,surface,0.0,0.0,1.7718831797347954,14.780579909883786,2.092725589233868,0.0,-4.054439628840565,1.4695500188890018,0.0,0.0,0.0,-3.105900416907026,0,0,0,0,0,0
image_2665.png,surface,0.0,0.0,2.578529330302797,-7.310709394418659,-11.66711164019511,0.0,-1.8955291908062857,1.7425085836885217,0.0,0.0,0.0,2.694507086800148,0,0,0,0,0,0
image_2666.png,surface,0.0,0.0,1.4571094963921136,-11.074806981445418,-21.742002955991744,0.0,3.2183426015149896,3.585358652888018,0.0,0.0,0.0,-2.572501007004436,0,0,0,0,0,0
image_2667.png,surface,0.0,0.0,2.21790343793168,-15.474890972606184,3.420195676716221,0.0,4.666954195786913,0.159777996658663,0.0,0.0,0.0,1.9316623741633967,0,0,0,0,0,0
image_2668.png,surface,0.0,0.0,1.539186848045941,-17.995524065722403,15.399096116870426,0.0,-1.2681765343149098,-0.9014558409662256,0.0,0.0,0.0,0.4765868111520008,0,0,0,0,0,0
image_2669.png,surface,0.0,0.0,1.4693423696609618,-9.4271071110917,-19.17705605390695,0.0,1.903598884371692,-4.095424054039626,0.0,0.0,0.0,-3.46479689889149,0,0,0,0,0,0
image_2670.png,surface,0.0,0.0,1.6556739701268464,-15.604071040262824,12.014490597637298,0.0,0.5235786873714406,4.737274157379914,0.0,0.0,0.0,1.6092686528426494,0,0,0,0,0,0
image_2671.png,surface,0.0,0.0,1.1271514833329606,17.006728057252182,-11.613773469847771,0.0,-0.3089700440485584,-4.1325483078881335,0.0,0.0,0.0,2.843235006232746,0,0,0,0,0,0
image_2672.png,surface,0.0,0.0,2.4927724557434763,-19.473868006480497,-15.840790259342738,0.0,3.573325919606193,-1.2706984191516562,0.0,0.0,0.0,-1.3843628559760282,0,0,0,0,0,0
image_2673.png,surface,0.0,0.0,2.7626201209412224,3.6291944133137606,-10.673574383986002,0.0,3.3431999458534607,-3.3465700261329583,0.0,0.0,0.0,3.405746622803111,0,0,0,0,0,0
image_2674.png,surface,0.0,0.0,1.0339702190085711,-18.68544010165437,9.17129498473756,0.0,1.3849746721647092,-0.9761967989460508,0.0,0.0,0.0,-2.373611280499314,0,0,0,0,0,0
image_2675.png,surface,0.0,0.0,2.3048848302819804,4.561437545655997,19.96885665974741,0.0,1.8660347568987887,-3.627384593375463,0.0,0.0,0.0,1.6192133263843376,0,0,0,0,0,0
image_2676.png,surface,0.0,0.0,2.1258013258464312,-5.226078866848981,-5.716151785756698,0.0,-1.337566111237357,-1.9597351472780624,0.0,0.0,0.0,1.427724015374543,0,0,0,0,0,0
image_2677.png,surface,0.0,0.0,2.810787800435368,-1.7535332380943045,-11.83195123315223,0.0,-1.7506447413182455,-3.738022859388852,0.0,0.0,0.0,0.6027925553526448,0,0,0,0,0,0
image_2678.png,surface,0.0,0.0,2.370720453470314,16.331634011026114,-1.4862236258372832,0.0,-1.7928117891079542,-2.602509705143237,0.0,0.0,0.0,-3.5195935169850765,0,0,0,0,0,0
image_2679.png,surface,0.0,0.0,1.837169950184672,6.004865753347262,-10.372996731740278,0.0,1.3239267474132972,-2.110258815421758,0.0,0.0,0.0,2.4233603747792625,0,0,0,0,0,0
image_2680.png,surface,0.0,0.0,2.1563920880546825,-11.43280102222934,14.396331114557878,0.0,3.8296640566806888,1.8924408418474408,0.0,0.0,0.0,4.34495206804656,0,0,0,0,0,0
image_2681.png,surface,0.0,0.0,1.2544289686397736,-3.4626008222964533,-15.50681935458078,0.0,1.7319091954423715,-2.829448569830619,0.0,0.0,0.0,4.232870341552058,0,0,0,0,0,0
image_2682.png,surface,0.0,0.0,1.3243002404702802,5.9875824539587015,9.879254491298369,0.0,0.2055401774317294,4.533852586388349,0.0,0.0,0.0,-4.131895901979247,0,0,0,0,0,0
image_2683.png,surface,0.0,0.0,1.447673892661722,8.791661452534859,-4.532662595152982,0.0,0.2892588864445935,1.984323341135637,0.0,0.0,0.0,-0.259671952405264,0,0,0,0,0,0
image_2684.png,surface,0.0,0.0,1.9661801883222791,-18.704045263130435,14.166750334389851,0.0,4.008839038524691,-1.577464017650369,0.0,0.0,0.0,-1.0784092756638142,0,0,0,0,0,0
image_2685.png,surface,0.0,0.0,1.5336482213907014,2.729160419388918,15.328931263932311,0.0,3.3631505920645446,1.3142529983907003,0.0,0.0,0.0,-0.8628656106443522,0,0,0,0,0,0
image_2686.png,surface,0.0,0.0,1.201088777194148,-16.259633743018753,12.586193263334444,0.0,0.8846763682910016,-2.006044148898081,0.0,0.0,0.0,1.7320644379574386,0,0,0,0,0,0
image_2687.png,surface,0.0,0.0,2.037016892242244,13.324900759103851,-17.651251135810977,0.0,-3.1121281941954604,0.6470064093086143,0.0,0.0,0.0,1.6540765092465577,0,0,0,0,0,0
image_2688.png,surface,0.0,0.0,2.395659542053928,13.090505981853456,16.982993618215133,0.0,-3.240863548173919,-0.4249172160549033,0.0,0.0,0.0,4.016197837549614,0,0,0,0,0,0
image_2689.png,surface,0.0,0.0,1.192878164731446,-19.694281343132737,-8.654102320924707,0.0,4.208249204216696,1.067544054538713,0.0,0.0,0.0,-4.4019551646242885,0,0,0,0,0,0
image_2690.png,surface,0.0,0.0,2.457905638930665,-2.936211413794424,24.14849143030229,0.0,0.9700629728818302,0.6446297875670665,0.0,0.0,0.0,0.6064348328607245,0,0,0,0,0,0
image_2691.png,surface,0.0,0.0,1.04733633542376,12.231756830602066,-13.92966246981814,0.0,-2.364597795696812,-1.9767764237702063,0.0,0.0,0.0,-4.725026369782733,0,0,0,0,0,0
image_2692.png,surface,0.0,0.0,2.3978812468382404,22.512835296182576,8.228755895183276,0.0,3.2576784093556994,0.2025157989560016,0.0,0.0,0.0,-1.725675245308361,0,0,0,0,0,0
image_2693.png,surface,0.0,0.0,2.9061705097728465,6.8559010242355045,0.0583048283990587,0.0,-2.5433883548966785,-0.8174511400657076,0.0,0.0,0.0,-1.6803583079569415,0,0,0,0,0,0
image_2694.png,surface,0.0,0.0,1.9135337212779693,-7.127005500400864,-12.158945569346296,0.0,-1.407516256370683,3.0744162636522026,0.0,0.0,0.0,4.046332782505042,0,0,0,0,0,0
image_2695.png,surface,0.0,0.0,1.131781514732194,3.4738939335326617,-19.594411635777945,0.0,-3.993584721841741,-2.1822872137301075,0.0,0.0,0.0,-0.7948298934158711,0,0,0,0,0,0
image_2696.png,surface,0.0,0.0,1.5653641173529491,24.39551964876391,3.0892237105015767,0.0,1.9266680933853424,3.592561371613216,0.0,0.0,0.0,-0.3659971995104749,0,0,0,0,0,0
image_2697.png,surface,0.0,0.0,1.295027626597091,17.748361007490505,-15.079343559799602,0.0,1.6687235353415597,4.011971550532395,0.0,0.0,0.0,-2.5696496428340154,0,0,0,0,0,0
image_2698.png,surface,0.0,0.0,2.0018731470457567,14.441382242844016,-0.8181902930606865,0.0,0.9282295945592616,-4.7422053878518176,0.0,0.0,0.0,-2.0738240816226416,0,0,0,0,0,0
image_2699.png,surface,0.0,0.0,1.3616068945345987,17.061813552588767,2.71016562823288,0.0,-0.7117926682593062,-0.0575056852587214,0.0,0.0,0.0,1.1042281526311797,0,0,0,0,0,0
image_2700.png,surface,0.0,0.0,2.992763396378643,4.669109144925261,8.6433394721742,0.0,-4.299613730799132,-0.6446782813132851,0.0,0.0,0.0,-3.2610159203638336,0,0,0,0,0,0
image_2701.png,surface,0.0,0.0,1.839131608125704,-22.45731755381245,-3.816745414827796,0.0,-1.115023240670402,-0.6992233393526688,0.0,0.0,0.0,2.0289275070740187,0,0,0,0,0,0
image_2702.png,surface,0.0,0.0,1.774682373812223,-11.364120855155706,-18.95368472711564,0.0,-2.679711510600204,2.145212945794131,0.0,0.0,0.0,4.624487017677476,0,0,0,0,0,0
image_2703.png,surface,0.0,0.0,1.1283281732354544,13.395928648641206,9.60023264704632,0.0,-3.6449293889776655,0.730863696138444,0.0,0.0,0.0,3.399978906394807,0,0,0,0,0,0
image_2704.png,surface,0.0,0.0,2.1971804363532845,-15.8894016698809,-4.028906508954674,0.0,4.211539713298558,-2.292813932299449,0.0,0.0,0.0,0.9205059500560112,0,0,0,0,0,0
image_2705.png,surface,0.0,0.0,1.2486066452903857,-8.334022309407516,3.1380535932727427,0.0,0.8975163154671063,3.189685355889788,0.0,0.0,0.0,4.391478975028962,0,0,0,0,0,0
image_2706.png,surface,0.0,0.0,1.52348293052008,-11.363316370445188,21.45607429305355,0.0,4.658291276684776,1.7227361739923006,0.0,0.0,0.0,4.546400020626404,0,0,0,0,0,0
image_2707.png,surface,0.0,0.0,1.5982784969782613,-10.97543398061965,-0.1061044438546379,0.0,2.49156154334901,-0.992232812894229,0.0,0.0,0.0,2.156141341018259,0,0,0,0,0,0
image_2708.png,surface,0.0,0.0,1.1962319836160953,18.579176734265857,-3.212826550307408,0.0,3.952107186970438,0.6694321302248476,0.0,0.0,0.0,2.834776523983873,0,0,0,0,0,0
image_2709.png,surface,0.0,0.0,2.660027677455012,-6.575868613550711,-10.31926745847034,0.0,-2.393331270357294,0.0946435234477901,0.0,0.0,0.0,-1.1773946879280874,0,0,0,0,0,0
image_2710.png,surface,0.0,0.0,1.221058021099067,4.249931148610935,7.530032067871094,0.0,3.3292262552982685,2.021536006697032,0.0,0.0,0.0,3.060226397985504,0,0,0,0,0,0
image_2711.png,surface,0.0,0.0,1.966010062377286,-18.020764455747223,11.535201898324717,0.0,-1.5690598822155262,-1.831562340470788,0.0,0.0,0.0,4.818026040986535,0,0,0,0,0,0
image_2712.png,surface,0.0,0.0,1.57812515934813,16.88379964265597,3.063409623965687,0.0,-0.6395202423128097,-4.231906695381511,0.0,0.0,0.0,-4.918630791621973,0,0,0,0,0,0
image_2713.png,surface,0.0,0.0,1.4730891315216894,-4.327829920323421,24.58077079253969,0.0,-3.835251260028961,1.062267805094358,0.0,0.0,0.0,2.342944219048712,0,0,0,0,0,0
image_2714.png,surface,0.0,0.0,1.4465917058126538,-18.774890639033387,-3.49921932685364,0.0,2.9064154345104614,1.0385576554732183,0.0,0.0,0.0,0.0050576450099901,0,0,0,0,0,0
image_2715.png,surface,0.0,0.0,2.339728751952699,-22.96520464573507,7.029960895807814,0.0,-0.8178465131069244,2.2260388968311986,0.0,0.0,0.0,-2.5115876095815146,0,0,0,0,0,0
image_2716.png,surface,0.0,0.0,2.5875950100925205,-7.767019025331366,-19.028241310967253,0.0,-4.795031292133684,-0.3548015553044017,0.0,0.0,0.0,-0.6680016569255889,0,0,0,0,0,0
image_2717.png,surface,0.0,0.0,1.8178267166956967,-0.522610810723891,-10.258592298612196,0.0,-3.729771094872388,2.006612797325326,0.0,0.0,0.0,2.2225059651440384,0,0,0,0,0,0
image_2718.png,surface,0.0,0.0,1.6370566067638688,-7.103893998004281,-0.9716521184372308,0.0,-2.4892727265561065,1.8253347431330809,0.0,0.0,0.0,4.765011210488733,0,0,0,0,0,0
image_2719.png,surface,0.0,0.0,2.462071222567622,-8.376862182170987,-20.4387960622506,0.0,-2.0841430621021537,-1.9290545212962424,0.0,0.0,0.0,-4.73017751546011,0,0,0,0,0,0
image_2720.png,surface,0.0,0.0,1.5383284625665907,-19.041675431417044,15.197513647204469,0.0,-4.707638411746675,-0.2570632854172873,0.0,0.0,0.0,-3.095633009749056,0,0,0,0,0,0
image_2721.png,surface,0.0,0.0,2.7409214778826105,16.201189838491597,13.944159909928644,0.0,1.6166111022627097,-4.526141841073351,0.0,0.0,0.0,-0.629417800728131,0,0,0,0,0,0
image_2722.png,surface,0.0,0.0,1.5877550720001783,16.16787067056327,6.902104036709253,0.0,2.490579478110658,0.6771190021972143,0.0,0.0,0.0,-3.102671597261677,0,0,0,0,0,0
image_2723.png,surface,0.0,0.0,1.1025051270720143,3.705832884863225,10.1537886725539,0.0,2.381041580494338,0.8296526604957621,0.0,0.0,0.0,-4.181363291644216,0,0,0,0,0,0
image_2724.png,surface,0.0,0.0,1.940685251688551,-0.4835842119674937,16.886357985622123,0.0,4.033683294611872,-1.6648435511440804,0.0,0.0,0.0,1.981919381847641,0,0,0,0,0,0
image_2725.png,surface,0.0,0.0,1.599810714495559,-12.44934118881647,4.9774676625184,0.0,3.036912028199612,1.3697602159823543,0.0,0.0,0.0,-3.576968432582449,0,0,0,0,0,0
image_2726.png,surface,0.0,0.0,1.931907525438401,-17.742901054281575,12.06206549705455,0.0,-2.8297690402059947,-3.41864154650076,0.0,0.0,0.0,-4.584705070639769,0,0,0,0,0,0
image_2727.png,surface,0.0,0.0,1.5840528949633972,12.599584109199125,-7.190157905638577,0.0,-0.718245904010445,-2.289706951883602,0.0,0.0,0.0,-2.3671996833438924,0,0,0,0,0,0
image_2728.png,surface,0.0,0.0,2.974029258787008,6.073624589795193,4.509425890422828,0.0,-2.763366474752873,-3.0344986287614293,0.0,0.0,0.0,-4.529204451086152,0,0,0,0,0,0
image_2729.png,surface,0.0,0.0,2.9490721245304243,10.980136747660822,2.285364012688164,0.0,1.544213354546676,2.74071561226364,0.0,0.0,0.0,1.807570063585329,0,0,0,0,0,0
image_2730.png,surface,0.0,0.0,2.235070411322602,-0.3189385963890299,-13.79752104575636,0.0,-2.89510894951976,-0.6431518753531797,0.0,0.0,0.0,3.534387411091007,0,0,0,0,0,0
image_2731.png,surface,0.0,0.0,2.8131202345589896,6.454281090034016,-13.605968634661936,0.0,-3.916864301710517,2.5652930651624124,0.0,0.0,0.0,0.1351498134547499,0,0,0,0,0,0
image_2732.png,surface,0.0,0.0,1.6258719317282715,-20.665304016511435,6.225426253909343,0.0,-3.672281279928251,1.1770376142189565,0.0,0.0,0.0,3.4928392571451266,0,0,0,0,0,0
image_2733.png,surface,0.0,0.0,2.575785786499235,-14.084525443857158,1.1902024962553748,0.0,2.021979317748192,-0.3983978137010182,0.0,0.0,0.0,-0.5082067863981097,0,0,0,0,0,0
image_2734.png,surface,0.0,0.0,2.5301050634307725,22.503503624281247,-7.408410650337672,0.0,1.180361477290811,-1.2943670749982736,0.0,0.0,0.0,-2.038549277948729,0,0,0,0,0,0
image_2735.png,surface,0.0,0.0,1.7106290272467095,11.211916028028584,21.871700282275388,0.0,-1.040472366508316,1.6615059582239555,0.0,0.0,0.0,3.7061029994965695,0,0,0,0,0,0
image_2736.png,surface,0.0,0.0,2.4429434609218044,16.975614095503275,-8.602009151806904,0.0,-2.3140297393265703,4.326569115908915,0.0,0.0,0.0,4.569279312370925,0,0,0,0,0,0
image_2737.png,surface,0.0,0.0,1.1872348543972628,-6.578511697864584,4.594478929644891,0.0,2.945632407736669,-2.636020192445435,0.0,0.0,0.0,4.3369726608941725,0,0,0,0,0,0
image_2738.png,surface,0.0,0.0,1.4651623722250224,17.31575381744169,-3.731200743939127,0.0,-0.7463708049337934,-1.499367831389164,0.0,0.0,0.0,2.888561007472548,0,0,0,0,0,0
image_2739.png,surface,0.0,0.0,1.419803525785894,-7.357019709441904,-17.63091827141706,0.0,-3.964233944672862,-2.772461830717525,0.0,0.0,0.0,4.589502935152163,0,0,0,0,0,0
image_2740.png,surface,0.0,0.0,2.25154267601102,-0.2145067284840644,-24.43387382164423,0.0,-0.4911204327848403,2.6142996889361743,0.0,0.0,0.0,-4.231645556699694,0,0,0,0,0,0
image_2741.png,surface,0.0,0.0,1.4035243454542516,18.19475267249223,4.371046247138498,0.0,-3.971506877013976,2.621986900082473,0.0,0.0,0.0,-0.6668794068930648,0,0,0,0,0,0
image_2742.png,surface,0.0,0.0,1.567114400295013,-18.18733957173969,6.890506495122349,0.0,4.054835304449837,-1.637500159326282,0.0,0.0,0.0,-2.98430862473498,0,0,0,0,0,0
image_2743.png,surface,0.0,0.0,1.544718780694951,-0.7069666305625185,2.3659242151320226,0.0,3.641019920033577,-3.369243269994305,0.0,0.0,0.0,4.752044560482684,0,0,0,0,0,0
image_2744.png,surface,0.0,0.0,2.886698980077359,22.954529832295226,-8.112230675104447,0.0,-0.7807660068278232,1.068514344182789,0.0,0.0,0.0,-1.4323522368317525,0,0,0,0,0,0
image_2745.png,surface,0.0,0.0,2.895999467794216,0.092417274584263,-13.528853649995158,0.0,3.083164605547472,-3.5164541378163974,0.0,0.0,0.0,-2.249590100248885,0,0,0,0,0,0
image_2746.png,surface,0.0,0.0,2.663293191860596,3.248252549548681,19.16416281022332,0.0,-3.707004080524643,0.2378079186520494,0.0,0.0,0.0,0.2347881370935054,0,0,0,0,0,0
image_2747.png,surface,0.0,0.0,1.9030439243334536,-8.526250149089627,-20.03551827463438,0.0,-1.6056476662976398,2.748327363534655,0.0,0.0,0.0,-0.0705220719287824,0,0,0,0,0,0
image_2748.png,surface,0.0,0.0,1.980131934585828,1.0837104385183491,-18.099723979165248,0.0,0.5247834936490193,-3.7726177398578224,0.0,0.0,0.0,1.214312824523626,0,0,0,0,0,0
image_2749.png,surface,0.0,0.0,1.749154592000596,4.007838916015252,-0.829956394365297,0.0,1.5931872166034842,-0.4948384841438929,0.0,0.0,0.0,-3.9689598122574177,0,0,0,0,0,0
image_2750.png,surface,0.0,0.0,1.9216590747985207,-3.41313800715772,-16.08741165984137,0.0,-0.0752128126071831,3.8723090358067696,0.0,0.0,0.0,-3.7528184536842657,0,0,0,0,0,0
image_2751.png,surface,0.0,0.0,1.2830076988035122,-11.649822870298475,-14.255419220127978,0.0,-3.4442765250919,-3.53096384670684,0.0,0.0,0.0,0.2072235344006037,0,0,0,0,0,0
image_2752.png,surface,0.0,0.0,1.541968925107659,5.481260521668236,-18.052496173561,0.0,-0.4860540256502352,2.49196666718689,0.0,0.0,0.0,1.0060421687349557,0,0,0,0,0,0
image_2753.png,surface,0.0,0.0,1.3702026127581368,12.325937924565944,-16.190166117675684,0.0,-2.700319424624901,-1.7099325013976494,0.0,0.0,0.0,-0.5372781313985842,0,0,0,0,0,0
image_2754.png,surface,0.0,0.0,2.761812310781546,23.56414072999138,2.9669532602574744,0.0,-2.679325929144475,-2.5840180392083063,0.0,0.0,0.0,-4.934204001272798,0,0,0,0,0,0
image_2755.png,surface,0.0,0.0,2.379946328128365,-0.5642643314402694,-22.81570363198843,0.0,-1.2288512441513006,3.0066099391008736,0.0,0.0,0.0,-2.3484704062042736,0,0,0,0,0,0
image_2756.png,surface,0.0,0.0,1.2666695157100236,-4.567109701773692,13.136248807421744,0.0,1.4349986710882536,0.7936587579560959,0.0,0.0,0.0,-4.91737956608972,0,0,0,0,0,0
image_2757.png,surface,0.0,0.0,1.8608190272721408,16.96136507432309,-6.963580280838635,0.0,0.8938985359929621,-2.363638186195981,0.0,0.0,0.0,1.5357788671868935,0,0,0,0,0,0
image_2758.png,surface,0.0,0.0,1.6512852357783347,10.247640060780402,22.82954128492324,0.0,0.7531315431597825,-3.264508461401132,0.0,0.0,0.0,-0.0065888237323221,0,0,0,0,0,0
image_2759.png,surface,0.0,0.0,1.0298857877529737,-12.827882391412723,-8.156577901038414,0.0,-0.2402689693349338,4.987915767358811,0.0,0.0,0.0,-1.8878505734840312,0,0,0,0,0,0
image_2760.png,surface,0.0,0.0,2.478855027337296,21.167018577950163,9.941714152483522,0.0,2.443643389491784,1.0737785974636116,0.0,0.0,0.0,3.2447905774438794,0,0,0,0,0,0
image_2761.png,surface,0.0,0.0,1.8804196322914224,-8.95743436210259,13.556719614501327,0.0,2.4256583763178874,-0.2810199141384252,0.0,0.0,0.0,4.45137522809102,0,0,0,0,0,0
image_2762.png,surface,0.0,0.0,1.7233194682082773,-9.585646949637797,-19.754649413865888,0.0,-1.0603502625865262,-0.9659867495100262,0.0,0.0,0.0,3.080633755195185,0,0,0,0,0,0
image_2763.png,surface,0.0,0.0,1.3643022033535055,-22.541757124775533,-10.994323918836647,0.0,0.4068626726181822,2.029539432577037,0.0,0.0,0.0,1.4843357071594625,0,0,0,0,0,0
image_2764.png,surface,0.0,0.0,1.976578533357612,18.838790708003923,16.414886532506063,0.0,-2.5928767127582826,-3.542697600234184,0.0,0.0,0.0,3.6476818759846967,0,0,0,0,0,0
image_2765.png,surface,0.0,0.0,1.5432780282095504,6.464030328480553,-23.108901445207422,0.0,-2.4204271454244486,-1.448706095230636,0.0,0.0,0.0,-1.625569893711114,0,0,0,0,0,0
image_2766.png,surface,0.0,0.0,2.015552689571116,2.540687375026102,5.596299376408567,0.0,-0.2388474318585272,0.2701869754403031,0.0,0.0,0.0,-3.700645278233488,0,0,0,0,0,0
image_2767.png,surface,0.0,0.0,1.5007866998046884,-6.923304788699806,-8.28912944112952,0.0,0.6366561388437468,0.4543401308933012,0.0,0.0,0.0,2.021100071537125,0,0,0,0,0,0
image_2768.png,surface,0.0,0.0,1.585290529023832,-5.893231389654609,-23.182170841795102,0.0,-2.9185883610701127,2.3291407933903803,0.0,0.0,0.0,-2.962133638470772,0,0,0,0,0,0
image_2769.png,surface,0.0,0.0,1.8503260769226315,-5.053526438144737,-3.5756550823285345,0.0,-2.8134905544329127,4.001956934378181,0.0,0.0,0.0,-4.783801113436858,0,0,0,0,0,0
image_2770.png,surface,0.0,0.0,2.221822922804664,9.657671853658908,-8.154554126294006,0.0,0.3992368399652286,2.059547197059912,0.0,0.0,0.0,-0.3194603294996936,0,0,0,0,0,0
image_2771.png,surface,0.0,0.0,2.6851258440805923,5.44979251271609,-8.061724038349551,0.0,-0.8651567551739238,-1.9078446252066776,0.0,0.0,0.0,0.490829412862876,0,0,0,0,0,0
image_2772.png,surface,0.0,0.0,1.5573092889264335,24.16630290557692,3.991256370614529,0.0,-0.7649578411322034,-2.227709945139292,0.0,0.0,0.0,1.230178252656664,0,0,0,0,0,0
image_2773.png,surface,0.0,0.0,1.654748502029951,14.966484239410986,16.94525184917711,0.0,4.554876395362898,-0.3164961982813963,0.0,0.0,0.0,-2.001033525675222,0,0,0,0,0,0
image_2774.png,surface,0.0,0.0,2.2893498395302867,-5.742094090654099,-10.463741933498378,0.0,2.164825522549809,2.109457429243488,0.0,0.0,0.0,2.9398842591787657,0,0,0,0,0,0
image_2775.png,surface,0.0,0.0,2.989690732273669,-11.016926819916703,0.6071366531499678,0.0,-3.067033670003081,2.29354783382895,0.0,0.0,0.0,0.9548603991406556,0,0,0,0,0,0
image_2776.png,surface,0.0,0.0,1.4615320363022752,-24.226553077196204,-4.814865981893235,0.0,0.6318951115796968,1.29563706615859,0.0,0.0,0.0,2.0681260887398265,0,0,0,0,0,0
image_2777.png,surface,0.0,0.0,1.4415471656924552,-2.5155257379610654,-1.820818213394216,0.0,-0.240099911643042,-1.612976468627536,0.0,0.0,0.0,1.0765561243633224,0,0,0,0,0,0
image_2778.png,surface,0.0,0.0,2.640610841215328,-2.205560475356097,-18.18330300160465,0.0,-2.023897963513253,1.1838301389733858,0.0,0.0,0.0,-1.5185597460606748,0,0,0,0,0,0
image_2779.png,surface,0.0,0.0,2.5961392347542063,0.7534616410619718,12.30790745838215,0.0,1.2729062444445174,-1.8716541662810444,0.0,0.0,0.0,-4.631149142213938,0,0,0,0,0,0
image_2780.png,surface,0.0,0.0,1.6580236212846475,3.911602993116664,-18.771873414977104,0.0,-3.0098762767905707,3.8332198395035233,0.0,0.0,0.0,3.424900578569222,0,0,0,0,0,0
image_2781.png,surface,0.0,0.0,1.0295001421971035,18.348374235902103,-10.324544723444015,0.0,-4.134962257413335,-2.404290278987564,0.0,0.0,0.0,0.1032003164790005,0,0,0,0,0,0
image_2782.png,surface,0.0,0.0,1.859036096346992,13.20735423648549,-5.073154460209147,0.0,0.8576339372502156,-1.2962194932107525,0.0,0.0,0.0,-0.8075502969141946,0,0,0,0,0,0
image_2783.png,surface,0.0,0.0,2.0869673156424726,7.016579512652327,1.1899684737586995,0.0,3.359844366041622,-0.5139413270745913,0.0,0.0,0.0,-3.188318377171006,0,0,0,0,0,0
image_2784.png,surface,0.0,0.0,2.5203088613185463,-8.798284943203209,18.342108136125955,0.0,-2.936803568129605,-3.903055164722737,0.0,0.0,0.0,-3.125139926104968,0,0,0,0,0,0
image_2785.png,surface,0.0,0.0,2.321894114635276,-8.411550828825154,-11.00150138225108,0.0,-2.3135287916801435,1.592657283787947,0.0,0.0,0.0,-0.3530580069589675,0,0,0,0,0,0
image_2786.png,surface,0.0,0.0,2.344253006313662,-21.97035702518536,1.8842753627452424,0.0,-2.3186165882686245,-0.8095965325139515,0.0,0.0,0.0,0.4969204399632074,0,0,0,0,0,0
image_2787.png,surface,0.0,0.0,2.606761260133444,16.465957408261893,10.830541454943036,0.0,-0.501146730516736,-1.2753211069563506,0.0,0.0,0.0,-2.2167658749657457,0,0,0,0,0,0
image_2788.png,surface,0.0,0.0,2.549743762651806,5.281798048046736,2.804910551756976,0.0,2.890337548874601,0.9435722945146356,0.0,0.0,0.0,-3.3582788518915985,0,0,0,0,0,0
image_2789.png,surface,0.0,0.0,1.9465078297767904,7.201575654866418,-16.206380861842185,0.0,1.2395725706282317,-0.2572798054236395,0.0,0.0,0.0,-1.2540549532432408,0,0,0,0,0,0
image_2790.png,surface,0.0,0.0,1.2096251537016949,-20.8078395150298,10.887091298201298,0.0,-0.7378176760325779,2.488692686036256,0.0,0.0,0.0,-4.8980905192029205,0,0,0,0,0,0
image_2791.png,surface,0.0,0.0,2.6286711411066324,2.0127617020537767,22.649517061495228,0.0,-2.2229874719148444,0.7495568277905899,0.0,0.0,0.0,1.5469211762648882,0,0,0,0,0,0
image_2792.png,surface,0.0,0.0,2.203548000063193,-11.597689086479814,12.833245725582325,0.0,3.221456091748948,-3.765453859810857,0.0,0.0,0.0,3.787002223687608,0,0,0,0,0,0
image_2793.png,surface,0.0,0.0,1.066026953835571,-21.04426067883104,4.0185532845231,0.0,-0.4451796021816058,0.3452403524103548,0.0,0.0,0.0,-4.775854003233758,0,0,0,0,0,0
image_2794.png,surface,0.0,0.0,2.576982119588014,10.27074728396104,18.352778565129324,0.0,1.5442195373156156,-0.9562114625315974,0.0,0.0,0.0,4.660502102214212,0,0,0,0,0,0
image_2795.png,surface,0.0,0.0,1.786678853488444,14.557399833436008,14.551240957433391,0.0,-0.982492266468978,3.3019441533613136,0.0,0.0,0.0,2.4112128753745488,0,0,0,0,0,0
image_2796.png,surface,0.0,0.0,1.6282257926980006,23.94319858802396,-2.3068069013451056,0.0,-2.3332487740226022,1.4691762050706936,0.0,0.0,0.0,3.783872106857535,0,0,0,0,0,0
image_2797.png,surface,0.0,0.0,2.0300967071766367,-7.274900219663783,-4.794613916057879,0.0,0.0897049594562686,-1.503400821592778,0.0,0.0,0.0,-2.4340950036796603,0,0,0,0,0,0
image_2798.png,surface,0.0,0.0,2.343120663319421,-19.95703831011617,-5.821342033642737,0.0,1.7875351959396295,-1.9206247912392649,0.0,0.0,0.0,1.7523352670800607,0,0,0,0,0,0
image_2799.png,surface,0.0,0.0,2.849692755606029,12.17946439002641,-4.59302386297322,0.0,0.6901718082824786,-0.8347288822962287,0.0,0.0,0.0,1.9192232530139235,0,0,0,0,0,0
image_2800.png,surface,0.0,0.0,1.0520355461672812,8.768690674105395,3.135952148214068,0.0,3.378777093983461,0.4167491873726841,0.0,0.0,0.0,-1.2738148730844734,0,0,0,0,0,0
image_2801.png,surface,0.0,0.0,1.609343046474509,15.905070786692407,1.354715737101627,0.0,0.4196664811522392,-2.6395112388733515,0.0,0.0,0.0,-0.1795858469429125,0,0,0,0,0,0
image_2802.png,surface,0.0,0.0,1.0808898018915418,-5.059425841550901,6.890963648012345,0.0,2.958481075110025,2.13271124149259,0.0,0.0,0.0,2.593680852245014,0,0,0,0,0,0
image_2803.png,surface,0.0,0.0,2.68626268054717,-5.092937465878853,16.816562540049897,0.0,-0.9456663829672108,0.2365734867941361,0.0,0.0,0.0,-4.770796832881826,0,0,0,0,0,0
image_2804.png,surface,0.0,0.0,2.4070756182534416,-10.517104729510905,12.567644236752772,0.0,-0.1746357142308295,-1.7966665380143043,0.0,0.0,0.0,3.025574469315641,0,0,0,0,0,0
image_2805.png,surface,0.0,0.0,1.5411404366149457,-13.939502799175225,-17.981521730410694,0.0,-1.865947756440107,2.570198349828359,0.0,0.0,0.0,3.4978614782810773,0,0,0,0,0,0
image_2806.png,surface,0.0,0.0,2.538768321521424,-15.7560721961468,-6.503983637926687,0.0,-4.540930347965094,1.4820971668436709,0.0,0.0,0.0,-1.0116714338458124,0,0,0,0,0,0
image_2807.png,surface,0.0,0.0,2.266759629148356,11.805436376512342,19.236701113138164,0.0,2.2509506442088214,-0.5698531642714837,0.0,0.0,0.0,2.5819739718740458,0,0,0,0,0,0
image_2808.png,surface,0.0,0.0,2.320261069476405,-5.764295905937556,8.181415835628025,0.0,-1.956996375937651,-4.199512172867887,0.0,0.0,0.0,-1.7653551854945526,0,0,0,0,0,0
image_2809.png,surface,0.0,0.0,2.5008594265224504,3.77612896660781,3.903697481270124,0.0,-1.4179591171482238,2.3085244624632044,0.0,0.0,0.0,1.3117099921568398,0,0,0,0,0,0
image_2810.png,surface,0.0,0.0,1.3219545741271046,18.46293612811997,-10.70513568087949,0.0,0.6506604239342273,-2.6916479330808776,0.0,0.0,0.0,-4.20678676850693,0,0,0,0,0,0
image_2811.png,surface,0.0,0.0,2.2009196281886263,-8.781593177334104,-15.477716978269532,0.0,-4.170937267942357,-0.759103797397751,0.0,0.0,0.0,-4.676447401681499,0,0,0,0,0,0
image_2812.png,surface,0.0,0.0,2.0352858626337182,15.37268560210184,-5.003155128118237,0.0,0.3804603598840342,1.775632304589212,0.0,0.0,0.0,-0.7498657067041687,0,0,0,0,0,0
image_2813.png,surface,0.0,0.0,1.6809570403272205,4.251135638678999,20.646210134355226,0.0,-1.4595262566430294,1.5100172698054222,0.0,0.0,0.0,-1.6344320511024293,0,0,0,0,0,0
image_2814.png,surface,0.0,0.0,2.4612476391249127,2.5030910389802608,-24.21692849014172,0.0,-2.4022661231208984,2.256050056399824,0.0,0.0,0.0,-1.393274239965716,0,0,0,0,0,0
image_2815.png,surface,0.0,0.0,1.8684802192986527,17.2960570246862,12.861905774669252,0.0,1.296845076733893,-2.40610434067447,0.0,0.0,0.0,-3.377217169846638,0,0,0,0,0,0
image_2816.png,surface,0.0,0.0,1.9401361647053053,12.300386493816434,16.204374899701353,0.0,-3.279509960561391,-1.5506183263200743,0.0,0.0,0.0,-0.592831214006198,0,0,0,0,0,0
image_2817.png,surface,0.0,0.0,1.4184689210455093,-7.060030985763128,-16.07362088154918,0.0,-0.0174653843223174,-1.8353322940885213,0.0,0.0,0.0,-0.4919626692379575,0,0,0,0,0,0
image_2818.png,surface,0.0,0.0,2.477908036290896,2.648067989853526,-8.239366197922932,0.0,0.9370777835604354,-4.6238912309107,0.0,0.0,0.0,2.966429646903027,0,0,0,0,0,0
image_2819.png,surface,0.0,0.0,1.0212008861342885,4.266767989082063,-5.536282941016435,0.0,0.4010220051128395,-3.053581729905865,0.0,0.0,0.0,4.777674707531928,0,0,0,0,0,0
image_2820.png,surface,0.0,0.0,1.994465293716316,4.600673164484479,-2.793816823104684,0.0,1.676795112239906,1.6395779267476491,0.0,0.0,0.0,4.229312750293724,0,0,0,0,0,0
image_2821.png,surface,0.0,0.0,2.075289724502069,11.396387140542494,-8.254912619360317,0.0,3.304005562545929,0.8025465161250441,0.0,0.0,0.0,2.9780192325860275,0,0,0,0,0,0
image_2822.png,surface,0.0,0.0,1.5351690556576278,2.77257499091094,14.500597575295496,0.0,0.4928151394136849,-3.2228149443713803,0.0,0.0,0.0,0.1559751864293499,0,0,0,0,0,0
image_2823.png,surface,0.0,0.0,1.3370467196922375,-15.778055498241727,3.850058288171117,0.0,-0.036465626298939,-0.6226500176782321,0.0,0.0,0.0,0.7020323912621791,0,0,0,0,0,0
image_2824.png,surface,0.0,0.0,1.6959224933800303,-16.04467822736092,-15.087639524096907,0.0,-2.6634942935405816,-1.0088715137525692,0.0,0.0,0.0,-2.6149313510935257,0,0,0,0,0,0
image_2825.png,surface,0.0,0.0,1.2117360689005665,17.41667027231873,-5.2440173973018975,0.0,-1.4046190736521054,2.802517121866083,0.0,0.0,0.0,1.5530654711716627,0,0,0,0,0,0
image_2826.png,surface,0.0,0.0,2.4423659549891656,1.8037010423043032,-9.014014372604382,0.0,-2.359437122458142,-4.184451223142086,0.0,0.0,0.0,-4.045746248777333,0,0,0,0,0,0
image_2827.png,surface,0.0,0.0,2.162266275256904,7.751514150356994,3.661991462924305,0.0,2.2283089148573643,-1.390764168290557,0.0,0.0,0.0,-1.111302506302656,0,0,0,0,0,0
image_2828.png,surface,0.0,0.0,1.083537935091191,20.031658599717726,1.0320792133743637,0.0,4.506942593389525,1.8094028983515693,0.0,0.0,0.0,3.11459379630627,0,0,0,0,0,0
image_2829.png,surface,0.0,0.0,2.9076596044304504,3.0277939380247,0.1798988876453942,0.0,-3.654299210598553,-3.0581702066277394,0.0,0.0,0.0,0.3362788456281897,0,0,0,0,0,0
image_2830.png,surface,0.0,0.0,2.543524338247953,-18.21263866336881,11.433933679058628,0.0,0.0292487569469413,-0.7970036792524592,0.0,0.0,0.0,-4.856589430164248,0,0,0,0,0,0
image_2831.png,surface,0.0,0.0,2.9487795695444494,5.859289351887544,-14.03471547044664,0.0,-3.93915523856676,1.1641335908663295,0.0,0.0,0.0,2.967478511068556,0,0,0,0,0,0
image_2832.png,surface,0.0,0.0,2.2855403948944364,-19.92103966795189,15.413288430808697,0.0,-4.183084300479778,-0.3278405367746614,0.0,0.0,0.0,0.4653914782714627,0,0,0,0,0,0
image_2833.png,surface,0.0,0.0,2.884227441428563,-18.89852512636712,-1.0734139305823005,0.0,1.3377619885975356,-3.823777743343258,0.0,0.0,0.0,-2.675865569379804,0,0,0,0,0,0
image_2834.png,surface,0.0,0.0,2.606307834879418,0.3087528454435283,23.22626268838884,0.0,2.9953437523618107,3.8866619461822793,0.0,0.0,0.0,0.4244348886857496,0,0,0,0,0,0
image_2835.png,surface,0.0,0.0,1.6173288289084768,-16.303726577302655,-15.461455507951094,0.0,-4.102249072655805,-2.411089749956498,0.0,0.0,0.0,-3.860294649526411,0,0,0,0,0,0
image_2836.png,surface,0.0,0.0,2.508295789475583,-12.772770296277876,7.84363067770869,0.0,-2.4535317705373094,-1.746482922032618,0.0,0.0,0.0,-4.622831117112396,0,0,0,0,0,0
image_2837.png,surface,0.0,0.0,1.2432130338792229,-14.288976356602594,15.91592492919181,0.0,1.248218237544347,-4.5199951717779445,0.0,0.0,0.0,4.992311003476468,0,0,0,0,0,0
image_2838.png,surface,0.0,0.0,2.01269871267461,-12.030839076772732,21.16383561511105,0.0,1.39556842581161,-4.471638864027761,0.0,0.0,0.0,2.701651963125024,0,0,0,0,0,0
image_2839.png,surface,0.0,0.0,2.817544233760737,-12.726170278813182,-4.070475667231152,0.0,3.2963766947703523,-3.196322142705639,0.0,0.0,0.0,-0.278820471362641,0,0,0,0,0,0
image_2840.png,surface,0.0,0.0,2.049240765788344,0.941732990988148,-12.588634948209943,0.0,1.4449517064511477,-0.1663318579120478,0.0,0.0,0.0,-3.259084025100117,0,0,0,0,0,0
image_2841.png,surface,0.0,0.0,2.8934238588025845,-9.732404045938376,5.0423764038817005,0.0,-1.02978051692266,-1.877660281579412,0.0,0.0,0.0,-1.009901828662808,0,0,0,0,0,0
image_2842.png,surface,0.0,0.0,1.7635420451572974,23.30273873829024,-4.26253593924901,0.0,-2.913882216367853,3.960691714334484,0.0,0.0,0.0,3.3322368575279206,0,0,0,0,0,0
image_2843.png,surface,0.0,0.0,2.048307150818556,0.9171971462637288,9.099962712973293,0.0,-3.521574496161956,-2.7533352296166416,0.0,0.0,0.0,-2.382850654089532,0,0,0,0,0,0
image_2844.png,surface,0.0,0.0,2.138990929221346,-0.5599419344420832,-15.82700304806085,0.0,1.382844900421672,0.4866850061242842,0.0,0.0,0.0,-2.032198279934016,0,0,0,0,0,0
image_2845.png,surface,0.0,0.0,2.9209953670912583,-15.386974623207829,6.954411438955352,0.0,0.7510041492925346,0.1575222555853979,0.0,0.0,0.0,-2.575388238364841,0,0,0,0,0,0
image_2846.png,surface,0.0,0.0,2.4153630260102297,-12.524204474124792,12.337178914190266,0.0,0.4510584417854716,1.475742210334336,0.0,0.0,0.0,0.744244051374233,0,0,0,0,0,0
image_2847.png,surface,0.0,0.0,2.189630245587632,11.600063515144155,20.75118744723118,0.0,-0.6180615965594397,0.1036322445144713,0.0,0.0,0.0,-3.002665301119668,0,0,0,0,0,0
image_2848.png,surface,0.0,0.0,1.131418168964298,13.446621533001412,0.6004791645972688,0.0,1.940458739187792,-0.132927034430782,0.0,0.0,0.0,3.4679139821616065,0,0,0,0,0,0
image_2849.png,surface,0.0,0.0,1.446113666114783,22.509101505168857,4.630697983983953,0.0,-2.451552723354829,1.5902696672761896,0.0,0.0,0.0,0.1759021660112116,0,0,0,0,0,0
image_2850.png,surface,0.0,0.0,1.2467277774525454,14.710467668051695,-11.460134695657857,0.0,-3.4110734520141026,0.8782542955388062,0.0,0.0,0.0,1.4344197519844304,0,0,0,0,0,0
image_2851.png,surface,0.0,0.0,2.0223166664924435,23.355057904705845,-1.5345020361408743,0.0,3.250099794553534,-1.3663997329099948,0.0,0.0,0.0,1.095721312348089,0,0,0,0,0,0
image_2852.png,surface,0.0,0.0,2.981634955675736,2.442501412023369,14.273703075763192,0.0,-3.107103880894118,2.951814467988937,0.0,0.0,0.0,-1.644903408423276,0,0,0,0,0,0
image_2853.png,surface,0.0,0.0,2.6751088086628965,0.6536946854024426,-11.944626111105215,0.0,-2.285908618021073,-2.9706538701740675,0.0,0.0,0.0,4.547741493258087,0,0,0,0,0,0
image_2854.png,surface,0.0,0.0,1.9776702207851573,11.793559249881724,-4.165118097694174,0.0,4.661249715574186,-0.8380194733977233,0.0,0.0,0.0,4.80078769211204,0,0,0,0,0,0
image_2855.png,surface,0.0,0.0,2.0287867534089044,-9.468647700128177,5.429942035140169,0.0,0.9028070018416324,-1.423169312628409,0.0,0.0,0.0,1.2923684507393656,0,0,0,0,0,0
image_2856.png,surface,0.0,0.0,1.0826180262162812,-2.743806311140555,3.837307912761934,0.0,-4.221034477243483,0.6362760955128417,0.0,0.0,0.0,2.923097061684933,0,0,0,0,0,0
image_2857.png,surface,0.0,0.0,2.6705783240492926,9.151495231752875,8.368138328057851,0.0,3.0968622809114983,-2.661933973358093,0.0,0.0,0.0,-2.828530963482475,0,0,0,0,0,0
image_2858.png,surface,0.0,0.0,1.7636620211789462,10.2625340707983,17.016253127120102,0.0,-4.304946552285256,-0.4098727959297996,0.0,0.0,0.0,-1.0969087301671188,0,0,0,0,0,0
image_2859.png,surface,0.0,0.0,1.0553034223606548,1.9846754313330064,-18.733102689169552,0.0,2.491139042132116,-0.1983763192242025,0.0,0.0,0.0,-0.1394751230511124,0,0,0,0,0,0
image_2860.png,surface,0.0,0.0,2.84859222097043,4.848633919525458,5.086062880560811,0.0,1.9255702779707928,-2.910193600140697,0.0,0.0,0.0,4.737345610899597,0,0,0,0,0,0
image_2861.png,surface,0.0,0.0,1.8797535337667417,-0.7075750456243143,-16.303607663199962,0.0,3.1985463426966527,0.6772799948804598,0.0,0.0,0.0,1.222069984337086,0,0,0,0,0,0
image_2862.png,surface,0.0,0.0,2.3491432225738684,1.9756925483274907,-23.88239568082672,0.0,0.7322507949737598,3.116151608703335,0.0,0.0,0.0,-0.275177716207164,0,0,0,0,0,0
image_2863.png,surface,0.0,0.0,2.080094655333104,1.8440221531847285,10.981930989641253,0.0,3.1096935294249515,-1.999909235766192,0.0,0.0,0.0,1.169503991781915,0,0,0,0,0,0
image_2864.png,surface,0.0,0.0,2.579308165643252,9.434497063855524,-1.49567509822286,0.0,-2.1772249517791256,-3.1259552038666474,0.0,0.0,0.0,-2.53886752707467,0,0,0,0,0,0
image_2865.png,surface,0.0,0.0,2.9247584932797346,-0.2531881413677837,-9.130308811074231,0.0,-1.3557289081852573,-0.0510136696833451,0.0,0.0,0.0,-3.7021196586498375,0,0,0,0,0,0
image_2866.png,surface,0.0,0.0,2.2419311532042068,-20.24646410655713,-10.752602829719647,0.0,-2.237118740103988,0.797682850933112,0.0,0.0,0.0,3.788228010032265,0,0,0,0,0,0
image_2867.png,surface,0.0,0.0,1.2338382457369552,11.808676118250812,13.042503902782586,0.0,-4.003016574175527,-0.4849755062692376,0.0,0.0,0.0,2.4862593778198985,0,0,0,0,0,0
image_2868.png,surface,0.0,0.0,2.1764440804297904,-11.898931104214006,-1.8185019453132203,0.0,2.0043826725849745,2.2077565757121107,0.0,0.0,0.0,0.0883924185627389,0,0,0,0,0,0
image_2869.png,surface,0.0,0.0,1.0634154920953434,-7.6742701793239805,-21.612389310858887,0.0,-1.4631285985084157,4.421954708323779,0.0,0.0,0.0,-0.5289036555093984,0,0,0,0,0,0
image_2870.png,surface,0.0,0.0,1.689682299943893,20.026331175237218,-0.8859299702930791,0.0,0.7779805076127526,-1.6231991536698454,0.0,0.0,0.0,-2.505559227435885,0,0,0,0,0,0
image_2871.png,surface,0.0,0.0,1.1479759885313947,24.58200725149638,0.7971361569332873,0.0,-1.2987775253063003,2.1296544238771524,0.0,0.0,0.0,-1.990148050076564,0,0,0,0,0,0
image_2872.png,surface,0.0,0.0,1.57142080557791,-13.931503915556377,4.539215245259709,0.0,3.158506850364505,-3.267942966197797,0.0,0.0,0.0,2.178012379724493,0,0,0,0,0,0
image_2873.png,surface,0.0,0.0,2.797457683718513,-14.052307480525318,-6.154223998613607,0.0,-2.5214802867863497,1.146859733782889,0.0,0.0,0.0,-4.461039507778287,0,0,0,0,0,0
image_2874.png,surface,0.0,0.0,1.4236939368963863,-0.4558370928841738,-3.426520689058001,0.0,-2.79495252265284,3.490739736962247,0.0,0.0,0.0,4.303663958408389,0,0,0,0,0,0
image_2875.png,surface,0.0,0.0,2.565019989559348,-3.179682964979472,-8.857891496575915,0.0,2.1804391297815484,-2.546797045377674,0.0,0.0,0.0,-2.50788420389138,0,0,0,0,0,0
image_2876.png,surface,0.0,0.0,1.7927828515806377,-4.795485618488671,0.506868186380101,0.0,-0.4391765863294363,-0.1779509787215538,0.0,0.0,0.0,2.4626555873679745,0,0,0,0,0,0
image_2877.png,surface,0.0,0.0,1.7384133035882314,12.566581730421229,4.362107681766719,0.0,3.2318048715672463,-0.6416134861830861,0.0,0.0,0.0,3.909954548879956,0,0,0,0,0,0
image_2878.png,surface,0.0,0.0,2.688787807969394,-13.753438990996631,12.011065563856263,0.0,2.4090682586089787,4.349831412794975,0.0,0.0,0.0,2.325124258890284,0,0,0,0,0,0
image_2879.png,surface,0.0,0.0,1.8253291251998705,5.03193768855149,6.500865278102717,0.0,2.010598829964338,0.2291398566892797,0.0,0.0,0.0,1.327983380743377,0,0,0,0,0,0
image_2880.png,surface,0.0,0.0,2.964813837293211,-5.85938997292403,12.823742198168462,0.0,-1.3060918215773498,3.5531975864675154,0.0,0.0,0.0,0.8059330267544436,0,0,0,0,0,0
image_2881.png,surface,0.0,0.0,1.3976978282235055,10.892222899488262,-13.400382319493673,0.0,-1.835156585551726,-1.839500239803301,0.0,0.0,0.0,0.1161126329920279,0,0,0,0,0,0
image_2882.png,surface,0.0,0.0,2.7589802916909747,-6.083025327002474,6.962074511432654,0.0,-2.4744651393109187,2.177490215962252,0.0,0.0,0.0,0.7257732757711715,0,0,0,0,0,0
image_2883.png,surface,0.0,0.0,1.5421743071364749,6.468711545213723,-14.936742816135988,0.0,0.1010185391488735,3.882914476294507,0.0,0.0,0.0,-4.018568642606018,0,0,0,0,0,0
image_2884.png,surface,0.0,0.0,2.1106294160938863,17.867698519061587,9.455494572828377,0.0,0.3286175676902648,4.1518019293676085,0.0,0.0,0.0,4.734817564627349,0,0,0,0,0,0
image_2885.png,surface,0.0,0.0,1.2396549765592606,20.474472723751084,-9.58372993677776,0.0,1.012121897312975,-2.817867458101725,0.0,0.0,0.0,-3.068837432553461,0,0,0,0,0,0
image_2886.png,surface,0.0,0.0,1.0937456384294988,8.442984630027812,5.676626803543795,0.0,0.8941959042442609,-1.558575170713528,0.0,0.0,0.0,4.751956462792782,0,0,0,0,0,0
image_2887.png,surface,0.0,0.0,1.7455347306445437,-5.468919872861052,-21.640810722598605,0.0,-4.205947820188287,0.8030152365504485,0.0,0.0,0.0,4.772028985396199,0,0,0,0,0,0
image_2888.png,surface,0.0,0.0,1.3585670435956811,-20.29209084660016,-3.9721868236097806,0.0,-2.067465640654542,0.2370159359211547,0.0,0.0,0.0,-1.8095613744158223,0,0,0,0,0,0
image_2889.png,surface,0.0,0.0,1.976406516041193,6.649192402150575,-23.095188576026235,0.0,-3.095065536068768,1.571168509047046,0.0,0.0,0.0,-0.7493789720829813,0,0,0,0,0,0
image_2890.png,surface,0.0,0.0,1.4859840702356748,8.023836487853009,4.867235057549791,0.0,-0.013377234833186,3.275898113640935,0.0,0.0,0.0,-3.289595914618104,0,0,0,0,0,0
image_2891.png,surface,0.0,0.0,1.0777474247777463,8.365929799405382,-9.4921648591518,0.0,0.5444594590519765,0.8735680521185109,0.0,0.0,0.0,1.6303374622758584,0,0,0,0,0,0
image_2892.png,surface,0.0,0.0,2.4365865493914924,-7.937460699607427,-10.548514239123092,0.0,-1.869515434148016,-2.5670936748671407,0.0,0.0,0.0,2.535505043609984,0,0,0,0,0,0
image_2893.png,surface,0.0,0.0,1.6676005810546282,3.1283010841520764,-3.911069599310876,0.0,1.0604329484644923,-0.447619502676295,0.0,0.0,0.0,-3.281987325449421,0,0,0,0,0,0
image_2894.png,surface,0.0,0.0,1.344603981343143,0.486660102529378,-6.033966486324471,0.0,1.553564054545166,-4.292194385682651,0.0,0.0,0.0,-3.044992523295831,0,0,0,0,0,0
image_2895.png,surface,0.0,0.0,2.895947050717093,7.1078364343069,21.80643903120756,0.0,-2.258549749960024,-2.957436945534175,0.0,0.0,0.0,-1.5968573907610015,0,0,0,0,0,0
image_2896.png,surface,0.0,0.0,1.9771183312141367,-3.982337327357402,-20.637779899000947,0.0,3.2107204292320484,1.263961553535751,0.0,0.0,0.0,0.056862972484831,0,0,0,0,0,0
image_2897.png,surface,0.0,0.0,2.125916992331314,24.22329470996773,1.043564211220843,0.0,2.546809604168882,-0.6992579763711874,0.0,0.0,0.0,-2.047129879011212,0,0,0,0,0,0
image_2898.png,surface,0.0,0.0,2.924447096579164,12.847592299432222,-2.0100319591055404,0.0,1.735611028412228,-0.8672819186149462,0.0,0.0,0.0,3.117232464269833,0,0,0,0,0,0
image_2899.png,surface,0.0,0.0,1.2363088008835057,10.725229242758164,22.02737232296733,0.0,-2.529260634870664,-2.408603760707946,0.0,0.0,0.0,-2.1322043342910044,0,0,0,0,0,0
image_2900.png,surface,0.0,0.0,1.3645387025940705,6.357461513048655,-2.360945585408263,0.0,0.2603628462612505,-2.351592288272274,0.0,0.0,0.0,-4.329050820557755,0,0,0,0,0,0
image_2901.png,surface,0.0,0.0,2.420409565528038,7.153906597608144,21.57023589339434,0.0,-1.7519936624362744,-0.2536176624974668,0.0,0.0,0.0,-3.0139575505025915,0,0,0,0,0,0
image_2902.png,surface,0.0,0.0,2.1215764626782674,-11.29364364225851,-19.07561074827508,0.0,-3.213582890440817,2.56344744554252,0.0,0.0,0.0,2.992868003872741,0,0,0,0,0,0
image_2903.png,surface,0.0,0.0,1.83054373626273,7.662064985945911,-14.37575718223298,0.0,-3.00518995231709,-3.902256815114266,0.0,0.0,0.0,0.0441776303769261,0,0,0,0,0,0
image_2904.png,surface,0.0,0.0,1.2243100663109574,3.881063297018106,24.18699822148893,0.0,0.7497879020847389,1.9953629068474108,0.0,0.0,0.0,-1.4886604732068132,0,0,0,0,0,0
image_2905.png,surface,0.0,0.0,2.1679201690559555,8.923407774010956,-13.80093075621593,0.0,3.979010767633226,2.150889658091711,0.0,0.0,0.0,1.2215781083226185,0,0,0,0,0,0
image_2906.png,surface,0.0,0.0,1.8828907522058105,16.537962347343083,-14.254220131259776,0.0,0.9377318837400248,4.476782867991886,0.0,0.0,0.0,3.711630320434693,0,0,0,0,0,0
image_2907.png,surface,0.0,0.0,2.342132465811112,-17.530639492352513,-13.643434285938604,0.0,2.139931890853709,-0.0230912103767855,0.0,0.0,0.0,1.8236427309729084,0,0,0,0,0,0
image_2908.png,surface,0.0,0.0,1.6008434137319894,-6.156524602978393,9.920604977708985,0.0,-3.05645042145488,-3.2018037291362824,0.0,0.0,0.0,-4.861395857907176,0,0,0,0,0,0
image_2909.png,surface,0.0,0.0,1.805020113932263,-16.091664548331615,6.6532770466491735,0.0,4.989120042045405,0.2903479993048098,0.0,0.0,0.0,-3.1914179140764345,0,0,0,0,0,0
image_2910.png,surface,0.0,0.0,1.61603283934886,-5.079001138130563,-24.33623359956437,0.0,0.2159041866140738,-3.6851099605515767,0.0,0.0,0.0,1.814489962064501,0,0,0,0,0,0
image_2911.png,surface,0.0,0.0,1.401863983378253,0.3199265646623572,9.11734498048524,0.0,-0.4963804242325407,-3.837341678144003,0.0,0.0,0.0,-1.9486888679232937,0,0,0,0,0,0
image_2912.png,surface,0.0,0.0,2.016027866527594,-10.244589293903926,-10.697335599134163,0.0,2.957018519315935,0.8718244066805259,0.0,0.0,0.0,-4.167114403989772,0,0,0,0,0,0
image_2913.png,surface,0.0,0.0,2.658277515224784,-13.57044998299668,2.970288431459404,0.0,-1.5604124643288655,2.23450302782498,0.0,0.0,0.0,-4.079709075381067,0,0,0,0,0,0
image_2914.png,surface,0.0,0.0,1.0688645981004978,-6.483164462850282,-1.0963487469396425,0.0,0.697995907441323,0.8477914800025174,0.0,0.0,0.0,-3.978331301680381,0,0,0,0,0,0
image_2915.png,surface,0.0,0.0,1.970758104823092,-4.296011442414675,-10.47259275908223,0.0,0.6444581738923595,0.4987006159952484,0.0,0.0,0.0,-3.305001705928184,0,0,0,0,0,0
image_2916.png,surface,0.0,0.0,2.504202886325502,21.469921601161182,3.210868152068529,0.0,-3.4984311688698564,-3.442230497479825,0.0,0.0,0.0,1.8908905412018848,0,0,0,0,0,0
image_2917.png,surface,0.0,0.0,2.2681086174324934,6.347485090220796,-15.32247695882472,0.0,-2.9314831482165733,-0.8623367682546313,0.0,0.0,0.0,-0.8576616082123749,0,0,0,0,0,0
image_2918.png,surface,0.0,0.0,2.986051239925742,23.957051955276107,0.8394412284322235,0.0,1.2454929265997063,-3.5453501041904154,0.0,0.0,0.0,-3.9252213485076606,0,0,0,0,0,0
image_2919.png,surface,0.0,0.0,1.1144775169186123,2.475790413530706,-1.0480852132703535,0.0,-2.606835290524338,4.048693333667843,0.0,0.0,0.0,-4.537751208879296,0,0,0,0,0,0
image_2920.png,surface,0.0,0.0,1.3234844992323858,-2.4890089158988387,-17.986025967502407,0.0,-4.491558675095957,2.060418765547199,0.0,0.0,0.0,1.366488599670758,0,0,0,0,0,0
image_2921.png,surface,0.0,0.0,1.63935951288993,5.242241202935992,20.030382124030627,0.0,2.2792717015973887,1.7398202648403105,0.0,0.0,0.0,-2.427006153284524,0,0,0,0,0,0
image_2922.png,surface,0.0,0.0,1.0124544099970123,-9.12659667428333,19.568445542722102,0.0,-0.6238376485327102,-2.0844833498270505,0.0,0.0,0.0,0.4994565782589157,0,0,0,0,0,0
image_2923.png,surface,0.0,0.0,2.0389324270763467,-2.725103845483308,11.935727650527191,0.0,0.400474237951975,2.665058229104705,0.0,0.0,0.0,-0.23867377963054,0,0,0,0,0,0
image_2924.png,surface,0.0,0.0,2.281269362304831,13.138723213236997,-2.347938455725733,0.0,-2.8300854329833296,2.745686980214567,0.0,0.0,0.0,-2.204309162146206,0,0,0,0,0,0
image_2925.png,surface,0.0,0.0,1.837472773944827,-1.899002825426422,21.728790719317768,0.0,-0.7745123400947965,-1.446916471302267,0.0,0.0,0.0,-0.7666154923240498,0,0,0,0,0,0
image_2926.png,surface,0.0,0.0,1.834680578687536,11.51796014945359,-12.356952637285778,0.0,-0.7939796659643453,0.5631329840749215,0.0,0.0,0.0,-1.4332796650078885,0,0,0,0,0,0
image_2927.png,surface,0.0,0.0,2.7545576270404206,-0.598314253866743,24.267212533992936,0.0,1.9098242088342416,-1.9607801330137868,0.0,0.0,0.0,1.1086554052688626,0,0,0,0,0,0
image_2928.png,surface,0.0,0.0,2.2238038306132006,2.7417685029668086,-24.52231353800796,0.0,0.3783160302777332,-0.8930758404117931,0.0,0.0,0.0,-2.393144402210078,0,0,0,0,0,0
image_2929.png,surface,0.0,0.0,1.5270046275279467,18.403228330377576,2.020266618572788,0.0,-1.4104368415901352,-2.7571553642928817,0.0,0.0,0.0,4.125650683363375,0,0,0,0,0,0
image_2930.png,surface,0.0,0.0,1.6392918268913346,6.894536449548127,1.039288843433961,0.0,-4.473742359662546,-1.7230588558967603,0.0,0.0,0.0,0.9552132310856152,0,0,0,0,0,0
image_2931.png,surface,0.0,0.0,1.4016492635110325,20.927737966677267,-1.4762411191224758,0.0,-1.1485919694145847,2.048691463049515,0.0,0.0,0.0,-4.355240215935443,0,0,0,0,0,0
image_2932.png,surface,0.0,0.0,1.5292860097718182,-4.376785619886667,-12.927825305202555,0.0,-1.965087526393293,2.599411068563701,0.0,0.0,0.0,-2.9458738748768565,0,0,0,0,0,0
image_2933.png,surface,0.0,0.0,2.3403244215363,4.96713350047699,10.794813927879082,0.0,4.956223906247344,-0.1778635574983426,0.0,0.0,0.0,-1.7245066465350032,0,0,0,0,0,0
image_2934.png,surface,0.0,0.0,2.2755278481978696,23.094569225059782,1.7449930772155655,0.0,1.1133571591266151,-3.7949278864102096,0.0,0.0,0.0,-2.4775010138138995,0,0,0,0,0,0
image_2935.png,surface,0.0,0.0,1.5232933595593985,10.35370721289354,-1.781230792850059,0.0,0.7455119239984737,3.5297780885756507,0.0,0.0,0.0,-3.8707420723086816,0,0,0,0,0,0
image_2936.png,surface,0.0,0.0,2.0794637308846795,-1.5937332217936913,5.254680222615345,0.0,-3.120870081282697,-3.506665747367662,0.0,0.0,0.0,-3.416072906109485,0,0,0,0,0,0
image_2937.png,surface,0.0,0.0,2.721263047308108,12.369137813672086,-15.035107576365752,0.0,0.5527408561320915,-3.9001449569778255,0.0,0.0,0.0,-2.235062452160551,0,0,0,0,0,0
image_2938.png,surface,0.0,0.0,1.5367588617773136,5.123424648856415,-7.912726458527432,0.0,-3.5959512582008566,-3.145753175773571,0.0,0.0,0.0,-1.874372525191983,0,0,0,0,0,0
image_2939.png,surface,0.0,0.0,1.0497924020879883,5.896481403773633,0.8438129657576721,0.0,-2.063515607908119,1.838102776657212,0.0,0.0,0.0,1.618551465309591,0,0,0,0,0,0
image_2940.png,surface,0.0,0.0,1.552172544604287,2.0554080154704506,-1.6212598041430206,0.0,-2.8229372037027605,-1.8277537147140897,0.0,0.0,0.0,-2.70545437615704,0,0,0,0,0,0
image_2941.png,surface,0.0,0.0,2.8814461068244874,-6.728308815481816,15.885851793121487,0.0,0.2407094393444699,1.125857949773302,0.0,0.0,0.0,2.754504371528625,0,0,0,0,0,0
image_2942.png,surface,0.0,0.0,1.0410249013395414,-8.967131924277975,-9.483852890737069,0.0,2.281116918776295,3.9465223599300745,0.0,0.0,0.0,-1.3015582982669436,0,0,0,0,0,0
image_2943.png,surface,0.0,0.0,1.2431053168425508,-5.755706501427487,20.82340973691809,0.0,-0.8386361953552601,-4.88376108253331,0.0,0.0,0.0,4.079027006756862,0,0,0,0,0,0
image_2944.png,surface,0.0,0.0,1.3474484978990833,-7.539826057168989,0.9337695267465812,0.0,-2.3181172319845977,3.5777175118053104,0.0,0.0,0.0,0.6664634268700969,0,0,0,0,0,0
image_2945.png,surface,0.0,0.0,2.4126171764228395,-6.591526244922028,19.905508615264743,0.0,-2.202016070772049,0.3611870963646331,0.0,0.0,0.0,2.905277469855964,0,0,0,0,0,0
image_2946.png,surface,0.0,0.0,2.9573729768034225,-11.807751918223229,8.114566141236237,0.0,0.746698848278666,-0.1130068362682204,0.0,0.0,0.0,-0.4698157387254875,0,0,0,0,0,0
image_2947.png,surface,0.0,0.0,2.1766182817030373,-12.934526879344126,7.38123847326418,0.0,-0.0324291362560992,-1.596872942472472,0.0,0.0,0.0,3.9871605155273,0,0,0,0,0,0
image_2948.png,surface,0.0,0.0,1.176995898372936,2.497835789291336,6.472042670594352,0.0,2.8860591387407686,-0.8694771438207101,0.0,0.0,0.0,-3.435478856233256,0,0,0,0,0,0
image_2949.png,surface,0.0,0.0,1.915993311314303,-13.843881042935951,-6.754933846291223,0.0,-0.5758563032038484,2.0965497075356354,0.0,0.0,0.0,2.0106904166887487,0,0,0,0,0,0
image_2950.png,surface,0.0,0.0,2.5661409389238203,-9.634976148297104,17.71130359057178,0.0,1.202994027085156,-4.534723772840727,0.0,0.0,0.0,1.1319651433032405,0,0,0,0,0,0
image_2951.png,surface,0.0,0.0,1.3581775340008344,-11.046685330012677,0.7958665190488741,0.0,-1.6025153321574197,-4.0942803279274855,0.0,0.0,0.0,-4.330443050116375,0,0,0,0,0,0
image_2952.png,surface,0.0,0.0,1.5916807324512274,0.0548000370394088,-20.355776808826377,0.0,-1.8767412236853096,-2.490495236994452,0.0,0.0,0.0,-1.4046274732055395,0,0,0,0,0,0
image_2953.png,surface,0.0,0.0,2.3351490010340274,-9.947739506035722,17.29670808765787,0.0,-4.210651812479697,-2.1946209744461824,0.0,0.0,0.0,2.0474979569501253,0,0,0,0,0,0
image_2954.png,surface,0.0,0.0,1.6356693668020483,-3.104776167347288,9.792692091733636,0.0,-1.835599375165667,0.3871950994127108,0.0,0.0,0.0,-1.4699841627008947,0,0,0,0,0,0
image_2955.png,surface,0.0,0.0,2.45771581138258,-5.669673641550389,-12.81093378274982,0.0,1.7961354798227065,3.76450369158303,0.0,0.0,0.0,-1.1159674106251307,0,0,0,0,0,0
image_2956.png,surface,0.0,0.0,2.5902948379531407,-7.698102032667569,-18.9263996264303,0.0,-4.08165890809063,0.7500862429414803,0.0,0.0,0.0,-4.21348065765621,0,0,0,0,0,0
image_2957.png,surface,0.0,0.0,2.661563948665889,1.4094055662368496,12.90094304381106,0.0,0.7957277224417247,2.584510769469264,0.0,0.0,0.0,-0.4413545814219297,0,0,0,0,0,0
image_2958.png,surface,0.0,0.0,2.1025345144309915,9.480435742630837,-22.965405483042264,0.0,-4.065949673957076,-1.1630141923416684,0.0,0.0,0.0,1.4936066185363917,0,0,0,0,0,0
image_2959.png,surface,0.0,0.0,1.7575898428962249,20.810688683374185,3.309241409641204,0.0,-0.860166344543147,3.192802274958653,0.0,0.0,0.0,-0.5993575721940712,0,0,0,0,0,0
image_2960.png,surface,0.0,0.0,2.236926156208164,0.7206504781277214,-3.720128857606424,0.0,-3.617588708302767,-2.531576769026464,0.0,0.0,0.0,0.8170983755530861,0,0,0,0,0,0
image_2961.png,surface,0.0,0.0,1.372541904779648,12.384764156119804,13.782020922075183,0.0,2.307218091253865,0.606608997088992,0.0,0.0,0.0,3.663962762183086,0,0,0,0,0,0
image_2962.png,surface,0.0,0.0,1.4091303764653071,2.7194219730440734,7.947514597670303,0.0,-1.45843614101863,1.993464243512297,0.0,0.0,0.0,-4.311550459615949,0,0,0,0,0,0
image_2963.png,surface,0.0,0.0,2.637408752705928,-19.636970161529533,-4.305179269253902,0.0,0.9562577394051968,1.4992890003670851,0.0,0.0,0.0,-3.866600465833265,0,0,0,0,0,0
image_2964.png,surface,0.0,0.0,2.6345555848692337,-2.7100561217439645,-12.415490175581349,0.0,1.2535643838964927,-0.7134258327030198,0.0,0.0,0.0,-1.1063114559364815,0,0,0,0,0,0
image_2965.png,surface,0.0,0.0,1.8137252501078769,-2.1636465835872656,1.281201368415688,0.0,-2.5123329965513137,3.6148079709844616,0.0,0.0,0.0,-4.477933370025086,0,0,0,0,0,0
image_2966.png,surface,0.0,0.0,1.934812279264516,-10.781888850915731,-3.3340701385020832,0.0,-0.1010061284997326,0.0046454402507866,0.0,0.0,0.0,1.903358820327151,0,0,0,0,0,0
image_2967.png,surface,0.0,0.0,1.8595062266322109,2.6385698474828523,-10.25732398558291,0.0,3.044588558456085,-3.4664280632040696,0.0,0.0,0.0,2.391894436315374,0,0,0,0,0,0
image_2968.png,surface,0.0,0.0,1.904767576751637,-4.856352224085292,-21.25976647144152,0.0,-2.6243351476599672,-3.707033258895216,0.0,0.0,0.0,-2.829505096187559,0,0,0,0,0,0
image_2969.png,surface,0.0,0.0,1.4555825521757098,-1.5573909816122018,-5.640703259050309,0.0,-1.707343456009179,-0.036265229354652,0.0,0.0,0.0,2.229580500529358,0,0,0,0,0,0
image_2970.png,surface,0.0,0.0,1.4365769840507712,4.102504207240582,-4.48916298498535,0.0,0.8195291466716808,4.387538651002097,0.0,0.0,0.0,-4.120498876552151,0,0,0,0,0,0
image_2971.png,surface,0.0,0.0,2.6655583093745383,-15.47092872556612,-18.56268001964897,0.0,0.9428498732371584,-2.043761760786361,0.0,0.0,0.0,-0.5204907354722277,0,0,0,0,0,0
image_2972.png,surface,0.0,0.0,2.334164152326305,10.298918119059646,3.321451742281785,0.0,-2.0660139373675053,-3.233533276604305,0.0,0.0,0.0,3.64911719312415,0,0,0,0,0,0
image_2973.png,surface,0.0,0.0,2.951557516126849,22.031143111809108,10.786916940283504,0.0,2.42202126323206,1.858750877790672,0.0,0.0,0.0,-2.753139234408686,0,0,0,0,0,0
image_2974.png,surface,0.0,0.0,1.320449735307984,-13.297712174618477,11.04062220914708,0.0,-1.675865983621534,0.1335381730534738,0.0,0.0,0.0,2.597142523399815,0,0,0,0,0,0
image_2975.png,surface,0.0,0.0,2.8468908636404016,14.44749323577684,1.18673587477753,0.0,4.3529847967748525,0.4696571788538642,0.0,0.0,0.0,1.0417926689004329,0,0,0,0,0,0
image_2976.png,surface,0.0,0.0,2.5311549191000378,-18.614471028325514,15.156682497898212,0.0,3.2452226025353257,0.6967597159991796,0.0,0.0,0.0,2.062232021058379,0,0,0,0,0,0
image_2977.png,surface,0.0,0.0,2.0551494911456567,4.557016991736916,4.255852085958561,0.0,2.8737974585737445,-0.8976260930117187,0.0,0.0,0.0,-1.250027655186161,0,0,0,0,0,0
image_2978.png,surface,0.0,0.0,2.306503534179787,14.582288704627643,-13.039435679391774,0.0,-0.1688993379227593,2.555556168588536,0.0,0.0,0.0,3.6805056011382113,0,0,0,0,0,0
image_2979.png,surface,0.0,0.0,2.675253455161124,-20.55344911016464,8.056451422929838,0.0,-2.67909461609338,-3.3862029525650583,0.0,0.0,0.0,0.5778587325891387,0,0,0,0,0,0
image_2980.png,surface,0.0,0.0,2.055255265760893,-5.037880792395156,-14.781455950574212,0.0,1.8252078347379888,0.3865030829237504,0.0,0.0,0.0,-3.2644418500564507,0,0,0,0,0,0
image_2981.png,surface,0.0,0.0,2.2947647827055566,-16.929586397548157,-9.330849559175787,0.0,0.0334656391094301,0.6406149583683978,0.0,0.0,0.0,2.4459972767496687,0,0,0,0,0,0
image_2982.png,surface,0.0,0.0,2.95354015824304,-3.7003871141505735,-24.640867913059434,0.0,0.6261092835509835,-0.5718736465257003,0.0,0.0,0.0,3.922697886054445,0,0,0,0,0,0
image_2983.png,surface,0.0,0.0,2.4405925479976,1.926617989844051,23.020876689185467,0.0,3.3389941932766614,3.52631259984113,0.0,0.0,0.0,-3.123248478605425,0,0,0,0,0,0
image_2984.png,surface,0.0,0.0,1.156948592693735,9.218974611305963,-22.336510247451308,0.0,0.0336265518151525,-3.806848046305909,0.0,0.0,0.0,0.6732504363481997,0,0,0,0,0,0
image_2985.png,surface,0.0,0.0,2.433608951713876,12.986224449542297,-20.14380719205404,0.0,2.584825558844346,1.892349300775304,0.0,0.0,0.0,4.730976597564123,0,0,0,0,0,0
image_2986.png,surface,0.0,0.0,2.9477518568278898,-9.42440798624581,-13.484496648651442,0.0,1.730543098549924,-0.5258859148457117,0.0,0.0,0.0,2.574688390971339,0,0,0,0,0,0
image_2987.png,surface,0.0,0.0,1.7814588635477435,-22.30660972551045,-2.129764795258857,0.0,0.4061202043574271,3.6303068933611145,0.0,0.0,0.0,-0.3466065070653137,0,0,0,0,0,0
image_2988.png,surface,0.0,0.0,1.0868563219495733,17.7445669150667,17.250767321670462,0.0,1.5396280638366473,-3.913001189775248,0.0,0.0,0.0,-1.9943673550495564,0,0,0,0,0,0
image_2989.png,surface,0.0,0.0,2.4546511855565925,-15.01604509323104,10.36042840923582,0.0,-4.221263248526865,-0.9086558697882678,0.0,0.0,0.0,4.2905737862592925,0,0,0,0,0,0
image_2990.png,surface,0.0,0.0,1.6182920074832683,-21.985427999599587,10.09973270082348,0.0,-0.1649843670766917,-0.0285204812932605,0.0,0.0,0.0,-2.1495357197054057,0,0,0,0,0,0
image_2991.png,surface,0.0,0.0,2.8358511320353883,-2.060276885996604,1.103157202141898,0.0,-2.1749114636354903,2.072300204004833,0.0,0.0,0.0,3.109624033617622,0,0,0,0,0,0
image_2992.png,surface,0.0,0.0,1.3650775800679076,-0.4044451423519861,-13.150378516645956,0.0,0.3453028070376747,-2.660657351826191,0.0,0.0,0.0,-3.779456516378007,0,0,0,0,0,0
image_2993.png,surface,0.0,0.0,1.753337310728237,-11.568290610405397,-15.89127530047778,0.0,1.2041898238204958,-2.4566715632554894,0.0,0.0,0.0,-3.613526804559619,0,0,0,0,0,0
image_2994.png,surface,0.0,0.0,1.047354038177976,-14.922839216101544,-0.9516621055596368,0.0,-0.1336754588339561,-4.325730657621047,0.0,0.0,0.0,0.3128247120182568,0,0,0,0,0,0
image_2995.png,surface,0.0,0.0,1.877404940273362,10.92274765585175,7.842021496802863,0.0,-0.6017238720945602,1.9387465670066992,0.0,0.0,0.0,2.976605706518204,0,0,0,0,0,0
image_2996.png,surface,0.0,0.0,1.3800074474612525,8.250734009458569,-22.254492468819105,0.0,0.3419178664768085,3.443610877282539,0.0,0.0,0.0,-3.991784618816409,0,0,0,0,0,0
image_2997.png,surface,0.0,0.0,2.194184631198049,5.149747503973768,1.1597783322930024,0.0,0.4709082349733259,1.925141707105953,0.0,0.0,0.0,-0.3366999156747816,0,0,0,0,0,0
image_2998.png,surface,0.0,0.0,2.492373050561576,14.13807753225409,-4.044645521518829,0.0,3.1754780075304474,-1.712142172457001,0.0,0.0,0.0,-3.4534419418678883,0,0,0,0,0,0
image_2999.png,surface,0.0,0.0,1.5596797661632351,-14.08772624041361,-1.42081781814282,0.0,4.649067199710978,-1.6251809772794776,0.0,0.0,0.0,-4.499446760826209,0,0,0,0,0,0
image_3000.png,surface,0.0,0.0,1.2674624072179177,-10.160095490253967,-9.08915534502862,0.0,-2.520530869712155,-2.499317185394154,0.0,0.0,0.0,-3.55379059238974,0,0,0,0,0,0
image_3001.png,surface,0.0,0.0,1.2394871374467178,-11.251221159025068,12.821526106541484,0.0,-0.2093761857474778,3.933822802025153,0.0,0.0,0.0,-4.909211224739507,0,0,0,0,0,0
image_3002.png,surface,0.0,0.0,1.5094734050313323,-11.664160593351754,-12.825407554656303,0.0,3.2686839882567864,3.209021915255406,0.0,0.0,0.0,0.3929108541272619,0,0,0,0,0,0
image_3003.png,surface,0.0,0.0,2.6568428279263365,-16.58372696465632,-11.856323655585546,0.0,-0.8715121177789256,-1.873982553158847,0.0,0.0,0.0,-2.933148116882942,0,0,0,0,0,0
image_3004.png,surface,0.0,0.0,1.866138524724351,-18.35299623102519,8.91340537964653,0.0,2.6998598337871624,-0.5389497146778669,0.0,0.0,0.0,-4.828295251994899,0,0,0,0,0,0
image_3005.png,surface,0.0,0.0,1.385928492536599,11.51947124808023,-5.379928983822744,0.0,2.120107349487681,4.362580737353483,0.0,0.0,0.0,-3.891408239465295,0,0,0,0,0,0
image_3006.png,surface,0.0,0.0,1.5672744223864807,16.669829941169393,-3.2148769238514547,0.0,1.0940915058056475,-4.059872788023944,0.0,0.0,0.0,-3.3936414819042984,0,0,0,0,0,0
image_3007.png,surface,0.0,0.0,1.6998490621855624,-7.375703096453107,6.11644950041954,0.0,-3.987943601825207,-0.8647410287209057,0.0,0.0,0.0,-1.7189439051121704,0,0,0,0,0,0
image_3008.png,surface,0.0,0.0,1.4079134368262454,16.21943953008279,2.2927151020896583,0.0,-3.728337532466173,-3.01324611219513,0.0,0.0,0.0,2.612478104935251,0,0,0,0,0,0
image_3009.png,surface,0.0,0.0,2.0790565652607422,17.18363746810218,-11.658833672890468,0.0,1.843947168484048,0.1563449217023051,0.0,0.0,0.0,-2.940958378030476,0,0,0,0,0,0
image_3010.png,surface,0.0,0.0,2.138953777034865,20.03089447431084,6.287595406651032,0.0,-3.255585236217205,0.7772826515838756,0.0,0.0,0.0,-1.7494749020048683,0,0,0,0,0,0
image_3011.png,surface,0.0,0.0,2.559161667473445,-23.14586877482074,4.684181708168842,0.0,0.5486279576200548,-4.031490188417183,0.0,0.0,0.0,2.658197871980612,0,0,0,0,0,0
image_3012.png,surface,0.0,0.0,2.391029049648938,4.768086719115733,-1.511538445379111,0.0,3.436280944707524,1.90905559519798,0.0,0.0,0.0,2.493472765750536,0,0,0,0,0,0
image_3013.png,surface,0.0,0.0,1.4916084227300817,2.5537403643884,16.192940463081374,0.0,0.2013872714887975,0.3538476121524365,0.0,0.0,0.0,3.4861717932816525,0,0,0,0,0,0
image_3014.png,surface,0.0,0.0,1.3150125776224548,14.89666095385926,20.06309661165789,0.0,1.90971383235386,3.857910286930133,0.0,0.0,0.0,-1.056678654670267,0,0,0,0,0,0
image_3015.png,surface,0.0,0.0,2.807759424473905,-7.417428421850607,-16.66871658671381,0.0,-1.6696982114821777,4.389291946786302,0.0,0.0,0.0,-3.2835416751254334,0,0,0,0,0,0
image_3016.png,surface,0.0,0.0,2.65126988052669,-2.679157635450835,17.227681618582324,0.0,-0.0054104991251151,4.143265534984355,0.0,0.0,0.0,-2.828996766044365,0,0,0,0,0,0
image_3017.png,surface,0.0,0.0,1.0148796572810217,15.478865848375486,8.56810604909256,0.0,-3.160261019974228,-0.9157065802261056,0.0,0.0,0.0,-3.956553935512842,0,0,0,0,0,0
image_3018.png,surface,0.0,0.0,1.0468541427143363,14.610552827764522,-8.149080382312043,0.0,-4.280333325086645,2.5538901581998514,0.0,0.0,0.0,0.5423068474955342,0,0,0,0,0,0
image_3019.png,surface,0.0,0.0,1.9776546373190635,5.19514694367256,5.181538424902916,0.0,0.6823676867940469,4.8028564709932,0.0,0.0,0.0,-4.955624924404144,0,0,0,0,0,0
image_3020.png,surface,0.0,0.0,2.676679938946106,6.515504209850055,12.396320199586004,0.0,0.1147588664558673,3.013365780091277,0.0,0.0,0.0,-4.757587563997476,0,0,0,0,0,0
image_3021.png,surface,0.0,0.0,2.8506785799253214,18.64203900447398,3.114709708325515,0.0,3.06418195969574,2.090300056268166,0.0,0.0,0.0,2.13900348687633,0,0,0,0,0,0
image_3022.png,surface,0.0,0.0,1.387921221947248,10.45268899935408,17.528785901156212,0.0,-0.7032619230005018,-4.912579554122578,0.0,0.0,0.0,2.7067714382589623,0,0,0,0,0,0
image_3023.png,surface,0.0,0.0,2.618692083878313,-8.50576754708069,17.39426084522293,0.0,-1.9440828137558872,-3.595709956222214,0.0,0.0,0.0,-0.0617048920311456,0,0,0,0,0,0
image_3024.png,surface,0.0,0.0,1.83201580606364,-15.932695312615262,10.16509095338277,0.0,-2.7232710308664334,0.5827760673120059,0.0,0.0,0.0,4.537525260590698,0,0,0,0,0,0
image_3025.png,surface,0.0,0.0,2.303943098729605,-16.515846982205762,-18.790298997920434,0.0,0.4991839474849128,0.8612643420524725,0.0,0.0,0.0,4.318145308361332,0,0,0,0,0,0
image_3026.png,surface,0.0,0.0,1.631084410139904,22.24875559533932,-1.7243247126070824,0.0,-2.8260897949785337,-0.692257967020889,0.0,0.0,0.0,-3.19596952301838,0,0,0,0,0,0
image_3027.png,surface,0.0,0.0,1.2519437735890608,3.5455145409522952,24.55849585025366,0.0,1.5804146235015055,3.9042065819003606,0.0,0.0,0.0,3.902186982794902,0,0,0,0,0,0
image_3028.png,surface,0.0,0.0,2.4150906390631945,6.171470744864388,-10.837369469459746,0.0,2.348091211388692,0.0939245001874337,0.0,0.0,0.0,1.1177194282479164,0,0,0,0,0,0
image_3029.png,surface,0.0,0.0,1.616138616680522,19.58397147947252,-4.137374516323409,0.0,-3.764390484721344,-0.9071801769114232,0.0,0.0,0.0,-1.0203257392288267,0,0,0,0,0,0
image_3030.png,surface,0.0,0.0,1.0594464120772262,6.464118177104886,-5.8961007039048345,0.0,-0.8525973043070599,3.724176542597694,0.0,0.0,0.0,3.638848959613133,0,0,0,0,0,0
image_3031.png,surface,0.0,0.0,2.933586075488261,-5.760943771909194,-20.55952036862272,0.0,2.1755226367571416,1.2335331112051586,0.0,0.0,0.0,0.0345532785504412,0,0,0,0,0,0
image_3032.png,surface,0.0,0.0,1.8575903056474483,-15.095626723117414,-15.264815692380694,0.0,-2.163094485910191,2.759421075301058,0.0,0.0,0.0,-2.1127288106545814,0,0,0,0,0,0
image_3033.png,surface,0.0,0.0,1.1986154308849173,-4.485594682689788,18.14851053474685,0.0,0.0488971142802277,-2.8135532888679267,0.0,0.0,0.0,-4.477334864180309,0,0,0,0,0,0
image_3034.png,surface,0.0,0.0,2.6248531868136085,-14.96065627723428,-12.744844991688767,0.0,-0.7556337030384104,-0.3162042789883126,0.0,0.0,0.0,1.7694834096463945,0,0,0,0,0,0
image_3035.png,surface,0.0,0.0,2.6972086391778207,18.68657458788567,11.27129556964531,0.0,-2.971294989395332,3.030293333170972,0.0,0.0,0.0,-4.448996811147175,0,0,0,0,0,0
image_3036.png,surface,0.0,0.0,1.6027001671081236,-17.76639495043592,-13.680094391903545,0.0,1.2304443514393626,0.946799237365612,0.0,0.0,0.0,-0.2305389086953679,0,0,0,0,0,0
image_3037.png,surface,0.0,0.0,2.365529833207674,-6.007301626356419,-4.313625855036412,0.0,-2.019380368636164,0.8410542659067466,0.0,0.0,0.0,-1.6531309644498493,0,0,0,0,0,0
image_3038.png,surface,0.0,0.0,1.2404733764452345,-12.118869368806752,14.20114348558876,0.0,-4.9822032056575205,-0.0243984855108843,0.0,0.0,0.0,-3.3275521491597013,0,0,0,0,0,0
image_3039.png,surface,0.0,0.0,1.7741617511099868,-11.609032987075388,9.665169353461918,0.0,-1.9996000769694413,3.52469427147438,0.0,0.0,0.0,4.087095027626157,0,0,0,0,0,0
image_3040.png,surface,0.0,0.0,1.443033948330649,2.239321006461632,19.041951970643467,0.0,-3.597937225013237,-2.8033333940570087,0.0,0.0,0.0,-3.232563756710793,0,0,0,0,0,0
image_3041.png,surface,0.0,0.0,1.4911667625287983,-5.589704165115962,4.228931709550617,0.0,-4.236896462766711,0.1281256983548646,0.0,0.0,0.0,-2.6636870400395587,0,0,0,0,0,0
image_3042.png,surface,0.0,0.0,2.92957150139248,-17.888625775352534,-7.117374435067417,0.0,-3.434152380438253,3.295597309430513,0.0,0.0,0.0,-4.051522791538183,0,0,0,0,0,0
image_3043.png,surface,0.0,0.0,1.0693514351855529,16.80067574418182,-10.756094800133232,0.0,3.8633438085108174,0.3197670913056046,0.0,0.0,0.0,-1.6507380580844333,0,0,0,0,0,0
image_3044.png,surface,0.0,0.0,2.101464937178833,-5.710204114099238,-13.692915316308422,0.0,1.2461462845574758,3.670193661417621,0.0,0.0,0.0,-3.8811998277118698,0,0,0,0,0,0
image_3045.png,surface,0.0,0.0,2.2728069270549485,7.059918814272641,15.376832037225691,0.0,2.780832640605562,-1.370310683198887,0.0,0.0,0.0,4.841699482702396,0,0,0,0,0,0
image_3046.png,surface,0.0,0.0,1.6676971341493798,-12.093826243429058,15.868791392176313,0.0,3.7226390171675927,0.4864793514605497,0.0,0.0,0.0,-0.2849875467479013,0,0,0,0,0,0
image_3047.png,surface,0.0,0.0,1.4860275537214738,13.1395921004609,-6.617005317853089,0.0,0.4634625868127752,-1.08108470385044,0.0,0.0,0.0,-2.348752368540538,0,0,0,0,0,0
image_3048.png,surface,0.0,0.0,2.5927938414313143,10.431701809210931,3.2391711688826974,0.0,1.865001752976832,4.462230317283965,0.0,0.0,0.0,0.3897840262246808,0,0,0,0,0,0
image_3049.png,surface,0.0,0.0,1.3420286247069324,-1.877283991297586,-23.060781596971665,0.0,0.6387277435539439,-4.884517141389104,0.0,0.0,0.0,-2.415845886018765,0,0,0,0,0,0
image_3050.png,surface,0.0,0.0,2.301079469808328,-10.16500088023353,3.2874566221902226,0.0,-2.04806280083655,1.62111864898607,0.0,0.0,0.0,-1.2362680132197856,0,0,0,0,0,0
image_3051.png,surface,0.0,0.0,2.9995883818585085,-7.450614694071417,20.05744622033521,0.0,1.3159750996087314,-4.236656640184783,0.0,0.0,0.0,-2.6174764878310985,0,0,0,0,0,0
image_3052.png,surface,0.0,0.0,2.675603765959888,10.981039181148589,-7.457649514172097,0.0,0.0050556397626294,-2.559747686400238,0.0,0.0,0.0,3.61062584635658,0,0,0,0,0,0
image_3053.png,surface,0.0,0.0,1.8474352084536008,-8.673060864697472,-5.645525931787645,0.0,-3.6754442149571647,-3.3415188162450566,0.0,0.0,0.0,-3.595326680813802,0,0,0,0,0,0
image_3054.png,surface,0.0,0.0,2.36340236474804,-8.121761515674534,-9.289740897323863,0.0,0.2411093157920098,4.296314750807795,0.0,0.0,0.0,-0.2343452070570588,0,0,0,0,0,0
image_3055.png,surface,0.0,0.0,2.176938269445859,-6.209564164906775,12.606825781902783,0.0,3.604943554414606,-0.5602759488486554,0.0,0.0,0.0,1.3960045079820924,0,0,0,0,0,0
image_3056.png,surface,0.0,0.0,2.3042192302769173,-6.37157250637723,14.005011177297176,0.0,2.9434633560494103,1.65162784961415,0.0,0.0,0.0,1.6044103790525943,0,0,0,0,0,0
image_3057.png,surface,0.0,0.0,1.6228707772140576,9.44671316308868,3.093133664606108,0.0,-2.127522186879321,3.203050950574784,0.0,0.0,0.0,4.659643601413581,0,0,0,0,0,0
image_3058.png,surface,0.0,0.0,2.009973706391842,8.028723307637277,21.87331337411452,0.0,-0.2046708878804644,-4.357324831371858,0.0,0.0,0.0,2.531501419760853,0,0,0,0,0,0
image_3059.png,surface,0.0,0.0,1.152897321323961,-10.339279988386057,-17.32675616963251,0.0,-4.392717689502972,-0.0302190187671585,0.0,0.0,0.0,1.689639028971457,0,0,0,0,0,0
image_3060.png,surface,0.0,0.0,1.4639737378942923,-17.783038380479375,4.796964158154,0.0,1.415873654228624,0.3867831876931871,0.0,0.0,0.0,3.779355875265072,0,0,0,0,0,0
image_3061.png,surface,0.0,0.0,1.7994786703538563,3.2943780499604585,7.313506394101613,0.0,-0.7791550226875221,-1.6745215715087332,0.0,0.0,0.0,-3.156693550003852,0,0,0,0,0,0
image_3062.png,surface,0.0,0.0,1.3134517435612902,-12.21851995491722,-2.681293706202699,0.0,-3.8970216814403047,2.694700629206689,0.0,0.0,0.0,4.834191737274402,0,0,0,0,0,0
image_3063.png,surface,0.0,0.0,1.3189755642794396,-23.2424941136461,-5.188837244570141,0.0,-2.029594612718849,0.1122364403275438,0.0,0.0,0.0,-3.3963105011401606,0,0,0,0,0,0
image_3064.png,surface,0.0,0.0,1.3565494838717156,19.0037997222396,0.1813314603104329,0.0,-1.96609685205268,-3.81269496594166,0.0,0.0,0.0,4.515942931866155,0,0,0,0,0,0
image_3065.png,surface,0.0,0.0,2.1030393557331104,6.814867507000869,0.3850042217817829,0.0,1.4161423672730065,0.6855135226505475,0.0,0.0,0.0,2.824889685893708,0,0,0,0,0,0
image_3066.png,surface,0.0,0.0,1.9048394913415376,4.793798982290922,-2.5737530390423635,0.0,1.5046765191927054,-0.4201293758455044,0.0,0.0,0.0,-0.3088686368086115,0,0,0,0,0,0
image_3067.png,surface,0.0,0.0,2.244122708647247,-23.217580549426703,0.5890269142031063,0.0,-2.246109395362733,2.9722011553917342,0.0,0.0,0.0,2.698101563921794,0,0,0,0,0,0
image_3068.png,surface,0.0,0.0,2.961975068096504,16.91106874265329,3.885522713360953,0.0,1.316054603184183,2.599593698712825,0.0,0.0,0.0,-4.229178737342817,0,0,0,0,0,0
image_3069.png,surface,0.0,0.0,2.2139619526357683,9.913486769131618,10.340464320338308,0.0,4.350980469238137,-1.2015577627892886,0.0,0.0,0.0,2.609600512290528,0,0,0,0,0,0
image_3070.png,surface,0.0,0.0,1.4505312622785296,-18.17339367763453,-16.460517587367203,0.0,4.313827411012987,0.4150119764995102,0.0,0.0,0.0,2.6466662105437733,0,0,0,0,0,0
image_3071.png,surface,0.0,0.0,1.530814044112217,13.909432532503676,16.479195297260333,0.0,-1.7519732175252016,-2.5233905811524378,0.0,0.0,0.0,0.9202435221349514,0,0,0,0,0,0
image_3072.png,surface,0.0,0.0,1.3948655839826192,13.9202989246082,3.1663705387131107,0.0,-3.819525294356338,-0.2158967349235617,0.0,0.0,0.0,3.05781961765844,0,0,0,0,0,0
image_3073.png,surface,0.0,0.0,2.553662489600911,2.598121846681813,14.07556838712084,0.0,3.224235481586913,-3.7036017256586953,0.0,0.0,0.0,4.123012336800187,0,0,0,0,0,0
image_3074.png,surface,0.0,0.0,1.9935995876914088,10.785554151150018,-20.76342583590582,0.0,3.207245556546356,2.83441680898784,0.0,0.0,0.0,-4.030298008795626,0,0,0,0,0,0
image_3075.png,surface,0.0,0.0,1.227194042317647,-7.147439996196562,-22.62691855540453,0.0,-2.807298027876383,-1.2145229543095477,0.0,0.0,0.0,4.729932825950801,0,0,0,0,0,0
image_3076.png,surface,0.0,0.0,2.7474350802569987,-15.3692005106531,12.79055690960934,0.0,0.0526628977729336,3.014646822988562,0.0,0.0,0.0,-2.417874380413161,0,0,0,0,0,0
image_3077.png,surface,0.0,0.0,1.791394642015478,-17.500669339357156,-12.122962792797248,0.0,4.494085005698997,1.3135125346501673,0.0,0.0,0.0,-3.905377937170885,0,0,0,0,0,0
image_3078.png,surface,0.0,0.0,2.2192203247315607,-20.76776255945452,1.1055734588383763,0.0,-2.138304698114684,-3.5682595231433867,0.0,0.0,0.0,-0.7743634853982293,0,0,0,0,0,0
image_3079.png,surface,0.0,0.0,2.94923427182547,-5.20205410919229,19.12033126333245,0.0,-4.176627201371612,1.504690412710679,0.0,0.0,0.0,-3.847834511835888,0,0,0,0,0,0
image_3080.png,surface,0.0,0.0,2.167203572296845,2.3339106115166817,-13.10587807894905,0.0,3.974356239989559,-2.254931056714315,0.0,0.0,0.0,-4.225614608980083,0,0,0,0,0,0
image_3081.png,surface,0.0,0.0,2.016161605579584,12.062567232130286,22.04125986817153,0.0,-2.450747843329987,-2.9304051662723363,0.0,0.0,0.0,-2.4859700857859703,0,0,0,0,0,0
image_3082.png,surface,0.0,0.0,2.815667570678483,14.88429095542802,19.371387970371536,0.0,-3.036450357100567,-1.1549199296108077,0.0,0.0,0.0,3.972573465788061,0,0,0,0,0,0
image_3083.png,surface,0.0,0.0,2.790944821760326,17.7958495691635,-10.62589520909666,0.0,4.632649410296092,-1.5430019685377714,0.0,0.0,0.0,2.671332272430388,0,0,0,0,0,0
image_3084.png,surface,0.0,0.0,1.9116751955244629,0.0593537745537521,-20.61171744945616,0.0,-3.950556117413572,-2.461751808034889,0.0,0.0,0.0,0.7067885614283078,0,0,0,0,0,0
image_3085.png,surface,0.0,0.0,2.365128484398401,-1.5217359249527074,24.51787440403989,0.0,-2.6834216793817056,-2.805451867027404,0.0,0.0,0.0,1.2356983107124506,0,0,0,0,0,0
image_3086.png,surface,0.0,0.0,2.355614595542585,-11.110750795164998,-11.379592979130011,0.0,2.993454047039364,-0.8299966873704848,0.0,0.0,0.0,0.6309641896113005,0,0,0,0,0,0
image_3087.png,surface,0.0,0.0,1.5929081345795109,4.632540441014328,13.65653228915379,0.0,3.529102393602651,2.505862424098759,0.0,0.0,0.0,-3.124705044795789,0,0,0,0,0,0
image_3088.png,surface,0.0,0.0,1.3265700534428664,-7.650172648801106,-23.11400521258413,0.0,-1.921230957473829,3.924239111484727,0.0,0.0,0.0,-2.1762840835109056,0,0,0,0,0,0
image_3089.png,surface,0.0,0.0,2.137587634928324,15.591299414338804,11.106299181557135,0.0,-4.393612518062213,1.4151536996572365,0.0,0.0,0.0,3.869215379692916,0,0,0,0,0,0
image_3090.png,surface,0.0,0.0,1.0721510726132937,-8.662692212209812,-21.032538366763585,0.0,-3.429974698559001,-1.2242791919673697,0.0,0.0,0.0,-4.763859264823145,0,0,0,0,0,0
image_3091.png,surface,0.0,0.0,2.6457885975798483,-11.760543902959371,10.346752519613824,0.0,-2.12588098114332,0.0863072208498284,0.0,0.0,0.0,0.9396311321097048,0,0,0,0,0,0
image_3092.png,surface,0.0,0.0,2.5212540000077936,-0.6487980502735945,-11.93387696447416,0.0,-1.3596337361938715,-1.5865261891422813,0.0,0.0,0.0,-3.843453093027717,0,0,0,0,0,0
image_3093.png,surface,0.0,0.0,2.417664979357198,-3.6336539727421258,-13.932878065343935,0.0,-1.7498632372784693,-1.8861145092537657,0.0,0.0,0.0,-1.0216909131798024,0,0,0,0,0,0
image_3094.png,surface,0.0,0.0,2.856309671921707,-21.172894141519464,-11.13142327986752,0.0,-0.6849344693976395,4.306172790352319,0.0,0.0,0.0,-4.49303182602799,0,0,0,0,0,0
image_3095.png,surface,0.0,0.0,2.9159806821793595,5.897848313180448,-15.866986256008316,0.0,-2.196021562662661,3.689713564747902,0.0,0.0,0.0,-2.3430099510168736,0,0,0,0,0,0
image_3096.png,surface,0.0,0.0,1.934432719788425,-6.648606667932803,5.133872238084761,0.0,2.569489358264045,0.8672417712155054,0.0,0.0,0.0,-4.9201189164285095,0,0,0,0,0,0
image_3097.png,surface,0.0,0.0,2.349634703128025,5.944910496493834,10.468779370566626,0.0,-1.1778124319988088,-1.359742500033784,0.0,0.0,0.0,0.3767479408552372,0,0,0,0,0,0
image_3098.png,surface,0.0,0.0,2.949150783377446,-9.979742564048488,16.70822231027223,0.0,2.793951587300545,3.947840908204858,0.0,0.0,0.0,-0.7891666495488883,0,0,0,0,0,0
image_3099.png,surface,0.0,0.0,2.7069048722470503,-3.591593359754824,0.3265155275395044,0.0,0.8724378843532208,-0.2944297906364388,0.0,0.0,0.0,-1.4053640262722245,0,0,0,0,0,0
image_3100.png,surface,0.0,0.0,2.308274697358724,-9.52369354687485,-6.215591568136385,0.0,-1.2701454807905213,-1.0061274603416617,0.0,0.0,0.0,-3.0606506425038904,0,0,0,0,0,0
image_3101.png,surface,0.0,0.0,1.878983258744053,9.75655174197048,-0.4233405637811329,0.0,3.665020831788465,-1.4789688725140575,0.0,0.0,0.0,0.2357758406571184,0,0,0,0,0,0
image_3102.png,surface,0.0,0.0,2.485093252861655,23.377184300816108,6.410798948808181,0.0,-2.0690630595098907,2.15327268874315,0.0,0.0,0.0,-2.752914859937209,0,0,0,0,0,0
image_3103.png,surface,0.0,0.0,1.116976246655642,-2.082698993951667,-0.9695884195783088,0.0,0.9094506387224944,-3.931616098862883,0.0,0.0,0.0,3.6567700958532896,0,0,0,0,0,0
image_3104.png,surface,0.0,0.0,1.0463626197001437,-7.024997813786694,-7.704538472647146,0.0,-1.4914389268855464,4.392689017317398,0.0,0.0,0.0,0.2250037651870045,0,0,0,0,0,0
image_3105.png,surface,0.0,0.0,2.507234536013907,-21.79260179115017,2.074933247970535,0.0,-0.6645495384663265,-0.3119544077013875,0.0,0.0,0.0,4.40216858907587,0,0,0,0,0,0
image_3106.png,surface,0.0,0.0,1.259047542215787,10.813516777607152,13.982850467446704,0.0,-1.935635397562644,1.105416750778904,0.0,0.0,0.0,3.66449603063128,0,0,0,0,0,0
image_3107.png,surface,0.0,0.0,2.6237713315006106,-17.512339353515998,5.97213179628452,0.0,3.256295317532493,3.283336751293249,0.0,0.0,0.0,4.057429490313382,0,0,0,0,0,0
image_3108.png,surface,0.0,0.0,1.7889335650449227,-17.169048739646428,-17.989992570587425,0.0,3.9960077609838094,-0.2756184221352801,0.0,0.0,0.0,1.6330235660284131,0,0,0,0,0,0
image_3109.png,surface,0.0,0.0,2.9030389736750584,13.66785043098655,-12.00931998251236,0.0,-2.9249203489892457,1.79606851177229,0.0,0.0,0.0,0.3822630561083064,0,0,0,0,0,0
image_3110.png,surface,0.0,0.0,1.1279688671649486,14.28495191603015,-11.038509041881886,0.0,2.8194319302993502,-1.568288305231612,0.0,0.0,0.0,-4.624482657351651,0,0,0,0,0,0
image_3111.png,surface,0.0,0.0,2.0057728298576123,8.196263486397793,-17.122145151891505,0.0,2.3745016914189683,0.6235569302653837,0.0,0.0,0.0,1.6710229453660546,0,0,0,0,0,0
image_3112.png,surface,0.0,0.0,1.5396125729944488,-10.072022584582989,14.736022707054827,0.0,0.88638543480961,3.542895723117752,0.0,0.0,0.0,0.7806705398743565,0,0,0,0,0,0
image_3113.png,surface,0.0,0.0,1.2021724582567863,-12.581003022354862,16.556999478927263,0.0,-4.218067605504118,0.5996661285821822,0.0,0.0,0.0,3.4252559484573464,0,0,0,0,0,0
image_3114.png,surface,0.0,0.0,2.0822859871996924,20.363885411096643,-9.035665358452263,0.0,2.1967356219330485,-1.532848300575678,0.0,0.0,0.0,-0.8316769541930222,0,0,0,0,0,0
image_3115.png,surface,0.0,0.0,1.01257122216886,15.086087016081382,-1.9882514519367545,0.0,-0.107992616615984,-1.4853228931529068,0.0,0.0,0.0,-2.9570449099057483,0,0,0,0,0,0
image_3116.png,surface,0.0,0.0,1.420441308278003,14.446380213576916,-13.92626276283404,0.0,-0.4920605729410374,1.617510222902389,0.0,0.0,0.0,-0.9702200145990584,0,0,0,0,0,0
image_3117.png,surface,0.0,0.0,1.9036097613850465,-10.380426216485972,-8.571098052071807,0.0,-1.7631630492873045,3.811333126046696,0.0,0.0,0.0,1.8439641401564728,0,0,0,0,0,0
image_3118.png,surface,0.0,0.0,1.6923372254220952,21.17019671826752,3.144593428874502,0.0,-4.4116564655084085,-1.7195180439554256,0.0,0.0,0.0,1.4796319500551132,0,0,0,0,0,0
image_3119.png,surface,0.0,0.0,2.7263416536798672,-7.589025395224016,8.306034408982592,0.0,-1.256828415167619,1.507249424981643,0.0,0.0,0.0,1.520324400226504,0,0,0,0,0,0
image_3120.png,surface,0.0,0.0,1.5718008344561398,1.366580311720185,17.0866973205811,0.0,3.619318934722232,0.9390168829567144,0.0,0.0,0.0,3.0079417000906936,0,0,0,0,0,0
image_3121.png,surface,0.0,0.0,1.6442669157110452,-5.794837699198913,-24.117480089925447,0.0,-0.68057822706854,2.8589712209031752,0.0,0.0,0.0,3.257758633815609,0,0,0,0,0,0
image_3122.png,surface,0.0,0.0,2.8214918256821093,3.936939555611054,8.643390012179392,0.0,-3.591066391913852,-0.1186474500075852,0.0,0.0,0.0,-1.3844688348758574,0,0,0,0,0,0
image_3123.png,surface,0.0,0.0,1.342930441960507,17.49480201626655,10.036971473235877,0.0,1.6436432422888203,3.1374294982595687,0.0,0.0,0.0,4.141005472379369,0,0,0,0,0,0
image_3124.png,surface,0.0,0.0,2.2491599822951027,-6.249561645076523,-20.70929449928574,0.0,0.0337199692182907,-4.155982274939996,0.0,0.0,0.0,4.097805329394026,0,0,0,0,0,0
image_3125.png,surface,0.0,0.0,1.7917480432828328,17.221717995401356,-10.947198775637496,0.0,-4.187323246918773,1.9048201099075373,0.0,0.0,0.0,2.661314835010652,0,0,0,0,0,0
image_3126.png,surface,0.0,0.0,1.130279367325693,-17.73949933207554,15.178137077779844,0.0,3.574054412340413,-1.9775006743504613,0.0,0.0,0.0,2.46682731376497,0,0,0,0,0,0
image_3127.png,surface,0.0,0.0,2.5938280060522745,14.120130575380871,9.556620001677247,0.0,-0.1125324264991081,3.889046678129261,0.0,0.0,0.0,3.9643604551128,0,0,0,0,0,0
image_3128.png,surface,0.0,0.0,2.9962172058757632,-1.8661056845144728,-19.76154705714564,0.0,-3.2035405704457904,1.010719669359539,0.0,0.0,0.0,-1.1148912065610936,0,0,0,0,0,0
image_3129.png,surface,0.0,0.0,1.84491207021782,-19.01257746776908,-2.8125460933176147,0.0,0.7292268859005457,0.9357684610343122,0.0,0.0,0.0,-2.448739603222724,0,0,0,0,0,0
image_3130.png,surface,0.0,0.0,2.1965983711778554,16.998474037348384,7.0129972307154205,0.0,2.2406626862448933,-1.8778412021721,0.0,0.0,0.0,-3.2227352109292564,0,0,0,0,0,0
image_3131.png,surface,0.0,0.0,2.6742125179582823,-20.508085723470906,-3.5657268841992287,0.0,2.2991693927510823,-4.090440907569198,0.0,0.0,0.0,1.817865251093167,0,0,0,0,0,0
image_3132.png,surface,0.0,0.0,2.5714775657318034,-6.9414133536510745,14.87837832265869,0.0,-0.1965343920013344,3.192326994073066,0.0,0.0,0.0,-3.0649346941771363,0,0,0,0,0,0
image_3133.png,surface,0.0,0.0,2.0101047397669416,-7.892103142068867,19.49197074900429,0.0,0.3617671016184849,-2.757244500620957,0.0,0.0,0.0,3.3811525757714147,0,0,0,0,0,0
image_3134.png,surface,0.0,0.0,1.5683797088947349,4.336620169719232,-8.854681830948364,0.0,0.7764472889320345,-2.9166369958020204,0.0,0.0,0.0,4.187964098885523,0,0,0,0,0,0
image_3135.png,surface,0.0,0.0,1.5037178595615956,-6.618787224739493,-2.495550428525734,0.0,2.9170207745027965,-2.261417360595631,0.0,0.0,0.0,2.844648697710528,0,0,0,0,0,0
image_3136.png,surface,0.0,0.0,2.7385093652645507,10.15220314094663,-11.400637210913777,0.0,0.8711705678450458,-4.844820876132081,0.0,0.0,0.0,-4.229854040986148,0,0,0,0,0,0
image_3137.png,surface,0.0,0.0,1.153501082972072,17.39604831166655,-3.2737394366019257,0.0,-2.818919424108482,-1.7739672092485164,0.0,0.0,0.0,2.4468800979705696,0,0,0,0,0,0
image_3138.png,surface,0.0,0.0,2.1806489176305024,15.351461334238069,16.34765119578957,0.0,-1.4401900969842294,-1.947653166924804,0.0,0.0,0.0,-2.378601312323561,0,0,0,0,0,0
image_3139.png,surface,0.0,0.0,1.9782652660719653,9.117355827260765,-5.092081878385255,0.0,-2.0152956901336454,3.660965464644816,0.0,0.0,0.0,1.0063423568485907,0,0,0,0,0,0
image_3140.png,surface,0.0,0.0,1.9834328358899145,19.41083557314512,11.555609366311934,0.0,-2.8963537318913857,0.0238599455186203,0.0,0.0,0.0,1.5831308112222473,0,0,0,0,0,0
image_3141.png,surface,0.0,0.0,2.609761758243847,23.274871817764947,-8.660104546028533,0.0,-2.3109958755674302,-2.5531313241654154,0.0,0.0,0.0,-1.1660395598180529,0,0,0,0,0,0
image_3142.png,surface,0.0,0.0,1.3040847795482604,11.615564776401442,5.91464828032608,0.0,0.9859331371123736,-2.2784451859399693,0.0,0.0,0.0,4.301950490909022,0,0,0,0,0,0
image_3143.png,surface,0.0,0.0,2.9770449294083448,15.129558404355391,-2.584485502547464,0.0,2.930572521687574,-1.8409427626157209,0.0,0.0,0.0,4.564361118770115,0,0,0,0,0,0
image_3144.png,surface,0.0,0.0,1.6291630459595836,-11.119660452942794,21.85855807980157,0.0,0.5614459676277714,0.2249543212299741,0.0,0.0,0.0,-0.2628542029437186,0,0,0,0,0,0
image_3145.png,surface,0.0,0.0,2.6520388152381127,9.856303301329374,-6.743570648294085,0.0,2.6648103961368017,4.08009516978541,0.0,0.0,0.0,-1.4130714691527868,0,0,0,0,0,0
image_3146.png,surface,0.0,0.0,1.3333526517982794,-16.83545244795229,9.765212355179935,0.0,-2.925537990562642,-3.902753490569964,0.0,0.0,0.0,1.1505197115658126,0,0,0,0,0,0
image_3147.png,surface,0.0,0.0,2.51880091801537,11.82472071260018,-15.97688184383344,0.0,-2.756424410124422,-2.592688224778534,0.0,0.0,0.0,-1.814203540005388,0,0,0,0,0,0
image_3148.png,surface,0.0,0.0,2.351296710874,10.909281252549704,-5.450683667983546,0.0,1.885981418652354,2.909046813025661,0.0,0.0,0.0,-1.6322694953356978,0,0,0,0,0,0
image_3149.png,surface,0.0,0.0,2.590141797512312,-5.661396823561168,12.865959699254294,0.0,1.6388281450589577,-1.551403843921398,0.0,0.0,0.0,0.7594217921256856,0,0,0,0,0,0
image_3150.png,surface,0.0,0.0,2.998285345576021,-4.220382703640004,9.799203841967154,0.0,1.3780339874294087,-2.473100284800311,0.0,0.0,0.0,-0.2007091104811831,0,0,0,0,0,0
image_3151.png,surface,0.0,0.0,2.3667498061513603,-13.186964180249484,17.55929761074286,0.0,-0.8679188947806189,-0.8312347906260281,0.0,0.0,0.0,3.6345290745767898,0,0,0,0,0,0
image_3152.png,surface,0.0,0.0,2.0315504999222425,8.368946887334948,-18.549564027334103,0.0,-0.3577430354120836,-2.438829715514213,0.0,0.0,0.0,3.5299144246608414,0,0,0,0,0,0
image_3153.png,surface,0.0,0.0,2.39733075466249,-17.674691295801196,16.267390832472554,0.0,-0.2207005312291257,2.04946795112665,0.0,0.0,0.0,0.4412799502231346,0,0,0,0,0,0
image_3154.png,surface,0.0,0.0,2.5168661870511624,-0.8714135964872513,-16.638440838413086,0.0,-0.0049303103037267,4.013127812741132,0.0,0.0,0.0,-0.9704522926585222,0,0,0,0,0,0
image_3155.png,surface,0.0,0.0,1.9208460936842773,11.189717885353597,4.048210240277106,0.0,1.504169733390582,4.199529904917846,0.0,0.0,0.0,-3.756813796456457,0,0,0,0,0,0
image_3156.png,surface,0.0,0.0,1.4577391918729166,-16.968022793552823,5.040027320020027,0.0,-3.024847068569238,1.3218608257371174,0.0,0.0,0.0,-3.5200908911640374,0,0,0,0,0,0
image_3157.png,surface,0.0,0.0,1.43616215166651,7.4439335949239505,23.67613068970181,0.0,-2.3267699161652526,2.222029426926942,0.0,0.0,0.0,2.1349177999985267,0,0,0,0,0,0
image_3158.png,surface,0.0,0.0,1.043751770446754,-16.23846172233392,12.095161520332349,0.0,-1.034933868631804,3.524480544657054,0.0,0.0,0.0,2.6196505520125823,0,0,0,0,0,0
image_3159.png,surface,0.0,0.0,2.516990059180605,18.78395461348984,-5.493274056785787,0.0,-2.7125927966867858,-1.0510082231465143,0.0,0.0,0.0,-2.0890525056710683,0,0,0,0,0,0
image_3160.png,surface,0.0,0.0,1.6991130794983496,1.857840258555296,7.650774625311006,0.0,3.2305076881087804,-1.9998550660905368,0.0,0.0,0.0,-2.758756775852155,0,0,0,0,0,0
image_3161.png,surface,0.0,0.0,2.517183057924454,8.83479086958951,-13.267317658295797,0.0,-1.5323827906697125,0.1991093522521568,0.0,0.0,0.0,-4.782722039953012,0,0,0,0,0,0
image_3162.png,surface,0.0,0.0,1.260459292021011,-2.835240768315977,-2.343431258147279,0.0,-1.9904226860367344,-1.4560715759934992,0.0,0.0,0.0,2.9769716716738968,0,0,0,0,0,0
image_3163.png,surface,0.0,0.0,2.344433541289091,15.856630007993418,14.033113239628095,0.0,-0.4237208288592627,3.4928682846385275,0.0,0.0,0.0,1.9727090067495088,0,0,0,0,0,0
image_3164.png,surface,0.0,0.0,1.086052619009781,17.34167947794735,-16.24787489784021,0.0,-1.64327621399296,-2.2125164674328013,0.0,0.0,0.0,4.020725136293411,0,0,0,0,0,0
image_3165.png,surface,0.0,0.0,2.1875150626720714,6.569320190185805,14.178991562782295,0.0,2.443022880244731,-4.24413189022485,0.0,0.0,0.0,2.894673352693415,0,0,0,0,0,0
image_3166.png,surface,0.0,0.0,1.0515600562590677,-17.80886226936519,6.996422606268167,0.0,0.9933790725800712,-4.078745877765728,0.0,0.0,0.0,0.1460730879860676,0,0,0,0,0,0
image_3167.png,surface,0.0,0.0,2.394728966638171,-21.274034843702943,-11.983949029869663,0.0,-3.4013691896934746,0.2494909259205718,0.0,0.0,0.0,2.503095353081429,0,0,0,0,0,0
image_3168.png,surface,0.0,0.0,2.5839442369655323,9.818537285317737,15.40422723046353,0.0,2.3522030383629846,2.281073038539801,0.0,0.0,0.0,4.461400057223527,0,0,0,0,0,0
image_3169.png,surface,0.0,0.0,1.8247869986239045,0.5392736355796851,-14.360185486802765,0.0,-1.685220681449876,0.2661670105650363,0.0,0.0,0.0,-3.226013680851998,0,0,0,0,0,0
image_3170.png,surface,0.0,0.0,1.7122242290150715,-3.9167011280923294,-12.797310384513304,0.0,-1.6230525442767654,2.595558765439188,0.0,0.0,0.0,-3.705452164588943,0,0,0,0,0,0
image_3171.png,surface,0.0,0.0,1.4642315883180517,-4.253909661757049,-0.6076022394892163,0.0,-0.6874117580523463,-3.551305869053811,0.0,0.0,0.0,0.4033079353741762,0,0,0,0,0,0
image_3172.png,surface,0.0,0.0,2.707761191374747,-19.7699201688392,10.625735172319809,0.0,0.2803928695068468,1.4261656505745377,0.0,0.0,0.0,-2.0667392012049723,0,0,0,0,0,0
image_3173.png,surface,0.0,0.0,1.9348898905420653,-15.13281869473869,-19.31769253374216,0.0,2.510918910851432,-0.4618588140179857,0.0,0.0,0.0,-1.4529203450947223,0,0,0,0,0,0
image_3174.png,surface,0.0,0.0,2.512386545136716,24.253027836845423,-4.8537751730834415,0.0,-2.5523390572171434,1.3086603187862178,0.0,0.0,0.0,4.104434489284953,0,0,0,0,0,0
image_3175.png,surface,0.0,0.0,2.239711119185844,-17.958874451473296,-4.743261042618334,0.0,-2.7022906904044657,0.9341970156255756,0.0,0.0,0.0,0.9344768035010294,0,0,0,0,0,0
image_3176.png,surface,0.0,0.0,1.2915759296209868,-5.30518625594864,20.299615731023515,0.0,1.2398594524410462,1.5370271558695563,0.0,0.0,0.0,4.651996168257211,0,0,0,0,0,0
image_3177.png,surface,0.0,0.0,1.3402841609339853,6.167995842530005,-1.8414783780059216,0.0,-3.209976181120284,3.658872026790845,0.0,0.0,0.0,1.4803335178675798,0,0,0,0,0,0
image_3178.png,surface,0.0,0.0,1.5244779632813337,15.582765784877768,19.67208104908404,0.0,-3.4513174602918326,0.9044529082082992,0.0,0.0,0.0,3.990195513631484,0,0,0,0,0,0
image_3179.png,surface,0.0,0.0,2.7163378304998025,-10.36241600104213,-19.98370747830084,0.0,-1.6634105486040314,4.669083995865424,0.0,0.0,0.0,2.4504344811123246,0,0,0,0,0,0
image_3180.png,surface,0.0,0.0,1.647880017086866,0.7164616644312467,4.764908423836314,0.0,-0.1416725100175807,3.1786407476444736,0.0,0.0,0.0,3.817381744473329,0,0,0,0,0,0
image_3181.png,surface,0.0,0.0,2.777880120177949,-6.465921796719935,-4.669094244659613,0.0,1.3736395476362144,-3.189795579349356,0.0,0.0,0.0,-2.646123485301032,0,0,0,0,0,0
image_3182.png,surface,0.0,0.0,2.2595387789895702,-9.460838114070595,-0.8499899266050153,0.0,-1.353754535048206,-0.6693094065797407,0.0,0.0,0.0,1.319956674684839,0,0,0,0,0,0
image_3183.png,surface,0.0,0.0,2.4166240375295045,-1.6840123351287388,-16.948666478303544,0.0,0.2281248226606914,0.7347175549812504,0.0,0.0,0.0,-1.3841695412844182,0,0,0,0,0,0
image_3184.png,surface,0.0,0.0,1.5609607143501147,2.1004153504491194,23.2460165544682,0.0,-3.610164844433831,1.065384999181448,0.0,0.0,0.0,-1.9495504857809576,0,0,0,0,0,0
image_3185.png,surface,0.0,0.0,1.0963854616919255,5.472381856014325,-14.176721740616296,0.0,0.4341928875582337,-0.9504465261919588,0.0,0.0,0.0,1.0449288863381456,0,0,0,0,0,0
image_3186.png,surface,0.0,0.0,1.907783647769853,5.656773219341802,-22.357689229012173,0.0,4.267107585125704,-2.168667648616196,0.0,0.0,0.0,2.192811716225856,0,0,0,0,0,0
image_3187.png,surface,0.0,0.0,2.281222011652056,9.536095641181118,-2.549028461715261,0.0,-4.454984533766115,-1.055950311359899,0.0,0.0,0.0,0.6741721251445911,0,0,0,0,0,0
image_3188.png,surface,0.0,0.0,1.6704599725490887,-3.985405069905141,6.675399485858092,0.0,2.8397065490879494,0.8438971763366977,0.0,0.0,0.0,-2.303085862266652,0,0,0,0,0,0
image_3189.png,surface,0.0,0.0,2.905448650451315,-8.14021768582513,23.14898512848722,0.0,3.3552416201622584,0.5947185112519562,0.0,0.0,0.0,-3.2180313249355708,0,0,0,0,0,0
image_3190.png,surface,0.0,0.0,2.277593770107461,-17.53704912794033,10.069493841019844,0.0,-1.9321288557068512,1.5987612721125806,0.0,0.0,0.0,-1.843909745456101,0,0,0,0,0,0
image_3191.png,surface,0.0,0.0,2.987327970643181,-8.818046301958882,7.411342047736213,0.0,-0.7487855823584287,-1.1792805508745714,0.0,0.0,0.0,-0.9610995653134022,0,0,0,0,0,0
image_3192.png,surface,0.0,0.0,2.6025835709831004,-5.563977731390847,16.430086445182624,0.0,3.302497388340522,1.639820842728768,0.0,0.0,0.0,-2.464522037502782,0,0,0,0,0,0
image_3193.png,surface,0.0,0.0,2.020561631256874,5.666454605563038,-0.7902013240192942,0.0,0.1250910625640009,4.248449869681892,0.0,0.0,0.0,-3.00261751293936,0,0,0,0,0,0
image_3194.png,surface,0.0,0.0,1.3286499000758756,-16.527859577841536,3.995713720897093,0.0,-3.66977498723518,-0.5224506333493094,0.0,0.0,0.0,-0.355448494849325,0,0,0,0,0,0
image_3195.png,surface,0.0,0.0,2.299867915975459,11.671570278780072,-20.152564959750222,0.0,2.4630072799161304,-3.4047452750595264,0.0,0.0,0.0,1.7719594255358029,0,0,0,0,0,0
image_3196.png,surface,0.0,0.0,1.3024506520821983,-12.890756591401487,-20.7246424603291,0.0,4.191887664148204,-0.0251571028730405,0.0,0.0,0.0,3.3969411547339643,0,0,0,0,0,0
image_3197.png,surface,0.0,0.0,1.811409789681088,2.6081099827172824,-21.22952161547465,0.0,1.3434386595279275,-0.1422613253535459,0.0,0.0,0.0,-0.8810544611370599,0,0,0,0,0,0
image_3198.png,surface,0.0,0.0,1.9871690190121256,-11.065302902637946,-12.855953340589092,0.0,2.083629270078064,-2.25689956222224,0.0,0.0,0.0,-0.2294918226303721,0,0,0,0,0,0
image_3199.png,surface,0.0,0.0,1.98934970478088,12.311770985528508,5.558652583596042,0.0,2.89462569971068,-3.3964575508335284,0.0,0.0,0.0,-0.2116915325368964,0,0,0,0,0,0
image_3200.png,surface,0.0,0.0,1.4956463413123398,5.742742831784854,-5.951714529414193,0.0,-0.7022727366904289,2.7294749605397715,0.0,0.0,0.0,-1.805971343594769,0,0,0,0,0,0
image_3201.png,surface,0.0,0.0,1.045994046374124,-3.394193739803579,18.09457699560277,0.0,2.083181652340418,-2.886061389161467,0.0,0.0,0.0,1.235793994748466,0,0,0,0,0,0
image_3202.png,surface,0.0,0.0,2.1065716544104367,-10.188300822370794,9.313553150452138,0.0,3.836776325655165,2.3519097488103267,0.0,0.0,0.0,0.8979771106291974,0,0,0,0,0,0
image_3203.png,surface,0.0,0.0,1.9034974330675616,7.205280051987377,-13.01735641024769,0.0,0.1077344832553566,-1.4622964554694664,0.0,0.0,0.0,1.7404765080533728,0,0,0,0,0,0
image_3204.png,surface,0.0,0.0,1.1276311998401902,9.24835196205659,-1.3449948948277173,0.0,-4.233107736402337,-2.4863753222007468,0.0,0.0,0.0,-3.727935845052581,0,0,0,0,0,0
image_3205.png,surface,0.0,0.0,2.035206874607326,-3.5067185331397304,-14.782278163211544,0.0,-0.1593641144837817,3.5239699014607506,0.0,0.0,0.0,0.5729301233729389,0,0,0,0,0,0
image_3206.png,surface,0.0,0.0,1.230000657767748,-9.082666691441188,-2.4398534587075336,0.0,2.1947424921005005,-4.421736372319365,0.0,0.0,0.0,3.604085605236092,0,0,0,0,0,0
image_3207.png,surface,0.0,0.0,2.9836494975275474,16.084489365298275,-11.895407429023663,0.0,2.2317024755021007,-3.3138160678978914,0.0,0.0,0.0,3.507994334106437,0,0,0,0,0,0
image_3208.png,surface,0.0,0.0,2.480119816824264,3.597739465463461,5.637276687805006,0.0,-1.367825242732333,-2.831211316679053,0.0,0.0,0.0,1.472880270562488,0,0,0,0,0,0
image_3209.png,surface,0.0,0.0,1.7276702970338806,-2.002289535458017,24.80891351308136,0.0,3.916546573953343,-0.6512828865416277,0.0,0.0,0.0,2.57096523434748,0,0,0,0,0,0
image_3210.png,surface,0.0,0.0,2.6794596160956026,-0.6150210684281098,7.618470327342891,0.0,0.1223574917280788,1.8805280060727416,0.0,0.0,0.0,2.4713084275482924,0,0,0,0,0,0
image_3211.png,surface,0.0,0.0,1.2043668760374686,-22.867705662040017,2.123216416566788,0.0,-3.385643185472043,2.0408528375518418,0.0,0.0,0.0,-4.84557551282114,0,0,0,0,0,0
image_3212.png,surface,0.0,0.0,2.755561488723237,8.06156813859808,-9.273726074486754,0.0,-2.8662234743932324,1.0414988207926652,0.0,0.0,0.0,-0.8952786030739137,0,0,0,0,0,0
image_3213.png,surface,0.0,0.0,2.317747065093619,-7.955008013488797,-7.913965009423677,0.0,-1.1226899048698171,4.824340943131815,0.0,0.0,0.0,-0.6204108092190701,0,0,0,0,0,0
image_3214.png,surface,0.0,0.0,1.1632187056371452,-16.192146047456642,-3.8755115290238207,0.0,4.286080457213473,1.210021378037427,0.0,0.0,0.0,-1.155853604911612,0,0,0,0,0,0
image_3215.png,surface,0.0,0.0,1.8748922794794705,-3.781067679257816,13.362066683719355,0.0,-3.297931504051204,0.3511553701833323,0.0,0.0,0.0,2.772380975512471,0,0,0,0,0,0
image_3216.png,surface,0.0,0.0,2.1935176010198605,0.817640922059084,24.31186416502737,0.0,-0.9181149005091406,-1.1904917907432653,0.0,0.0,0.0,-4.495225754910679,0,0,0,0,0,0
image_3217.png,surface,0.0,0.0,2.247465770564632,16.654857083329055,7.206509445187514,0.0,-3.575588430524507,-1.9582571492899232,0.0,0.0,0.0,4.421978494970441,0,0,0,0,0,0
image_3218.png,surface,0.0,0.0,2.4740133037127525,-0.2645207941626112,13.82414373513271,0.0,1.69090363561513,-0.541562966738109,0.0,0.0,0.0,3.122346577358538,0,0,0,0,0,0
image_3219.png,surface,0.0,0.0,2.3182272588697748,-5.96293396592598,3.3563762717589287,0.0,0.0864336319168839,-1.3536412296987652,0.0,0.0,0.0,-3.2067630098983644,0,0,0,0,0,0
image_3220.png,surface,0.0,0.0,2.2873769941265145,-0.7957783087783759,15.96271485368716,0.0,2.0164544178092734,3.76250603017112,0.0,0.0,0.0,3.88039037574538,0,0,0,0,0,0
image_3221.png,surface,0.0,0.0,2.640892202642509,14.90636894144368,-20.031503567737904,0.0,-0.2685536836831209,-0.1329427140685351,0.0,0.0,0.0,-0.7669825720897308,0,0,0,0,0,0
image_3222.png,surface,0.0,0.0,1.0411179604192715,4.522594058403198,-23.990095452783937,0.0,-2.101707703220171,3.3317438004771405,0.0,0.0,0.0,0.5892010250815645,0,0,0,0,0,0
image_3223.png,surface,0.0,0.0,2.9194263453103533,-21.618989408969743,8.384502235739145,0.0,3.3531120324643275,-1.1221119725015682,0.0,0.0,0.0,-1.8803558575046289,0,0,0,0,0,0
image_3224.png,surface,0.0,0.0,1.8605225489360624,14.95474355964727,16.334171729239674,0.0,2.46525558450965,1.2127630657194597,0.0,0.0,0.0,-3.0647750134636977,0,0,0,0,0,0
image_3225.png,surface,0.0,0.0,1.5687930745974348,-10.146991838720057,-2.878015785710564,0.0,2.0045439952290973,-3.3169700887776696,0.0,0.0,0.0,0.6524293517195243,0,0,0,0,0,0
image_3226.png,surface,0.0,0.0,1.979235010609052,8.652599710506992,-19.95601375586253,0.0,-0.6551452033700196,2.512958696844064,0.0,0.0,0.0,-0.1234993504780685,0,0,0,0,0,0
image_3227.png,surface,0.0,0.0,2.8805934282391563,-22.10571628958743,5.45660054553563,0.0,-2.077989215132072,-3.8088173288774,0.0,0.0,0.0,-2.797334518567011,0,0,0,0,0,0
image_3228.png,surface,0.0,0.0,2.837807972130662,-9.107872365664155,-7.970860248553004,0.0,3.661552195753945,0.1955330391221919,0.0,0.0,0.0,-2.4956199670758625,0,0,0,0,0,0
image_3229.png,surface,0.0,0.0,2.6354381815243224,-11.091956165617194,20.644174610212406,0.0,-2.51716965794018,-0.9457045362078116,0.0,0.0,0.0,4.041798436222889,0,0,0,0,0,0
image_3230.png,surface,0.0,0.0,1.4465159577739244,-8.500160118771806,1.2232648088504436,0.0,-0.5480743958001352,-4.398399791690347,0.0,0.0,0.0,-1.8141654390433049,0,0,0,0,0,0
image_3231.png,surface,0.0,0.0,1.571943333617265,1.4890426782086443,-8.408885475039442,0.0,-4.165457520876566,0.7854502456049746,0.0,0.0,0.0,3.876699708912149,0,0,0,0,0,0
image_3232.png,surface,0.0,0.0,2.6580368409166697,15.198564152732452,-13.29417218371376,0.0,-4.30512618255449,-2.1068548400784994,0.0,0.0,0.0,4.819867693678564,0,0,0,0,0,0
image_3233.png,surface,0.0,0.0,2.3044209650776426,12.43437631683208,-3.853165678229967,0.0,-3.775238298771452,-2.471660004065899,0.0,0.0,0.0,2.4435262107427977,0,0,0,0,0,0
image_3234.png,surface,0.0,0.0,1.4918780024613474,6.572415567732821,14.47456481036236,0.0,0.0727315043937574,2.250783507409181,0.0,0.0,0.0,-0.7477418620536653,0,0,0,0,0,0
image_3235.png,surface,0.0,0.0,2.7382428621823625,-9.476514222628069,-1.9931677780752508,0.0,0.2086184835370962,-3.387099421462861,0.0,0.0,0.0,0.2009090009207437,0,0,0,0,0,0
image_3236.png,surface,0.0,0.0,2.8082688592928164,8.5411200390987,-20.15339143448561,0.0,-0.0402987847546646,-0.3112617078901035,0.0,0.0,0.0,-1.1035490108987167,0,0,0,0,0,0
image_3237.png,surface,0.0,0.0,2.269830361159345,24.248537747362167,1.3155657712791264,0.0,-3.273939653636216,-1.5345465170802903,0.0,0.0,0.0,3.078399251522253,0,0,0,0,0,0
image_3238.png,surface,0.0,0.0,2.969261380990174,2.066664129792525,9.080971601574264,0.0,0.2207699294316659,3.318224996325149,0.0,0.0,0.0,2.664572606149961,0,0,0,0,0,0
image_3239.png,surface,0.0,0.0,2.1030690053818395,-4.905804080464918,-19.2961704387365,0.0,-0.0004365471940122,-2.922716839286746,0.0,0.0,0.0,-1.361979217773568,0,0,0,0,0,0
image_3240.png,surface,0.0,0.0,2.716287566216475,-18.351215155325413,-10.071664319397795,0.0,-1.9493474066337129,-2.4617409910869683,0.0,0.0,0.0,3.684078355590225,0,0,0,0,0,0
image_3241.png,surface,0.0,0.0,1.6064443407983844,-10.151681074887216,-13.195657416029375,0.0,-1.5544856365690851,-4.557407135092856,0.0,0.0,0.0,-1.2765435537745362,0,0,0,0,0,0
image_3242.png,surface,0.0,0.0,2.904134981822716,17.410138864583466,1.9192310485283937,0.0,-3.898078587966112,-0.8937479763784544,0.0,0.0,0.0,-2.370017580238972,0,0,0,0,0,0
image_3243.png,surface,0.0,0.0,1.724292871126197,1.7312082918720515,21.62320757112124,0.0,3.391019450503474,3.1667812397291,0.0,0.0,0.0,0.299581508276848,0,0,0,0,0,0
image_3244.png,surface,0.0,0.0,1.1990992056838168,-23.48862360236359,-1.0387457133789082,0.0,3.157942097594423,-0.5270293993602344,0.0,0.0,0.0,-4.876641026222499,0,0,0,0,0,0
image_3245.png,surface,0.0,0.0,1.3102683515977769,1.4546686198649237,9.666256120383323,0.0,-0.9985224794411076,-0.5824505152931729,0.0,0.0,0.0,-4.747712337675151,0,0,0,0,0,0
image_3246.png,surface,0.0,0.0,2.2669040236190576,-0.6801982682467564,-13.94958826190092,0.0,2.231292990349059,-1.9451164523896127,0.0,0.0,0.0,-1.2452475593321632,0,0,0,0,0,0
image_3247.png,surface,0.0,0.0,2.5143694392076497,-16.821084207572746,-15.057006467172409,0.0,-3.256005799416435,-3.5583659160176886,0.0,0.0,0.0,0.998708602870746,0,0,0,0,0,0
image_3248.png,surface,0.0,0.0,1.1094520446714038,-14.123937225652742,8.093164484118216,0.0,1.135947031261354,1.391752814730721,0.0,0.0,0.0,1.0866325499281428,0,0,0,0,0,0
image_3249.png,surface,0.0,0.0,1.939025151242288,17.68131198817994,0.0340019530163326,0.0,-1.705157229083926,1.120120543199124,0.0,0.0,0.0,-2.9387433697330634,0,0,0,0,0,0
image_3250.png,surface,0.0,0.0,2.5684141231837514,17.629700104189247,-15.140449356186226,0.0,1.0670191249321836,-1.4371128630730166,0.0,0.0,0.0,-2.4928897968122854,0,0,0,0,0,0
image_3251.png,surface,0.0,0.0,2.0539683716803205,-16.606271112486493,12.873549472167191,0.0,-4.227743227615795,2.548281678764083,0.0,0.0,0.0,2.757053220960428,0,0,0,0,0,0
image_3252.png,surface,0.0,0.0,1.8377409925107733,0.30950032858542,-15.795594104423872,0.0,-3.841298134485224,3.045792445509216,0.0,0.0,0.0,-4.640411962681209,0,0,0,0,0,0
image_3253.png,surface,0.0,0.0,1.3538854992788996,-2.705597825311332,19.385908974567865,0.0,-1.118728039696446,4.106948513547341,0.0,0.0,0.0,1.320497206908014,0,0,0,0,0,0
image_3254.png,surface,0.0,0.0,1.2272788598455826,7.171384747223518,-0.6846691163211481,0.0,4.307158627687679,1.563424522600166,0.0,0.0,0.0,-1.0997113723139045,0,0,0,0,0,0
image_3255.png,surface,0.0,0.0,1.6660929519767296,21.12383815528963,-0.8389668522063032,0.0,0.4992293990215258,4.695247991706373,0.0,0.0,0.0,4.274092694930051,0,0,0,0,0,0
image_3256.png,surface,0.0,0.0,1.5698978137184982,-12.197081055724388,-0.0118505553412321,0.0,1.7344927479606846,-0.5790359518528341,0.0,0.0,0.0,-0.5334817042639024,0,0,0,0,0,0
image_3257.png,surface,0.0,0.0,1.7354560131545935,7.549051653140934,-13.011735548386508,0.0,3.4581650541868103,-1.1451829452284006,0.0,0.0,0.0,-3.3608559933104667,0,0,0,0,0,0
image_3258.png,surface,0.0,0.0,1.1523655512120785,-2.3136396942129007,2.304459712134643,0.0,-1.6283827592644753,2.3975366409954884,0.0,0.0,0.0,-2.226323192524636,0,0,0,0,0,0
image_3259.png,surface,0.0,0.0,1.4520384166670894,-2.349487983318971,22.16135696758037,0.0,-0.0133019668759781,-3.008243522375384,0.0,0.0,0.0,-3.1362793512031684,0,0,0,0,0,0
image_3260.png,surface,0.0,0.0,2.030633366060787,2.4416155361167675,15.652646328731173,0.0,3.865469153890604,-1.574532689584835,0.0,0.0,0.0,-4.334714894023421,0,0,0,0,0,0
image_3261.png,surface,0.0,0.0,2.9832261754536624,20.93181889154944,10.793653720754046,0.0,0.2887153646141332,3.213074253255108,0.0,0.0,0.0,3.052650693577389,0,0,0,0,0,0
image_3262.png,surface,0.0,0.0,1.831526023742548,-16.883397840919095,3.528212796781114,0.0,0.0836932952174482,-3.344674670693376,0.0,0.0,0.0,2.4970473468786345,0,0,0,0,0,0
image_3263.png,surface,0.0,0.0,1.826184104666141,-1.3829396376114482,21.65018610199518,0.0,0.9678154915695364,0.0050670134524871,0.0,0.0,0.0,0.974058119089035,0,0,0,0,0,0
image_3264.png,surface,0.0,0.0,1.56824414864968,-16.070105415301178,13.474775734563446,0.0,4.212616682122532,-0.960045651393854,0.0,0.0,0.0,3.3657741852515795,0,0,0,0,0,0
image_3265.png,surface,0.0,0.0,2.115441935909672,-8.537577190112952,14.899643757643933,0.0,3.516596901764608,-0.1935712325936519,0.0,0.0,0.0,-4.1744133160203205,0,0,0,0,0,0
image_3266.png,surface,0.0,0.0,2.719739775639156,-24.39478030026964,-0.404341124622484,0.0,-0.3658920733685344,1.780214296793869,0.0,0.0,0.0,-4.23068486153781,0,0,0,0,0,0
image_3267.png,surface,0.0,0.0,2.338771385877203,-6.29583436664018,-2.350001365663617,0.0,4.238283819078863,-2.335680891590924,0.0,0.0,0.0,-2.808228581908272,0,0,0,0,0,0
image_3268.png,surface,0.0,0.0,2.997367369557894,6.327688058496023,17.526777320545083,0.0,-1.13512869316285,-2.3385294020623952,0.0,0.0,0.0,-0.2505878916276955,0,0,0,0,0,0
image_3269.png,surface,0.0,0.0,2.8905528327802275,-0.0094712605202619,5.628147013238145,0.0,-2.1646161335899654,1.6028288193496756,0.0,0.0,0.0,0.6259523676015224,0,0,0,0,0,0
image_3270.png,surface,0.0,0.0,2.6867173705397054,21.62564242389965,-2.0101643129487505,0.0,-1.9787865136183351,3.753958851102429,0.0,0.0,0.0,0.6296492251197074,0,0,0,0,0,0
image_3271.png,surface,0.0,0.0,1.0835050076782893,-13.49211738562732,-3.4166268428397264,0.0,3.71140765946269,2.246047667761477,0.0,0.0,0.0,-4.337604537870941,0,0,0,0,0,0
image_3272.png,surface,0.0,0.0,2.5095372526605546,1.666642023811251,18.980935443046416,0.0,-0.2342187273823773,2.382519494557588,0.0,0.0,0.0,-3.6455601427747975,0,0,0,0,0,0
image_3273.png,surface,0.0,0.0,2.231767171953417,14.315092776496453,2.925836114821782,0.0,-0.2455748102681519,-4.805851060169943,0.0,0.0,0.0,-3.745456506955056,0,0,0,0,0,0
image_3274.png,surface,0.0,0.0,2.4916292900457675,-7.472163021002271,6.7527218374612215,0.0,-0.5096331418477139,-2.4385727042597747,0.0,0.0,0.0,-4.08774335437962,0,0,0,0,0,0
image_3275.png,surface,0.0,0.0,2.954908412684092,8.082523999444755,6.946555500130019,0.0,1.7481345390650571,-1.913715674227335,0.0,0.0,0.0,-1.6189857933439065,0,0,0,0,0,0
image_3276.png,surface,0.0,0.0,1.440949494940386,-21.639778647927013,-12.715042250654578,0.0,-2.091165955768136,1.9393882279768628,0.0,0.0,0.0,-3.000547673667887,0,0,0,0,0,0
image_3277.png,surface,0.0,0.0,1.722761859528605,20.0289843477516,-0.998612875211832,0.0,-4.268729393474136,2.09762981558474,0.0,0.0,0.0,3.653012410224133,0,0,0,0,0,0
image_3278.png,surface,0.0,0.0,2.1051784520308967,-6.436456868430655,-8.337407476192212,0.0,3.908873716956664,-1.3866159380673486,0.0,0.0,0.0,-2.599560518397197,0,0,0,0,0,0
image_3279.png,surface,0.0,0.0,1.6721734439456792,-14.831979252333962,-4.554812281379499,0.0,-4.685615438867968,1.4836909051828666,0.0,0.0,0.0,0.225953244871043,0,0,0,0,0,0
image_3280.png,surface,0.0,0.0,2.729249432895882,-2.259816515284333,-17.887312947317184,0.0,-2.522376506930612,3.199336221240204,0.0,0.0,0.0,2.860183652219224,0,0,0,0,0,0
image_3281.png,surface,0.0,0.0,2.0850749284764705,-3.9293571198567694,8.048459137768496,0.0,4.629650773874761,-1.152204090814256,0.0,0.0,0.0,-4.675400437873119,0,0,0,0,0,0
image_3282.png,surface,0.0,0.0,1.010506486848037,17.64431168175686,-16.668905221902055,0.0,-0.0691982049821099,-2.3199793946800766,0.0,0.0,0.0,-1.4912904465975585,0,0,0,0,0,0
image_3283.png,surface,0.0,0.0,2.8220052666058635,14.95090658294072,-17.822191928645605,0.0,1.531068565979658,-4.16203044049584,0.0,0.0,0.0,-3.5852766966819827,0,0,0,0,0,0
image_3284.png,surface,0.0,0.0,2.044383500167584,17.925032445297784,-7.826519061182201,0.0,-3.6415082837785153,0.5518530898933053,0.0,0.0,0.0,-4.914994070224434,0,0,0,0,0,0
image_3285.png,surface,0.0,0.0,2.372069444450192,16.866521765900057,-12.320856234707405,0.0,3.1981769048650026,3.4559716404100302,0.0,0.0,0.0,0.5149820016823199,0,0,0,0,0,0
image_3286.png,surface,0.0,0.0,2.017442540235652,-10.713423307814043,-8.34994364400676,0.0,-4.065307083377783,-1.1412941437530972,0.0,0.0,0.0,4.036223241852953,0,0,0,0,0,0
image_3287.png,surface,0.0,0.0,2.2282212482029315,9.650268189604844,-14.377346941361829,0.0,1.702605679875808,3.84199650672415,0.0,0.0,0.0,2.490462561813114,0,0,0,0,0,0
image_3288.png,surface,0.0,0.0,2.961989831980027,-3.5550408453823223,-19.672679913552603,0.0,4.03439873572143,0.9319789643738072,0.0,0.0,0.0,-2.1845380917544044,0,0,0,0,0,0
image_3289.png,surface,0.0,0.0,1.88359268015378,-16.091030827705865,6.2382960461927714,0.0,-4.272797823040045,2.478465289123654,0.0,0.0,0.0,0.8645964292920629,0,0,0,0,0,0
image_3290.png,surface,0.0,0.0,2.395936760296828,-9.596312626569045,23.00404442352917,0.0,-1.2700189486668647,-3.5640431401311408,0.0,0.0,0.0,-0.5410556453961499,0,0,0,0,0,0
image_3291.png,surface,0.0,0.0,2.7188584792957142,-1.3068976762397204,-24.636937433928683,0.0,-1.9166221845398936,1.217354642093856,0.0,0.0,0.0,-0.0575567877719809,0,0,0,0,0,0
image_3292.png,surface,0.0,0.0,1.2090165466722975,19.37175118393918,-1.7027225152829335,0.0,-3.151721803398461,-1.7834297548553566,0.0,0.0,0.0,1.21611968898557,0,0,0,0,0,0
image_3293.png,surface,0.0,0.0,2.1626799419913274,10.18130842352955,-14.20658145316297,0.0,0.6121842450206559,0.3150078993093005,0.0,0.0,0.0,-1.6228671294779105,0,0,0,0,0,0
image_3294.png,surface,0.0,0.0,1.917144820645014,-20.57441898402731,4.498672273233434,0.0,-1.9524458127107087,1.393824926306252,0.0,0.0,0.0,-4.062241459476922,0,0,0,0,0,0
image_3295.png,surface,0.0,0.0,2.984349428633393,-13.757482784028614,-2.226920906315442,0.0,-3.898050877925204,-1.672645209031025,0.0,0.0,0.0,-4.660853298136747,0,0,0,0,0,0
image_3296.png,surface,0.0,0.0,2.8739469989825643,14.67735470718188,-9.285037324963554,0.0,-3.3484073044015017,2.399473558143724,0.0,0.0,0.0,2.8891740596914435,0,0,0,0,0,0
image_3297.png,surface,0.0,0.0,1.37240758811171,-19.021540290782458,9.68123882728605,0.0,1.7632099190417985,-0.9408058660806212,0.0,0.0,0.0,-0.7291292818333863,0,0,0,0,0,0
image_3298.png,surface,0.0,0.0,1.1952098389541266,-13.18888704532813,-15.001458172074884,0.0,2.1212290718964057,-1.0855115721475277,0.0,0.0,0.0,-3.2452149396570897,0,0,0,0,0,0
image_3299.png,surface,0.0,0.0,1.907276687685705,13.420572576992315,-14.31295280592832,0.0,-0.7338249778278693,-3.779780546860014,0.0,0.0,0.0,3.445251805832685,0,0,0,0,0,0
image_3300.png,surface,0.0,0.0,1.0383034491372205,11.099486282303234,19.227907529695585,0.0,-4.361965869603168,-0.7200023040350492,0.0,0.0,0.0,-0.1655996082107433,0,0,0,0,0,0
image_3301.png,surface,0.0,0.0,1.9939267213436969,-3.637364959406697,-16.391902452419295,0.0,-3.1134600376111177,0.7827553212645364,0.0,0.0,0.0,3.120429848645159,0,0,0,0,0,0
image_3302.png,surface,0.0,0.0,2.476885155857766,7.430781535963496,15.26140642414052,0.0,-0.5914679387047118,-1.692409803726424,0.0,0.0,0.0,4.820809950443659,0,0,0,0,0,0
image_3303.png,surface,0.0,0.0,2.766533475248917,9.870878295363358,-16.968708832038043,0.0,2.255283213799132,-2.955545046680011,0.0,0.0,0.0,1.0929940447452484,0,0,0,0,0,0
image_3304.png,surface,0.0,0.0,2.9264763167800902,-8.645494007259188,22.284435674137367,0.0,-2.657607187992839,1.549532153205315,0.0,0.0,0.0,-2.880116414268418,0,0,0,0,0,0
image_3305.png,surface,0.0,0.0,2.833756018452993,-5.744883337443174,-14.125424652378475,0.0,-3.501775444074952,-0.3792472246370851,0.0,0.0,0.0,4.966168485480599,0,0,0,0,0,0
image_3306.png,surface,0.0,0.0,2.827889673188723,-1.87150738510474,0.735540195565348,0.0,-3.267746492438689,-3.236989244307677,0.0,0.0,0.0,0.0569879380310034,0,0,0,0,0,0
image_3307.png,surface,0.0,0.0,1.6697459556447225,-6.880431208442699,7.5024203327317425,0.0,1.0400992020044133,-2.795546620914964,0.0,0.0,0.0,4.276670267832046,0,0,0,0,0,0
image_3308.png,surface,0.0,0.0,1.773173161922246,-21.36393285687741,-9.649583910166529,0.0,-1.690504353501239,-1.1939787419728187,0.0,0.0,0.0,-2.473388701447368,0,0,0,0,0,0
image_3309.png,surface,0.0,0.0,2.6284281666539187,-8.988214781966077,6.969654463878902,0.0,-0.9322559333028168,-2.928960206911216,0.0,0.0,0.0,4.272339289254861,0,0,0,0,0,0
image_3310.png,surface,0.0,0.0,1.93429256632386,2.813299087866941,1.3331542311885596,0.0,1.830314813893385,-2.7191104199199416,0.0,0.0,0.0,-3.1969245991393755,0,0,0,0,0,0
image_3311.png,surface,0.0,0.0,1.3011227868084927,3.5229292831192063,-14.993086704831107,0.0,3.740956774951076,0.3533137594199282,0.0,0.0,0.0,2.505374420195996,0,0,0,0,0,0
image_3312.png,surface,0.0,0.0,1.9085372543557144,21.6804592426883,-2.550311968457492,0.0,-4.523384318099115,-2.056944289080457,0.0,0.0,0.0,1.2084617704161218,0,0,0,0,0,0
image_3313.png,surface,0.0,0.0,1.7398394143409686,15.929159791841974,-18.04728197718689,0.0,1.4036798224281355,-3.230210384707812,0.0,0.0,0.0,-3.2666525465898086,0,0,0,0,0,0
image_3314.png,surface,0.0,0.0,1.170644529072367,15.368432884275736,3.4618665839139715,0.0,-0.2654594640419319,-3.661628148962415,0.0,0.0,0.0,3.4399913711330754,0,0,0,0,0,0
image_3315.png,surface,0.0,0.0,1.7008261012746764,-6.219279405491084,-18.908653972451297,0.0,-1.995238037272543,-1.8272728560878069,0.0,0.0,0.0,-3.152278861239446,0,0,0,0,0,0
image_3316.png,surface,0.0,0.0,2.918441225842825,2.0118970285542024,-10.77669810608926,0.0,-0.8496760308260649,-0.4679185501389702,0.0,0.0,0.0,-1.0543324569249035,0,0,0,0,0,0
image_3317.png,surface,0.0,0.0,2.852948245411389,16.831653775538616,0.5663198919328352,0.0,-0.3025600783421468,-3.926788755531077,0.0,0.0,0.0,-2.842478764358796,0,0,0,0,0,0
image_3318.png,surface,0.0,0.0,2.938276041161867,-4.513709027552229,15.465589342519534,0.0,2.2723247074773925,2.689978523257472,0.0,0.0,0.0,4.473178036052177,0,0,0,0,0,0
image_3319.png,surface,0.0,0.0,2.1433655450057136,-14.069300340058998,19.36905090236145,0.0,3.765622783104493,2.6901455974545887,0.0,0.0,0.0,1.0697381098508894,0,0,0,0,0,0
image_3320.png,surface,0.0,0.0,1.2117901176687542,13.039578901391836,-17.71786619850352,0.0,3.2311217822169205,-1.839684854464112,0.0,0.0,0.0,1.669040080430996,0,0,0,0,0,0
image_3321.png,surface,0.0,0.0,1.453976701170652,-1.7516421604991022,-5.976152139429502,0.0,3.223210875711094,3.674195490673487,0.0,0.0,0.0,3.395139415788389,0,0,0,0,0,0
image_3322.png,surface,0.0,0.0,1.3727307425983035,-9.537693117373273,-11.952631195100926,0.0,-0.2633913271200258,-1.3760903977403571,0.0,0.0,0.0,0.0120340757796553,0,0,0,0,0,0
image_3323.png,surface,0.0,0.0,1.377307169740045,-24.078659392220025,-4.268266771553372,0.0,4.38025779502976,-1.4378112342835778,0.0,0.0,0.0,-0.3666367821819687,0,0,0,0,0,0
image_3324.png,surface,0.0,0.0,2.776685773304127,2.04324839523984,-17.49874405188567,0.0,-2.1949015935834617,2.3208214147961783,0.0,0.0,0.0,-0.0603800275179526,0,0,0,0,0,0
image_3325.png,surface,0.0,0.0,1.4080354111237383,16.19238064153694,15.84189784545904,0.0,-1.3426924390640471,-1.7165190262509082,0.0,0.0,0.0,-1.0936943725028856,0,0,0,0,0,0
image_3326.png,surface,0.0,0.0,1.7579309666651382,18.488204979981973,16.953731245713385,0.0,2.785827421769476,-2.103898117799955,0.0,0.0,0.0,-1.6814007119946273,0,0,0,0,0,0
image_3327.png,surface,0.0,0.0,1.1861338223956035,-24.463734687534743,-4.64264804929909,0.0,0.3784844565577669,2.287752307122388,0.0,0.0,0.0,4.743879677596555,0,0,0,0,0,0
image_3328.png,surface,0.0,0.0,1.0730159768497207,-3.316369519532577,-10.087202853895016,0.0,-1.0999529620177455,1.0639815551200669,0.0,0.0,0.0,-2.813277005968764,0,0,0,0,0,0
image_3329.png,surface,0.0,0.0,2.895701491387567,-12.126024687470547,-8.74767607966865,0.0,-4.135367148064622,0.5915740669419385,0.0,0.0,0.0,-0.2022938621065968,0,0,0,0,0,0
image_3330.png,surface,0.0,0.0,2.524830383666977,4.012855837554151,-16.730979531646636,0.0,1.2088807835893651,0.2931750372803342,0.0,0.0,0.0,2.4128347487929016,0,0,0,0,0,0
image_3331.png,surface,0.0,0.0,1.8697876834315463,-5.809106539841388,-21.71848263043709,0.0,-1.5045113147875544,3.4139558293903995,0.0,0.0,0.0,0.4820245222803017,0,0,0,0,0,0
image_3332.png,surface,0.0,0.0,1.3376334386600994,-13.321059855538255,1.1040701892533848,0.0,2.5193317532548813,1.258087237549918,0.0,0.0,0.0,-4.833283469788833,0,0,0,0,0,0
image_3333.png,surface,0.0,0.0,2.9608077712248706,1.5657091715275122,-19.32129503136364,0.0,-0.3902065672109032,0.4788131127976014,0.0,0.0,0.0,-1.208036089120048,0,0,0,0,0,0
image_3334.png,surface,0.0,0.0,1.8683265302210208,-2.861728298532757,-6.742201433885271,0.0,-0.3694854041121183,0.1274763959213414,0.0,0.0,0.0,2.4691426934261305,0,0,0,0,0,0
image_3335.png,surface,0.0,0.0,2.0891078169286628,-12.118529752864838,7.424495328730685,0.0,-1.551848547784053,-2.360163092527926,0.0,0.0,0.0,2.079952391742723,0,0,0,0,0,0
image_3336.png,surface,0.0,0.0,1.1508475952238757,2.67849015403308,24.4852293014056,0.0,-2.764602362619103,2.158172192623272,0.0,0.0,0.0,-1.243715777206511,0,0,0,0,0,0
image_3337.png,surface,0.0,0.0,1.559086713413628,7.318080899005118,22.732256094246026,0.0,1.160826540584053,-2.251113758020683,0.0,0.0,0.0,-0.2797874565400793,0,0,0,0,0,0
image_3338.png,surface,0.0,0.0,1.524667864580915,6.278093273350897,-8.884845950538237,0.0,0.7043718850354257,4.947682298481443,0.0,0.0,0.0,3.916995220260981,0,0,0,0,0,0
image_3339.png,surface,0.0,0.0,1.2780479363470427,1.3151436411837247,-20.41715785680907,0.0,0.9973676415420658,-1.574565238763025,0.0,0.0,0.0,-0.2937139470775838,0,0,0,0,0,0
image_3340.png,surface,0.0,0.0,2.7883687924344445,-0.64941795797226,1.991618094606853,0.0,1.8370978920057748,-0.7713180202892176,0.0,0.0,0.0,-1.2732459840184007,0,0,0,0,0,0
image_3341.png,surface,0.0,0.0,1.3876383250913058,-3.504654796423641,-8.645724772681808,0.0,-1.3813992979252812,-1.237048286174309,0.0,0.0,0.0,2.523472132217517,0,0,0,0,0,0
image_3342.png,surface,0.0,0.0,1.0616051810261289,-13.564832044561824,15.62770645322632,0.0,0.4089840497760826,3.616180969738304,0.0,0.0,0.0,-1.0497741569511887,0,0,0,0,0,0
image_3343.png,surface,0.0,0.0,2.971719594164851,-20.72356679572487,-1.0144582863255849,0.0,0.5536653620932711,1.0167840595502775,0.0,0.0,0.0,-3.061967159622826,0,0,0,0,0,0
image_3344.png,surface,0.0,0.0,2.879147141264124,-7.948252074798817,-15.856417077487311,0.0,0.9090248610310856,3.252476961754708,0.0,0.0,0.0,3.0713716057396976,0,0,0,0,0,0
image_3345.png,surface,0.0,0.0,2.445892932748542,15.28181737416476,9.644630803716808,0.0,1.7492880875174432,0.6748587591849874,0.0,0.0,0.0,4.248881556676247,0,0,0,0,0,0
image_3346.png,surface,0.0,0.0,2.6828819291147235,-4.369175323068552,11.535047699995523,0.0,0.8906710673532958,-3.3062531432109803,0.0,0.0,0.0,3.3939045332518294,0,0,0,0,0,0
image_3347.png,surface,0.0,0.0,1.3124797412739564,0.9547351456226586,-8.429647748348609,0.0,-3.349431812926462,3.2767147511175168,0.0,0.0,0.0,-1.3289174092489309,0,0,0,0,0,0
image_3348.png,surface,0.0,0.0,1.1599549970285814,2.7094549331022795,6.090750888169556,0.0,-4.096751871307152,0.3761931769312536,0.0,0.0,0.0,-1.0219455906439423,0,0,0,0,0,0
image_3349.png,surface,0.0,0.0,2.728435020513672,19.69400184085708,12.44297988311344,0.0,-0.7553141672163108,4.858937029334493,0.0,0.0,0.0,-2.2320490542413274,0,0,0,0,0,0
image_3350.png,surface,0.0,0.0,1.7169694105846975,18.24249233485727,8.109189645647652,0.0,1.1610117689207995,1.106413234734793,0.0,0.0,0.0,4.865630925341245,0,0,0,0,0,0
image_3351.png,surface,0.0,0.0,1.645552545147502,-24.72586616545764,2.814581080891277,0.0,4.5791517222492,1.4770441512851933,0.0,0.0,0.0,4.035832567058344,0,0,0,0,0,0
image_3352.png,surface,0.0,0.0,2.377390192619496,7.267414250787127,4.558731997835011,0.0,-3.1662859982466363,3.3870239624335508,0.0,0.0,0.0,0.7847434119545484,0,0,0,0,0,0
image_3353.png,surface,0.0,0.0,2.514081204331421,3.3008230419165385,13.394137079277847,0.0,3.9738911888793687,1.262067534608173,0.0,0.0,0.0,-2.669558297305774,0,0,0,0,0,0
image_3354.png,surface,0.0,0.0,2.227371482429647,-3.135616706319224,12.932464062006575,0.0,0.1682590135023157,-4.223241723096003,0.0,0.0,0.0,4.321584778805349,0,0,0,0,0,0
image_3355.png,surface,0.0,0.0,1.1905757460665882,7.896896152724167,14.664966992555836,0.0,0.1966458589340417,3.2708226016690416,0.0,0.0,0.0,1.865722985634175,0,0,0,0,0,0
image_3356.png,surface,0.0,0.0,1.7305452508555497,9.7628887333501,-6.5692907096389455,0.0,1.5441859793755834,-4.028314693215117,0.0,0.0,0.0,-0.4269472879532401,0,0,0,0,0,0
image_3357.png,surface,0.0,0.0,1.0263154658540403,-16.694998814921167,-17.400741923361313,0.0,1.919285446500356,4.489913691911277,0.0,0.0,0.0,4.197550738727783,0,0,0,0,0,0
image_3358.png,surface,0.0,0.0,1.1949188719435515,-16.839230946941576,-1.6960833159606,0.0,-1.5592415065549776,-2.271736177542109,0.0,0.0,0.0,-0.7464373708655403,0,0,0,0,0,0
image_3359.png,surface,0.0,0.0,2.456740808693233,-6.594625883077703,-12.729536729752384,0.0,1.7086581774282208,-1.7034675132767672,0.0,0.0,0.0,1.716195125837075,0,0,0,0,0,0
image_3360.png,surface,0.0,0.0,1.5452090928404631,-10.647594077606142,-14.063525670828028,0.0,-0.5547849476512603,-1.6455952361989252,0.0,0.0,0.0,4.466401826433241,0,0,0,0,0,0
image_3361.png,surface,0.0,0.0,1.3192407786790714,-5.673004553010315,10.291713042376612,0.0,-3.4952824185857883,2.850894837645771,0.0,0.0,0.0,0.9135723542822056,0,0,0,0,0,0
image_3362.png,surface,0.0,0.0,2.96091119914682,-19.83302600207543,-12.182628170965485,0.0,1.9238926029602816,1.5779127249062523,0.0,0.0,0.0,-3.678760042339131,0,0,0,0,0,0
image_3363.png,surface,0.0,0.0,2.6407097445674124,-12.067617800407074,-10.289231998803784,0.0,3.8890248665586338,2.4070316720392664,0.0,0.0,0.0,4.692387596607523,0,0,0,0,0,0
image_3364.png,surface,0.0,0.0,2.364293209149573,-16.49440277916695,-15.952931676481358,0.0,3.10752353703022,-0.2727031405993012,0.0,0.0,0.0,0.4287674626001969,0,0,0,0,0,0
image_3365.png,surface,0.0,0.0,1.6511908079890478,-8.719769343567231,-10.199549405579072,0.0,4.117680739997126,-0.6827121888379166,0.0,0.0,0.0,-4.866010316428696,0,0,0,0,0,0
image_3366.png,surface,0.0,0.0,1.3355661076480334,-13.14881998119036,-4.9329256036607685,0.0,0.2580259628365817,1.095576949133798,0.0,0.0,0.0,-4.843495996573955,0,0,0,0,0,0
image_3367.png,surface,0.0,0.0,2.632205722040468,-1.8454894470563767,-17.29061377569502,0.0,4.302140380639857,0.4892670060359262,0.0,0.0,0.0,-4.170851761413226,0,0,0,0,0,0
image_3368.png,surface,0.0,0.0,2.8530787919740392,-5.9555948998061705,-18.361040872139608,0.0,-1.4468615544684826,3.181882925256799,0.0,0.0,0.0,3.8692136480920176,0,0,0,0,0,0
image_3369.png,surface,0.0,0.0,2.7273881135382183,2.7762562089633507,9.416411256853626,0.0,-2.8190211670838914,-3.647322383208183,0.0,0.0,0.0,-4.234427827799547,0,0,0,0,0,0
image_3370.png,surface,0.0,0.0,1.505243952642119,4.199383149732873,-5.287139319147454,0.0,3.328884856350087,1.6855180074359477,0.0,0.0,0.0,2.6135771691307284,0,0,0,0,0,0
image_3371.png,surface,0.0,0.0,1.1783693380849125,-8.954322101695743,-17.597053215779994,0.0,1.0606915403619446,3.643451046919997,0.0,0.0,0.0,0.3817286026838076,0,0,0,0,0,0
image_3372.png,surface,0.0,0.0,2.0083955063196424,-12.227759472857043,21.44165346750884,0.0,-2.0988852046332336,1.2787228396807366,0.0,0.0,0.0,2.372427914914624,0,0,0,0,0,0
image_3373.png,surface,0.0,0.0,2.5462430738282693,-14.588544886585062,9.860404341563296,0.0,3.495957942208958,0.9418825612795022,0.0,0.0,0.0,-3.7570473000470814,0,0,0,0,0,0
image_3374.png,surface,0.0,0.0,2.963286173549172,2.9463738870298144,-22.12771454337574,0.0,-4.654146467504415,-0.4735842141911143,0.0,0.0,0.0,4.034366001116123,0,0,0,0,0,0
image_3375.png,surface,0.0,0.0,2.831743660691212,13.634610469036158,8.276222677316495,0.0,3.71837196453002,-3.321940409422302,0.0,0.0,0.0,-0.1597051865576624,0,0,0,0,0,0
image_3376.png,surface,0.0,0.0,1.0639959755289712,-2.5343438436478896,4.698862662746575,0.0,3.7133238318841792,-2.0547477733732182,0.0,0.0,0.0,-3.49473088126504,0,0,0,0,0,0
image_3377.png,surface,0.0,0.0,1.044140971260589,-5.659784099147901,-10.321145328427509,0.0,-0.1741114906901826,-2.1992178847215964,0.0,0.0,0.0,-0.161519817312282,0,0,0,0,0,0
image_3378.png,surface,0.0,0.0,2.263448020870239,7.6348029193632785,10.741611542031851,0.0,-2.878029760957628,-0.6727096670518723,0.0,0.0,0.0,-2.7621031600681767,0,0,0,0,0,0
image_3379.png,surface,0.0,0.0,1.2556043517559272,20.182771719944466,12.33358927969947,0.0,-2.9062416689920854,-3.905549526099223,0.0,0.0,0.0,-3.326105166729202,0,0,0,0,0,0
image_3380.png,surface,0.0,0.0,2.214758798533144,0.4003339698951336,22.520177420740364,0.0,0.827200933509791,2.394393287932237,0.0,0.0,0.0,-4.368636020644098,0,0,0,0,0,0
image_3381.png,surface,0.0,0.0,1.0188072298435522,-8.712012377670344,4.570885623793598,0.0,1.3267293244375995,4.078930738069078,0.0,0.0,0.0,1.7499721084535214,0,0,0,0,0,0
image_3382.png,surface,0.0,0.0,2.483402896205595,-14.346702118784984,-5.46363201424153,0.0,0.219199334115475,-3.627996221805092,0.0,0.0,0.0,2.0915787872286007,0,0,0,0,0,0
image_3383.png,surface,0.0,0.0,1.7743039624784116,20.94666166868802,11.051198973456165,0.0,1.8432600273429989,3.91284957312279,0.0,0.0,0.0,-1.8695839445867368,0,0,0,0,0,0
image_3384.png,surface,0.0,0.0,2.515761417368294,12.704448186798157,7.754659213422585,0.0,-1.9020398894647617,0.3569133015281878,0.0,0.0,0.0,1.2966678308062018,0,0,0,0,0,0
image_3385.png,surface,0.0,0.0,2.385442432235199,4.527647461096591,9.490557496415205,0.0,-2.485582516573036,-0.0209979882357265,0.0,0.0,0.0,-2.960878274408806,0,0,0,0,0,0
image_3386.png,surface,0.0,0.0,1.9552798634909108,-1.4052776342917976,-24.59196003786373,0.0,-0.4866621588261241,1.9189327945514496,0.0,0.0,0.0,2.211445434894623,0,0,0,0,0,0
image_3387.png,surface,0.0,0.0,2.017265431615071,5.753891238474727,20.752467050768765,0.0,2.962598849888445,1.4019318099649056,0.0,0.0,0.0,2.4824691985440897,0,0,0,0,0,0
image_3388.png,surface,0.0,0.0,1.1804101054057416,-19.01566785121756,-8.664578748885107,0.0,-3.890535061605291,0.6796321248557554,0.0,0.0,0.0,2.913725027727918,0,0,0,0,0,0
image_3389.png,surface,0.0,0.0,2.2967203730214822,-6.856044587292904,-7.396480393380873,0.0,-1.35292257712873,-3.354623320631537,0.0,0.0,0.0,3.63496837060894,0,0,0,0,0,0
image_3390.png,surface,0.0,0.0,2.281510165264095,-5.166264001837358,-13.495895994198325,0.0,-0.059658517201696,-0.1440266024762584,0.0,0.0,0.0,-1.8183185230754817,0,0,0,0,0,0
image_3391.png,surface,0.0,0.0,2.631664168874993,4.5349643378408135,-9.069159181150772,0.0,-1.4329151406945562,-0.562860822605171,0.0,0.0,0.0,1.31323897415945,0,0,0,0,0,0
image_3392.png,surface,0.0,0.0,1.0983381624554869,7.391458045456674,8.326823519717854,0.0,-2.7788133044566816,2.293297272972686,0.0,0.0,0.0,4.054548564022332,0,0,0,0,0,0
image_3393.png,surface,0.0,0.0,1.375547180774559,-3.023001311383076,-11.247382104585832,0.0,3.1318306582103568,2.32568009153334,0.0,0.0,0.0,-0.4189751946891062,0,0,0,0,0,0
image_3394.png,surface,0.0,0.0,2.3259168629801743,-3.423855851327497,8.211763358192156,0.0,1.3816313002455574,-0.2868938019606876,0.0,0.0,0.0,-4.982510077973309,0,0,0,0,0,0
image_3395.png,surface,0.0,0.0,2.103465248629723,4.502993839867408,-4.202955938798173,0.0,1.6944081719277402,3.824752635388263,0.0,0.0,0.0,-4.348104092715056,0,0,0,0,0,0
image_3396.png,surface,0.0,0.0,1.829742244696298,10.278005099008356,19.978829489515967,0.0,0.5587458906782593,1.6041409155982338,0.0,0.0,0.0,0.0292232075847707,0,0,0,0,0,0
image_3397.png,surface,0.0,0.0,1.0539302198019658,-14.895860828194389,-0.3784350356193162,0.0,2.167696912854336,1.911186688919633,0.0,0.0,0.0,-2.9817057595297203,0,0,0,0,0,0
image_3398.png,surface,0.0,0.0,2.668039010646077,-10.042227556677368,6.839350579188187,0.0,1.4349247282300732,-4.507236348391049,0.0,0.0,0.0,1.824450170675956,0,0,0,0,0,0
image_3399.png,surface,0.0,0.0,1.5802557887237,-18.59727229457413,-9.758909669027393,0.0,3.177243380655684,-3.2691069918303017,0.0,0.0,0.0,2.4521461165711864,0,0,0,0,0,0
image_3400.png,surface,0.0,0.0,1.7295778632295125,-11.216140347057925,6.459326071998617,0.0,-0.5322761911082897,4.434784613259689,0.0,0.0,0.0,-1.6811016907832368,0,0,0,0,0,0
image_3401.png,surface,0.0,0.0,1.911061806670182,15.03878370649756,0.3266899788796201,0.0,-2.32740190494979,3.7525386629443456,0.0,0.0,0.0,3.135971076062617,0,0,0,0,0,0
image_3402.png,surface,0.0,0.0,2.0898539736453303,-17.037047799415262,8.067966811280394,0.0,-2.928108680985052,1.3190400717614346,0.0,0.0,0.0,3.118546001301844,0,0,0,0,0,0
image_3403.png,surface,0.0,0.0,1.4818820578971776,2.314641357860746,24.18876099549288,0.0,-4.155726776293999,-0.6631512184498389,0.0,0.0,0.0,2.021111651626857,0,0,0,0,0,0
image_3404.png,surface,0.0,0.0,1.997422455970598,-2.87462190176854,-5.823415536505779,0.0,3.6265839109798144,1.5973201896250402,0.0,0.0,0.0,-0.3202588387737783,0,0,0,0,0,0
image_3405.png,surface,0.0,0.0,2.850761521107977,5.6084504366521015,13.875615425005993,0.0,1.9998054817080908,-0.5244299707343537,0.0,0.0,0.0,-1.4687887501874606,0,0,0,0,0,0
image_3406.png,surface,0.0,0.0,1.4034086392242742,-3.270728842385732,1.6564113634340472,0.0,-3.3601491232427296,-3.4839837362578745,0.0,0.0,0.0,1.889636371268761,0,0,0,0,0,0
image_3407.png,surface,0.0,0.0,2.101128430526076,20.541808015915056,3.0584165031114243,0.0,2.1076839675915573,2.7563857025570595,0.0,0.0,0.0,4.739922114039967,0,0,0,0,0,0
image_3408.png,surface,0.0,0.0,2.946220275925966,8.424417490094443,9.281328906702582,0.0,-2.5139056646909457,2.861546500582514,0.0,0.0,0.0,1.6488515920013045,0,0,0,0,0,0
image_3409.png,surface,0.0,0.0,1.9595336291075045,-14.893659344411276,11.542199078656434,0.0,-2.694098419716988,0.5316442014269851,0.0,0.0,0.0,-4.184086245095944,0,0,0,0,0,0
image_3410.png,surface,0.0,0.0,2.810241179782146,3.830285554305077,-12.234968783979916,0.0,-2.1082733348202654,-3.994736293923685,0.0,0.0,0.0,-2.3518044484126985,0,0,0,0,0,0
image_3411.png,surface,0.0,0.0,1.0759605709150457,7.292488968359104,-7.475414414259491,0.0,-1.1399130132509352,2.241047004268113,0.0,0.0,0.0,-3.614014627073399,0,0,0,0,0,0
image_3412.png,surface,0.0,0.0,2.0478348774025523,-17.899373876742914,3.186774953121819,0.0,3.427847218912119,-0.933503297462262,0.0,0.0,0.0,4.800888498221216,0,0,0,0,0,0
image_3413.png,surface,0.0,0.0,1.005749024519185,20.930516740086222,12.961410513079429,0.0,0.5477304299134498,-4.668804506464722,0.0,0.0,0.0,-0.5672045722567063,0,0,0,0,0,0
image_3414.png,surface,0.0,0.0,1.541975298481372,-5.146494405881849,-20.50652006941256,0.0,1.3020585616041862,4.272267092750091,0.0,0.0,0.0,-4.5017613657146445,0,0,0,0,0,0
image_3415.png,surface,0.0,0.0,2.8332657263251644,17.388408306694885,17.96808485555625,0.0,-3.0142935471622656,-2.4006075558376625,0.0,0.0,0.0,-2.1331593399818702,0,0,0,0,0,0
image_3416.png,surface,0.0,0.0,1.8308940592108285,1.2223506734470595,-20.89986899041612,0.0,0.6702173345799138,3.440828849835235,0.0,0.0,0.0,3.390052523138481,0,0,0,0,0,0
image_3417.png,surface,0.0,0.0,1.9260769302973189,-5.717166691551153,-11.880969023437489,0.0,3.5057438745983824,-1.9295895176996545,0.0,0.0,0.0,-1.9967557210265463,0,0,0,0,0,0
image_3418.png,surface,0.0,0.0,1.8061475676421448,7.85510734024789,21.80891769439908,0.0,-3.406248596290116,-3.587821600323422,0.0,0.0,0.0,4.258107364978743,0,0,0,0,0,0
image_3419.png,surface,0.0,0.0,2.478938269513213,-14.258234580989102,16.778822851901467,0.0,-1.3023048700469746,-0.5076781308290128,0.0,0.0,0.0,-4.384515813252742,0,0,0,0,0,0
image_3420.png,surface,0.0,0.0,1.7963481892727815,2.841193584677603,-1.3982941427907611,0.0,1.9369179506200085,-0.147837613312864,0.0,0.0,0.0,-2.788204276108482,0,0,0,0,0,0
image_3421.png,surface,0.0,0.0,2.0219917040362856,-9.897612000124246,-12.533239563390229,0.0,0.63307799287884,0.1375367673217355,0.0,0.0,0.0,-4.932013999457073,0,0,0,0,0,0
image_3422.png,surface,0.0,0.0,1.1268544220945875,3.24191009498542,-13.256990834549102,0.0,2.344719419713925,-0.2232429413399878,0.0,0.0,0.0,-0.4120641147677943,0,0,0,0,0,0
image_3423.png,surface,0.0,0.0,2.4265912888278,20.25113625150713,3.7333430652298,0.0,3.3457015495282967,-3.51178349909939,0.0,0.0,0.0,-4.185373422860728,0,0,0,0,0,0
image_3424.png,surface,0.0,0.0,2.068642711829608,-15.653809328325831,3.6040683604479065,0.0,-0.852068421250145,-2.2978352587204194,0.0,0.0,0.0,3.8081019411879673,0,0,0,0,0,0
image_3425.png,surface,0.0,0.0,2.947136426084896,-12.482261911008186,-0.3605208984870149,0.0,3.933313239305879,-0.097919318576343,0.0,0.0,0.0,2.670294601785692,0,0,0,0,0,0
image_3426.png,surface,0.0,0.0,2.7422540907326347,17.522517701495108,-11.600182671434975,0.0,3.090948229856852,-1.221207610299828,0.0,0.0,0.0,-1.091735731769078,0,0,0,0,0,0
image_3427.png,surface,0.0,0.0,1.6908911227364587,-2.654464030172512,21.902311847845656,0.0,2.508949186230423,-3.9296750188339096,0.0,0.0,0.0,2.54608694747268,0,0,0,0,0,0
image_3428.png,surface,0.0,0.0,1.7449152522385614,-7.4814442873730815,-21.063955577470946,0.0,4.286412036669251,1.3416286611983728,0.0,0.0,0.0,-0.5719446386249993,0,0,0,0,0,0
image_3429.png,surface,0.0,0.0,2.3205565450367844,11.84132106712358,-2.698828101214338,0.0,-1.0236823618731037,1.7333088912073356,0.0,0.0,0.0,4.660044995635751,0,0,0,0,0,0
image_3430.png,surface,0.0,0.0,1.9168930870773613,2.851858522137902,2.8062035786727737,0.0,1.943123324925693,3.6511834769659695,0.0,0.0,0.0,4.438000606916976,0,0,0,0,0,0
image_3431.png,surface,0.0,0.0,2.109222756553119,-0.9044555786097632,21.33879655007223,0.0,-2.839389348123168,-3.5659452507772227,0.0,0.0,0.0,-3.9743220617553576,0,0,0,0,0,0
image_3432.png,surface,0.0,0.0,2.9419322389377927,14.739439186018542,-8.762606466076098,0.0,3.558059296457764,-3.168433211525931,0.0,0.0,0.0,4.338817060630971,0,0,0,0,0,0
image_3433.png,surface,0.0,0.0,1.1813153472675548,-4.408280848907885,-8.789958160935665,0.0,2.78305188832988,1.339738849531434,0.0,0.0,0.0,-4.4666565570822,0,0,0,0,0,0
image_3434.png,surface,0.0,0.0,2.189571261959638,0.3406183783339535,14.66120059112902,0.0,-3.538530452937296,0.3874429915935305,0.0,0.0,0.0,4.061418224626198,0,0,0,0,0,0
image_3435.png,surface,0.0,0.0,2.3551798509268767,-6.855684448480602,2.050203471869782,0.0,2.5076531106729822,-1.255194077619093,0.0,0.0,0.0,-0.0941239585375157,0,0,0,0,0,0
image_3436.png,surface,0.0,0.0,1.4387414811605217,1.2895416782316995,17.711499994564345,0.0,2.341124797045022,-1.8883915826577944,0.0,0.0,0.0,4.002331821838363,0,0,0,0,0,0
image_3437.png,surface,0.0,0.0,2.1721894680933467,8.378974348016364,21.32783533263205,0.0,1.9124169588189464,-2.948577530885592,0.0,0.0,0.0,1.8934867322686413,0,0,0,0,0,0
image_3438.png,surface,0.0,0.0,2.5498993203820097,15.861506524502625,3.1576760497306675,0.0,3.3553218035027528,2.2071592263563127,0.0,0.0,0.0,-1.286536578612365,0,0,0,0,0,0
image_3439.png,surface,0.0,0.0,1.5710157840832937,-9.131799872905358,19.615070032870708,0.0,2.354429421669668,-1.765940800572929,0.0,0.0,0.0,-1.174226191698544,0,0,0,0,0,0
image_3440.png,surface,0.0,0.0,2.954021882619459,8.591996848304028,-12.154998572017446,0.0,-2.723901566074048,-1.2557935137714191,0.0,0.0,0.0,-1.078148879790505,0,0,0,0,0,0
image_3441.png,surface,0.0,0.0,1.260531237009129,23.29529985266741,-6.363629380188696,0.0,3.7026990425102,-3.3298740491426653,0.0,0.0,0.0,-3.8678295756422094,0,0,0,0,0,0
image_3442.png,surface,0.0,0.0,1.9478542192897088,-0.4664536864648602,-9.215427912496216,0.0,-3.358576877832522,2.3098912541757284,0.0,0.0,0.0,-2.8543403511275067,0,0,0,0,0,0
image_3443.png,surface,0.0,0.0,2.4577421954395824,-15.53297208397346,-19.58715620269601,0.0,4.201387513685956,0.7817795126771014,0.0,0.0,0.0,-4.979093466438119,0,0,0,0,0,0
image_3444.png,surface,0.0,0.0,1.8803815967179232,13.81071739041199,3.252050492119432,0.0,2.087013421007476,2.580581548266201,0.0,0.0,0.0,3.1341241133200253,0,0,0,0,0,0
image_3445.png,surface,0.0,0.0,2.028981596223732,-23.32454390035685,7.490260738691126,0.0,-1.7358824420709795,3.2082069606806147,0.0,0.0,0.0,0.6538140705619346,0,0,0,0,0,0
image_3446.png,surface,0.0,0.0,1.949631440209035,-9.51637552491074,-7.489806887829287,0.0,-3.7560884942016286,-1.329336268801938,0.0,0.0,0.0,2.8929794602702774,0,0,0,0,0,0
image_3447.png,surface,0.0,0.0,1.1072261472250042,3.8799993555894488,9.367279829088146,0.0,1.902960053027984,4.009794512385662,0.0,0.0,0.0,4.740211791778853,0,0,0,0,0,0
image_3448.png,surface,0.0,0.0,1.642964754893688,6.110860867475087,9.202337901807317,0.0,0.3038476892807952,-3.9764012539277984,0.0,0.0,0.0,-0.5737114659575298,0,0,0,0,0,0
image_3449.png,surface,0.0,0.0,1.1658268687705564,14.85528473900753,-17.826902960865443,0.0,-3.9980337842602416,-2.7270546352795835,0.0,0.0,0.0,-4.368369577863999,0,0,0,0,0,0
image_3450.png,surface,0.0,0.0,2.5206302516790178,-12.371763546683855,-11.541917363186124,0.0,0.2296671231969178,4.544592521605359,0.0,0.0,0.0,-0.2479381954001311,0,0,0,0,0,0
image_3451.png,surface,0.0,0.0,1.9551793017723649,-8.659757982566818,12.07909533854075,0.0,-0.5041410570544923,-3.7071861640797006,0.0,0.0,0.0,2.890422171899206,0,0,0,0,0,0
image_3452.png,surface,0.0,0.0,1.814323242826708,0.3182615928500235,14.480777991483675,0.0,4.078550059862861,-2.1479754152875743,0.0,0.0,0.0,3.168748294791362,0,0,0,0,0,0
image_3453.png,surface,0.0,0.0,2.521857872323124,-0.952131022112294,12.169027261784096,0.0,2.127647617808882,0.7835569799975299,0.0,0.0,0.0,-3.558347492330367,0,0,0,0,0,0
image_3454.png,surface,0.0,0.0,2.314238464796409,15.62175972595666,17.57467293353977,0.0,-3.7264967813482137,-2.6200922158402222,0.0,0.0,0.0,-4.826271869577886,0,0,0,0,0,0
image_3455.png,surface,0.0,0.0,1.8265470856960195,-10.971758214722072,13.459890120962472,0.0,1.8907100516255704,3.871521364970717,0.0,0.0,0.0,2.187154466847744,0,0,0,0,0,0
image_3456.png,surface,0.0,0.0,1.2677958931700788,-15.339479875111795,-1.7431511703529825,0.0,-1.5567985365504564,-2.4419886405063083,0.0,0.0,0.0,4.847656500878651,0,0,0,0,0,0
image_3457.png,surface,0.0,0.0,1.9651942022624969,2.84772537013914,8.759875323260122,0.0,2.9179727704396208,3.9781258766069927,0.0,0.0,0.0,-4.6451491459566405,0,0,0,0,0,0
image_3458.png,surface,0.0,0.0,1.384873913351311,-4.0410883345046935,6.079471265654822,0.0,1.156513811217759,-1.944023963819248,0.0,0.0,0.0,-4.161012387072623,0,0,0,0,0,0
image_3459.png,surface,0.0,0.0,1.8389688558128496,3.638501369606479,2.7670841513684983,0.0,-2.2693202849402576,1.1704505424296057,0.0,0.0,0.0,4.853908205881954,0,0,0,0,0,0
image_3460.png,surface,0.0,0.0,2.7615035470618063,9.422090025858004,16.511303471984835,0.0,4.651397233638761,-0.8737696509855577,0.0,0.0,0.0,3.1351543407965057,0,0,0,0,0,0
image_3461.png,surface,0.0,0.0,1.551775367365239,-3.787698673686799,-12.510649678315955,0.0,-1.773456380119756,1.6113872337785475,0.0,0.0,0.0,-3.69516038675868,0,0,0,0,0,0
image_3462.png,surface,0.0,0.0,1.867416644779266,11.628100695515052,-2.353570905081742,0.0,1.1123545825233911,-0.4843624024127948,0.0,0.0,0.0,-4.761780274816079,0,0,0,0,0,0
image_3463.png,surface,0.0,0.0,1.0629612393826993,17.724551408491,16.59092682296202,0.0,-1.655553153805116,2.5230017521551904,0.0,0.0,0.0,-0.393582534210477,0,0,0,0,0,0
image_3464.png,surface,0.0,0.0,2.788060062432592,23.528476319252324,4.229700275117887,0.0,-3.98160750635118,-2.1660747670610285,0.0,0.0,0.0,-4.891114767378728,0,0,0,0,0,0
image_3465.png,surface,0.0,0.0,1.1590659695010774,6.95212455465686,19.686145373525445,0.0,4.661030679367369,-1.6238421326993302,0.0,0.0,0.0,2.084891032336573,0,0,0,0,0,0
image_3466.png,surface,0.0,0.0,2.268926718129979,-6.391255910611039,-17.214613117935492,0.0,1.1347515213268882,-2.773015134086892,0.0,0.0,0.0,-0.7064768871373603,0,0,0,0,0,0
image_3467.png,surface,0.0,0.0,2.9428516505299487,-5.143564889549786,1.133620197004438,0.0,-1.7470665507389094,2.782387770828438,0.0,0.0,0.0,1.0613807214912825,0,0,0,0,0,0
image_3468.png,surface,0.0,0.0,2.826228252812169,11.95742675554982,-14.862831827058832,0.0,0.6812063435599417,1.9716922276859896,0.0,0.0,0.0,-0.1395137524088827,0,0,0,0,0,0
image_3469.png,surface,0.0,0.0,1.0619167043034987,12.33079066881389,12.825299783046598,0.0,0.2789120148850867,-2.7298006240953496,0.0,0.0,0.0,0.6157535850777807,0,0,0,0,0,0
image_3470.png,surface,0.0,0.0,1.5404142204350082,0.4982669984992108,-6.881998259347151,0.0,2.9331508948722687,-2.2046015988081584,0.0,0.0,0.0,-4.437963997621565,0,0,0,0,0,0
image_3471.png,surface,0.0,0.0,1.2154120898216825,-4.443304332944623,-13.080510888910364,0.0,-4.395227580622321,-0.4895640619642222,0.0,0.0,0.0,1.566635511443346,0,0,0,0,0,0
image_3472.png,surface,0.0,0.0,1.811020605570412,-10.975022783588734,-20.011062085336967,0.0,-4.090363293646148,2.2170155955406816,0.0,0.0,0.0,2.2957488617814006,0,0,0,0,0,0
image_3473.png,surface,0.0,0.0,1.9054848052021072,-9.127526887650848,-6.125611093255575,0.0,-4.439674044115836,-1.574331047533873,0.0,0.0,0.0,-1.9501733529423184,0,0,0,0,0,0
image_3474.png,surface,0.0,0.0,1.3344005264484444,16.94795865150107,13.583413032853151,0.0,-0.904151161513584,-4.5532185905031,0.0,0.0,0.0,1.6980789549392128,0,0,0,0,0,0
image_3475.png,surface,0.0,0.0,2.54907613971168,-6.058268962950444,-22.354387452059488,0.0,-1.332673036129369,0.8752052154599173,0.0,0.0,0.0,3.0315733432076044,0,0,0,0,0,0
image_3476.png,surface,0.0,0.0,1.6978759873023108,19.26461763018644,16.192422474388973,0.0,-2.6392539894988696,1.0293622404472431,0.0,0.0,0.0,1.806796025702489,0,0,0,0,0,0
image_3477.png,surface,0.0,0.0,1.798331167195534,-21.300455369487512,2.8822561907414475,0.0,-3.1049043001044465,1.095743242657027,0.0,0.0,0.0,-3.575206142149816,0,0,0,0,0,0
image_3478.png,surface,0.0,0.0,1.5944455281569463,3.6454340315525577,15.114072658582124,0.0,1.6646778506258548,2.7424427886189124,0.0,0.0,0.0,2.598564412806681,0,0,0,0,0,0
image_3479.png,surface,0.0,0.0,1.573099489511776,3.1940442831498537,-2.195501249338625,0.0,2.65461522269428,-1.4476646437288,0.0,0.0,0.0,3.2281919720811576,0,0,0,0,0,0
image_3480.png,surface,0.0,0.0,1.8399801412248435,13.966200176076962,3.4868411063619007,0.0,-0.94868353769312,-3.539109695008438,0.0,0.0,0.0,-0.0532419813238522,0,0,0,0,0,0
image_3481.png,surface,0.0,0.0,1.8204961555593009,12.52281470889767,-2.7387620992169435,0.0,-3.4463944263289683,-1.3467835935999992,0.0,0.0,0.0,4.895749536835428,0,0,0,0,0,0
image_3482.png,surface,0.0,0.0,2.030340782475414,-21.18513512193328,-11.918245676850274,0.0,1.826127908244884,3.79908339110872,0.0,0.0,0.0,-0.9804202941098944,0,0,0,0,0,0
image_3483.png,surface,0.0,0.0,2.417798399219584,-4.100272687878244,15.657575239582105,0.0,-3.509059157710977,1.802574232165016,0.0,0.0,0.0,-4.998031852359554,0,0,0,0,0,0
image_3484.png,surface,0.0,0.0,1.2235425090078746,5.796853644776314,4.929128578739701,0.0,-4.777016253628556,0.243858275173716,0.0,0.0,0.0,-1.440662988717889,0,0,0,0,0,0
image_3485.png,surface,0.0,0.0,1.1860438251618877,6.348984257913462,19.92846668776846,0.0,0.6300090145756239,-1.868698793223537,0.0,0.0,0.0,1.7200121536286508,0,0,0,0,0,0
image_3486.png,surface,0.0,0.0,1.3108608195367326,-12.089055181335905,19.757842013702646,0.0,-3.9187421007538425,2.480469991257596,0.0,0.0,0.0,1.35963117882726,0,0,0,0,0,0
image_3487.png,surface,0.0,0.0,1.192354597349946,-7.942505262595162,-7.91748088198263,0.0,2.480476092991208,-2.723800580448296,0.0,0.0,0.0,1.787405998455208,0,0,0,0,0,0
image_3488.png,surface,0.0,0.0,1.3252612194775455,-1.912891592489789,17.33012710079736,0.0,0.0125906520800318,4.018919588947198,0.0,0.0,0.0,3.2436958571842105,0,0,0,0,0,0
image_3489.png,surface,0.0,0.0,1.0624701001420778,-10.95280238395454,6.263945763767708,0.0,2.153208906819699,1.951571769667384,0.0,0.0,0.0,-1.702470498160035,0,0,0,0,0,0
image_3490.png,surface,0.0,0.0,2.654062452954744,6.824966403651066,23.513486473096563,0.0,-0.1264726757092882,4.748844905465138,0.0,0.0,0.0,2.505360278823185,0,0,0,0,0,0
image_3491.png,surface,0.0,0.0,2.602193256043364,-12.71261339004632,18.42939391175688,0.0,-1.3547893577146226,-1.8271055591687453,0.0,0.0,0.0,-3.1955210838179715,0,0,0,0,0,0
image_3492.png,surface,0.0,0.0,1.0476476486036974,15.75963495832372,-18.8749487865542,0.0,-0.3827085309659371,-2.301193756793859,0.0,0.0,0.0,-0.3873074804242113,0,0,0,0,0,0
image_3493.png,surface,0.0,0.0,1.6500000903540863,0.2511896325606628,-8.90956302845459,0.0,-1.824566915725508,3.201895279518878,0.0,0.0,0.0,-1.0288012179113593,0,0,0,0,0,0
image_3494.png,surface,0.0,0.0,2.252987467044869,-6.137392762940197,-5.741802172481514,0.0,-1.0761235228261834,0.4262229685487994,0.0,0.0,0.0,-4.764789514373911,0,0,0,0,0,0
image_3495.png,surface,0.0,0.0,1.3064443471625655,-20.71682733108654,9.919819137183126,0.0,0.8809549690983078,2.7291937013155363,0.0,0.0,0.0,2.5377939931468063,0,0,0,0,0,0
image_3496.png,surface,0.0,0.0,1.3433081434940422,-18.882222728852927,-15.358637399006282,0.0,-0.3507255755153959,-3.987634238701312,0.0,0.0,0.0,-4.05437401741913,0,0,0,0,0,0
image_3497.png,surface,0.0,0.0,1.134667954340856,-1.685059568563381,5.85890288488758,0.0,-0.1420784225430062,2.557627149409778,0.0,0.0,0.0,-3.184720959982319,0,0,0,0,0,0
image_3498.png,surface,0.0,0.0,1.314979467731941,14.64278332651268,-2.107263656215375,0.0,3.589275227270217,-1.867413266099403,0.0,0.0,0.0,-4.6160798227035285,0,0,0,0,0,0
image_3499.png,surface,0.0,0.0,2.294249339159407,15.006419715814026,18.14223898552271,0.0,2.91243399079751,-1.7279655661763444,0.0,0.0,0.0,-3.2905765035457515,0,0,0,0,0,0
image_3500.png,surface,0.0,0.0,2.259494108144848,-6.215342135228121,-2.5889156599268834,0.0,1.5115808291288664,-3.4290895554929084,0.0,0.0,0.0,-4.94987182505366,0,0,0,0,0,0
image_3501.png,surface,0.0,0.0,1.5340750263654093,-18.388622527893155,9.402911557762408,0.0,0.5561087825531518,-2.345427352525479,0.0,0.0,0.0,3.700411824970928,0,0,0,0,0,0
image_3502.png,surface,0.0,0.0,1.5161233104058016,-15.961297230758897,-17.203394708350057,0.0,0.5887561247451492,1.128521310721156,0.0,0.0,0.0,1.201701340551077,0,0,0,0,0,0
image_3503.png,surface,0.0,0.0,1.8312463139166624,-23.56927187901272,5.886304665097985,0.0,2.745788807033411,-3.0364501203457164,0.0,0.0,0.0,-1.6145719848348672,0,0,0,0,0,0
image_3504.png,surface,0.0,0.0,1.9575351730363515,-22.568267788732463,-2.2782174231958434,0.0,0.4246814222696091,3.270386097668087,0.0,0.0,0.0,-1.6163367170495355,0,0,0,0,0,0
image_3505.png,surface,0.0,0.0,2.8351799637390487,13.944205365341794,19.257158434713208,0.0,2.692907298092394,1.9532833558374976,0.0,0.0,0.0,-1.0587552524802837,0,0,0,0,0,0
image_3506.png,surface,0.0,0.0,2.3549829387783547,16.210088763310033,13.897480666533465,0.0,4.764737864188256,-0.969640798451344,0.0,0.0,0.0,-1.3483797535728526,0,0,0,0,0,0
image_3507.png,surface,0.0,0.0,1.6399509273969988,2.1174459720447127,-10.267495001276076,0.0,2.064195842759026,-2.5563149218734083,0.0,0.0,0.0,0.7509119445960311,0,0,0,0,0,0
image_3508.png,surface,0.0,0.0,2.531104350987529,-6.72876176176381,18.81116607485486,0.0,-0.9887952349516946,-3.8689263846474335,0.0,0.0,0.0,-3.586948096924586,0,0,0,0,0,0
image_3509.png,surface,0.0,0.0,1.8853135512578776,-22.07688198734956,-7.04029150782518,0.0,-3.7758252553942873,-2.8078087594437378,0.0,0.0,0.0,3.2892354776986803,0,0,0,0,0,0
image_3510.png,surface,0.0,0.0,2.1788032454164785,-14.01243131750802,20.239130779059,0.0,2.787774181920867,-3.494225777466456,0.0,0.0,0.0,-1.0155249553639911,0,0,0,0,0,0
image_3511.png,surface,0.0,0.0,2.312596163677096,-21.72474051223412,-11.3248260293992,0.0,-1.5311854476669018,-4.110488873017172,0.0,0.0,0.0,0.5647710979822147,0,0,0,0,0,0
image_3512.png,surface,0.0,0.0,1.6502603960782831,1.1466042952914446,1.2560348513509578,0.0,2.417288157340624,-3.83042979992608,0.0,0.0,0.0,1.47182711728035,0,0,0,0,0,0
image_3513.png,surface,0.0,0.0,2.00125753414319,-15.385292633901804,12.454699691923976,0.0,0.8607967308180029,3.8079518008556543,0.0,0.0,0.0,-1.068118875204834,0,0,0,0,0,0
image_3514.png,surface,0.0,0.0,1.2021269609384104,-8.901704770267434,4.836229988482176,0.0,-2.0807836277284006,-2.1603590075115155,0.0,0.0,0.0,-0.4770304689689117,0,0,0,0,0,0
image_3515.png,surface,0.0,0.0,2.6940889633336544,8.990344195002788,-9.412720786565446,0.0,2.921665829114765,-0.8395329405544233,0.0,0.0,0.0,-4.267112346397734,0,0,0,0,0,0
image_3516.png,surface,0.0,0.0,2.904833353210517,5.760109151325212,10.534553655705675,0.0,-0.2417387538524321,-1.2157791269663942,0.0,0.0,0.0,-0.9783863451024484,0,0,0,0,0,0
image_3517.png,surface,0.0,0.0,2.803677232338079,-3.5118013270203794,-23.546644995720392,0.0,-4.263293311447809,2.2163709365470208,0.0,0.0,0.0,-3.003349629854569,0,0,0,0,0,0
image_3518.png,surface,0.0,0.0,1.0895072644803507,-13.098199339038906,12.100022992435726,0.0,-2.8181895678015345,1.808015955490671,0.0,0.0,0.0,-3.998378142470523,0,0,0,0,0,0
image_3519.png,surface,0.0,0.0,2.705747306322383,-8.095635664911123,-8.777492370833818,0.0,3.1752789628843314,3.031087993998036,0.0,0.0,0.0,-2.6738441682000067,0,0,0,0,0,0
image_3520.png,surface,0.0,0.0,2.6841481548331805,-5.5255508613117525,18.507862818603463,0.0,-1.3986379340846573,-0.8766760341509823,0.0,0.0,0.0,-0.9166307723209072,0,0,0,0,0,0
image_3521.png,surface,0.0,0.0,1.261338063103114,-13.009126944322851,-16.983690185172716,0.0,0.3654840219420507,-2.8045676606738,0.0,0.0,0.0,0.6530090982061907,0,0,0,0,0,0
image_3522.png,surface,0.0,0.0,2.441915465586639,0.0200820961158446,-22.729695307305864,0.0,-0.0220928467366784,3.480195895088738,0.0,0.0,0.0,3.696904187082273,0,0,0,0,0,0
image_3523.png,surface,0.0,0.0,1.1076988570954935,6.265761930521904,-24.14311055180658,0.0,0.0161314662930009,4.922352536291366,0.0,0.0,0.0,-0.4386136495691701,0,0,0,0,0,0
image_3524.png,surface,0.0,0.0,2.6237214990520346,-8.379533486897977,4.981423496581643,0.0,-1.352701440342252,-2.884391233324862,0.0,0.0,0.0,-2.64928613216585,0,0,0,0,0,0
image_3525.png,surface,0.0,0.0,2.6040542889735496,-4.328466449233967,-6.094065196765017,0.0,2.5163250142902567,-1.2338387459242053,0.0,0.0,0.0,-1.7932992615226304,0,0,0,0,0,0
image_3526.png,surface,0.0,0.0,2.9352970450212883,-18.48022998866988,-1.1416762898339798,0.0,-0.0051417918192355,-4.560503066259029,0.0,0.0,0.0,0.5500770055941153,0,0,0,0,0,0
image_3527.png,surface,0.0,0.0,1.867893536455391,13.125071496118982,-10.332152472051693,0.0,1.757275227409951,-4.514001370169697,0.0,0.0,0.0,2.4434482610402206,0,0,0,0,0,0
image_3528.png,surface,0.0,0.0,1.9938012937004523,-5.332458631041994,-2.474900094430716,0.0,2.4049180916609623,1.853495250613468,0.0,0.0,0.0,-0.6687835752470308,0,0,0,0,0,0
image_3529.png,surface,0.0,0.0,1.862215410751468,8.200453649266548,11.394050915068568,0.0,3.249663273174799,-3.2675089028718207,0.0,0.0,0.0,-1.181948792149039,0,0,0,0,0,0
image_3530.png,surface,0.0,0.0,2.0207486240742694,7.925026050835543,15.22195416857646,0.0,1.7470275077248534,3.291438788175699,0.0,0.0,0.0,-0.5637145123826803,0,0,0,0,0,0
image_3531.png,surface,0.0,0.0,2.630731846764137,8.085939840354673,-10.980949628679786,0.0,-2.040554799211152,1.9486037894937969,0.0,0.0,0.0,1.4273789380395598,0,0,0,0,0,0
image_3532.png,surface,0.0,0.0,2.736746397717773,7.17394253635738,-21.17874905087122,0.0,3.081265413904395,0.9637599085140728,0.0,0.0,0.0,3.6899146944539183,0,0,0,0,0,0
image_3533.png,surface,0.0,0.0,1.030728630873767,13.88375176182444,5.584188283201681,0.0,-1.998161913612388,4.27409795322516,0.0,0.0,0.0,0.3457910206353487,0,0,0,0,0,0
image_3534.png,surface,0.0,0.0,2.33647360007456,2.7874967662078323,21.64491356007235,0.0,-1.7810149983100456,2.755339657504242,0.0,0.0,0.0,-2.9717685929592728,0,0,0,0,0,0
image_3535.png,surface,0.0,0.0,2.2483892269161485,10.898330348961526,9.813845701485802,0.0,0.496950951305982,4.062212434373928,0.0,0.0,0.0,-1.2669793101124749,0,0,0,0,0,0
image_3536.png,surface,0.0,0.0,2.223741180361338,8.423361938669824,-16.206693634726097,0.0,4.031563227601024,-1.3786628076658147,0.0,0.0,0.0,0.1438780614541208,0,0,0,0,0,0
image_3537.png,surface,0.0,0.0,2.4991825908584406,-12.683469288240683,-12.955815776333631,0.0,-4.093460421167619,-0.8913148197727125,0.0,0.0,0.0,-2.029148513468209,0,0,0,0,0,0
image_3538.png,surface,0.0,0.0,2.4660023039161896,-4.054674909496811,20.79688182321668,0.0,4.482365162796655,1.3616839737863944,0.0,0.0,0.0,-3.555052746460232,0,0,0,0,0,0
image_3539.png,surface,0.0,0.0,1.2148137798953007,-14.93450258828284,17.40580348938849,0.0,-0.4887780629545621,-4.530286951538849,0.0,0.0,0.0,-2.2097915059196547,0,0,0,0,0,0
image_3540.png,surface,0.0,0.0,2.4205901153135065,9.372421442207829,5.6999199892143215,0.0,0.9060913885147164,-4.258389264939239,0.0,0.0,0.0,0.3471941197545831,0,0,0,0,0,0
image_3541.png,surface,0.0,0.0,2.65822349521237,3.8232751356539705,21.316459097081577,0.0,0.4307057545411787,-2.129726580617743,0.0,0.0,0.0,-3.8693822332648544,0,0,0,0,0,0
image_3542.png,surface,0.0,0.0,1.024527055548189,-8.536910181519854,-5.094636431011409,0.0,2.2670946130043443,3.9150739762179705,0.0,0.0,0.0,-4.273654528202612,0,0,0,0,0,0
image_3543.png,surface,0.0,0.0,1.6394540619343143,-18.714650832350564,7.240669484079225,0.0,2.029929446201895,-2.567305567304617,0.0,0.0,0.0,-4.4416026161235855,0,0,0,0,0,0
image_3544.png,surface,0.0,0.0,1.400318289362075,5.676218492469107,-9.616807450410423,0.0,-3.423954729760929,3.234132899998912,0.0,0.0,0.0,3.217641707212085,0,0,0,0,0,0
image_3545.png,surface,0.0,0.0,1.0375901999216517,-22.19044573718213,-0.188926975433204,0.0,4.074981353811744,-0.2456970550429399,0.0,0.0,0.0,-0.3364556293617777,0,0,0,0,0,0
image_3546.png,surface,0.0,0.0,2.7373713604272125,11.940436518343216,21.77331755824985,0.0,-2.228017514103531,-0.6722538171773682,0.0,0.0,0.0,1.9434132096001724,0,0,0,0,0,0
image_3547.png,surface,0.0,0.0,2.0752374299608665,10.487507427170083,11.84128552370483,0.0,-4.086182601900521,-1.8909387796739792,0.0,0.0,0.0,-3.2344523543546067,0,0,0,0,0,0
image_3548.png,surface,0.0,0.0,2.473871437217469,8.459222000282468,-13.747350431077324,0.0,-1.7247703116683943,3.3080033009439327,0.0,0.0,0.0,2.945571043984323,0,0,0,0,0,0
image_3549.png,surface,0.0,0.0,1.4352045397636173,16.847173034135537,2.3781726512960386,0.0,1.2504030734717329,0.846339600653674,0.0,0.0,0.0,-3.679384295806881,0,0,0,0,0,0
image_3550.png,surface,0.0,0.0,1.2493153615130574,16.237843703333258,-14.344015242625437,0.0,3.940526842329614,0.1327001958307088,0.0,0.0,0.0,4.24971269274157,0,0,0,0,0,0
image_3551.png,surface,0.0,0.0,1.31175621409693,3.8378944803218618,0.6512681389859635,0.0,-1.0838258597854455,-2.2674834732820406,0.0,0.0,0.0,2.02769773016417,0,0,0,0,0,0
image_3552.png,surface,0.0,0.0,2.6918280854756302,-12.415841662671188,-16.448154076408777,0.0,2.7059222029586367,-1.481880978726316,0.0,0.0,0.0,-2.9790651013234823,0,0,0,0,0,0
image_3553.png,surface,0.0,0.0,1.51691366931265,-2.6825354643520605,-16.71567875157123,0.0,3.6919014373269663,3.1400137228271365,0.0,0.0,0.0,-3.673429587049544,0,0,0,0,0,0
image_3554.png,surface,0.0,0.0,2.235330417915151,4.556174990477233,0.9768748915573284,0.0,1.4236141373256412,-4.508159437794597,0.0,0.0,0.0,-1.3975804332244337,0,0,0,0,0,0
image_3555.png,surface,0.0,0.0,1.7089219421304396,-14.740527774691364,1.3814674468429344,0.0,2.101719792821038,1.831719652799407,0.0,0.0,0.0,-2.090742722201772,0,0,0,0,0,0
image_3556.png,surface,0.0,0.0,1.8807911418082728,10.968548797345663,-5.909355466806886,0.0,2.3529695355471034,-4.0711215807779615,0.0,0.0,0.0,-4.993565005396211,0,0,0,0,0,0
image_3557.png,surface,0.0,0.0,2.710347660348086,9.913600870439604,21.88101675250386,0.0,0.5596222925160999,-0.9526941609815968,0.0,0.0,0.0,-4.388053043249932,0,0,0,0,0,0
image_3558.png,surface,0.0,0.0,2.468562955868827,0.5281651632753066,-18.414667502423587,0.0,2.05578798520648,0.3631066214615269,0.0,0.0,0.0,-4.644675780269006,0,0,0,0,0,0
image_3559.png,surface,0.0,0.0,1.6713308990587274,-16.190542471037485,-10.368049766091886,0.0,2.246949958479884,-0.9187518125295442,0.0,0.0,0.0,-4.092859796306547,0,0,0,0,0,0
image_3560.png,surface,0.0,0.0,2.794400970346918,22.18110785449921,2.673338199946575,0.0,-4.013726991905476,1.3197041075248992,0.0,0.0,0.0,3.541975002873915,0,0,0,0,0,0
image_3561.png,surface,0.0,0.0,1.631590912794707,-12.793594672210787,6.599145774496121,0.0,2.61756368740608,0.8069241480169081,0.0,0.0,0.0,3.640904989030515,0,0,0,0,0,0
image_3562.png,surface,0.0,0.0,2.500497671753011,-16.657152650642274,-9.830952463727128,0.0,0.1005589779622498,2.0106730330290485,0.0,0.0,0.0,2.4506629421728734,0,0,0,0,0,0
image_3563.png,surface,0.0,0.0,2.5796649782534464,-5.151653385729,23.65797307504484,0.0,-4.182152713716252,1.662520538405293,0.0,0.0,0.0,0.9320812027447882,0,0,0,0,0,0
image_3564.png,surface,0.0,0.0,1.721488248445869,9.41819181135325,-4.417046450050201,0.0,-0.0062083102003644,-2.8698033269061765,0.0,0.0,0.0,-1.2861576576763225,0,0,0,0,0,0
image_3565.png,surface,0.0,0.0,2.0489857834156435,0.7113611670835835,-19.027427198798765,0.0,2.391610635723992,1.6090449863511491,0.0,0.0,0.0,2.793384437524365,0,0,0,0,0,0
image_3566.png,surface,0.0,0.0,1.918863881590836,-8.621756425404921,-4.510276885240515,0.0,1.5448170427306325,2.135598354655767,0.0,0.0,0.0,-0.3728705933150937,0,0,0,0,0,0
image_3567.png,surface,0.0,0.0,2.249049307100292,-12.078465616692633,-10.756625942090404,0.0,-4.835505603659303,0.1606583167799284,0.0,0.0,0.0,-4.297962940315381,0,0,0,0,0,0
image_3568.png,surface,0.0,0.0,2.4597160194380776,-10.097896099859492,-8.831950502663828,0.0,-1.7271246676916532,-2.9836169273904267,0.0,0.0,0.0,-1.2887600637621532,0,0,0,0,0,0
image_3569.png,surface,0.0,0.0,2.8242814337098383,22.694030492731592,-6.342605146367328,0.0,0.2969341089848499,-2.171549492230901,0.0,0.0,0.0,4.1117493779514085,0,0,0,0,0,0
image_3570.png,surface,0.0,0.0,2.167711720173213,11.08939292333267,-21.101564984742502,0.0,-1.5531614118681956,1.2031387146990813,0.0,0.0,0.0,2.598183391526071,0,0,0,0,0,0
image_3571.png,surface,0.0,0.0,2.8047188678265744,13.22240654222765,-5.679256872945011,0.0,0.970102110815368,-3.9175896872424514,0.0,0.0,0.0,0.5312858191529326,0,0,0,0,0,0
image_3572.png,surface,0.0,0.0,2.985827853360427,21.19128696950653,-8.314706070589095,0.0,3.166179636252348,2.631896595811289,0.0,0.0,0.0,2.0850205274814453,0,0,0,0,0,0
image_3573.png,surface,0.0,0.0,2.091468353660913,9.786967330674598,15.507391388031133,0.0,1.8761382769914856,2.4093459308897747,0.0,0.0,0.0,-2.729531259331708,0,0,0,0,0,0
image_3574.png,surface,0.0,0.0,1.5042400490457082,10.196018263432745,21.296531661978328,0.0,1.031900307909645,3.568073072016072,0.0,0.0,0.0,0.2737743411574564,0,0,0,0,0,0
image_3575.png,surface,0.0,0.0,2.28502679719717,4.224569405925478,14.118727992158536,0.0,-1.0573011026888113,-4.288643860492338,0.0,0.0,0.0,-3.369082197073784,0,0,0,0,0,0
image_3576.png,surface,0.0,0.0,2.4583817436340327,-2.977308548339879,-2.3817727052444586,0.0,0.946122737861299,-3.695504052225668,0.0,0.0,0.0,-2.0911745337108134,0,0,0,0,0,0
image_3577.png,surface,0.0,0.0,2.2965511395683973,-12.948554626216785,-12.224140920673255,0.0,-1.4883468403468971,-4.050246617896595,0.0,0.0,0.0,-0.4553915627223484,0,0,0,0,0,0
image_3578.png,surface,0.0,0.0,1.11141777994493,-13.793946770833884,14.817625638989645,0.0,2.48833838882549,-0.9971544460957552,0.0,0.0,0.0,3.297195250103877,0,0,0,0,0,0
image_3579.png,surface,0.0,0.0,1.3772888537567305,-3.664670603512914,-4.756817695630082,0.0,-2.6841254567838115,4.035463713724952,0.0,0.0,0.0,-4.417005480411613,0,0,0,0,0,0
image_3580.png,surface,0.0,0.0,1.4771672329417214,-11.03867455301119,-19.809632559427847,0.0,3.5234675980011367,-1.1829771454935991,0.0,0.0,0.0,4.659967893408526,0,0,0,0,0,0
image_3581.png,surface,0.0,0.0,1.4900437766265422,-7.03969044023134,-18.576405258910363,0.0,-0.3646492166270692,-2.959237422815662,0.0,0.0,0.0,-4.281666923668183,0,0,0,0,0,0
image_3582.png,surface,0.0,0.0,2.8782145656729847,-9.818139146078734,12.223369073394364,0.0,0.2979934645948944,-3.3865476016869054,0.0,0.0,0.0,-3.089939185248014,0,0,0,0,0,0
image_3583.png,surface,0.0,0.0,2.336029711098731,18.78246287076932,-0.7043886100878652,0.0,4.506606853422832,-0.5221415472636526,0.0,0.0,0.0,-3.3289166138764994,0,0,0,0,0,0
image_3584.png,surface,0.0,0.0,1.464387004241413,24.644061921467973,3.938256637769285,0.0,1.7547895554511266,-0.5588206173849195,0.0,0.0,0.0,-1.2994451629252546,0,0,0,0,0,0
image_3585.png,surface,0.0,0.0,1.3311261789466295,-11.927490250553223,2.5268501991989174,0.0,-2.3672904137402258,-0.966827625222362,0.0,0.0,0.0,-3.4676733570535667,0,0,0,0,0,0
image_3586.png,surface,0.0,0.0,1.0966487081215943,-4.599511775428967,-11.250174405579251,0.0,3.823570541600204,2.0531737130886443,0.0,0.0,0.0,-3.712947008483715,0,0,0,0,0,0
image_3587.png,surface,0.0,0.0,1.5660238053778277,6.9610164571140665,-0.3454593481905777,0.0,0.3230054337657263,-1.7136653135872906,0.0,0.0,0.0,-4.291177623045587,0,0,0,0,0,0
image_3588.png,surface,0.0,0.0,1.673413502865908,-6.484805044554268,-8.549869639644239,0.0,1.5681491819201423,-1.7908262568454638,0.0,0.0,0.0,-0.6740824952696975,0,0,0,0,0,0
image_3589.png,surface,0.0,0.0,1.5613909786813391,-21.29609358447224,10.563050581187598,0.0,-2.9298509099884327,-3.2256457108464422,0.0,0.0,0.0,4.419807144981942,0,0,0,0,0,0
image_3590.png,surface,0.0,0.0,2.439638549511442,-12.588238242831732,18.822266233667435,0.0,3.817042550955725,-0.00773668198734,0.0,0.0,0.0,-3.6717057546644174,0,0,0,0,0,0
image_3591.png,surface,0.0,0.0,2.133977586570143,-1.5379543594380645,12.12598833420171,0.0,-3.164231916301674,0.0232533301349607,0.0,0.0,0.0,-0.2725233903899191,0,0,0,0,0,0
image_3592.png,surface,0.0,0.0,1.2066053666302163,-3.630088461577439,-13.419138505211606,0.0,0.9754807164374092,-3.5176815511007264,0.0,0.0,0.0,-3.14820527085706,0,0,0,0,0,0
image_3593.png,surface,0.0,0.0,2.2987221107184026,12.9989754852285,7.331497170813428,0.0,-1.3922068882502925,2.2858995179528296,0.0,0.0,0.0,-0.9408769943545224,0,0,0,0,0,0
image_3594.png,surface,0.0,0.0,1.6210841383133174,-22.11279120091162,-10.995072525447044,0.0,2.841288171818146,3.505217845279382,0.0,0.0,0.0,-0.6183237426466439,0,0,0,0,0,0
image_3595.png,surface,0.0,0.0,2.4827201025375114,-15.069831081707909,3.401931154021142,0.0,-1.1025860974248405,-3.398952734746405,0.0,0.0,0.0,-2.0561829032441272,0,0,0,0,0,0
image_3596.png,surface,0.0,0.0,1.977938526907984,-9.739180037719866,12.27159132011628,0.0,1.139244221659667,-2.6186550074829404,0.0,0.0,0.0,-4.980199332713839,0,0,0,0,0,0
image_3597.png,surface,0.0,0.0,1.2817922057717563,-4.691509008957244,-19.08062033115593,0.0,-2.984703854046435,-2.567714182678809,0.0,0.0,0.0,-2.6859889180739085,0,0,0,0,0,0
image_3598.png,surface,0.0,0.0,1.3658869375140452,-2.2164202791231005,9.380478840917906,0.0,2.339673871132585,0.6888144390655621,0.0,0.0,0.0,-4.294395136482389,0,0,0,0,0,0
image_3599.png,surface,0.0,0.0,2.102950142524776,8.333366918611294,20.52075992968704,0.0,0.3127973000276822,1.555269379731257,0.0,0.0,0.0,-1.6234458469936062,0,0,0,0,0,0
image_3600.png,surface,0.0,0.0,1.5689670888827616,0.6836233225859879,11.159690305889711,0.0,3.795522405588891,0.5930691105553157,0.0,0.0,0.0,-1.5061955960419682,0,0,0,0,0,0
image_3601.png,surface,0.0,0.0,1.7641412335123874,14.535883318336698,8.945161300860866,0.0,-1.3891523460663096,-3.5794065590892457,0.0,0.0,0.0,4.711706294949993,0,0,0,0,0,0
image_3602.png,surface,0.0,0.0,2.571134384933009,-6.943751466426801,-2.2181737808674904,0.0,-2.955722575249212,0.9699384722849116,0.0,0.0,0.0,0.237805469826001,0,0,0,0,0,0
image_3603.png,surface,0.0,0.0,2.111970109594373,18.628589417635183,-2.290189719281202,0.0,-2.4188606126898864,-0.1226323031470132,0.0,0.0,0.0,-1.2124348860702017,0,0,0,0,0,0
image_3604.png,surface,0.0,0.0,2.754520573015609,13.789480101854473,-6.509196322984863,0.0,-4.779925265767977,-0.3577955233189357,0.0,0.0,0.0,1.2061079315193677,0,0,0,0,0,0
image_3605.png,surface,0.0,0.0,2.3760767883315044,-12.110953095756605,-21.17491096754712,0.0,1.3751298887231072,2.235271911539334,0.0,0.0,0.0,-3.704429283946983,0,0,0,0,0,0
image_3606.png,surface,0.0,0.0,1.3076288214137173,17.87156701352404,14.113531297535168,0.0,-1.6419056118242787,-2.778284721585901,0.0,0.0,0.0,0.5868385451305382,0,0,0,0,0,0
image_3607.png,surface,0.0,0.0,1.1991029263304098,-4.604494343043863,-6.880438603475015,0.0,-0.347637907943099,-0.8586090418854175,0.0,0.0,0.0,-1.1765698422689597,0,0,0,0,0,0
image_3608.png,surface,0.0,0.0,2.286642642388842,8.239761773914474,2.894827851863952,0.0,0.6026202606929923,2.739362075827956,0.0,0.0,0.0,-4.749628775251928,0,0,0,0,0,0
image_3609.png,surface,0.0,0.0,2.071129938372912,-19.668226665810515,-15.007435781209448,0.0,-0.9871162731536404,-0.1754312634374407,0.0,0.0,0.0,1.1648979166683713,0,0,0,0,0,0
image_3610.png,surface,0.0,0.0,2.4685937286756987,-24.15639987683184,0.5205129066403008,0.0,1.0585845279698614,-2.737383367562371,0.0,0.0,0.0,-4.875412438546335,0,0,0,0,0,0
image_3611.png,surface,0.0,0.0,2.1090998163017667,7.17734669421876,6.149852714539908,0.0,1.2656129742553983,3.485882516532187,0.0,0.0,0.0,3.959568649748977,0,0,0,0,0,0
image_3612.png,surface,0.0,0.0,2.975264459124101,-13.24954754298617,-12.506551167442463,0.0,-2.7618708375642265,2.3005140080373243,0.0,0.0,0.0,-0.6791797673296331,0,0,0,0,0,0
image_3613.png,surface,0.0,0.0,2.9632837519386666,-6.915880319690626,14.937375718098744,0.0,4.66667261432996,0.9656323555455316,0.0,0.0,0.0,-4.396213660067393,0,0,0,0,0,0
image_3614.png,surface,0.0,0.0,1.5443185552415928,-0.4349643171872338,-12.211267570130888,0.0,-3.557537210668156,2.847307804655131,0.0,0.0,0.0,-2.156682844125497,0,0,0,0,0,0
image_3615.png,surface,0.0,0.0,2.5837391395453952,7.648442913549021,10.303127900126093,0.0,1.3159938921748555,3.6458837945235776,0.0,0.0,0.0,3.9034014201567135,0,0,0,0,0,0
image_3616.png,surface,0.0,0.0,2.532231022451957,4.558381557256543,-3.835898465678547,0.0,-3.6159311444587856,0.4478158029342317,0.0,0.0,0.0,3.4248164995381423,0,0,0,0,0,0
image_3617.png,surface,0.0,0.0,2.6809228652423336,-22.22657255489248,5.327390098743489,0.0,1.6248855936490374,-2.931655208397044,0.0,0.0,0.0,4.839837876958457,0,0,0,0,0,0
image_3618.png,surface,0.0,0.0,1.8406776352454928,22.07379162653429,-3.831966026743424,0.0,-0.2301167887484561,2.258801825865035,0.0,0.0,0.0,-1.3656576637910731,0,0,0,0,0,0
image_3619.png,surface,0.0,0.0,2.855602795277787,-2.2278767590669784,24.67036751422212,0.0,2.988270287361243,2.0385134706582284,0.0,0.0,0.0,-0.680192659800297,0,0,0,0,0,0
image_3620.png,surface,0.0,0.0,1.7535525264533276,-2.711888979791219,-14.974518718551083,0.0,1.7088763005065577,-0.4106329200993419,0.0,0.0,0.0,-2.153030845956285,0,0,0,0,0,0
image_3621.png,surface,0.0,0.0,2.4266487302798296,-6.87368433501897,-6.148380137294293,0.0,2.162203237409188,0.2501349500579559,0.0,0.0,0.0,-0.5688923496048517,0,0,0,0,0,0
image_3622.png,surface,0.0,0.0,2.204756017520473,10.261343912380577,10.339000974440497,0.0,-1.2047269092207666,-3.4459322745374648,0.0,0.0,0.0,-4.317497345305123,0,0,0,0,0,0
image_3623.png,surface,0.0,0.0,1.7278945577324447,17.270979236277313,-4.246415271091673,0.0,0.2454899812361697,4.033579640248636,0.0,0.0,0.0,3.779562592751338,0,0,0,0,0,0
image_3624.png,surface,0.0,0.0,1.455766530085164,17.184836855976744,-3.5331774604001414,0.0,-2.210726967668855,-1.7219220585969377,0.0,0.0,0.0,-3.766527262290522,0,0,0,0,0,0
image_3625.png,surface,0.0,0.0,2.3707070512295605,16.933112879001737,-14.265058074790284,0.0,1.944421165179795,2.0869355770905926,0.0,0.0,0.0,1.195540638603125,0,0,0,0,0,0
image_3626.png,surface,0.0,0.0,2.8046636617090863,3.903109499105048,-17.661783774368146,0.0,2.343042052587609,-3.666354151254761,0.0,0.0,0.0,-0.1915186758247617,0,0,0,0,0,0
image_3627.png,surface,0.0,0.0,1.7969965793477318,-5.091802105600859,13.513608606693326,0.0,0.1351521891283987,4.397393741421461,0.0,0.0,0.0,0.1607178667249922,0,0,0,0,0,0
image_3628.png,surface,0.0,0.0,1.1929372794010988,2.7166728065695334,-10.57250466210794,0.0,4.031581171175699,2.704486364487909,0.0,0.0,0.0,0.8405987582748065,0,0,0,0,0,0
image_3629.png,surface,0.0,0.0,1.561215294375783,-1.7507055478673847,-10.384463416086144,0.0,4.055187531434242,-2.277958618770534,0.0,0.0,0.0,-4.742009990798063,0,0,0,0,0,0
image_3630.png,surface,0.0,0.0,1.8013070392727248,-16.70083357829884,1.0824524239578273,0.0,3.8535932859858,0.349815217406765,0.0,0.0,0.0,0.8672927767004506,0,0,0,0,0,0
image_3631.png,surface,0.0,0.0,1.814115303664715,-2.0481716905797764,3.8608166182931054,0.0,-3.6611480600819903,-1.5334988691774327,0.0,0.0,0.0,2.505989089249592,0,0,0,0,0,0
image_3632.png,surface,0.0,0.0,2.275350137057078,15.87288009737243,5.721361599629374,0.0,4.9067418848761415,-0.2423788691965635,0.0,0.0,0.0,-2.204681967647105,0,0,0,0,0,0
image_3633.png,surface,0.0,0.0,1.2303004382166505,-19.45753489035636,5.85522600087974,0.0,-3.083985941615288,-3.1856645968205126,0.0,0.0,0.0,-1.216941095119676,0,0,0,0,0,0
image_3634.png,surface,0.0,0.0,1.225212960287978,3.108220233611514,-15.341165044389165,0.0,3.88078330300165,-0.3829840603963802,0.0,0.0,0.0,-1.938776589411325,0,0,0,0,0,0
image_3635.png,surface,0.0,0.0,1.3470865657619278,21.295810797529533,-10.520260116472736,0.0,1.1716584982742166,-2.433198754394001,0.0,0.0,0.0,-4.249113187621292,0,0,0,0,0,0
image_3636.png,surface,0.0,0.0,1.3314665953443323,-1.4004102482730996,12.086861994905448,0.0,-0.6222420364043517,-3.996996736248402,0.0,0.0,0.0,-3.389848237249752,0,0,0,0,0,0
image_3637.png,surface,0.0,0.0,1.3515187700753886,22.001295377035326,-6.311347436749551,0.0,-0.520659596502312,-1.730576087306964,0.0,0.0,0.0,0.8091698568980163,0,0,0,0,0,0
image_3638.png,surface,0.0,0.0,1.010450209475895,18.79798490508692,2.567432136938097,0.0,-0.046848806275915,4.863986195569023,0.0,0.0,0.0,3.539338312517016,0,0,0,0,0,0
image_3639.png,surface,0.0,0.0,1.548406543570197,0.7534089507714479,-15.216958057712572,0.0,-3.6086953938592137,-3.0165483540298283,0.0,0.0,0.0,-3.877051243431171,0,0,0,0,0,0
image_3640.png,surface,0.0,0.0,2.1313823043819786,9.81647513129854,14.343683731463614,0.0,-2.551322774309559,-3.936639227370725,0.0,0.0,0.0,-0.33258608270308,0,0,0,0,0,0
image_3641.png,surface,0.0,0.0,2.984383660611639,-3.208497255054128,-19.658957413913424,0.0,3.081006068103368,0.9125612092124654,0.0,0.0,0.0,-4.957958853447078,0,0,0,0,0,0
image_3642.png,surface,0.0,0.0,1.822135709633064,-9.206867294096616,-3.683677369986421,0.0,3.6206283256246814,-1.241567171922049,0.0,0.0,0.0,-4.116274948162414,0,0,0,0,0,0
image_3643.png,surface,0.0,0.0,2.692111274303401,18.399526871028066,9.878630098284289,0.0,0.793993455111471,2.8160515701748703,0.0,0.0,0.0,2.0433641985939843,0,0,0,0,0,0
image_3644.png,surface,0.0,0.0,1.418942953210831,-8.7688761640124,16.891364143980503,0.0,-0.689727312554119,-4.268379281609275,0.0,0.0,0.0,1.0396126954465554,0,0,0,0,0,0
image_3645.png,surface,0.0,0.0,2.8795394539230124,-14.049330169839005,-15.665693106931636,0.0,0.963734551600809,4.113115498144577,0.0,0.0,0.0,4.67615892292503,0,0,0,0,0,0
image_3646.png,surface,0.0,0.0,1.0340404814899602,-12.530689205986834,17.69079789040831,0.0,-1.0722564119166946,1.1695860462513978,0.0,0.0,0.0,1.820220286912658,0,0,0,0,0,0
image_3647.png,surface,0.0,0.0,1.0542664207854835,-3.4758719246677856,14.409082623761574,0.0,-0.7934553860517248,-0.8921782179352304,0.0,0.0,0.0,1.843237565615433,0,0,0,0,0,0
image_3648.png,surface,0.0,0.0,1.7241376021351595,-3.108843012012197,-1.265514105193763,0.0,-1.180252394173187,4.015742180495371,0.0,0.0,0.0,0.3999286133382984,0,0,0,0,0,0
image_3649.png,surface,0.0,0.0,2.750630718672918,-14.199112734142638,2.256930472878798,0.0,0.4482590394049852,-3.5875735557494024,0.0,0.0,0.0,-3.562390263092264,0,0,0,0,0,0
image_3650.png,surface,0.0,0.0,2.1338489478714173,-5.4654123050758665,-16.4694558189849,0.0,-1.631950304904641,-3.730492021399464,0.0,0.0,0.0,0.3548966817640835,0,0,0,0,0,0
image_3651.png,surface,0.0,0.0,1.0702691529517798,5.362525313027219,10.542467822852906,0.0,2.18942333795805,2.084459011427051,0.0,0.0,0.0,-4.78730649747007,0,0,0,0,0,0
image_3652.png,surface,0.0,0.0,2.680700820276275,11.937842560591656,21.53524861445937,0.0,2.826863961428284,3.630284823165198,0.0,0.0,0.0,1.3233574252746845,0,0,0,0,0,0
image_3653.png,surface,0.0,0.0,1.3243623582253774,-19.73908503678458,1.3689376749302429,0.0,4.416982204198502,-2.1062238730068645,0.0,0.0,0.0,-4.759554995066132,0,0,0,0,0,0
image_3654.png,surface,0.0,0.0,1.7519959376844136,-1.7801281979164298,-9.127011498485382,0.0,-0.1512483487224671,3.433497996617508,0.0,0.0,0.0,3.169288878206725,0,0,0,0,0,0
image_3655.png,surface,0.0,0.0,1.1708008944802408,22.24035706287433,2.4544414251985263,0.0,-0.0345044313595404,4.549595631431707,0.0,0.0,0.0,-1.9364703635519025,0,0,0,0,0,0
image_3656.png,surface,0.0,0.0,2.8624184378719466,-13.532710802083102,-16.881845208964908,0.0,0.2567128994043675,2.4693104302235502,0.0,0.0,0.0,2.55566663397825,0,0,0,0,0,0
image_3657.png,surface,0.0,0.0,1.012474861949476,-11.101772588085222,3.134052710647591,0.0,-0.588366966586233,1.1301918376545548,0.0,0.0,0.0,3.302602928150126,0,0,0,0,0,0
image_3658.png,surface,0.0,0.0,2.756913142906165,-8.915118445646222,10.651008175981184,0.0,-1.6706862465665615,-2.124491792487476,0.0,0.0,0.0,3.977367795901124,0,0,0,0,0,0
image_3659.png,surface,0.0,0.0,1.3367239720967985,-12.988247945323096,8.215824261880478,0.0,2.556452432676336,-3.44093725391066,0.0,0.0,0.0,-0.9537206053449924,0,0,0,0,0,0
image_3660.png,surface,0.0,0.0,1.4045154214904436,-1.6095711988256176,-20.71498159957033,0.0,1.6061284299843324,-4.556156782101636,0.0,0.0,0.0,4.853850959478393,0,0,0,0,0,0
image_3661.png,surface,0.0,0.0,1.4414306059840385,-16.017526617772774,4.44015329650438,0.0,-2.5101782065595866,-2.86780738255832,0.0,0.0,0.0,3.2422042268180977,0,0,0,0,0,0
image_3662.png,surface,0.0,0.0,1.2846933966832643,14.788171955761175,1.2002152693160086,0.0,-1.3216419945848912,2.7045477665806623,0.0,0.0,0.0,2.088053288487533,0,0,0,0,0,0
image_3663.png,surface,0.0,0.0,1.2861936429436904,-11.500088145023204,-9.466629773391428,0.0,-0.1594345046052271,-2.740351446970813,0.0,0.0,0.0,-3.670981381257973,0,0,0,0,0,0
image_3664.png,surface,0.0,0.0,2.7431790830272904,0.9461402387826852,-6.858009222596783,0.0,-3.492353610347405,1.6581425534125989,0.0,0.0,0.0,4.059126011164867,0,0,0,0,0,0
image_3665.png,surface,0.0,0.0,1.834167317146037,7.513422161022706,-16.205172114058104,0.0,-0.4849166365664338,1.7529423263789898,0.0,0.0,0.0,0.7481522592374574,0,0,0,0,0,0
image_3666.png,surface,0.0,0.0,1.725353280630358,-14.753818957532935,-14.562106516623814,0.0,-4.212438543246505,2.473999540607314,0.0,0.0,0.0,1.9667532218176111,0,0,0,0,0,0
image_3667.png,surface,0.0,0.0,1.4909272146374175,19.2296372777134,9.671968855289702,0.0,4.576440270714768,1.0363347530082754,0.0,0.0,0.0,-2.8499021198943906,0,0,0,0,0,0
image_3668.png,surface,0.0,0.0,2.8098208685335035,-15.662604299965196,12.186156208694104,0.0,2.501123691265494,0.0125428854936486,0.0,0.0,0.0,-1.3523168629628035,0,0,0,0,0,0
image_3669.png,surface,0.0,0.0,2.169990512078204,-23.57854064619104,-4.033021718069247,0.0,-4.780566259802813,-0.8100340582517624,0.0,0.0,0.0,-3.7121060267307295,0,0,0,0,0,0
image_3670.png,surface,0.0,0.0,1.69046584365874,3.0156439170125378,9.788473809388476,0.0,2.4282321421724555,3.025723562871895,0.0,0.0,0.0,3.2716588120245493,0,0,0,0,0,0
image_3671.png,surface,0.0,0.0,1.3953540461083185,4.128857143080424,-0.1489791361227815,0.0,-3.5990187603341703,-1.6819908322604982,0.0,0.0,0.0,4.011805404353497,0,0,0,0,0,0
image_3672.png,surface,0.0,0.0,2.825838573412023,-0.3295062412411569,9.620214422181808,0.0,-4.305030639125781,-0.2082548844182728,0.0,0.0,0.0,1.7542261788844176,0,0,0,0,0,0
image_3673.png,surface,0.0,0.0,1.4096208147204428,-15.787275661399017,-17.470311817670513,0.0,1.3246364711990717,-0.50708673631924,0.0,0.0,0.0,-4.497833891913318,0,0,0,0,0,0
image_3674.png,surface,0.0,0.0,1.1306579847259213,-11.044770350182768,21.548683005874096,0.0,-2.054355015976576,-0.014552121597979,0.0,0.0,0.0,-0.3571165049183644,0,0,0,0,0,0
image_3675.png,surface,0.0,0.0,2.261071428208556,14.31573605558678,10.649399579757477,0.0,3.4540799954225467,2.4967085227641337,0.0,0.0,0.0,-4.061524933981052,0,0,0,0,0,0
image_3676.png,surface,0.0,0.0,1.554188693841852,-10.679230048886758,-13.26871937326254,0.0,1.189957352742188,-3.780111979551727,0.0,0.0,0.0,-2.818899977851116,0,0,0,0,0,0
image_3677.png,surface,0.0,0.0,1.3557843187658445,-9.235648085841596,8.653882682680049,0.0,-0.1878938393567953,-3.408726834034893,0.0,0.0,0.0,3.242262579847811,0,0,0,0,0,0
image_3678.png,surface,0.0,0.0,2.2101822389123207,-6.548008238078665,18.986520274926388,0.0,-1.4857648358014854,2.1173104065617534,0.0,0.0,0.0,-3.628551045749896,0,0,0,0,0,0
image_3679.png,surface,0.0,0.0,1.9127441102783729,0.6950612508968769,23.393620738777862,0.0,-2.322732142374923,-0.2724176056748124,0.0,0.0,0.0,-0.8416097362823214,0,0,0,0,0,0
image_3680.png,surface,0.0,0.0,1.3141405936683617,10.70822044381006,-21.699274683138874,0.0,2.456244925090391,-3.123063567564512,0.0,0.0,0.0,0.2126650367214209,0,0,0,0,0,0
image_3681.png,surface,0.0,0.0,2.148912867239579,19.784232772218257,-2.9645180336118497,0.0,-3.5360548395617584,2.460576290025646,0.0,0.0,0.0,-1.267302965281698,0,0,0,0,0,0
image_3682.png,surface,0.0,0.0,2.3344632926144016,-23.817109656729915,4.9307712127166266,0.0,2.718433449757025,2.312026334465606,0.0,0.0,0.0,3.7241630085405273,0,0,0,0,0,0
image_3683.png,surface,0.0,0.0,2.387553308160945,13.801535069758334,15.004636501266097,0.0,-0.6261012513110826,-3.171086078271879,0.0,0.0,0.0,-4.166194732223757,0,0,0,0,0,0
image_3684.png,surface,0.0,0.0,1.5042876938347365,13.63082699505042,7.302727647752969,0.0,2.4893099513849366,0.8552188141547119,0.0,0.0,0.0,2.1331258794422814,0,0,0,0,0,0
image_3685.png,surface,0.0,0.0,2.0377096294017125,13.512931813770312,4.600033954027094,0.0,-2.8113700918057765,4.12492240163998,0.0,0.0,0.0,0.995686836022208,0,0,0,0,0,0
image_3686.png,surface,0.0,0.0,1.6750277022440785,-11.49177803528088,1.1077506664840622,0.0,1.8198862797467152,2.069414284866218,0.0,0.0,0.0,0.5761251980001312,0,0,0,0,0,0
image_3687.png,surface,0.0,0.0,2.8533477171800063,15.172033668436082,6.291979230641052,0.0,2.622415822040785,2.084778672324321,0.0,0.0,0.0,-0.368561415099057,0,0,0,0,0,0
image_3688.png,surface,0.0,0.0,1.9624430094781944,14.090529487550857,14.770295124498409,0.0,1.9794701601522608,2.334431053232615,0.0,0.0,0.0,3.445968726075378,0,0,0,0,0,0
image_3689.png,surface,0.0,0.0,2.141106272544692,-6.9609567589783,22.56412786883693,0.0,-0.981681548843678,4.868689678166748,0.0,0.0,0.0,4.343642415888208,0,0,0,0,0,0
image_3690.png,surface,0.0,0.0,2.062773269715415,-7.672624856423825,-9.84242447323888,0.0,-4.092939571781345,2.2111568247940965,0.0,0.0,0.0,-4.701444462425717,0,0,0,0,0,0
image_3691.png,surface,0.0,0.0,2.9960264623389463,-6.999128773894007,-17.180777464504114,0.0,-0.6112091428494135,-1.512018509224912,0.0,0.0,0.0,-4.731304872345548,0,0,0,0,0,0
image_3692.png,surface,0.0,0.0,2.791877242464375,1.4969056268685197,7.498793296797147,0.0,0.485827837449101,0.0229845989453897,0.0,0.0,0.0,-1.2267492817952022,0,0,0,0,0,0
image_3693.png,surface,0.0,0.0,2.9748149546016616,-6.323813949362948,-4.536753066202111,0.0,-1.020210390964824,-0.7709792599214316,0.0,0.0,0.0,4.741967320071145,0,0,0,0,0,0
image_3694.png,surface,0.0,0.0,1.480775189007755,21.293949476494827,-0.6353489153759144,0.0,1.8005297364251025,-1.3235659123610264,0.0,0.0,0.0,-3.610365469776229,0,0,0,0,0,0
image_3695.png,surface,0.0,0.0,1.964731952015749,11.036629183506324,21.986338704585627,0.0,1.2651383043135405,-1.3010302754532443,0.0,0.0,0.0,-3.0863512289371475,0,0,0,0,0,0
image_3696.png,surface,0.0,0.0,1.905613835478015,-5.900276821537072,-6.919628714388795,0.0,-2.2917646454687506,3.615475158417632,0.0,0.0,0.0,4.02417874109239,0,0,0,0,0,0
image_3697.png,surface,0.0,0.0,2.402984126472289,12.384812462368725,-14.136539431760047,0.0,0.7335827543816682,-3.248575494418932,0.0,0.0,0.0,4.563896549850666,0,0,0,0,0,0
image_3698.png,surface,0.0,0.0,2.445170320952087,22.427369181436816,-1.824086282219768,0.0,-3.2898469511505497,-0.21469472317473,0.0,0.0,0.0,-3.3247397995538472,0,0,0,0,0,0
image_3699.png,surface,0.0,0.0,1.836712062384112,-1.121600321570957,-6.839766954877913,0.0,-2.0622747263669985,4.381052202212064,0.0,0.0,0.0,3.638263499465001,0,0,0,0,0,0
image_3700.png,surface,0.0,0.0,2.053377767358259,12.1562999641945,8.842461939172308,0.0,1.3930398012748866,0.7883810964800094,0.0,0.0,0.0,-3.9945787216108055,0,0,0,0,0,0
image_3701.png,surface,0.0,0.0,1.9313034362431785,17.541464542756906,-6.563575780591075,0.0,1.7675762311654064,-0.8577115688924247,0.0,0.0,0.0,-0.1558704646908442,0,0,0,0,0,0
image_3702.png,surface,0.0,0.0,2.5311919901518576,6.466435636700402,8.837742591748166,0.0,-4.4001935251950455,-1.005298850368493,0.0,0.0,0.0,-2.8167127563520267,0,0,0,0,0,0
image_3703.png,surface,0.0,0.0,1.9888208805961425,12.970556930827769,5.989838172719439,0.0,0.423943941034063,3.67135218430395,0.0,0.0,0.0,1.6015805775137038,0,0,0,0,0,0
image_3704.png,surface,0.0,0.0,2.3560699622521835,-14.934730852466137,-15.73969135663424,0.0,-1.6502658461462465,-3.3108146436667054,0.0,0.0,0.0,0.6373635125456989,0,0,0,0,0,0
image_3705.png,surface,0.0,0.0,2.6462566313532623,-5.101490371244061,-11.163693663494715,0.0,0.450319845132551,-2.2685761830872884,0.0,0.0,0.0,0.710571604785426,0,0,0,0,0,0
image_3706.png,surface,0.0,0.0,2.3565598208166265,-4.484881206874452,2.2605296812303792,0.0,-1.696121809416318,3.308446555676658,0.0,0.0,0.0,-4.624821173188768,0,0,0,0,0,0
image_3707.png,surface,0.0,0.0,1.7283431883235862,5.500844049808574,7.058799285258745,0.0,-3.2404630862492128,3.796219473474,0.0,0.0,0.0,4.413257729424666,0,0,0,0,0,0
image_3708.png,surface,0.0,0.0,1.9568860787033544,21.109044622641104,-11.945822029080606,0.0,-3.950511028696464,-1.831061379260412,0.0,0.0,0.0,0.8303098349578262,0,0,0,0,0,0
image_3709.png,surface,0.0,0.0,1.9324690966846307,-5.113107743606607,-8.480735186850364,0.0,1.1978493082145465,1.3189031883465403,0.0,0.0,0.0,2.410813845652213,0,0,0,0,0,0
image_3710.png,surface,0.0,0.0,2.9185382776318094,10.791464589586296,-17.72838905672262,0.0,4.033057624431716,-0.0725305368301569,0.0,0.0,0.0,-3.1206445376239134,0,0,0,0,0,0
image_3711.png,surface,0.0,0.0,1.871485356369185,-3.684938062031435,-6.468727014502266,0.0,-3.952736036467687,-0.8764979849395761,0.0,0.0,0.0,-3.908233183168419,0,0,0,0,0,0
image_3712.png,surface,0.0,0.0,2.827167521219284,17.01386318794681,-11.402492475416642,0.0,-3.314019576625709,0.7590959605967277,0.0,0.0,0.0,0.976460113371984,0,0,0,0,0,0
image_3713.png,surface,0.0,0.0,2.8192818990656567,10.17340566921854,-20.81051545243676,0.0,-0.0910864821008359,1.9872073538679995,0.0,0.0,0.0,-2.942282402825657,0,0,0,0,0,0
image_3714.png,surface,0.0,0.0,2.493094083397078,-24.87397364570856,1.2555064268501477,0.0,-1.062632490792316,-1.920320932990036,0.0,0.0,0.0,3.1174644560513123,0,0,0,0,0,0
image_3715.png,surface,0.0,0.0,1.4040984614480851,-5.974305543446965,0.6523250589129125,0.0,4.593299631585399,-0.1803736082686852,0.0,0.0,0.0,-3.765076696005779,0,0,0,0,0,0
image_3716.png,surface,0.0,0.0,1.8502978712036744,-16.210700036545703,-3.841683063624711,0.0,2.13801108451028,-2.110376466968801,0.0,0.0,0.0,4.107109947652257,0,0,0,0,0,0
image_3717.png,surface,0.0,0.0,2.2900752968651874,18.66259027174141,-3.9905232301870126,0.0,1.038715940430214,4.196927578040401,0.0,0.0,0.0,-2.264473494998481,0,0,0,0,0,0
image_3718.png,surface,0.0,0.0,1.5135696640827947,-1.131974501629429,-21.57964346976292,0.0,1.9355284539022373,-0.6714948908603721,0.0,0.0,0.0,2.6386289693981,0,0,0,0,0,0
image_3719.png,surface,0.0,0.0,1.3208164789467187,-10.539253624971693,-12.253998458581645,0.0,-1.701120699239246,2.123199410493189,0.0,0.0,0.0,3.285289602688783,0,0,0,0,0,0
image_3720.png,surface,0.0,0.0,1.9644871327510625,-3.635790275004435,5.091928375596278,0.0,-2.953683151159961,-0.7368201590874165,0.0,0.0,0.0,-0.3884214783271904,0,0,0,0,0,0
image_3721.png,surface,0.0,0.0,2.19966302137602,1.7965933600266446,7.846521162418051,0.0,-2.743785115736989,-3.006514382190584,0.0,0.0,0.0,3.0283842771647045,0,0,0,0,0,0
image_3722.png,surface,0.0,0.0,2.2946889688469376,-14.524169196722282,1.8536264315195248,0.0,1.7380918228430615,-2.7900168945876045,0.0,0.0,0.0,-3.032722620070728,0,0,0,0,0,0
image_3723.png,surface,0.0,0.0,2.223068369102309,14.54019167442248,14.31794544478994,0.0,-1.8016376344212093,2.6985034286973844,0.0,0.0,0.0,-0.3968158360838272,0,0,0,0,0,0
image_3724.png,surface,0.0,0.0,1.582830751400743,-9.012774182480962,1.4592560740098623,0.0,0.2447595442216028,2.848642613019827,0.0,0.0,0.0,2.851171942163714,0,0,0,0,0,0
image_3725.png,surface,0.0,0.0,1.6963972515064876,-20.019737173323232,-3.781095442075859,0.0,1.229543406048468,2.2761502041522124,0.0,0.0,0.0,-2.26100705721217,0,0,0,0,0,0
image_3726.png,surface,0.0,0.0,1.765840303435957,19.044436455831548,-7.033274600361367,0.0,0.3975202369901222,1.384323534633845,0.0,0.0,0.0,0.208554730519106,0,0,0,0,0,0
image_3727.png,surface,0.0,0.0,1.4090704817178314,2.6515078572288084,-7.310188922692149,0.0,2.3571063011704902,-0.6366929940784785,0.0,0.0,0.0,2.692122625972921,0,0,0,0,0,0
image_3728.png,surface,0.0,0.0,1.413864243870303,20.43576567185137,5.505377651866663,0.0,-0.2520423607966242,-2.7257413206382104,0.0,0.0,0.0,3.928699384990024,0,0,0,0,0,0
image_3729.png,surface,0.0,0.0,1.917138384645835,11.470009336546276,11.409472018835768,0.0,0.2316321697827197,1.7383263340766508,0.0,0.0,0.0,3.111093419488949,0,0,0,0,0,0
image_3730.png,surface,0.0,0.0,1.256789419399956,-21.98400928385626,5.889378807136555,0.0,-0.108648013605311,-4.133337916589396,0.0,0.0,0.0,-2.85689476824544,0,0,0,0,0,0
image_3731.png,surface,0.0,0.0,1.2199380765051535,9.815766786335365,-5.225101524729644,0.0,-4.119318357242333,0.5159951022612077,0.0,0.0,0.0,1.723296447250684,0,0,0,0,0,0
image_3732.png,surface,0.0,0.0,2.010980053107361,-3.7037089058222303,-21.641846723861462,0.0,-4.014497192085715,1.2454788969668638,0.0,0.0,0.0,-1.5766730785741592,0,0,0,0,0,0
image_3733.png,surface,0.0,0.0,1.095274470360446,-6.965610696060377,22.38657148433207,0.0,-1.1561718214947738,4.750691483005156,0.0,0.0,0.0,-0.1867866117178529,0,0,0,0,0,0
image_3734.png,surface,0.0,0.0,1.8049467385465257,16.934590749754857,-2.3584295802720936,0.0,2.1634368325199245,3.4736864922790494,0.0,0.0,0.0,-0.2789577704888168,0,0,0,0,0,0
image_3735.png,surface,0.0,0.0,2.497365881407611,-16.27492420235021,11.472865989028564,0.0,3.908085518942979,1.7565853803302576,0.0,0.0,0.0,2.8982811235191903,0,0,0,0,0,0
image_3736.png,surface,0.0,0.0,2.9485139965324185,-16.661073073167717,10.457489975701847,0.0,-0.7323306328302351,2.747352514733396,0.0,0.0,0.0,-3.827502496999138,0,0,0,0,0,0
image_3737.png,surface,0.0,0.0,1.9997535012236816,-20.649145102997384,-6.691080523050808,0.0,-0.7162577134286258,1.0384170613531034,0.0,0.0,0.0,0.617390586852526,0,0,0,0,0,0
image_3738.png,surface,0.0,0.0,1.5142795734230123,8.3529162213295,-14.65615330979474,0.0,4.960491445245896,0.4129984864141102,0.0,0.0,0.0,-3.2309317697588624,0,0,0,0,0,0
image_3739.png,surface,0.0,0.0,2.25590868305522,-18.062623549597014,7.258728457196055,0.0,-0.0365501947888719,-1.3065093915525452,0.0,0.0,0.0,4.908363384780568,0,0,0,0,0,0
image_3740.png,surface,0.0,0.0,1.289882588314562,10.16901765437327,-3.4847269490310926,0.0,3.810011842219433,1.9580992953571883,0.0,0.0,0.0,-2.301312826871066,0,0,0,0,0,0
image_3741.png,surface,0.0,0.0,2.860995946280622,17.87194337516034,-12.216234588147756,0.0,-0.374710289893731,-0.1493252545395263,0.0,0.0,0.0,1.119306709480056,0,0,0,0,0,0
image_3742.png,surface,0.0,0.0,2.5100874575652545,8.674508483682349,23.00671356117676,0.0,-2.2782972071755823,0.0398873402244029,0.0,0.0,0.0,1.4435590933009437,0,0,0,0,0,0
image_3743.png,surface,0.0,0.0,1.3013170983948057,5.1393108111677295,10.768462618650652,0.0,-2.7980127047411134,0.2476930116057284,0.0,0.0,0.0,-2.2085272801206624,0,0,0,0,0,0
image_3744.png,surface,0.0,0.0,1.1953451466757532,2.1287373568459427,-5.375440901421518,0.0,2.286988471717437,4.179140458076383,0.0,0.0,0.0,2.5855779449364693,0,0,0,0,0,0
image_3745.png,surface,0.0,0.0,2.852566648006304,6.857092000011488,21.96723154358843,0.0,0.1110289406970877,3.438912657677314,0.0,0.0,0.0,-4.685387512517131,0,0,0,0,0,0
image_3746.png,surface,0.0,0.0,2.912107111162797,10.566606873160126,-5.718883895766952,0.0,-3.3976964448868245,3.14962168279898,0.0,0.0,0.0,-4.296838733408103,0,0,0,0,0,0
image_3747.png,surface,0.0,0.0,1.5026856768600645,-5.385894420887207,-4.331460993135945,0.0,0.5583611279068695,0.7680625586842696,0.0,0.0,0.0,1.5107679887562728,0,0,0,0,0,0
image_3748.png,surface,0.0,0.0,1.3437317915460532,-0.5080240336323211,-22.64365541519337,0.0,0.1492001202813297,3.1275547371109216,0.0,0.0,0.0,-2.296655898997945,0,0,0,0,0,0
image_3749.png,surface,0.0,0.0,2.3792279937669623,5.008725213593069,-6.882177061930278,0.0,-4.015348029886238,1.3880451360573411,0.0,0.0,0.0,2.8591730623996074,0,0,0,0,0,0
image_3750.png,surface,0.0,0.0,2.9874041048045976,-10.46905318286686,3.5575612413615487,0.0,0.1529654507321121,2.43999502865112,0.0,0.0,0.0,0.7562658624760301,0,0,0,0,0,0
image_3751.png,surface,0.0,0.0,1.5155323302066417,12.24440348841162,11.372803715019923,0.0,-0.9416186381172696,0.2381677886947372,0.0,0.0,0.0,-1.914674891308871,0,0,0,0,0,0
image_3752.png,surface,0.0,0.0,1.7217203824035237,0.4909098691747372,10.167576418901128,0.0,3.9627999789909616,-1.80766295599878,0.0,0.0,0.0,-4.262828913166288,0,0,0,0,0,0
image_3753.png,surface,0.0,0.0,1.719740950499928,5.149589193331474,8.658232962110407,0.0,4.684468604762356,-0.6443234166385811,0.0,0.0,0.0,-3.988332407933094,0,0,0,0,0,0
image_3754.png,surface,0.0,0.0,1.9308487038869344,-0.828435148430579,-6.925940412117634,0.0,-1.1505212742326307,4.692714533401919,0.0,0.0,0.0,3.115019884752812,0,0,0,0,0,0
image_3755.png,surface,0.0,0.0,1.5247998383104608,9.28593310341954,20.13866589623301,0.0,-2.691422113377833,-0.4482560434393879,0.0,0.0,0.0,0.6691824407787914,0,0,0,0,0,0
image_3756.png,surface,0.0,0.0,2.117813063865157,9.675886699082085,-1.9153332975479265,0.0,3.393919787443308,0.932720999572048,0.0,0.0,0.0,-1.025908227009793,0,0,0,0,0,0
image_3757.png,surface,0.0,0.0,2.6632774320347536,8.869066308314801,14.860497648499058,0.0,-1.0935947842031903,3.127865972052484,0.0,0.0,0.0,0.1182288315513391,0,0,0,0,0,0
image_3758.png,surface,0.0,0.0,1.800721941905036,-5.785706978910245,13.332440267273904,0.0,-4.484463879429124,-0.2815407855675504,0.0,0.0,0.0,-1.8499148782886312,0,0,0,0,0,0
image_3759.png,surface,0.0,0.0,1.5603500538532773,11.355851388515571,22.34855443692643,0.0,-2.1553426574414773,0.2271622859244488,0.0,0.0,0.0,-0.3261506325277938,0,0,0,0,0,0
image_3760.png,surface,0.0,0.0,2.8689779623816083,14.498257226181996,5.841000629891189,0.0,1.0779042328288504,1.304398847969608,0.0,0.0,0.0,3.62847004024658,0,0,0,0,0,0
image_3761.png,surface,0.0,0.0,2.099492106370508,-24.14279260451513,4.258552110350246,0.0,2.9183095000184576,3.1763946801519487,0.0,0.0,0.0,0.5396477066852334,0,0,0,0,0,0
image_3762.png,surface,0.0,0.0,1.465406430952712,-5.5641468436978405,-16.95979582901047,0.0,0.6728576185587994,-0.5060725482482782,0.0,0.0,0.0,-3.537752595805659,0,0,0,0,0,0
image_3763.png,surface,0.0,0.0,1.6942870081168209,-11.253699839997063,19.95904215403626,0.0,-3.515640233008813,3.1580355923672383,0.0,0.0,0.0,3.143536487327568,0,0,0,0,0,0
image_3764.png,surface,0.0,0.0,2.0018852697682656,2.608618729089909,-23.165175314264136,0.0,-0.6924520072286076,-2.985135863991312,0.0,0.0,0.0,3.651344007489845,0,0,0,0,0,0
image_3765.png,surface,0.0,0.0,1.1778668758411477,9.361786026688115,-5.33949823301851,0.0,1.882918802984512,2.9799471632716674,0.0,0.0,0.0,0.9196715232925844,0,0,0,0,0,0
image_3766.png,surface,0.0,0.0,1.067664760815884,-16.518905461995352,-9.585463626192016,0.0,0.2193962426606616,4.4739288131099295,0.0,0.0,0.0,1.69963231368871,0,0,0,0,0,0
image_3767.png,surface,0.0,0.0,2.421408919159885,0.8629131603378433,23.482126338373646,0.0,-1.9432476394819584,0.997859196687346,0.0,0.0,0.0,-0.985920317380331,0,0,0,0,0,0
image_3768.png,surface,0.0,0.0,2.4840071996295934,-19.433094207363,-9.155896836232804,0.0,3.5290535623459767,0.3526192185284519,0.0,0.0,0.0,3.3600500137152576,0,0,0,0,0,0
image_3769.png,surface,0.0,0.0,1.940742434641972,21.562759757436584,0.1702580486549821,0.0,-4.009454574330511,-1.8901714519184163,0.0,0.0,0.0,4.064492908142904,0,0,0,0,0,0
image_3770.png,surface,0.0,0.0,2.7286324356956744,-16.57336266245358,-5.67989642382747,0.0,-2.126499873617388,-2.557214027594581,0.0,0.0,0.0,-4.279630537369249,0,0,0,0,0,0
image_3771.png,surface,0.0,0.0,2.17681228665108,11.550029966926154,10.969902506657426,0.0,1.2126204526725142,4.692824462711505,0.0,0.0,0.0,-2.8470784745555044,0,0,0,0,0,0
image_3772.png,surface,0.0,0.0,2.51472510525686,6.8339501143872425,2.0307342079257302,0.0,3.45957799935942,3.547994407649276,0.0,0.0,0.0,4.793320596454905,0,0,0,0,0,0
image_3773.png,surface,0.0,0.0,2.8719650133777,23.22961093156417,2.8948100561776906,0.0,-0.8198853005782529,-4.858764455269034,0.0,0.0,0.0,-4.408211898721532,0,0,0,0,0,0
image_3774.png,surface,0.0,0.0,2.5807272253222893,12.939418567931323,-1.829549820445968,0.0,-3.4031783914851617,1.3573875548835144,0.0,0.0,0.0,3.025973352130382,0,0,0,0,0,0
image_3775.png,surface,0.0,0.0,1.6210973974936596,10.265132481325772,-16.433107572144998,0.0,-1.7489775292913268,3.3689149162977405,0.0,0.0,0.0,-2.8819652779918736,0,0,0,0,0,0
image_3776.png,surface,0.0,0.0,1.2379427320578014,-3.9778158244286175,-14.289339188269375,0.0,-3.0844495601697246,-1.1654280501792456,0.0,0.0,0.0,3.5295264507868715,0,0,0,0,0,0
image_3777.png,surface,0.0,0.0,1.0795412760261442,-6.075568225204171,-22.17003184359095,0.0,-1.1705973953549502,-0.9253134768762612,0.0,0.0,0.0,2.356333964937961,0,0,0,0,0,0
image_3778.png,surface,0.0,0.0,1.7810958115402151,-16.931322216251647,12.176663028563237,0.0,-3.902573745619694,-2.1285831320790822,0.0,0.0,0.0,-0.7248546394924746,0,0,0,0,0,0
image_3779.png,surface,0.0,0.0,1.0149060666564498,17.225088651410044,11.8743797204097,0.0,1.8141764481540208,0.2401591654369922,0.0,0.0,0.0,2.1584180859632323,0,0,0,0,0,0
image_3780.png,surface,0.0,0.0,2.4758099902406645,-14.741634089094658,-15.815856653817724,0.0,1.4810282772160968,4.345995861041279,0.0,0.0,0.0,-1.1597820420009797,0,0,0,0,0,0
image_3781.png,surface,0.0,0.0,1.903535233721658,13.162742070589754,14.609901201674091,0.0,-1.8698275069256547,1.486087939755511,0.0,0.0,0.0,-4.724526393037904,0,0,0,0,0,0
image_3782.png,surface,0.0,0.0,2.4644599626617976,22.85715210074768,6.062896366694202,0.0,0.7856789376549641,-3.412779383835143,0.0,0.0,0.0,-0.3939816352951446,0,0,0,0,0,0
image_3783.png,surface,0.0,0.0,1.9954883082641373,14.506086698449849,4.93238298040432,0.0,1.111388611429781,-3.8099397043353433,0.0,0.0,0.0,3.463745933127022,0,0,0,0,0,0
image_3784.png,surface,0.0,0.0,1.0297884571587432,19.068693109336785,4.811104107807386,0.0,3.890348337895441,-0.6092664536437066,0.0,0.0,0.0,2.202291834710273,0,0,0,0,0,0
image_3785.png,surface,0.0,0.0,2.7442522000630483,-20.228603537649683,-1.9690216078102312,0.0,-1.458133839321458,2.50988083790905,0.0,0.0,0.0,-2.52173885406209,0,0,0,0,0,0
image_3786.png,surface,0.0,0.0,2.8410646471152115,-13.277940054443771,14.028423136785358,0.0,1.826737263436433,1.7382035473032005,0.0,0.0,0.0,3.131815735085574,0,0,0,0,0,0
image_3787.png,surface,0.0,0.0,2.202119352372012,-19.37095580406267,8.92477538501548,0.0,-0.5566677000077889,3.4612632206174907,0.0,0.0,0.0,4.477652935738339,0,0,0,0,0,0
image_3788.png,surface,0.0,0.0,2.398332587743872,21.7499926404531,-0.061336450502819,0.0,0.0845355861264623,-0.1086979415056833,0.0,0.0,0.0,-1.895890521737704,0,0,0,0,0,0
image_3789.png,surface,0.0,0.0,1.1213412471196726,-11.889965003329284,0.747253920522593,0.0,1.5958144192209758,-1.7397818898941946,0.0,0.0,0.0,0.2738818435780308,0,0,0,0,0,0
image_3790.png,surface,0.0,0.0,2.3914333298777875,18.1325837838888,4.384934150109897,0.0,2.795345600662805,3.588550454710541,0.0,0.0,0.0,-0.633115033739287,0,0,0,0,0,0
image_3791.png,surface,0.0,0.0,1.1680008260197132,20.19169464091857,14.51992720352569,0.0,0.7062234474576473,-3.132634089194573,0.0,0.0,0.0,-1.1492105173706433,0,0,0,0,0,0
image_3792.png,surface,0.0,0.0,1.6415757331225869,19.232880908304423,-11.945865691813252,0.0,-3.014058475760868,1.614773502166717,0.0,0.0,0.0,3.0686256762627924,0,0,0,0,0,0
image_3793.png,surface,0.0,0.0,1.5970615335161322,8.779115152834699,3.9180727294330646,0.0,-1.5433596763436837,1.973128367766372,0.0,0.0,0.0,-1.5397675773001374,0,0,0,0,0,0
image_3794.png,surface,0.0,0.0,2.682860520121772,-4.617944461223478,0.5705171925764319,0.0,2.751955268655957,1.0384880999386532,0.0,0.0,0.0,-3.357881830240565,0,0,0,0,0,0
image_3795.png,surface,0.0,0.0,1.925793393693454,-0.2957219228954716,-18.531860171489853,0.0,3.462701402386316,0.2337095173426494,0.0,0.0,0.0,-1.7648479790301463,0,0,0,0,0,0
image_3796.png,surface,0.0,0.0,1.1254476171088823,2.377065238870274,2.3667358214737426,0.0,-3.6816447090363407,-2.0509175935198853,0.0,0.0,0.0,-1.926704715447756,0,0,0,0,0,0
image_3797.png,surface,0.0,0.0,1.4843997344366349,-3.0320415059190906,3.0332301572949905,0.0,4.214150122881819,-2.26154042141142,0.0,0.0,0.0,1.7977645350692075,0,0,0,0,0,0
image_3798.png,surface,0.0,0.0,1.888721463961388,8.463505012745308,17.43564483619781,0.0,2.327531390360951,-4.134308543854284,0.0,0.0,0.0,4.334160504663124,0,0,0,0,0,0
image_3799.png,surface,0.0,0.0,2.894984534219858,10.663404156179054,-16.537267909032245,0.0,3.817318511919938,2.013974263157132,0.0,0.0,0.0,-0.3535789812185577,0,0,0,0,0,0
image_3800.png,surface,0.0,0.0,1.4826442807939022,13.982189002071577,5.0284225893022105,0.0,2.4972305574544995,-2.7803016347348017,0.0,0.0,0.0,-2.979117432454905,0,0,0,0,0,0
image_3801.png,surface,0.0,0.0,2.5507973373439574,0.7086797261233534,-18.25862952222445,0.0,-3.0392769214831343,-0.516657933222836,0.0,0.0,0.0,3.038095787383771,0,0,0,0,0,0
image_3802.png,surface,0.0,0.0,1.3498851319281466,16.9353981795623,15.386344365955544,0.0,2.32797300197348,-3.721996655208928,0.0,0.0,0.0,-0.200808585320436,0,0,0,0,0,0
image_3803.png,surface,0.0,0.0,2.284671920988924,10.228484402112008,10.748448205888224,0.0,3.107236629365237,-0.3462430869682995,0.0,0.0,0.0,-4.514939244757285,0,0,0,0,0,0
image_3804.png,surface,0.0,0.0,1.4511683175157473,15.0801415761497,15.466857103546015,0.0,-1.560747209870576,2.7524131573598014,0.0,0.0,0.0,1.9539526712979016,0,0,0,0,0,0
image_3805.png,surface,0.0,0.0,2.543973872755431,15.14130906804462,4.903775026486797,0.0,-2.382646819255248,2.882361390125737,0.0,0.0,0.0,-2.2629157099823205,0,0,0,0,0,0
image_3806.png,surface,0.0,0.0,2.0850407276092624,16.575043590978154,-2.144439555373612,0.0,1.6064400687198808,0.8757063619028934,0.0,0.0,0.0,-3.477044865403948,0,0,0,0,0,0
image_3807.png,surface,0.0,0.0,2.785186908264775,7.997684460408597,-17.851794109748052,0.0,-2.563842026866106,0.5295131578928141,0.0,0.0,0.0,-0.6409534706176601,0,0,0,0,0,0
image_3808.png,surface,0.0,0.0,1.2135627973869412,5.864150536826873,-7.5537740497461,0.0,2.363422546435223,-1.7697279552011385,0.0,0.0,0.0,-2.2547577401579755,0,0,0,0,0,0
image_3809.png,surface,0.0,0.0,1.3785673107113738,6.292836714225087,-15.787270137101892,0.0,-1.0889120314140726,0.4391740219305455,0.0,0.0,0.0,-2.9742832193297075,0,0,0,0,0,0
image_3810.png,surface,0.0,0.0,2.5324957508668424,-24.444009624261422,-2.300357501867289,0.0,2.026525323170927,2.1654580550606046,0.0,0.0,0.0,1.7873642519436848,0,0,0,0,0,0
image_3811.png,surface,0.0,0.0,1.6719345398964336,17.93904910801735,6.279886153273312,0.0,-0.9904784314264472,4.045373402040245,0.0,0.0,0.0,1.9195185658324725,0,0,0,0,0,0
image_3812.png,surface,0.0,0.0,1.1389521840036,20.51069481075235,-8.271616940966531,0.0,2.538853512070491,-3.833176374013885,0.0,0.0,0.0,-3.7486237232277455,0,0,0,0,0,0
image_3813.png,surface,0.0,0.0,2.406176833094801,22.10148943630288,8.69800043712454,0.0,-3.1844091062182587,0.5670241216659616,0.0,0.0,0.0,1.937617200210372,0,0,0,0,0,0
image_3814.png,surface,0.0,0.0,1.2714405539865252,15.378206347839678,-5.691126235378392,0.0,-1.7024435276846457,-1.6789043527545284,0.0,0.0,0.0,3.816136073406831,0,0,0,0,0,0
image_3815.png,surface,0.0,0.0,1.2383877158654748,19.51775052037325,10.829262406760376,0.0,-1.3876251593313822,-1.614454478565192,0.0,0.0,0.0,-0.8657610035989887,0,0,0,0,0,0
image_3816.png,surface,0.0,0.0,2.005698038256132,14.734175068488058,3.4109360165904907,0.0,-2.940465427337464,3.657938322467128,0.0,0.0,0.0,1.9669172980235592,0,0,0,0,0,0
image_3817.png,surface,0.0,0.0,1.8239807508396408,19.651902753612617,-8.462182201434961,0.0,1.8530962628071097,1.9908660530242988,0.0,0.0,0.0,-1.865856287435268,0,0,0,0,0,0
image_3818.png,surface,0.0,0.0,1.347993465937403,-12.641764113826548,6.616311037915255,0.0,1.446274407526995,-3.105351317438264,0.0,0.0,0.0,-0.6564658417235423,0,0,0,0,0,0
image_3819.png,surface,0.0,0.0,2.341133617139429,11.71188990355532,-8.25968042426468,0.0,2.110642993923097,2.034205661543255,0.0,0.0,0.0,3.818057351052964,0,0,0,0,0,0
image_3820.png,surface,0.0,0.0,1.830976127628109,-17.2220584252668,-8.99449115016631,0.0,-0.5240128686645644,4.602470154634047,0.0,0.0,0.0,-1.017499618253911,0,0,0,0,0,0
image_3821.png,surface,0.0,0.0,2.370320462795444,-5.731055470026834,11.846014174667111,0.0,0.5193478699742083,-3.592013140373348,0.0,0.0,0.0,2.103420335907952,0,0,0,0,0,0
image_3822.png,surface,0.0,0.0,1.76563798691024,-15.847035145597562,13.053035557475482,0.0,-1.156244577877837,3.676775788334747,0.0,0.0,0.0,0.3765588680408216,0,0,0,0,0,0
image_3823.png,surface,0.0,0.0,2.651725351793188,13.19638046049587,-21.380873653109617,0.0,2.961736949552776,-2.2431598664875896,0.0,0.0,0.0,2.342587219945853,0,0,0,0,0,0
image_3824.png,surface,0.0,0.0,2.148146432370281,21.805289437001093,6.102677119876627,0.0,1.453612328448976,-1.1336831348235428,0.0,0.0,0.0,-2.5442654209584656,0,0,0,0,0,0
image_3825.png,surface,0.0,0.0,2.623660067589226,7.439566075718716,-20.01956116692001,0.0,-3.47461104873259,-1.6949002633071086,0.0,0.0,0.0,3.4576979217412216,0,0,0,0,0,0
image_3826.png,surface,0.0,0.0,2.252045206289044,10.037475722556485,-1.94772032839137,0.0,1.211724398481685,-2.7334690862145496,0.0,0.0,0.0,-4.522965712995301,0,0,0,0,0,0
image_3827.png,surface,0.0,0.0,1.723380035805728,18.45923198525252,10.844981926389464,0.0,-1.8077129064586168,-2.128466841344163,0.0,0.0,0.0,-4.167133655713568,0,0,0,0,0,0
image_3828.png,surface,0.0,0.0,1.7754989920522175,-14.169327962667108,-1.2647725598970552,0.0,0.8299967195671067,1.362752659296718,0.0,0.0,0.0,2.158213705902279,0,0,0,0,0,0
image_3829.png,surface,0.0,0.0,2.614892068126515,0.402988415532188,1.288429759679108,0.0,2.31427811030223,0.507303363630334,0.0,0.0,0.0,3.506898566060423,0,0,0,0,0,0
image_3830.png,surface,0.0,0.0,1.0584535456508255,18.98607699394561,-10.382257608768445,0.0,-4.323961382738819,1.04644971143042,0.0,0.0,0.0,1.3904093619845153,0,0,0,0,0,0
image_3831.png,surface,0.0,0.0,1.346287659903317,3.686359124289879,21.27516192057025,0.0,-0.0751741558865988,-1.644101664092272,0.0,0.0,0.0,-4.340590535421059,0,0,0,0,0,0
image_3832.png,surface,0.0,0.0,2.259074208087577,-12.63458849141966,13.559697940615504,0.0,-0.1020631787083077,3.978959283765727,0.0,0.0,0.0,-1.5945181996371192,0,0,0,0,0,0
image_3833.png,surface,0.0,0.0,2.486843594768607,-2.7188379978446595,-9.784241287701004,0.0,1.8525848429769127,-0.0083164933594598,0.0,0.0,0.0,-0.2701622346855146,0,0,0,0,0,0
image_3834.png,surface,0.0,0.0,2.704710441699257,0.0975877315242098,22.483118813777217,0.0,-3.533486978717943,-1.7966576006935198,0.0,0.0,0.0,-2.760408685845378,0,0,0,0,0,0
image_3835.png,surface,0.0,0.0,2.542022075224776,11.320949031737651,-1.5607638186318915,0.0,-1.179391388060664,4.309790295578691,0.0,0.0,0.0,4.676147638671553,0,0,0,0,0,0
image_3836.png,surface,0.0,0.0,2.9629665897780013,-3.0789735235592905,12.23858989286163,0.0,-1.8452641480098024,-4.473930491685322,0.0,0.0,0.0,1.7629032621975451,0,0,0,0,0,0
image_3837.png,surface,0.0,0.0,2.839713213545008,8.79375914628429,3.803622366527328,0.0,-2.567145447530854,-0.5792371530952309,0.0,0.0,0.0,-3.765867973928148,0,0,0,0,0,0
image_3838.png,surface,0.0,0.0,1.8418832301814567,-4.185060070485357,4.378345692780609,0.0,1.9910631113150168,-1.9699238821034808,0.0,0.0,0.0,-3.46308294650967,0,0,0,0,0,0
image_3839.png,surface,0.0,0.0,2.577017745706523,1.7930749826919046,-9.255697817465329,0.0,1.239261383586672,-2.634752921631069,0.0,0.0,0.0,-4.109821113060413,0,0,0,0,0,0
image_3840.png,surface,0.0,0.0,1.592039931267004,1.0561819218998618,-24.29222164701616,0.0,-2.815738456214605,-2.2664608922586327,0.0,0.0,0.0,-3.4117713581760114,0,0,0,0,0,0
image_3841.png,surface,0.0,0.0,2.85748488370143,12.8811442816251,18.339556016530537,0.0,-1.9140814631811705,-1.5964527097032148,0.0,0.0,0.0,1.9363726936074768,0,0,0,0,0,0
image_3842.png,surface,0.0,0.0,2.994326710410615,4.05229090766416,21.059986203774624,0.0,-0.518265827312009,1.0750027885932667,0.0,0.0,0.0,3.7890415378077833,0,0,0,0,0,0
image_3843.png,surface,0.0,0.0,2.469157688001764,11.604155928578637,-14.961878578879078,0.0,1.6804486188281105,-3.8031294571222056,0.0,0.0,0.0,4.174971007206599,0,0,0,0,0,0
image_3844.png,surface,0.0,0.0,1.6690953522193748,-21.603500780603696,3.491825192455377,0.0,2.013629463857966,0.8631004700212461,0.0,0.0,0.0,4.0443268896984375,0,0,0,0,0,0
image_3845.png,surface,0.0,0.0,2.9259913728009765,-1.362385979219752,-21.83271487072901,0.0,-2.211538059268612,-2.4599532610984656,0.0,0.0,0.0,-4.3421768404783805,0,0,0,0,0,0
image_3846.png,surface,0.0,0.0,1.0818994816251404,5.562686994127257,11.877078148613704,0.0,0.79179663926945,-3.399595161477804,0.0,0.0,0.0,-3.1255722381630813,0,0,0,0,0,0
image_3847.png,surface,0.0,0.0,1.8200031388947973,1.0282973464152718,10.065159927281746,0.0,-0.6729931092797736,-3.093160904934936,0.0,0.0,0.0,-2.1795925606375635,0,0,0,0,0,0
image_3848.png,surface,0.0,0.0,2.020069754242526,10.842511542690184,-11.432514678134336,0.0,-1.9681347741788064,2.753006724291339,0.0,0.0,0.0,-2.506022465855448,0,0,0,0,0,0
image_3849.png,surface,0.0,0.0,2.029253702428179,-15.688265688185988,-6.912607223201436,0.0,1.788554093204534,2.8193643284339105,0.0,0.0,0.0,0.5561099472958277,0,0,0,0,0,0
image_3850.png,surface,0.0,0.0,1.4497517621565543,3.205780548278181,-5.124736228890495,0.0,-3.1503369903921485,1.3414031952686574,0.0,0.0,0.0,-0.7598007835199141,0,0,0,0,0,0
image_3851.png,surface,0.0,0.0,1.804474585015247,-14.150000914904671,-19.357751586907813,0.0,0.0556939724057386,4.404125550451107,0.0,0.0,0.0,-2.3660484684998586,0,0,0,0,0,0
image_3852.png,surface,0.0,0.0,2.422295985459731,-3.540222585911144,12.25672367363549,0.0,-2.340453427831504,4.3618703611101735,0.0,0.0,0.0,2.2030691244009244,0,0,0,0,0,0
image_3853.png,surface,0.0,0.0,2.5551651411616443,15.893585726076909,16.17333182292842,0.0,2.1053860825096624,-1.798929422735227,0.0,0.0,0.0,1.2949425716628014,0,0,0,0,0,0
image_3854.png,surface,0.0,0.0,2.4366402626709283,3.827557949624166,11.683337890536926,0.0,1.910475635542687,-2.308498410810631,0.0,0.0,0.0,1.052705093278,0,0,0,0,0,0
image_3855.png,surface,0.0,0.0,1.0335098082730614,-4.470385035158039,-10.42157864295958,0.0,-1.5372605631690102,-3.878707816384527,0.0,0.0,0.0,-1.8666808550042613,0,0,0,0,0,0
image_3856.png,surface,0.0,0.0,2.351098003700681,-14.356561906667189,-2.819454272183416,0.0,1.227304227124774,-2.5026670630930417,0.0,0.0,0.0,-3.994450964553853,0,0,0,0,0,0
image_3857.png,surface,0.0,0.0,1.4823558180258278,-1.9804753731168527,-19.719926161353765,0.0,-2.290654292999219,0.2469307182453397,0.0,0.0,0.0,4.748547089432185,0,0,0,0,0,0
image_3858.png,surface,0.0,0.0,2.291424660371146,-20.2218252332142,10.354688613411602,0.0,4.710641345677337,1.4413307904374468,0.0,0.0,0.0,4.197042962313919,0,0,0,0,0,0
image_3859.png,surface,0.0,0.0,1.7601584062745104,13.78862412535678,-7.17955784504639,0.0,1.3524975099142749,-3.21506400855123,0.0,0.0,0.0,-0.8766926482858528,0,0,0,0,0,0
image_3860.png,surface,0.0,0.0,2.147001385562139,-20.146874600047543,-2.9747044472191897,0.0,-2.1995553702460344,-2.552664985450819,0.0,0.0,0.0,0.5923744174457184,0,0,0,0,0,0
image_3861.png,surface,0.0,0.0,1.4494764533440485,2.4383741137476616,12.254411553323036,0.0,4.107846744893867,1.0323387303494045,0.0,0.0,0.0,2.1241137989518144,0,0,0,0,0,0
image_3862.png,surface,0.0,0.0,2.3547653008031872,-2.1806785388720136,-11.686886741007532,0.0,-3.849554130994591,-1.119795625149649,0.0,0.0,0.0,0.4612345365084271,0,0,0,0,0,0
image_3863.png,surface,0.0,0.0,2.805252699413882,-5.618299225141936,-15.221361110815284,0.0,-3.247437386953304,0.4573045523971469,0.0,0.0,0.0,2.405211064145256,0,0,0,0,0,0
image_3864.png,surface,0.0,0.0,1.6691806766669208,13.475700556218882,20.22058698445032,0.0,2.442023104064776,-2.8194335262692256,0.0,0.0,0.0,2.7138774415021683,0,0,0,0,0,0
image_3865.png,surface,0.0,0.0,1.1273230064049309,3.8572955273485015,3.25150745599716,0.0,1.308984063266627,-4.28018221107206,0.0,0.0,0.0,2.395072536303802,0,0,0,0,0,0
image_3866.png,surface,0.0,0.0,2.878826178036347,18.56721037078176,-1.2559341214880484,0.0,3.638790116488376,2.7835075526949336,0.0,0.0,0.0,0.8412015086200686,0,0,0,0,0,0
image_3867.png,surface,0.0,0.0,2.0980902325075945,11.91063441840042,21.75213725978504,0.0,1.0068875841622753,-3.497857660514036,0.0,0.0,0.0,-0.0029351751580968,0,0,0,0,0,0
image_3868.png,surface,0.0,0.0,2.663557718454483,11.30915482282101,15.905117487099895,0.0,3.15422977309248,3.0885227760238183,0.0,0.0,0.0,-3.27585459617014,0,0,0,0,0,0
image_3869.png,surface,0.0,0.0,2.892402635524496,2.267531608597809,-23.753575214336976,0.0,4.621196266494689,0.3506877225214281,0.0,0.0,0.0,-1.0137447165125666,0,0,0,0,0,0
image_3870.png,surface,0.0,0.0,2.749740003999106,-5.469941380941393,21.44833339323963,0.0,0.4230270721141662,-4.48190817458094,0.0,0.0,0.0,3.257972644140485,0,0,0,0,0,0
image_3871.png,surface,0.0,0.0,2.040755166050993,-3.7158263126236863,-16.842989117646507,0.0,3.605151601401416,1.6780788053346878,0.0,0.0,0.0,4.057797328796905,0,0,0,0,0,0
image_3872.png,surface,0.0,0.0,2.954621345549313,13.89260860137775,-5.186499545041303,0.0,-1.1877258124979564,3.67828694501236,0.0,0.0,0.0,0.3996041119588813,0,0,0,0,0,0
image_3873.png,surface,0.0,0.0,1.8754995471146227,-7.375712393901979,-18.557929904202325,0.0,1.941030973919352,0.812372692856662,0.0,0.0,0.0,0.0899260521535794,0,0,0,0,0,0
image_3874.png,surface,0.0,0.0,1.4994572084442557,-23.405932859526832,-2.867971823469158,0.0,3.871740904299225,-2.10992269076304,0.0,0.0,0.0,-1.36649890710838,0,0,0,0,0,0
image_3875.png,surface,0.0,0.0,2.736457587590646,-2.699935429504001,-4.522916332264817,0.0,3.9286017872000594,0.4736966173516172,0.0,0.0,0.0,-4.261516705169576,0,0,0,0,0,0
image_3876.png,surface,0.0,0.0,2.764042290450498,20.866268120518537,-6.154605889787733,0.0,-1.2757159633893076,2.500279668470801,0.0,0.0,0.0,-0.2809138709870771,0,0,0,0,0,0
image_3877.png,surface,0.0,0.0,1.118767017622302,-5.611265926685765,-13.615274985071308,0.0,2.7869198886068487,-0.8799327948840947,0.0,0.0,0.0,-3.436773571941286,0,0,0,0,0,0
image_3878.png,surface,0.0,0.0,2.4735675038329608,0.2986009891382422,1.5620918526724084,0.0,2.261746238369945,3.5553702412683235,0.0,0.0,0.0,3.335099613218944,0,0,0,0,0,0
image_3879.png,surface,0.0,0.0,1.6702659925670675,2.478906396451232,-4.360235501166583,0.0,-4.317494771020939,-2.2157214602991653,0.0,0.0,0.0,2.1044013134830086,0,0,0,0,0,0
image_3880.png,surface,0.0,0.0,2.720195140549986,-3.2962288386531338,4.267319170305713,0.0,1.687290491561725,-3.166954890779613,0.0,0.0,0.0,-2.221968025202022,0,0,0,0,0,0
image_3881.png,surface,0.0,0.0,1.4858638531789268,-18.29998867113654,-8.799397082940732,0.0,-2.334910703507044,1.4533353786960566,0.0,0.0,0.0,2.254429776643361,0,0,0,0,0,0
image_3882.png,surface,0.0,0.0,2.160605089612664,8.368282717944394,15.978333032938416,0.0,1.644055447590285,-3.7549089662755297,0.0,0.0,0.0,-3.08030566706994,0,0,0,0,0,0
image_3883.png,surface,0.0,0.0,1.2604947656700254,-14.27567714517046,1.3214141727332744,0.0,-0.0295934635131747,3.1558317108206144,0.0,0.0,0.0,-4.580509241357116,0,0,0,0,0,0
image_3884.png,surface,0.0,0.0,2.766660169292736,9.20365747136032,-11.953259481424052,0.0,-2.615068985750466,0.4009468814378553,0.0,0.0,0.0,3.2964739582865565,0,0,0,0,0,0
image_3885.png,surface,0.0,0.0,1.2720247696754918,-11.24144902969664,2.0483754521835693,0.0,1.913077041867368,4.050708033206576,0.0,0.0,0.0,4.939984484763832,0,0,0,0,0,0
image_3886.png,surface,0.0,0.0,2.295826082296818,14.045372879718586,-8.329543609291195,0.0,-3.174233426766653,-0.8626398587237559,0.0,0.0,0.0,4.617798654688345,0,0,0,0,0,0
image_3887.png,surface,0.0,0.0,1.4511466812692575,-12.232816045737133,-2.154089428602105,0.0,3.0571591768888573,-0.6630195454105,0.0,0.0,0.0,-3.811956762399391,0,0,0,0,0,0
image_3888.png,surface,0.0,0.0,2.5132785870772345,10.13798615040616,18.8611305847632,0.0,3.362119599571761,-1.580375340695005,0.0,0.0,0.0,1.0330838548567431,0,0,0,0,0,0
image_3889.png,surface,0.0,0.0,1.368388192618796,9.120869400777426,-9.310624415483284,0.0,-4.758366325106408,0.18256513298345,0.0,0.0,0.0,0.499490957331588,0,0,0,0,0,0
image_3890.png,surface,0.0,0.0,2.516570062231493,16.047543102455748,9.576970151551684,0.0,2.132544699513261,-1.5293395672480452,0.0,0.0,0.0,3.9673378236951855,0,0,0,0,0,0
image_3891.png,surface,0.0,0.0,2.011980460823315,-22.228632323510865,1.99823643430741,0.0,0.6220748327578778,4.605538050248127,0.0,0.0,0.0,2.920571801427153,0,0,0,0,0,0
image_3892.png,surface,0.0,0.0,2.417372228270939,10.33600344500134,13.256980624893384,0.0,-0.6880333814948145,-4.86605831395405,0.0,0.0,0.0,-4.340172328779226,0,0,0,0,0,0
image_3893.png,surface,0.0,0.0,2.0412156437047178,-2.6361732221766325,14.935833909320952,0.0,-0.7535871009432243,0.4648299556009904,0.0,0.0,0.0,1.9025606332439216,0,0,0,0,0,0
image_3894.png,surface,0.0,0.0,2.1130845437268992,-4.572088210883302,4.833593750381639,0.0,0.1554861630556042,-0.1552583728957432,0.0,0.0,0.0,2.210482023836642,0,0,0,0,0,0
image_3895.png,surface,0.0,0.0,2.2088644321814144,16.5062996599317,-11.66515225228294,0.0,-0.2864750435366366,-1.0972353513957411,0.0,0.0,0.0,2.231260812639695,0,0,0,0,0,0
image_3896.png,surface,0.0,0.0,1.4566876893228125,3.390872331503021,-3.025562806784674,0.0,3.369265778994908,2.067893828654375,0.0,0.0,0.0,-2.0117261759216776,0,0,0,0,0,0
image_3897.png,surface,0.0,0.0,2.151496184379294,17.526009552690688,-15.09136025563051,0.0,-4.042752450797178,-0.6025694108221862,0.0,0.0,0.0,-3.8692170195842,0,0,0,0,0,0
image_3898.png,surface,0.0,0.0,1.5276788393570635,5.939186330967533,-22.12443870989992,0.0,-4.484912274025311,-1.1398265382470232,0.0,0.0,0.0,4.893288286760964,0,0,0,0,0,0
image_3899.png,surface,0.0,0.0,1.5989197777801027,16.863734228209225,-4.025942981967937,0.0,0.9884398310535396,-2.614688277943839,0.0,0.0,0.0,3.469929221556292,0,0,0,0,0,0
image_3900.png,surface,0.0,0.0,1.998046762840049,3.814207626452831,-17.755049188286915,0.0,-3.181482712316658,-3.178429205555663,0.0,0.0,0.0,4.743730614330801,0,0,0,0,0,0
image_3901.png,surface,0.0,0.0,1.4565111934393329,5.663329689764202,20.5719150369525,0.0,-0.0631767341237847,-4.572148272767688,0.0,0.0,0.0,1.338398787541788,0,0,0,0,0,0
image_3902.png,surface,0.0,0.0,2.2379605900953936,-6.852644741017758,-22.10052983943167,0.0,-4.063697352244444,-1.3540662062074136,0.0,0.0,0.0,4.093956377434415,0,0,0,0,0,0
image_3903.png,surface,0.0,0.0,1.5991359217180297,-13.066368688972192,9.865973885515752,0.0,-4.8405349313965935,-0.1474362779044264,0.0,0.0,0.0,1.2644139631396705,0,0,0,0,0,0
image_3904.png,surface,0.0,0.0,1.3720828281148063,-18.42957495592483,-16.165800690295278,0.0,-3.8539160364006686,1.440144497546447,0.0,0.0,0.0,1.0488001174020931,0,0,0,0,0,0
image_3905.png,surface,0.0,0.0,2.7974398653250194,3.049287233151801,-18.14406429629708,0.0,0.2955055585665271,-4.750883546066507,0.0,0.0,0.0,-1.1282233889294035,0,0,0,0,0,0
image_3906.png,surface,0.0,0.0,1.871644906415128,-3.5226405776403813,22.84372638046332,0.0,0.13554347331227,-1.188586141467476,0.0,0.0,0.0,3.860776387469814,0,0,0,0,0,0
image_3907.png,surface,0.0,0.0,2.885855132642749,2.86506299016252,-3.975702000265711,0.0,4.217288971917515,-1.2327022809674313,0.0,0.0,0.0,-0.3677629656262251,0,0,0,0,0,0
image_3908.png,surface,0.0,0.0,1.8294401448181057,-7.076760144422965,9.558995340306645,0.0,-1.3642873424349928,2.268519872222384,0.0,0.0,0.0,-2.6167011905118773,0,0,0,0,0,0
image_3909.png,surface,0.0,0.0,1.0211760508897183,-2.865945483183156,18.105739539790164,0.0,4.727135029467895,-0.993656722620543,0.0,0.0,0.0,-4.465828438422907,0,0,0,0,0,0
image_3910.png,surface,0.0,0.0,1.398435975619542,3.8876827059236128,3.2511942769015847,0.0,1.5459519722776929,2.057992055801088,0.0,0.0,0.0,0.72452624161164,0,0,0,0,0,0
image_3911.png,surface,0.0,0.0,2.670700700878531,8.113344557467947,15.79994590709873,0.0,-3.9166884831816287,1.1705554002862526,0.0,0.0,0.0,4.61271797246876,0,0,0,0,0,0
image_3912.png,surface,0.0,0.0,1.7203725660330702,16.915724635132513,-8.270407083054947,0.0,-1.123732163336321,0.117088922903635,0.0,0.0,0.0,-2.5201862197674227,0,0,0,0,0,0
image_3913.png,surface,0.0,0.0,2.692753844773768,-13.041696792271368,12.388146327908498,0.0,-0.1774311077620294,-0.382888259844611,0.0,0.0,0.0,3.300765398340745,0,0,0,0,0,0
image_3914.png,surface,0.0,0.0,1.776417918664513,-1.3760883704655993,8.286884785667665,0.0,0.2229691499324939,3.0344994256272324,0.0,0.0,0.0,1.6197361907039394,0,0,0,0,0,0
image_3915.png,surface,0.0,0.0,1.5934474771119125,-12.914755603383382,-18.34732326880273,0.0,-3.786016484839516,0.0772698018797294,0.0,0.0,0.0,-1.5849550734501596,0,0,0,0,0,0
image_3916.png,surface,0.0,0.0,2.601453509433536,17.72291589722355,8.650019184678857,0.0,3.146079884770608,2.372398497194904,0.0,0.0,0.0,2.5498457829697525,0,0,0,0,0,0
image_3917.png,surface,0.0,0.0,1.1445773739174403,-8.907558557580314,19.652650024390628,0.0,3.842905911402169,2.9244218641669733,0.0,0.0,0.0,4.130637247857953,0,0,0,0,0,0
image_3918.png,surface,0.0,0.0,2.7519032573211515,13.978720510420755,-7.753505750934361,0.0,1.873476602545243,-2.903571790282581,0.0,0.0,0.0,3.4463822311150043,0,0,0,0,0,0
image_3919.png,surface,0.0,0.0,1.8397329431976888,-21.991442902061426,-5.08152111790109,0.0,2.1292346771587773,-2.2493900960893978,0.0,0.0,0.0,1.8702410125224844,0,0,0,0,0,0
image_3920.png,surface,0.0,0.0,1.6574202467695576,12.767303494388416,3.3556612430434845,0.0,-3.899511931416711,2.788540462496308,0.0,0.0,0.0,-2.976430043497941,0,0,0,0,0,0
image_3921.png,surface,0.0,0.0,1.4398412706184007,-2.93472338786372,-23.871930834091245,0.0,1.565505196517533,-0.0855808663917521,0.0,0.0,0.0,2.854830370182225,0,0,0,0,0,0
image_3922.png,surface,0.0,0.0,2.188814741959357,-11.687182340296298,11.775167549921006,0.0,1.145276268661766,-4.596135024800867,0.0,0.0,0.0,-3.827909273510581,0,0,0,0,0,0
image_3923.png,surface,0.0,0.0,2.8958919757775514,6.270008155390782,11.029395045021069,0.0,4.70194934808366,-0.9637670517903012,0.0,0.0,0.0,-3.5520911289255164,0,0,0,0,0,0
image_3924.png,surface,0.0,0.0,1.7048379176599169,12.7820691094569,18.831739425303965,0.0,-0.1333283396307546,4.208413641225119,0.0,0.0,0.0,-2.9257057666806787,0,0,0,0,0,0
image_3925.png,surface,0.0,0.0,1.461337312409926,-17.159252589526645,7.084364065517318,0.0,3.2821456147975736,0.3322675299882415,0.0,0.0,0.0,2.8199344421298624,0,0,0,0,0,0
image_3926.png,surface,0.0,0.0,1.4953039879222885,13.086367473904994,2.46221394770455,0.0,1.7681538998025224,-2.1058076121474087,0.0,0.0,0.0,3.10168867601546,0,0,0,0,0,0
image_3927.png,surface,0.0,0.0,1.1820635766450147,9.666844226775416,-1.6421040267469516,0.0,1.272046143234489,-3.084310950514721,0.0,0.0,0.0,-4.409047287317022,0,0,0,0,0,0
image_3928.png,surface,0.0,0.0,1.4734297390457365,21.03343443194968,-12.64395548325918,0.0,-0.0098618693316019,-2.560132462832492,0.0,0.0,0.0,-1.208928326328853,0,0,0,0,0,0
image_3929.png,surface,0.0,0.0,2.2883999369429926,9.741069936478766,-18.753976947852063,0.0,2.2073010879907846,-2.260354170783762,0.0,0.0,0.0,1.4667220324851495,0,0,0,0,0,0
image_3930.png,surface,0.0,0.0,2.4268981600895803,-1.951521432551044,24.11647988103888,0.0,-2.795567999482712,-2.291168966890101,0.0,0.0,0.0,1.3350643609120638,0,0,0,0,0,0
image_3931.png,surface,0.0,0.0,1.833207589376849,19.062726095704274,9.788058605728317,0.0,1.217892573390185,0.6794762574972798,0.0,0.0,0.0,2.088632804008573,0,0,0,0,0,0
image_3932.png,surface,0.0,0.0,2.887286561569203,12.787185036519276,14.389951989215875,0.0,-3.51436399065074,-1.883886615856896,0.0,0.0,0.0,2.893998206390793,0,0,0,0,0,0
image_3933.png,surface,0.0,0.0,1.3339269957695234,-17.012424881584533,-5.129182310741873,0.0,3.22137814166977,-3.081491637605266,0.0,0.0,0.0,-4.012810982317985,0,0,0,0,0,0
image_3934.png,surface,0.0,0.0,2.4314187189081684,22.800836042675947,-10.535923361508203,0.0,-1.3983846065286052,3.4331178227839083,0.0,0.0,0.0,0.8967876189595589,0,0,0,0,0,0
image_3935.png,surface,0.0,0.0,1.810290614088632,11.697758861304749,5.011647812504683,0.0,-0.4004875633155241,1.559257395286891,0.0,0.0,0.0,-4.901427631163232,0,0,0,0,0,0
image_3936.png,surface,0.0,0.0,1.478752109520516,12.74236805932726,-8.297885899580987,0.0,1.4034818823128523,-4.195310172723787,0.0,0.0,0.0,-0.1150888225670438,0,0,0,0,0,0
image_3937.png,surface,0.0,0.0,1.3892972284933325,22.820753071764248,3.5525967777138323,0.0,-1.0391098675546824,-3.368967604252304,0.0,0.0,0.0,2.412593146555676,0,0,0,0,0,0
image_3938.png,surface,0.0,0.0,1.3352261734630473,5.408605292660404,-16.347323538633997,0.0,-0.9140576048996296,-2.0470927094017712,0.0,0.0,0.0,0.2439347210612918,0,0,0,0,0,0
image_3939.png,surface,0.0,0.0,2.955710645666501,0.124222732706691,-9.828086440164586,0.0,-2.7851786681348063,-1.0977636749651052,0.0,0.0,0.0,-0.5338748104502002,0,0,0,0,0,0
image_3940.png,surface,0.0,0.0,1.7788492976084662,-11.116594503832756,13.55682788975944,0.0,4.064901661885709,-2.064397150664674,0.0,0.0,0.0,1.6900920964119317,0,0,0,0,0,0
image_3941.png,surface,0.0,0.0,2.21627637752879,-13.36050151847849,-13.658453340388805,0.0,0.3798173599684996,0.8481816421306586,0.0,0.0,0.0,-1.200800826298086,0,0,0,0,0,0
image_3942.png,surface,0.0,0.0,1.864739151502472,-17.09847611941225,-12.128237155965312,0.0,2.458571986414072,0.1248882837428251,0.0,0.0,0.0,2.545165298160612,0,0,0,0,0,0
image_3943.png,surface,0.0,0.0,2.621927771843091,6.767769589832917,-3.8205542754620896,0.0,0.5564978554469093,-4.564673695522708,0.0,0.0,0.0,-1.6844301438917857,0,0,0,0,0,0
image_3944.png,surface,0.0,0.0,2.5171739125045054,21.13049947881641,-6.587837666478174,0.0,3.637256516566363,-2.5915880803010904,0.0,0.0,0.0,0.0741400801172744,0,0,0,0,0,0
image_3945.png,surface,0.0,0.0,1.093477423223154,-6.470622061476313,-11.133294531084964,0.0,1.5841899608914105,2.051055351229235,0.0,0.0,0.0,-3.440550211364201,0,0,0,0,0,0
image_3946.png,surface,0.0,0.0,2.282741340428489,6.335566829411732,-11.67485099950921,0.0,-1.1610206450211578,0.217284481846752,0.0,0.0,0.0,1.3147947593604528,0,0,0,0,0,0
image_3947.png,surface,0.0,0.0,2.937642596932132,20.96729976945148,-2.129562663730101,0.0,-0.4614784283750691,2.3964188614982653,0.0,0.0,0.0,0.6587661261797075,0,0,0,0,0,0
image_3948.png,surface,0.0,0.0,2.7008498164908614,-0.4473980289713484,-10.577306754381713,0.0,-2.009501705131952,0.1613873697844402,0.0,0.0,0.0,3.141993900907257,0,0,0,0,0,0
image_3949.png,surface,0.0,0.0,1.5913485948154769,-7.035054886484369,-22.60747305285965,0.0,-3.5299812484912807,-3.1182634800872515,0.0,0.0,0.0,3.713072058103279,0,0,0,0,0,0
image_3950.png,surface,0.0,0.0,2.2218705679382618,20.166376875300664,0.0854671159753853,0.0,1.3877565928452815,-2.595752565339874,0.0,0.0,0.0,0.6997476118743231,0,0,0,0,0,0
image_3951.png,surface,0.0,0.0,1.900729524196184,-10.24130966638826,-8.375593879265777,0.0,3.9167476456505073,2.752594474664391,0.0,0.0,0.0,-4.22505872251071,0,0,0,0,0,0
image_3952.png,surface,0.0,0.0,2.1691504053778354,4.775673079758821,-23.119771099766865,0.0,-1.4778275522856588,1.3314775391724922,0.0,0.0,0.0,-2.672716077828927,0,0,0,0,0,0
image_3953.png,surface,0.0,0.0,2.12353655336345,-13.01411946666661,6.53326296518215,0.0,0.7361157616867471,1.466163660089936,0.0,0.0,0.0,-3.527971693981736,0,0,0,0,0,0
image_3954.png,surface,0.0,0.0,2.466456214990389,-2.2538776128232487,4.613818225712602,0.0,-1.3014813383668866,3.60899026250772,0.0,0.0,0.0,-3.9705562982487614,0,0,0,0,0,0
image_3955.png,surface,0.0,0.0,1.6416381475281627,18.7535847746874,16.011315360361763,0.0,-0.2156209116605379,4.62420943653846,0.0,0.0,0.0,0.8180222727965081,0,0,0,0,0,0
image_3956.png,surface,0.0,0.0,1.8646435132867023,-12.080437900699318,2.34471788135526,0.0,-3.1684397269327205,3.0885775036635845,0.0,0.0,0.0,2.1164818896310766,0,0,0,0,0,0
image_3957.png,surface,0.0,0.0,2.1582051336626904,22.67621472962319,6.029439926168534,0.0,-4.642274174227824,-1.0226599471202025,0.0,0.0,0.0,3.0017652219167115,0,0,0,0,0,0
image_3958.png,surface,0.0,0.0,1.0161772844819374,18.55339631412265,4.408752269821468,0.0,-3.5190593552961453,3.429306266834597,0.0,0.0,0.0,3.8509004226977233,0,0,0,0,0,0
image_3959.png,surface,0.0,0.0,1.5433203247443188,-9.189859788355175,22.66510296266241,0.0,2.7303337193487187,-0.6454968813610867,0.0,0.0,0.0,3.5368971550811,0,0,0,0,0,0
image_3960.png,surface,0.0,0.0,1.9722951838038043,-8.281266117205279,-21.31203310014905,0.0,-4.720760573993248,0.8057800345654158,0.0,0.0,0.0,-4.117331836649214,0,0,0,0,0,0
image_3961.png,surface,0.0,0.0,1.3610152886084572,-9.201683049010525,-17.351415256865977,0.0,2.4265587787117027,-3.793901369859413,0.0,0.0,0.0,3.368474853513044,0,0,0,0,0,0
image_3962.png,surface,0.0,0.0,2.4381459332939777,11.387771327621142,6.450055315658673,0.0,-1.204595031073817,-0.7254006280472021,0.0,0.0,0.0,2.4129100403501704,0,0,0,0,0,0
image_3963.png,surface,0.0,0.0,1.2104496007745107,-11.19980375820211,-22.171948541621884,0.0,-3.668198979539755,-2.834296607951136,0.0,0.0,0.0,0.800491445991895,0,0,0,0,0,0
image_3964.png,surface,0.0,0.0,2.4457032926978552,-17.58037065687357,-9.993556516528168,0.0,-4.006068308057484,0.2718130240308708,0.0,0.0,0.0,3.793579461131344,0,0,0,0,0,0
image_3965.png,surface,0.0,0.0,2.644430400031956,9.203599321309968,2.795982019769095,0.0,2.4351269981566763,3.382646445465613,0.0,0.0,0.0,2.1016576669783102,0,0,0,0,0,0
image_3966.png,surface,0.0,0.0,2.371185546156755,-8.666363355230454,7.36470087287,0.0,-4.007129949956097,-1.4393268448607388,0.0,0.0,0.0,-0.1782149889018374,0,0,0,0,0,0
image_3967.png,surface,0.0,0.0,2.83452772927067,14.35922558548778,2.5395701468744734,0.0,2.369839590628705,3.065590996025437,0.0,0.0,0.0,4.382716704900618,0,0,0,0,0,0
image_3968.png,surface,0.0,0.0,2.423355286000384,12.439847461378363,-12.51675184323852,0.0,-4.834626320738404,-0.5722663848133467,0.0,0.0,0.0,-1.6827294773165216,0,0,0,0,0,0
image_3969.png,surface,0.0,0.0,1.4423764094545009,-11.527414508113011,7.4318712325508836,0.0,-3.362608878893828,-1.9702619257592744,0.0,0.0,0.0,2.7767616211306514,0,0,0,0,0,0
image_3970.png,surface,0.0,0.0,2.644018612203972,8.431737992448928,-4.97933782144715,0.0,2.6078539352173027,1.1578539885193675,0.0,0.0,0.0,-2.2476935039542747,0,0,0,0,0,0
image_3971.png,surface,0.0,0.0,1.486560034555694,-11.521315316870014,18.304199403623727,0.0,-1.4212986084057448,-3.4538182839022618,0.0,0.0,0.0,-3.848479144370299,0,0,0,0,0,0
image_3972.png,surface,0.0,0.0,2.663076786324263,-5.260736034381759,0.8863283407642699,0.0,0.5809439277440976,-3.942246489320355,0.0,0.0,0.0,-0.4210921241028078,0,0,0,0,0,0
image_3973.png,surface,0.0,0.0,2.1777040032101507,2.890994756160003,10.085862407602049,0.0,-0.8442175023364724,4.0091241457954965,0.0,0.0,0.0,2.1183525912094803,0,0,0,0,0,0
image_3974.png,surface,0.0,0.0,2.025306494988201,-9.4779658037703,-14.058860566846525,0.0,-2.186396236532284,3.539493582680721,0.0,0.0,0.0,-2.5854686270858505,0,0,0,0,0,0
image_3975.png,surface,0.0,0.0,2.1579666632643253,-12.787278242501213,-2.651669499036037,0.0,-4.689662818179526,-0.0816426578890571,0.0,0.0,0.0,1.842300803950488,0,0,0,0,0,0
image_3976.png,surface,0.0,0.0,1.7871914378992126,-21.53699801218458,-9.372679259291443,0.0,0.5397694466639743,-0.3476715961956562,0.0,0.0,0.0,0.553604922364217,0,0,0,0,0,0
image_3977.png,surface,0.0,0.0,1.5409407524284808,18.18710451352619,-2.7251929000222708,0.0,2.032465052141472,4.281080317421187,0.0,0.0,0.0,-4.570997156358853,0,0,0,0,0,0
image_3978.png,surface,0.0,0.0,1.920787359079336,22.623318025451503,-10.169129830374938,0.0,-3.583568234937656,0.6873113130978864,0.0,0.0,0.0,-3.642698018887833,0,0,0,0,0,0
image_3979.png,surface,0.0,0.0,1.276113394804813,-7.566942361328,-20.50408036415242,0.0,3.457730489061749,-2.007816335302444,0.0,0.0,0.0,-0.1087194493936536,0,0,0,0,0,0
image_3980.png,surface,0.0,0.0,2.239276360926894,6.533482517338002,-3.0805964535937127,0.0,-3.7093017922900993,-1.0696018717820104,0.0,0.0,0.0,-3.597258617690775,0,0,0,0,0,0
image_3981.png,surface,0.0,0.0,2.0937182749092367,-3.292652168790082,-2.457699849959716,0.0,-2.404308762840805,-1.6921999959615786,0.0,0.0,0.0,3.92536497823715,0,0,0,0,0,0
image_3982.png,surface,0.0,0.0,2.346156829762436,16.865007803218866,2.3464935301231304,0.0,2.507284418953571,-3.956840276936725,0.0,0.0,0.0,0.7695474538151785,0,0,0,0,0,0
image_3983.png,surface,0.0,0.0,2.276533280789643,-7.922806191365519,-5.025308762019498,0.0,2.780175845295439,-1.1818024883770306,0.0,0.0,0.0,-3.2292447051857343,0,0,0,0,0,0
image_3984.png,surface,0.0,0.0,2.847920816136843,16.873598790675622,3.64073762311679,0.0,1.575210459361739,-2.276443805776967,0.0,0.0,0.0,-4.51856556717519,0,0,0,0,0,0
image_3985.png,surface,0.0,0.0,2.0342937896253788,14.231747847018458,-1.1739192276312362,0.0,1.210525045614608,3.172488812223076,0.0,0.0,0.0,-1.4778866304833729,0,0,0,0,0,0
image_3986.png,surface,0.0,0.0,1.0249520970191053,-5.48240359106456,-14.820006712452791,0.0,-3.2457571547985493,-1.5613470804957232,0.0,0.0,0.0,-4.682028597833169,0,0,0,0,0,0
image_3987.png,surface,0.0,0.0,2.760663416421713,-11.235692232236518,-12.07195774037186,0.0,1.7687409959319345,3.096038935951132,0.0,0.0,0.0,-2.1943543122383327,0,0,0,0,0,0
image_3988.png,surface,0.0,0.0,1.241951799692508,5.333680087664573,0.3218858228324656,0.0,-2.602411378675087,3.5140651439858543,0.0,0.0,0.0,-3.8772949548945848,0,0,0,0,0,0
image_3989.png,surface,0.0,0.0,2.458388935504149,-23.16977859721113,8.191652549115041,0.0,-0.5326713973756572,4.198637985338677,0.0,0.0,0.0,2.489761757442912,0,0,0,0,0,0
image_3990.png,surface,0.0,0.0,1.3948479890881933,23.75709589615669,-7.30193526630339,0.0,1.1180226220639309,0.6805571063416885,0.0,0.0,0.0,-1.90282567255216,0,0,0,0,0,0
image_3991.png,surface,0.0,0.0,1.2465993729674432,-2.5207242445549487,-17.282027983434215,0.0,-0.4551183292476439,1.267684423353975,0.0,0.0,0.0,-4.741542191592925,0,0,0,0,0,0
image_3992.png,surface,0.0,0.0,2.909491326523717,-4.339080129905296,11.267311335127248,0.0,1.3517527455567842,1.4658673687341524,0.0,0.0,0.0,2.48510748789683,0,0,0,0,0,0
image_3993.png,surface,0.0,0.0,1.0714214798526678,8.052843784302928,-5.669969846228097,0.0,1.6947255581203844,-3.158111427397668,0.0,0.0,0.0,-0.0870385898881966,0,0,0,0,0,0
image_3994.png,surface,0.0,0.0,1.0603989819973094,-3.1784383222186645,23.34000993416768,0.0,-2.4711046017986904,3.251599563613648,0.0,0.0,0.0,-4.291938696109612,0,0,0,0,0,0
image_3995.png,surface,0.0,0.0,1.896676755402084,3.499819634851193,-24.60274955233854,0.0,3.910920459674512,-2.1457646544696662,0.0,0.0,0.0,4.621859643727852,0,0,0,0,0,0
image_3996.png,surface,0.0,0.0,2.1714052409151354,-5.996937946641472,-11.762165288073373,0.0,0.5399744192778769,-1.275237790515919,0.0,0.0,0.0,-3.087912581096608,0,0,0,0,0,0
image_3997.png,surface,0.0,0.0,1.3532201518831135,-13.825410671634105,5.168697051046155,0.0,-1.016233317816632,-2.280097084294804,0.0,0.0,0.0,2.224477820876664,0,0,0,0,0,0
image_3998.png,surface,0.0,0.0,2.4493558594032327,2.495298482294744,2.8635177550235165,0.0,1.5055582586033849,-1.6215895094647332,0.0,0.0,0.0,-4.526877691351308,0,0,0,0,0,0
image_3999.png,surface,0.0,0.0,2.878404319846968,0.2670600549239902,24.877286711227896,0.0,-4.14779408233455,2.034609441547678,0.0,0.0,0.0,2.4192791178961857,0,0,0,0,0,0
image_4000.png,surface,0.0,0.0,1.9969607980123607,-16.14416326562946,-3.2077951557767976,0.0,2.1181623021497886,-1.909279740902598,0.0,0.0,0.0,-0.4425018705849197,0,0,0,0,0,0
