sensor_image,object_label,pose_x,pose_y,pose_z,pose_Rx,pose_Ry,pose_Rz,shear_x,shear_y,shear_z,shear_Rx,shear_Ry,shear_Rz,object_x,object_y,object_z,object_Rx,object_Ry,object_Rz,Fx,Fy,Fz,Tx,Ty,Tz
data/sensor_images/image_5.png,surface,0.0,0.0,1.644399249658465,-20.27031637250139,-14.901495146805775,0.0,4.309617907476879,-2.150828415354235,0.0,0.0,0.0,4.285810286143088,0,0,0,0,0,0,-0.1735996647687703,-0.0568540117424206,2.578999611320651,-0.020732005718202,-0.040855166229695,-0.0664253546015359
data/sensor_images/image_6.png,surface,0.0,0.0,1.4422942543311217,-3.807868537565665,-18.557526505758226,0.0,-2.2685656050298766,-4.174570004669555,0.0,0.0,0.0,-1.615972050989256,0,0,0,0,0,0,-0.4187591767252288,0.1208529884127795,1.8836170218932764,-0.0095841491323411,0.0326291630626046,0.0394656478188978
data/sensor_images/image_7.png,surface,0.0,0.0,2.255837823639391,-7.983755235587202,-1.077082401626235,0.0,-1.959386120258052,-2.6174848187484976,0.0,0.0,0.0,-4.269496618760251,0,0,0,0,0,0,-0.2193778910640197,0.6663287281388004,2.6090917842325085,0.0265913957265762,0.0549685460170584,0.0225611209666455
data/sensor_images/image_8.png,surface,0.0,0.0,1.018310262574879,-0.1132036725983801,24.66153600374604,0.0,-0.0208888462841729,-3.573472554295123,0.0,0.0,0.0,2.609887513280196,0,0,0,0,0,0,0.7941461315980255,0.0656993645791216,1.2781144231782189,0.0338589607914311,0.0055537000843003,-0.0724471805030275
data/sensor_images/image_9.png,surface,0.0,0.0,0.6856988486918119,-3.199183970967947,0.93896024419064,0.0,3.8181454389540153,-0.0420538331066471,0.0,0.0,0.0,-1.3781987349491942,0,0,0,0,0,0,0.1699837835241972,0.4587510351286583,1.2898401719118502,-0.0222005539192648,0.0202825802276162,0.0384925616147648
data/sensor_images/image_10.png,surface,0.0,0.0,1.415066562797631,14.088849842047868,10.830767083512486,0.0,-2.9879754901764377,3.857494024402413,0.0,0.0,0.0,2.824177634068011,0,0,0,0,0,0,-0.0630822609796783,0.3927092044556682,1.2864863184096007,0.0016838000008803,0.0230864697964715,-0.08161685026248
data/sensor_images/image_11.png,surface,0.0,0.0,1.351588361804919,8.592631556144894,-20.502929337128503,0.0,1.9061152604630105,-1.8402288147875376,0.0,0.0,0.0,-0.3138517874712594,0,0,0,0,0,0,-0.5831140970982205,0.5251072109524164,1.9026681429823784,-0.0062845024443346,-0.0021475156403262,0.0387609787690907
data/sensor_images/image_12.png,surface,0.0,0.0,0.8013102576954108,24.055523522111805,5.39003670298014,0.0,4.091681318458496,1.7725058316293527,0.0,0.0,0.0,-4.641188985185406,0,0,0,0,0,0,-0.3066196047703846,0.4071509265627417,0.8311448949507949,-0.0086687317906304,-0.0173400523619959,0.0369325584406071
data/sensor_images/image_13.png,surface,0.0,0.0,2.636405739615957,-6.393561783743511,-2.913000791634501,0.0,-4.659973771164856,1.6319143713032211,0.0,0.0,0.0,0.9014184759561674,0,0,0,0,0,0,-1.240344476055575,-0.8516866318541177,3.8819454064364143,-0.0246940398543517,0.1137394142460274,-0.0703188660522625
data/sensor_images/image_14.png,surface,0.0,0.0,2.1703694702705203,-22.839224936877446,2.924359702777029,0.0,-3.392018092959677,-0.2704539657502512,0.0,0.0,0.0,4.098952737847636,0,0,0,0,0,0,-1.091483295226862,-0.0837704702961825,3.062972210243261,-0.0108581147586456,0.0123384896038363,-0.0733687397268505
data/sensor_images/image_15.png,surface,0.0,0.0,0.5644779087239213,-3.0284654875834915,-2.3515020208490944,0.0,-3.270048863326468,2.6680071766161544,0.0,0.0,0.0,2.811346178251184,0,0,0,0,0,0,-0.2699672841251075,-0.129421085664887,1.0372474349703782,-0.0060234943590168,0.0130728101106311,-0.0683123342083444
data/sensor_images/image_16.png,surface,0.0,0.0,1.8503988927694623,-7.537647805308697,-1.226162019614683,0.0,-1.235682233647511,1.021703925003376,0.0,0.0,0.0,3.022623711153363,0,0,0,0,0,0,-0.7683944733091773,-0.7075236039483603,1.9190657122463568,-0.0175415751979923,0.0223450767877796,-0.0900218166951931
data/sensor_images/image_17.png,surface,0.0,0.0,0.8845079673754295,18.07110597269069,0.3248165475990786,0.0,-2.4407556835698285,-1.9291040327272069,0.0,0.0,0.0,0.0156688541486635,0,0,0,0,0,0,-0.5545869129229819,0.3546874030928054,1.0969598830433456,0.0101357190331118,0.0332146681892745,-0.0700124417924405
data/sensor_images/image_19.png,surface,0.0,0.0,2.428131398432374,2.868826278576627,0.1792106191133988,0.0,-0.6685699713808357,2.9262493142840578,0.0,0.0,0.0,-0.6400325826535553,0,0,0,0,0,0,-0.3990229613406291,-0.9374968261275536,3.2730809145812967,-0.0563393865871691,0.0307591979373231,0.0361246737703392
data/sensor_images/image_20.png,surface,0.0,0.0,1.532634040162652,5.528716659458871,3.4474436278492666,0.0,-1.8987315534307068,0.847669928687013,0.0,0.0,0.0,1.9925688829848909,0,0,0,0,0,0,-0.3627770877595294,-0.097742403075966,0.8255820040680986,0.0132606500092298,0.0252977805339308,-0.0609730836691977
data/sensor_images/image_21.png,surface,0.0,0.0,1.992162221714749,3.160454599732753,-15.340864024348392,0.0,1.1966267460316171,0.4401679268223088,0.0,0.0,0.0,0.713340426648104,0,0,0,0,0,0,0.3426112540767602,0.012580278636514,2.249349013583592,-0.0110945701591153,0.0043952276968818,-0.0520137400189444
data/sensor_images/image_22.png,surface,0.0,0.0,1.8660973226479924,-8.790560214142209,21.185537175811685,0.0,-1.2220225094566093,2.978944582614401,0.0,0.0,0.0,0.3911081497774082,0,0,0,0,0,0,0.1495467411911497,-1.0632740630201531,2.6352820803487456,-0.0186791876729392,-0.0172138245551168,-0.071347988859256
data/sensor_images/image_23.png,surface,0.0,0.0,1.944014649395048,4.607934287414322,-14.29630426314151,0.0,1.0062322724530193,3.582318623832433,0.0,0.0,0.0,-0.8681389108901723,0,0,0,0,0,0,-0.9452809927418364,0.1361230589439725,1.609436465702331,0.0350397171504561,2.0040289684317147e-05,0.0320968097064943
data/sensor_images/image_24.png,surface,0.0,0.0,1.6952928362766444,10.063366438974668,-21.62102376800628,0.0,4.795932734778538,0.7547351142628259,0.0,0.0,0.0,4.399935271549113,0,0,0,0,0,0,-1.123197135254174,0.0013868412994372,1.642910098629089,0.0016182626560198,-0.010534904756488,-0.0525172647493228
data/sensor_images/image_27.png,surface,0.0,0.0,2.735123366542374,-14.567759093296727,-19.906486510956206,0.0,-0.2624543084612448,1.5631259471117391,0.0,0.0,0.0,2.460373660969635,0,0,0,0,0,0,-0.6975519239112161,-1.7280697838710863,3.22717114356744,-0.109105310016225,0.0413338218401653,-0.0449957984762766
data/sensor_images/image_28.png,surface,0.0,0.0,2.3455162183992404,1.0670124402246512,-14.640161462915415,0.0,-1.1113934308842963,-2.051854370456256,0.0,0.0,0.0,-1.3508351990072365,0,0,0,0,0,0,-0.8049407732885577,0.6201736616499118,2.334153871229321,0.0308602732205042,0.0526277354014591,0.019933713071241
data/sensor_images/image_31.png,surface,0.0,0.0,1.2914302613007838,9.617358810352384,15.619160951564496,0.0,-0.1122216553815211,-3.686945137594048,0.0,0.0,0.0,0.2107122669846548,0,0,0,0,0,0,0.3864850813694845,0.4320001223351525,1.108821446305963,0.029616295247616,-0.0055850594474728,-0.074182408105833
data/sensor_images/image_32.png,surface,0.0,0.0,2.8982192263263293,-5.072286255721573,14.50147849950195,0.0,-1.612294514337218,4.020958763362844,0.0,0.0,0.0,-3.650716327644964,0,0,0,0,0,0,-0.6841477642513414,-1.9297376300921576,4.224017000914815,-0.1534499880666865,0.0190701980432841,0.0117906183546626
data/sensor_images/image_33.png,surface,0.0,0.0,1.598447027266678,5.677510874157259,-0.8863865367791307,0.0,2.2716559465535617,-0.9123096013705042,0.0,0.0,0.0,-3.083834612847569,0,0,0,0,0,0,0.4990465705225369,0.5193228862014163,1.039282815272879,0.0196264541259326,-0.0080260988554223,0.0477940327308706
data/sensor_images/image_35.png,surface,0.0,0.0,1.924353598158096,7.158975148139244,-9.883922597573832,0.0,2.382960811860528,-1.2429644476259385,0.0,0.0,0.0,-0.3306430186090034,0,0,0,0,0,0,0.0315589962301315,0.193918501369086,2.279518712420828,0.0154207667328799,-0.0068524545891124,0.0132395389459113
data/sensor_images/image_36.png,surface,0.0,0.0,0.8517235080053643,20.141457135809247,-5.425661827304776,0.0,3.710747935670523,2.528636515762788,0.0,0.0,0.0,-3.623794637223537,0,0,0,0,0,0,-0.8541467930607952,0.7190590250446502,0.8763613370630827,-0.0102171428300651,-0.0169117479981698,0.0460241886723002
data/sensor_images/image_38.png,surface,0.0,0.0,0.6457814961922697,9.021957188374923,-16.4404615773836,0.0,1.0690902067011363,3.653146185724142,0.0,0.0,0.0,3.663896186188463,0,0,0,0,0,0,0.075862409700405,0.3468635706446931,0.9406601900122324,-0.0356599089087684,0.053422045670452,-0.0632556230126991
data/sensor_images/image_39.png,surface,0.0,0.0,1.844907228729768,-19.25750783806152,9.333106134995296,0.0,-0.5161833179727916,-1.916592667173421,0.0,0.0,0.0,-1.4636921135293024,0,0,0,0,0,0,-0.0076345100832257,0.5786296152158176,2.7821271440389506,0.0253857292458616,0.0109797104276117,0.0248364286809463
data/sensor_images/image_40.png,surface,0.0,0.0,1.8815944605453303,23.848879580363647,4.267325170818994,0.0,-3.963308216776317,-2.5766988620996867,0.0,0.0,0.0,-3.9580721159634136,0,0,0,0,0,0,-0.4831701213028499,1.2287973225286954,1.9269069840050737,0.0085825733372143,0.0272194946311231,0.0355001604547912
data/sensor_images/image_41.png,surface,0.0,0.0,1.0046211260061406,-8.366717420133655,-22.62388258171364,0.0,-0.6041729646029999,-1.161989979941192,0.0,0.0,0.0,0.526675848105973,0,0,0,0,0,0,-0.3894046098739069,0.1686444004174369,1.8183976881313864,-0.0132453014976754,0.0092483358213766,-0.0782295850893706
data/sensor_images/image_43.png,surface,0.0,0.0,2.7404420406256333,5.47876149716654,22.16842269215343,0.0,-3.449466044546556,3.425041819473176,0.0,0.0,0.0,-0.5210942827455787,0,0,0,0,0,0,-3.120829766540448,-2.025589149004291,7.720155639481042,-0.1290660819629771,0.0572110652670637,-0.0110272134293081
data/sensor_images/image_44.png,surface,0.0,0.0,2.947669998893794,7.53981415583764,-16.840267397158858,0.0,-0.7879246843572147,1.9463688623075817,0.0,0.0,0.0,0.2326594810276319,0,0,0,0,0,0,-0.7036794541380322,-1.938918653145008,6.10220589010314,-0.1094476783465325,0.0946803258305618,-0.0532361611679558
data/sensor_images/image_46.png,surface,0.0,0.0,1.2743122670372693,-11.65328488423006,-14.48659779483511,0.0,3.7031481225038494,1.2268487075693664,0.0,0.0,0.0,-3.358651630522109,0,0,0,0,0,0,-0.5701107865076853,-0.1647262629822533,1.351338183678632,-0.0049865636337258,0.0127490281228993,0.0367284823537136
data/sensor_images/image_47.png,surface,0.0,0.0,2.812059533566282,17.810524789155284,-2.0723590748174803,0.0,1.8905501925387969,4.152221127776783,0.0,0.0,0.0,2.2025301006015585,0,0,0,0,0,0,-0.2321778362655819,-1.4192756105259865,4.65851385674513,-0.0647613619298838,0.0202330810502685,-0.0716434404205066
data/sensor_images/image_48.png,surface,0.0,0.0,0.6262635175754698,-12.48477293380077,-12.53756208744117,0.0,2.168560085680263,4.188371558729936,0.0,0.0,0.0,4.44424395126598,0,0,0,0,0,0,-0.6330379699633317,-0.4554536780442427,1.100056271236359,-0.0026749944157689,-0.0042582437139925,-0.0677968653451982
data/sensor_images/image_49.png,surface,0.0,0.0,1.1800629839599048,15.879354827627347,-7.489309051833275,0.0,2.9225085180533297,1.1357692475410288,0.0,0.0,0.0,1.50075494687278,0,0,0,0,0,0,-0.3527236643647337,0.3682642828033164,0.9171859768942378,-0.0089005676836949,0.0282131485063374,-0.0556221117444374
data/sensor_images/image_50.png,surface,0.0,0.0,1.8334713858345224,10.766135244726788,-4.5139999890794416,0.0,0.0174024846692926,1.6214110137101905,0.0,0.0,0.0,-3.4882039692084508,0,0,0,0,0,0,-0.9405072680267276,-0.2563261845884804,1.5658317752358977,-0.0199605052898999,-0.0036448867126356,0.0393089244335194
data/sensor_images/image_52.png,surface,0.0,0.0,1.070141051393727,0.3215912959246395,-24.691346440637936,0.0,-2.267966640388716,4.076141937353732,0.0,0.0,0.0,-1.8051579994552969,0,0,0,0,0,0,-0.8738917591299971,0.2293314816642379,1.414574267991334,0.0097239101235444,0.0179543779713691,0.0326021017664533
data/sensor_images/image_53.png,surface,0.0,0.0,1.2508604695340986,-7.5921319108526175,-19.77414636142338,0.0,-3.0082726657936973,-3.3957581420077583,0.0,0.0,0.0,3.518034173286756,0,0,0,0,0,0,-1.2668104912082594,-0.3088416830258583,0.9796272814083888,0.0115250737214105,0.0105957658905467,-0.0822925187914698
data/sensor_images/image_54.png,surface,0.0,0.0,0.9863460730722368,-2.039548582450492,-13.98767617314523,0.0,-0.2482361828509673,3.529176207373276,0.0,0.0,0.0,2.8848486040497185,0,0,0,0,0,0,-0.4954006501419274,-0.0605509926192324,0.5671455721007743,-0.0056314022999743,0.0228229115616115,-0.0768876481115621
data/sensor_images/image_55.png,surface,0.0,0.0,1.6076551358217372,2.645879283725304,1.31089725791073,0.0,-1.5943342782167171,0.7711901730976675,0.0,0.0,0.0,-3.036385919596587,0,0,0,0,0,0,-0.1351264418479472,-0.1152588656930638,1.2887340132827376,0.0114943729736235,0.0539077203980015,0.0136127147438294
data/sensor_images/image_56.png,surface,0.0,0.0,1.7608651241658997,-8.685467334555172,-8.637583485075668,0.0,2.660116422963988,3.626554608690337,0.0,0.0,0.0,0.6022455444614305,0,0,0,0,0,0,-0.2014513236602213,-0.2986643907686066,1.7802801586538295,-0.0196826804871957,0.0055078852143656,-0.074995280239922
data/sensor_images/image_57.png,surface,0.0,0.0,2.7480674267517404,23.920740728444905,-1.558677241267472,0.0,0.9370041844647202,1.2967373776265778,0.0,0.0,0.0,0.363047047594768,0,0,0,0,0,0,0.0815494762223758,-2.186330334068792,6.147300556114012,-0.0451171344761513,0.0197959341443927,-0.0744992413831772
data/sensor_images/image_58.png,surface,0.0,0.0,2.4268859510946488,-2.622005677419105,-0.3086964535728538,0.0,0.2987182817273974,-1.3489133872764043,0.0,0.0,0.0,-2.6989936364401137,0,0,0,0,0,0,0.0494274135513446,1.2651713687683033,2.086260672373743,0.0835094252553213,0.0169874646928106,0.025675388806888
data/sensor_images/image_59.png,surface,0.0,0.0,2.288362626509904,-1.7127288233971123,-10.558861959200389,0.0,2.795959385702877,-3.62307000462307,0.0,0.0,0.0,-1.3527048401300767,0,0,0,0,0,0,0.016241052275997,1.1343611386952344,2.384993011714344,0.0554627262225192,0.0081074132859981,0.0245099976928564
data/sensor_images/image_60.png,surface,0.0,0.0,1.9316743953932505,-7.160528481326459,-22.196717636138647,0.0,2.35366002238462,-2.848496495578623,0.0,0.0,0.0,-2.075937277139185,0,0,0,0,0,0,0.4315001546443254,0.4863252074482178,2.282508275436502,-0.0123109226636875,0.0328526597195091,0.0278885823213798
data/sensor_images/image_61.png,surface,0.0,0.0,1.3214505064214022,-10.223141847729211,19.686657652490084,0.0,4.941897566066227,0.3494284315568136,0.0,0.0,0.0,-1.737668006048596,0,0,0,0,0,0,0.5088595437552133,-0.3939647125360124,1.6436012175416312,-0.0066197003617362,0.0008541148742077,0.0282405958383722
data/sensor_images/image_62.png,surface,0.0,0.0,0.6751923507708006,9.919962648598156,-9.87158826477738,0.0,-4.458970971554876,1.767280563943076,0.0,0.0,0.0,-0.4966653644536318,0,0,0,0,0,0,-0.7529958223863503,0.0248778596795942,0.8239039861351538,0.0145100730233513,0.0050801756765123,0.0229309169371941
data/sensor_images/image_63.png,surface,0.0,0.0,1.147019012517957,0.7733454840815369,-15.574747342859231,0.0,-0.9185641551710384,-1.861429597008846,0.0,0.0,0.0,-1.1221594547976013,0,0,0,0,0,0,-0.907498067894162,0.7073373152050183,0.9076120881694572,-0.0278980789129788,0.035394382207358,0.0358473664986886
data/sensor_images/image_64.png,surface,0.0,0.0,0.9867181475603938,22.56806152163415,-0.3230158706398976,0.0,-1.3277478194426375,-3.3308541539839545,0.0,0.0,0.0,-4.145680398000824,0,0,0,0,0,0,-0.7385361389308708,0.8499129046178846,1.168635530474205,0.0027014026204709,0.0013806248962568,0.021063145185875
data/sensor_images/image_65.png,surface,0.0,0.0,1.0697431969491762,-11.133398908451497,-19.01676156535116,0.0,0.0965944788955368,-1.8477312996275648,0.0,0.0,0.0,1.2281217942023588,0,0,0,0,0,0,-1.0567237215219984,-0.1600724187537816,1.5397463196542251,-0.0119726375957742,0.0115801044422119,-0.0984340424562949
data/sensor_images/image_66.png,surface,0.0,0.0,1.0669372029492,0.6690061350145106,-12.572355353575798,0.0,-3.812617993277356,1.2717033734410472,0.0,0.0,0.0,-0.6943986666789463,0,0,0,0,0,0,-0.7218691741913434,0.0982503771153265,1.1593796462311323,0.000231278410171,0.0247461130203655,0.003112152141038
data/sensor_images/image_67.png,surface,0.0,0.0,1.5763667038648614,-1.4569306193946274,-2.963489696479923,0.0,-0.6041667097128929,-1.9209236009690265,0.0,0.0,0.0,1.857141596732502,0,0,0,0,0,0,-0.5791249078743514,0.2677212859791394,1.615420950024384,0.0250691141641227,0.0249488036146293,-0.084786577565962
data/sensor_images/image_68.png,surface,0.0,0.0,1.451787199169796,-9.90160270772242,-3.78282945571147,0.0,4.538021023587616,-1.2423570566563074,0.0,0.0,0.0,4.264044851049725,0,0,0,0,0,0,0.0147101723349122,-0.2313919712003963,1.3310491641087892,0.0044631859029872,-0.0125926937959602,-0.0802046378070037
data/sensor_images/image_69.png,surface,0.0,0.0,1.3426169066122495,14.876004594723804,-4.390852914752578,0.0,-2.4418959645638894,2.985513839961748,0.0,0.0,0.0,-3.320056009096662,0,0,0,0,0,0,-0.7939277028590266,0.3218512634243724,1.4099123888111644,0.0083463058601407,0.0221243577516674,0.0194586744753304
data/sensor_images/image_70.png,surface,0.0,0.0,2.70309392872103,-9.490369348284146,-1.882848211641796,0.0,-3.25667789873087,-0.6292373276604197,0.0,0.0,0.0,-3.84023665972724,0,0,0,0,0,0,-1.6154332293904778,0.2054457899247831,3.79405302487646,0.0150244162107981,0.1149291777873358,0.0069004497928655
data/sensor_images/image_71.png,surface,0.0,0.0,1.006843536437912,-1.8500292121142368,5.083787162851722,0.0,-1.1472035594339531,3.6211298853421,0.0,0.0,0.0,2.1145365849066167,0,0,0,0,0,0,-0.4173837790922398,0.363608811027698,1.2707632803810969,-0.0028327304399573,0.0268808835587203,-0.0774269698186382
data/sensor_images/image_72.png,surface,0.0,0.0,0.9091341804843318,-3.2905721269700527,7.361831095287052,0.0,-2.253673237002689,0.8235157360542716,0.0,0.0,0.0,1.0048150560748157,0,0,0,0,0,0,0.0215152886231071,0.1813332845663692,0.708082351607017,0.0091506477410876,0.022499485758921,-0.0684173289671071
data/sensor_images/image_74.png,surface,0.0,0.0,2.8121503886897705,21.015336981789087,8.344855186795476,0.0,-0.6459117893774592,-3.02721321293725,0.0,0.0,0.0,-0.083142608606562,0,0,0,0,0,0,-0.5630940780334742,1.4398329220353387,3.1598859825578685,0.141475340371411,0.0302710262358415,-0.0523330907994971
data/sensor_images/image_76.png,surface,0.0,0.0,1.9306699626326025,1.8177935350687875,12.698309309499818,0.0,-3.631142645916377,-1.9374616770889272,0.0,0.0,0.0,2.398667270627537,0,0,0,0,0,0,-0.394031504726606,0.4450259271621724,1.414403278606661,0.0291980956332699,0.0297892883223441,-0.0697502175428501
data/sensor_images/image_77.png,surface,0.0,0.0,1.4342945483417833,18.25602202961699,-4.552912651708209,0.0,0.6178751364328502,-0.3859305452089232,0.0,0.0,0.0,1.987632739802692,0,0,0,0,0,0,-0.6990578713641534,0.8340110577088291,0.9462345019186792,0.0160464588012097,0.0341101689162035,-0.0888257663039192
data/sensor_images/image_79.png,surface,0.0,0.0,2.106415846800948,10.707719311634328,-19.54013442691633,0.0,-2.939053867906687,2.712662024430113,0.0,0.0,0.0,0.2330073535558838,0,0,0,0,0,0,-1.9068693731393984,0.0907185519848279,2.297715207635635,0.0104610261173972,0.0508280168974835,0.0351917684122066
data/sensor_images/image_80.png,surface,0.0,0.0,2.600192574442121,8.20324627935722,14.78312512737499,0.0,-2.374902287623061,-1.7127638991819187,0.0,0.0,0.0,-3.421787853731151,0,0,0,0,0,0,-1.3110467527183567,1.4610310361083356,3.115149518956534,0.0672338483054808,0.0863880235908899,0.0572887411888217
data/sensor_images/image_82.png,surface,0.0,0.0,1.3181017788484646,7.748888786279817,-3.6531943547346657,0.0,-0.4135763521828476,0.994893365584582,0.0,0.0,0.0,3.1349368684469017,0,0,0,0,0,0,-0.3408745628529311,0.3415128167510103,0.7664868707067183,-0.0228385168193196,0.0534977332064087,-0.0767935871853274
data/sensor_images/image_83.png,surface,0.0,0.0,0.9526998092671368,17.399603653674337,-14.795207817414871,0.0,0.8043996663430206,-0.3750447871604718,0.0,0.0,0.0,1.5230817357627853,0,0,0,0,0,0,-1.379509238579368,0.5731316780992834,0.9569408047031313,-0.0001404476544097,0.016789992196094,-0.0760911797124441
data/sensor_images/image_84.png,surface,0.0,0.0,2.0170425535970526,9.530776068331315,10.114979171110464,0.0,0.0085305657277499,-4.503187587352649,0.0,0.0,0.0,3.165012440586328,0,0,0,0,0,0,0.6008567965722625,1.1350241409724693,1.5801544629508997,0.0515194212731901,0.0431985176280895,-0.0851567796543889
data/sensor_images/image_86.png,surface,0.0,0.0,2.6395178807665727,17.85121904986349,0.7289622582205922,0.0,4.260389618678428,-1.0342078486221613,0.0,0.0,0.0,2.115074780945739,0,0,0,0,0,0,0.5968076150954894,1.1539085123882746,2.3436218739871544,0.0592005022276108,-0.0063805203384014,-0.0986338033885448
data/sensor_images/image_87.png,surface,0.0,0.0,0.5694737199498614,0.1449037074121207,7.426726675640175,0.0,1.5448048027670154,-1.4629559138202302,0.0,0.0,0.0,-4.762675599994442,0,0,0,0,0,0,0.1928627535867904,0.2838965637193393,0.4633434170175168,-0.0084984244718194,0.0308291609457907,0.0469890871546196
data/sensor_images/image_88.png,surface,0.0,0.0,2.613249605821429,2.387946232290877,5.833474878733976,0.0,3.2225742203532493,-3.663425168803295,0.0,0.0,0.0,3.793040280240543,0,0,0,0,0,0,0.9084239456150748,1.0233590535903885,2.472875379592405,0.0982249257900077,-0.0166425859668935,-0.0886396428826248
data/sensor_images/image_89.png,surface,0.0,0.0,1.0481165546679143,-13.177349026963078,16.537174152267678,0.0,0.745934131810815,-0.6301031196759967,0.0,0.0,0.0,4.41745494605682,0,0,0,0,0,0,0.7215399674205026,-0.464420570724142,0.6619417451733767,0.0576456291776848,-0.01369346659659,-0.0901326731056779
data/sensor_images/image_91.png,surface,0.0,0.0,2.3263017571818625,-16.873582514534952,0.7058125471774087,0.0,0.0143220694532164,-3.847436636255927,0.0,0.0,0.0,-1.3607624481695946,0,0,0,0,0,0,-0.1244216583669606,1.0162335089607502,3.280237658926418,0.0021106363110787,0.0327533848618464,-0.0007420986425908
data/sensor_images/image_93.png,surface,0.0,0.0,1.5044494732315676,-3.356589109249769,16.051013673865757,0.0,-4.397633532802286,-0.082110027871798,0.0,0.0,0.0,-2.322122551997292,0,0,0,0,0,0,0.319031544482462,0.3486627797143324,1.1177470773271363,-0.0099710123003265,0.0384927297875351,0.0199286734351693
data/sensor_images/image_94.png,surface,0.0,0.0,1.748636897164253,-14.250939021478349,-15.473949330288857,0.0,-1.2062001027244893,-2.3931401479247985,0.0,0.0,0.0,4.009882703755542,0,0,0,0,0,0,-0.4747399039509112,0.2998774488748257,1.8295020287951635,-0.0177370855330725,0.0450256334551456,-0.1081924197348481
data/sensor_images/image_95.png,surface,0.0,0.0,0.5739316453207575,1.2459241001802872,12.66191101444505,0.0,-2.8011431921178307,-3.1716299298487707,0.0,0.0,0.0,0.6319454427743043,0,0,0,0,0,0,0.0747761593131689,-0.2011017231475428,1.0045127795938873,0.0298786076093885,0.0339601603949194,-0.0817632102648642
data/sensor_images/image_97.png,surface,0.0,0.0,1.153947119635139,-15.181505499417908,9.644931282077966,0.0,3.3044368981027787,1.0257789635826922,0.0,0.0,0.0,-3.622583727665383,0,0,0,0,0,0,0.4017219677382386,-0.2243068047362063,0.4389767665170247,-0.0324375768466967,0.020904911454901,0.0231652340866234
data/sensor_images/image_98.png,surface,0.0,0.0,1.4751726852758322,-8.12381996413133,-11.986956052201402,0.0,-0.6056560472353417,0.711596429733017,0.0,0.0,0.0,-4.789945921540101,0,0,0,0,0,0,-0.6153143631780946,0.0289339864428056,1.3271884211467213,-0.0248785295064394,0.0589561659701014,0.0380539637959777
data/sensor_images/image_99.png,surface,0.0,0.0,1.2522334257990764,2.927278149066097,-2.493896255878077,0.0,1.146683439885659,0.1723976122491864,0.0,0.0,0.0,3.723475084680356,0,0,0,0,0,0,-0.3725942595749927,0.1635211247088659,0.6045585303817511,-0.0100181810811596,0.0118398854388856,-0.0787572600400562
data/sensor_images/image_100.png,surface,0.0,0.0,0.8993495091252517,22.27391729498736,3.164172283578037,0.0,-3.274659331623569,1.9593412784765143,0.0,0.0,0.0,-1.240994976772983,0,0,0,0,0,0,-0.5135298395664732,0.7705760721350794,0.8338501344728599,-0.0085296128727445,0.0163300304420175,0.0255070392345559
data/sensor_images/image_102.png,surface,0.0,0.0,1.5731970858795548,20.677236746228512,-12.138953257383406,0.0,-4.455879748849803,1.828236565218729,0.0,0.0,0.0,1.5399465107770247,0,0,0,0,0,0,-1.1011371935779162,0.8417137797444899,1.027479544336404,-0.0110246843643387,0.0948381638895176,-0.0690064098406434
data/sensor_images/image_103.png,surface,0.0,0.0,2.094506780108296,3.3153782052316525,19.00251100858871,0.0,3.4727310606218325,-3.0613945577131263,0.0,0.0,0.0,-3.401021224671342,0,0,0,0,0,0,0.6691608311992305,0.5161660933474977,1.0203650134618631,0.0351955165364052,-0.0070749807442881,0.0090006895220263
data/sensor_images/image_104.png,surface,0.0,0.0,2.816902840492785,-20.362410446807903,3.413849012525548,0.0,3.4819524256560936,-0.9713013394750744,0.0,0.0,0.0,2.8187500517355533,0,0,0,0,0,0,1.5292498601916087,0.2780523661811209,4.731429238048488,-0.0067651539715866,-0.1417479573182659,-0.0585328736804725
data/sensor_images/image_105.png,surface,0.0,0.0,1.9311845371255831,11.4798255545265,-0.123126565662181,0.0,4.631695518467116,-0.0511245121073243,0.0,0.0,0.0,4.726313101212018,0,0,0,0,0,0,-0.2949571701098071,0.2725079476416484,1.2372369316484495,0.0137037815201372,-0.0061557191400508,-0.0821955427780138
data/sensor_images/image_106.png,surface,0.0,0.0,0.8174979126248045,-13.966498753240682,16.124053858592752,0.0,-0.3729284592805126,-3.6799060453543606,0.0,0.0,0.0,3.208485955370336,0,0,0,0,0,0,0.2155874895327448,-0.5492716101637297,0.6115621133531521,0.029877739951863,0.0030858569361933,-0.0929547749822948
data/sensor_images/image_108.png,surface,0.0,0.0,2.436660179934908,-12.990930338018853,6.8362475166981,0.0,-0.4052819547463377,-4.048127637220355,0.0,0.0,0.0,-4.200937675305745,0,0,0,0,0,0,-0.3846005439218152,1.9193704605461188,3.555779769196985,0.0855145991151629,0.0409268306998189,0.0183022923284082
data/sensor_images/image_110.png,surface,0.0,0.0,1.848484061753788,-15.659340830693278,7.286169896808737,0.0,-0.7730334974700722,0.6051898793686317,0.0,0.0,0.0,1.5055846572984342,0,0,0,0,0,0,-0.7606661713544596,-1.0120702444995675,1.811070068127803,-0.0155261688711648,0.0115075380401954,-0.1177749944257766
data/sensor_images/image_111.png,surface,0.0,0.0,1.5622150116735276,-17.054604932576968,14.791230544178076,0.0,-3.210142957016458,-1.4006010528211217,0.0,0.0,0.0,-1.8399146404662527,0,0,0,0,0,0,-0.2650930762530636,-0.5731373181316028,1.7617946928505936,0.013749092016125,0.0403797311028864,0.0144207791061818
data/sensor_images/image_113.png,surface,0.0,0.0,2.407304277019198,-4.721141820123044,-21.73251561297917,0.0,-3.524657728619176,-1.1413414525464272,0.0,0.0,0.0,1.9563515697068432,0,0,0,0,0,0,-1.2844052741181708,0.078111086160365,2.236186999690645,-0.027467771114162,0.111995364442644,-0.1156604523740642
data/sensor_images/image_115.png,surface,0.0,0.0,2.117639729785149,-14.066206053867296,16.7595785574082,0.0,0.4947411956533031,-1.0661965857353306,0.0,0.0,0.0,3.7367275808521256,0,0,0,0,0,0,0.448962792832088,0.3799397695802369,1.993281897183952,0.0664228604964472,-0.0168597482923603,-0.0817235523034947
data/sensor_images/image_116.png,surface,0.0,0.0,1.6391012263846427,-5.146774479123795,1.5413249228165171,0.0,0.6817779414943987,4.377416204849672,0.0,0.0,0.0,3.619557911449213,0,0,0,0,0,0,-0.6546953617868367,-0.5057767091510236,1.3713417407468207,-0.0223058093601577,0.0057488688264212,-0.0937353151344445
data/sensor_images/image_118.png,surface,0.0,0.0,1.246109621069051,12.09983327282721,13.098951455152177,0.0,4.42985316355825,2.1738546173532165,0.0,0.0,0.0,-4.775011244469372,0,0,0,0,0,0,-0.1572170033572602,0.8057235805266568,0.1610162588133496,-0.0308504369158655,0.0150117621990944,0.0273538847108217
data/sensor_images/image_119.png,surface,0.0,0.0,1.1643114763805904,-2.3036167429499925,-4.117845169711632,0.0,-3.61626404621729,-0.0022780239360269,0.0,0.0,0.0,1.2810217557987489,0,0,0,0,0,0,-0.6651940790109225,0.1323234118103723,0.5254645740365733,-0.0056411974406118,0.0337181975280637,-0.0925437246286158
data/sensor_images/image_120.png,surface,0.0,0.0,2.62242849205503,-13.10022052570423,-1.9192696779607896,0.0,1.2971599486927468,-0.737193419014409,0.0,0.0,0.0,3.18427650408206,0,0,0,0,0,0,1.126090336920654,0.7370944700310909,3.575777894946679,0.0225364466277898,-0.0472234855360324,-0.110429461759268
data/sensor_images/image_121.png,surface,0.0,0.0,2.6484355560344968,11.777471072042191,11.520375745546309,0.0,-1.0947821394030364,-2.719243743870262,0.0,0.0,0.0,3.4258498901993093,0,0,0,0,0,0,-0.5207291263694268,1.2727293272930986,2.1479088179497245,0.1137615267438653,0.0319721244488452,-0.0703233576839308
data/sensor_images/image_123.png,surface,0.0,0.0,2.299015867162132,-2.8240394200371264,-12.791291055775371,0.0,2.4019481401618714,-3.0237248891240647,0.0,0.0,0.0,-3.31743495161097,0,0,0,0,0,0,-0.5064846213050002,1.2258883195562715,2.0255433078765845,0.0551046346919925,0.0117770996503167,0.0237084621786321
data/sensor_images/image_124.png,surface,0.0,0.0,1.3248052842478284,-5.47733550310775,12.204476381114532,0.0,-2.3923414232796407,1.5711598643714306,0.0,0.0,0.0,-2.2374254427190854,0,0,0,0,0,0,-0.0424589592191186,0.1135029129174235,1.1496569902628784,-0.0363117214352238,0.030448518317577,0.0035813337190174
data/sensor_images/image_125.png,surface,0.0,0.0,2.798368359242793,23.103485481895813,-0.3758042035456823,0.0,2.396560376632412,-0.0564372487565449,0.0,0.0,0.0,-0.7921134320453405,0,0,0,0,0,0,0.23841507088205,0.9185312796828112,3.171014570946573,0.0491699176323613,-0.0460275573027143,-0.0071546556650414
data/sensor_images/image_126.png,surface,0.0,0.0,1.1053003829326633,-12.917781405371477,11.437474583301835,0.0,4.2176056421784685,-0.9292937535163516,0.0,0.0,0.0,-3.789548385310223,0,0,0,0,0,0,0.6467453312367045,-0.1530488228844053,1.0168769501787465,-0.0036200373336731,0.0208177443145407,0.0057004900263033
data/sensor_images/image_127.png,surface,0.0,0.0,1.338507847624523,10.449266750307014,0.0474892764022436,0.0,-1.3734963232397088,4.756763899467482,0.0,0.0,0.0,1.7378110512000635,0,0,0,0,0,0,-0.38369355985656,0.3795829645498724,0.3072131585484018,-0.002728767462752,0.0559957526462364,-0.0762910264554382
data/sensor_images/image_128.png,surface,0.0,0.0,2.368340236242428,-12.951031455689243,-5.333982937585022,0.0,0.7792361363539887,-4.277809250149317,0.0,0.0,0.0,3.7628032384370673,0,0,0,0,0,0,-0.7565560496742163,1.075781984701667,2.318327730235174,0.0570319648333863,0.0267434923177388,-0.1051882140004018
data/sensor_images/image_130.png,surface,0.0,0.0,2.2700976170389,5.031217506577937,1.5942717363244294,0.0,0.7167313505113976,0.7329019094061343,0.0,0.0,0.0,-3.136111541360611,0,0,0,0,0,0,0.0407154085216367,-0.2440893667510229,1.750392356242986,-0.0485391149846072,-0.0100961283526966,0.0251290323665655
data/sensor_images/image_131.png,surface,0.0,0.0,2.186697059191677,-13.279429486282917,-2.810771964490288,0.0,-1.8844062040180367,4.610219249209762,0.0,0.0,0.0,2.0052359858248456,0,0,0,0,0,0,-0.0038576274112687,-0.7139469986065221,2.0480376458196,-0.0453040844747169,0.0413569872036137,-0.0956538666640589
data/sensor_images/image_133.png,surface,0.0,0.0,2.281923297059931,16.950160727151502,10.913461193670786,0.0,-3.3208474741031364,1.3800419743971997,0.0,0.0,0.0,-1.0533906473493984,0,0,0,0,0,0,-0.8302165439417521,0.2745527762256788,2.392430925734736,-0.003170328873537,0.0480988087246362,0.0410845295523678
data/sensor_images/image_134.png,surface,0.0,0.0,2.75731176059219,12.351571255701456,1.7448245144279493,0.0,2.2320503536374483,-1.0376251414090234,0.0,0.0,0.0,0.9265401446819528,0,0,0,0,0,0,0.993958865686622,1.3520211259288106,2.635173802604942,0.0761669328336719,-0.0388048788719408,-0.0880679939462151
data/sensor_images/image_135.png,surface,0.0,0.0,2.5098530518889985,12.442163599576666,-3.2879615514140386,0.0,-2.750499615539189,2.547798109363629,0.0,0.0,0.0,4.794107414888938,0,0,0,0,0,0,-1.3239411373697805,-0.300023151320722,2.56878902521419,-0.0457746967302401,0.0979109221140163,-0.0917736136769002
data/sensor_images/image_137.png,surface,0.0,0.0,0.831113755167858,9.501880356264389,7.567176545098522,0.0,0.4577821609373344,-0.2334074049146009,0.0,0.0,0.0,-1.6039497712438489,0,0,0,0,0,0,0.0993799936854897,0.7385966469545043,-0.0696806968340028,-0.0118638416627202,0.0336900512669893,0.0245538552227249
data/sensor_images/image_138.png,surface,0.0,0.0,2.7308480837053173,13.195348709359305,0.2838764281088022,0.0,0.9180996241916028,3.753474734576149,0.0,0.0,0.0,-1.0752351543046856,0,0,0,0,0,0,-0.4874340986420468,-0.4638077711848912,2.929717346971467,-0.0770716052654385,0.0109291272145158,0.0373438815038042
data/sensor_images/image_140.png,surface,0.0,0.0,1.5196938231273778,19.673579746789304,-0.455621620325408,0.0,3.3588223528664027,0.6091449019634678,0.0,0.0,0.0,1.8157507560267383,0,0,0,0,0,0,-0.3320311233609309,0.8707064176364598,0.7940687217820536,-0.004096198166774,0.0556601894126427,-0.0730515407022287
data/sensor_images/image_142.png,surface,0.0,0.0,1.0338690642188997,22.8125073568916,-1.7140248175340658,0.0,2.824938217842884,1.822404323422273,0.0,0.0,0.0,3.384704666026794,0,0,0,0,0,0,-0.6074078986883276,0.398964940294471,0.748516069593886,0.001799297029385,0.0559522113535167,-0.0875736178039761
data/sensor_images/image_144.png,surface,0.0,0.0,2.338763857609946,-0.122216932449152,-24.588065652884108,0.0,-0.0448181894509922,3.384424031267737,0.0,0.0,0.0,0.2081203628839931,0,0,0,0,0,0,-1.270976139576733,-0.4876812771918101,2.8134543213534893,-0.0649502249843628,0.0894519097609397,0.0301198643857606
data/sensor_images/image_145.png,surface,0.0,0.0,1.9086859551676625,7.067182331554399,-15.72072951780121,0.0,2.796930816583174,-0.1502436745923012,0.0,0.0,0.0,-4.546181467007955,0,0,0,0,0,0,-1.105300255379147,0.3637232740540108,1.2534574428381369,0.0085414648083566,0.0183211256611324,-0.006150027761699
data/sensor_images/image_146.png,surface,0.0,0.0,2.405697138009552,16.872977249943084,-14.593708187659646,0.0,0.4933959016010037,-1.9511333799123565,0.0,0.0,0.0,-2.3459794011334045,0,0,0,0,0,0,-0.6913912189632873,1.369671864801805,2.073454474535521,0.0727110882749749,0.0512638688305627,0.0199240761155626
data/sensor_images/image_147.png,surface,0.0,0.0,2.4049115051049403,23.371316626805687,-3.057019943915281,0.0,0.7675712150185383,3.720400436392586,0.0,0.0,0.0,4.47596093826048,0,0,0,0,0,0,-0.8356047622086495,-0.4278420011397731,2.517678481036528,-0.0236772836715811,0.0439177085713629,-0.0770998095300956
data/sensor_images/image_148.png,surface,0.0,0.0,2.383948496227392,-8.857526093763742,-0.7244017883227845,0.0,-4.673526355045293,-0.3311103003725975,0.0,0.0,0.0,-1.8752027153430089,0,0,0,0,0,0,-1.1151400099039868,0.1343185992370679,2.743699061428861,-0.0231123547622356,0.1003555790594274,-0.0055250952198611
data/sensor_images/image_149.png,surface,0.0,0.0,0.8604715466312208,-11.100002950631367,13.973717164532372,0.0,-2.086272083256444,-4.322689800037361,0.0,0.0,0.0,-4.017252017138819,0,0,0,0,0,0,0.816449909070792,0.2573987964904612,0.5243741020788965,0.0027442912554712,0.0488058813309331,-0.0137177782562021
data/sensor_images/image_150.png,surface,0.0,0.0,2.1255036278719373,16.218640402438677,5.961309159377699,0.0,0.431325226848179,-0.5303307932379726,0.0,0.0,0.0,0.0400144586602966,0,0,0,0,0,0,-0.1102199634645622,0.790223040535268,1.9693395055138656,0.0580774674441872,0.0233155426015539,-0.0765041014312598
data/sensor_images/image_151.png,surface,0.0,0.0,1.700449812670896,-4.622940338953864,10.846453446070576,0.0,1.0371913968143187,-1.2817022192458074,0.0,0.0,0.0,-3.6388705260184073,0,0,0,0,0,0,0.98036326801895,0.3959286535478319,1.005385698813555,0.0285134889431906,0.0268974809082815,0.0060465311067308
data/sensor_images/image_152.png,surface,0.0,0.0,0.6552273808120512,10.567445406260443,-0.1416846980844588,0.0,-2.747251128927956,-0.1009939699723789,0.0,0.0,0.0,3.087167318124622,0,0,0,0,0,0,-0.8242315758305439,0.086656833906755,0.2238211632899135,0.0061386622992377,0.0571963287512173,-0.0946999833790245
data/sensor_images/image_153.png,surface,0.0,0.0,2.5876344562796096,13.488399383985897,-11.435702655329193,0.0,2.2420393155723963,1.0690135254971844,0.0,0.0,0.0,-3.512290962163332,0,0,0,0,0,0,-0.0778064714183142,-0.3688528678512709,2.632005618353939,-0.0349160862903774,0.0084812135283508,0.0039612840497222
data/sensor_images/image_154.png,surface,0.0,0.0,1.0492879366306078,6.822825196480293,8.619052585354238,0.0,3.3815901177813767,-0.5692829140441087,0.0,0.0,0.0,1.490798580492008,0,0,0,0,0,0,-0.1050817281694097,0.1714756641029645,0.3890939327977087,0.0205009805178889,0.0340546132054324,-0.0905966468782486
data/sensor_images/image_155.png,surface,0.0,0.0,0.5323506931573978,16.91601876496691,6.473909764698513,0.0,-2.043760585860689,1.399298918421402,0.0,0.0,0.0,1.4108795397226404,0,0,0,0,0,0,-0.4316243059543486,0.3277437091311544,0.2835069548319497,0.0158285018832672,0.0598025947494308,-0.0777650564698078
data/sensor_images/image_157.png,surface,0.0,0.0,0.9302632805859994,1.1490967658042606,1.4432649144144376,0.0,-2.5092084357708315,0.1295805022247134,0.0,0.0,0.0,3.397495371620087,0,0,0,0,0,0,-0.4830837541767794,0.2083668518742973,0.6348859985870398,-0.0031671068801176,0.033683664597721,-0.0824141579337886
data/sensor_images/image_158.png,surface,0.0,0.0,0.6542666820772669,-9.055796148370014,-14.79510156569335,0.0,-4.841142828499266,-0.9942247854421156,0.0,0.0,0.0,-4.093670484966218,0,0,0,0,0,0,-1.1403382219199143,-0.013094833555436,0.6114585281557033,0.0040596417385856,0.0338658525445391,0.0011749875687181
data/sensor_images/image_159.png,surface,0.0,0.0,2.834427341824371,-0.3337245785743533,-2.4392470608614816,0.0,-2.252333746187828,-1.4473112254088476,0.0,0.0,0.0,2.182568001271017,0,0,0,0,0,0,-1.82519869583186,1.368367159672806,3.291387400017326,0.0756414426767863,0.1477371121645016,-0.1183635988732975
data/sensor_images/image_160.png,surface,0.0,0.0,0.8711964969768469,22.578962745670143,1.8364097350940445,0.0,-3.238800091321816,-2.0614744261553883,0.0,0.0,0.0,3.015933562242344,0,0,0,0,0,0,-0.2880302501335316,0.7922705701043726,0.4560397785200845,0.0157488219968887,0.0873423077313086,-0.0917646268025552
data/sensor_images/image_161.png,surface,0.0,0.0,1.8001233290981098,17.177205765416126,-12.696691912573687,0.0,-3.129696755899104,-1.8661113846705235,0.0,0.0,0.0,-4.836630666251576,0,0,0,0,0,0,-1.10795314703165,1.0517612080852194,1.5842388368443054,0.0118641539372673,0.0653690849119969,0.0169974827426874
data/sensor_images/image_162.png,surface,0.0,0.0,1.418248228771679,10.669398431407105,3.950154976961599,0.0,3.3656222273344687,2.262968172334162,0.0,0.0,0.0,-4.026384034427312,0,0,0,0,0,0,0.1462835795267003,0.3269328898876692,0.6802171895892857,-0.0109070921849704,0.041725807654455,0.0203715294530544
data/sensor_images/image_165.png,surface,0.0,0.0,1.3761759666387283,5.1408357117795696,-21.58185506586633,0.0,-3.1773185888128843,-1.0654381318814512,0.0,0.0,0.0,-0.4083761079580581,0,0,0,0,0,0,-0.9912414581652212,0.8477591942298479,1.5638407826516478,-0.0178676004722138,0.0619027764074269,0.0122536922311904
data/sensor_images/image_166.png,surface,0.0,0.0,1.733594217446547,-11.98054288690848,3.163749314746385,0.0,-3.188024222567796,3.406177219539865,0.0,0.0,0.0,-1.7989232254965302,0,0,0,0,0,0,-0.347145127474342,-0.3672005701027145,1.9296711598043548,-0.0484409260743673,0.0703081276127042,-0.0056324388376866
data/sensor_images/image_167.png,surface,0.0,0.0,2.2668364362515083,15.156478431331225,5.964876692855504,0.0,-4.484730629247157,1.8114094764659256,0.0,0.0,0.0,-0.1482646757007275,0,0,0,0,0,0,-1.0335553595119642,0.5817240715448739,1.6431758189461894,-0.0226006808032778,0.0669442771713091,0.0230368608326417
data/sensor_images/image_169.png,surface,0.0,0.0,1.7964281751216211,-9.765433188018514,20.265514161002937,0.0,-1.140081472027078,-2.6380753733539626,0.0,0.0,0.0,1.6877662398214426,0,0,0,0,0,0,0.4458199720550396,0.3943564448632946,1.4965071012365594,0.0533543985906652,0.035951303611032,-0.1146355867414771
data/sensor_images/image_170.png,surface,0.0,0.0,2.856882792524548,17.172975174439298,2.9449059182056803,0.0,-0.6194933447036286,-3.010427340709554,0.0,0.0,0.0,-1.0656698021538429,0,0,0,0,0,0,-0.4273620846792524,1.940784880900808,3.276914025695516,0.0933608979557815,0.0548984736853556,0.016489118323572
data/sensor_images/image_171.png,surface,0.0,0.0,1.818627433537015,13.44743488095152,16.678314246983497,0.0,1.2830200625183137,-4.065276567900251,0.0,0.0,0.0,0.0474081850365495,0,0,0,0,0,0,0.3894837232756707,0.3169690224412657,1.2105614235917712,0.0544823207333386,0.0634151634062043,-0.0940668037495111
data/sensor_images/image_172.png,surface,0.0,0.0,1.9842057939569628,20.92796177283132,-11.785049597556602,0.0,-4.133145949247366,1.398273559153231,0.0,0.0,0.0,-4.382141090497113,0,0,0,0,0,0,-1.19351485301018,0.7728365874831882,1.7641264046459972,0.0104214910631384,0.068724219301695,0.0265380438309657
data/sensor_images/image_173.png,surface,0.0,0.0,0.8476675728726286,16.940663130199486,1.4130666572592674,0.0,3.61077415193919,2.1025337675653337,0.0,0.0,0.0,-4.990823988505648,0,0,0,0,0,0,-0.4873230616888184,0.6048950548458722,0.5071111696247521,-0.0125347453644465,0.0338987942452583,0.0407830071494971
data/sensor_images/image_174.png,surface,0.0,0.0,1.927064493492932,21.681876271407194,-12.74320195143639,0.0,3.006182004326125,3.5333801937386204,0.0,0.0,0.0,-1.073131229482537,0,0,0,0,0,0,-0.8098191824841727,0.8071080251895235,1.897053909979724,0.0079680636893196,0.0288474824453536,0.0256939206494973
data/sensor_images/image_175.png,surface,0.0,0.0,1.1514050440808172,-6.374100518530788,-9.55501376464169,0.0,-0.3426104790447151,-4.163260489480676,0.0,0.0,0.0,2.808549594107382,0,0,0,0,0,0,-1.099765359847806,-0.1516030736997067,0.2639887121557842,0.0021839436942716,0.0268618390401928,-0.109238751525276
data/sensor_images/image_177.png,surface,0.0,0.0,1.5846941404140074,-20.59313346241996,-10.515326438071448,0.0,-4.645830226935195,1.392615931411241,0.0,0.0,0.0,4.139396637537484,0,0,0,0,0,0,-1.0566966513258558,-0.7734676984087361,1.7133538556000978,-0.0420229836944836,0.0262631399324743,-0.1089183745103721
data/sensor_images/image_178.png,surface,0.0,0.0,2.1343456697352017,-11.87020320821377,11.250432445883524,0.0,1.528213740983785,-0.0231702576414824,0.0,0.0,0.0,-0.5741649044567465,0,0,0,0,0,0,1.0129940669798918,-0.3584355148533906,2.1908102792957767,-0.0184718063243243,-0.0152351990454771,0.0172357155120778
data/sensor_images/image_179.png,surface,0.0,0.0,2.04332429904911,10.671116983350098,6.113732998957884,0.0,-2.3024933571322337,1.7175786716593648,0.0,0.0,0.0,-0.4121536321320063,0,0,0,0,0,0,-0.5006887269541717,0.2497464127000274,2.0035458552988983,-0.0080949068996375,0.0550266054882109,0.0150547858897311
data/sensor_images/image_180.png,surface,0.0,0.0,1.2656891228637386,-2.3995653909316617,-11.89028140110786,0.0,0.390927102156393,2.243840326732036,0.0,0.0,0.0,3.283837968282146,0,0,0,0,0,0,-0.6744684783116227,-0.4249876133572857,0.6971512785688871,-0.0435858535464497,0.0482506589376609,-0.1062397659095185
data/sensor_images/image_181.png,surface,0.0,0.0,0.5718790548434078,-0.0377920958755441,-17.718044430380708,0.0,-0.0985723951405542,2.5869419340150954,0.0,0.0,0.0,1.714981196498071,0,0,0,0,0,0,-0.7708796582695441,-0.1731528868666114,0.9478324905053692,-0.026891057298983,0.0444716998653702,-0.1045400889635103
data/sensor_images/image_182.png,surface,0.0,0.0,1.1101164503091907,4.797778649752984,-19.628143541038742,0.0,-0.2712539714910236,1.800310813934579,0.0,0.0,0.0,-0.9832725021679104,0,0,0,0,0,0,-1.6728121403126883,0.3227335017903641,0.7112817962977687,-0.0127513663055138,0.0427185247978369,0.0189552164008801
data/sensor_images/image_183.png,surface,0.0,0.0,1.6320776195929485,-1.8052832154886105,5.140394787018876,0.0,4.764674985825217,1.2853312915056856,0.0,0.0,0.0,-2.822425905567414,0,0,0,0,0,0,-0.2555460783265569,-0.0862774352049629,1.348082835211161,-0.0160376324773496,0.0250048502522394,0.0123903832586354
data/sensor_images/image_184.png,surface,0.0,0.0,2.7737885674806706,-7.502528674319588,-23.77542373589229,0.0,1.5960722031433705,-0.0105867373009123,0.0,0.0,0.0,2.8359622478696345,0,0,0,0,0,0,1.4119414709709028,0.175787887131686,6.090417724080129,-0.0815352150485041,-0.0221217099543045,-0.1029137401465643
data/sensor_images/image_185.png,surface,0.0,0.0,2.025907122567212,-2.588891208758166,-7.532562284128317,0.0,3.71704494179202,-1.2382351983169595,0.0,0.0,0.0,2.019374411377312,0,0,0,0,0,0,-0.136587146531965,0.156662409564849,1.5601295293730544,-0.0104850163907261,0.0293759649198361,-0.1199092412648593
data/sensor_images/image_186.png,surface,0.0,0.0,2.693769811635645,3.9310197531818942,-12.86519826046788,0.0,1.6666779195135646,-2.9669250605025206,0.0,0.0,0.0,2.2349006392615225,0,0,0,0,0,0,-0.4449827412686113,1.762471693022744,2.5795523809807204,0.0933880452849875,0.0352793536427504,-0.1191027870358114
data/sensor_images/image_187.png,surface,0.0,0.0,1.9850686079004904,3.873181130165143,-23.53774084333996,0.0,0.2070191483129252,-3.2265511775313427,0.0,0.0,0.0,-0.6454094430779636,0,0,0,0,0,0,-1.5141962910631286,0.7895294805908614,1.2013796876154723,0.024448092458119,0.0722470715700667,0.0048616387860046
data/sensor_images/image_188.png,surface,0.0,0.0,1.6079185900023498,-8.408469990161962,5.838707231319263,0.0,-2.4069393339308705,0.9468904272010432,0.0,0.0,0.0,3.261964325412212,0,0,0,0,0,0,-0.8848400792851994,-0.4918431810375335,0.5500279179702126,-0.0026469354312369,0.0515522359819206,-0.1171607040552949
data/sensor_images/image_189.png,surface,0.0,0.0,1.321454521924193,-3.374679827912251,-1.5647780135968044,0.0,2.595143777971706,2.763066194949201,0.0,0.0,0.0,-0.6061903124783186,0,0,0,0,0,0,-0.4955473259648612,0.2907334133803302,-0.1974701550542286,0.0025515662932861,0.0549642218734735,-7.44386121062186e-05
data/sensor_images/image_191.png,surface,0.0,0.0,1.6956217738829982,-3.4556020780174928,-17.779207953884125,0.0,4.3231670162106655,-1.9630644515120688,0.0,0.0,0.0,-1.5275608159290766,0,0,0,0,0,0,-1.3283193471091184,0.1791691550954983,1.2111862479801625,-0.0094451257465587,0.0151125518206076,-0.0111152681011832
data/sensor_images/image_192.png,surface,0.0,0.0,1.3981167203171447,9.42304330833285,22.88400728263629,0.0,0.0482776932740261,3.179898693188361,0.0,0.0,0.0,3.9118140931611993,0,0,0,0,0,0,0.4909406616578459,0.1566936672632034,0.5382178901090295,0.0161893343439563,0.0648684043399774,-0.1093360985151203
data/sensor_images/image_193.png,surface,0.0,0.0,2.769320494209403,-13.113983699668989,2.157710686801609,0.0,-1.0379246246967662,-2.904059534467601,0.0,0.0,0.0,3.5580735734018614,0,0,0,0,0,0,-0.9202945332200836,2.2401884491492225,5.297028073799214,0.153239313786241,0.075051186976765,-0.1461635668318124
data/sensor_images/image_195.png,surface,0.0,0.0,1.9718486787777008,-4.520798859516361,0.7774102033631619,0.0,-0.2582129905928068,-3.5663555047326265,0.0,0.0,0.0,-0.7423107533648405,0,0,0,0,0,0,-1.2042129497421916,0.27709333214931,1.3863249250244642,0.0224277769054437,0.0209661107631144,0.0098280356954038
data/sensor_images/image_196.png,surface,0.0,0.0,1.915160585955598,-2.753077879726548,4.473576961469079,0.0,-1.447042258761571,-4.217587979025821,0.0,0.0,0.0,-0.5572688863357458,0,0,0,0,0,0,0.2101407536149382,0.5538358782238235,0.9969532061504546,0.0164168781136672,0.0680841645344268,-0.0022332267173415
data/sensor_images/image_197.png,surface,0.0,0.0,1.7433765461685309,16.529784960986543,-1.293101489462812,0.0,-2.540571582254448,1.0202758082209369,0.0,0.0,0.0,2.5509518658029062,0,0,0,0,0,0,-1.2125173845361388,0.8823052486142783,0.6453086425747556,-0.0118527760185069,0.0915251379345838,-0.0942795363558045
data/sensor_images/image_198.png,surface,0.0,0.0,0.7407941306145971,-5.352700891772511,5.83946095341803,0.0,4.122116598614888,-1.811205923327044,0.0,0.0,0.0,1.3273596922762234,0,0,0,0,0,0,0.4018944197950163,-0.141092170292733,0.0777774472024092,0.0216686844398046,0.0537003514360758,-0.120460544886901
data/sensor_images/image_201.png,surface,0.0,0.0,0.5425556909631184,17.93045591382142,5.438800225420824,0.0,-1.95291482665265,-0.6208200850245176,0.0,0.0,0.0,-0.5774461147763299,0,0,0,0,0,0,-0.1549520298458125,1.075331277078112,0.4681610500349111,-0.0223634390267221,0.0545113502981322,0.001671865252657
data/sensor_images/image_202.png,surface,0.0,0.0,2.315139218131774,-13.739505131754251,-17.647399677858793,0.0,2.232963610095,2.4785519019470867,0.0,0.0,0.0,1.5447085535210237,0,0,0,0,0,0,-0.1385141780321882,-1.4076971240978349,2.7194475494400985,-0.0978683547472453,0.0083779096660659,-0.0901479530058738
data/sensor_images/image_203.png,surface,0.0,0.0,0.8232675311843172,-24.487974019204035,4.506979604185816,0.0,-2.6497258407359547,3.4909011995579484,0.0,0.0,0.0,-2.8860293096253065,0,0,0,0,0,0,-0.1795146690705198,-0.9820701282305654,0.6681510937565648,-0.0083754379633191,0.0387936682543948,-0.0165402359547538
data/sensor_images/image_206.png,surface,0.0,0.0,1.966019053350365,-10.956921028769084,9.481850921866863,0.0,-3.59918918238046,3.2709010578200526,0.0,0.0,0.0,-2.060165292144591,0,0,0,0,0,0,-0.1371537771291692,-0.6822587926214122,1.0181718460541838,-0.0511702749870009,0.0775162307496108,-0.0094427889888576
data/sensor_images/image_208.png,surface,0.0,0.0,0.9421754466275696,-9.073516985488151,8.599621879537713,0.0,1.652525640534906,-4.070875295510708,0.0,0.0,0.0,-2.130235959522798,0,0,0,0,0,0,-0.1182525469999363,-0.1397961233523695,-0.3465198217271325,0.0033523809592574,0.0434496233391768,0.017164420747602
data/sensor_images/image_209.png,surface,0.0,0.0,1.5975933748049118,10.165643913677076,18.61705461755573,0.0,-0.7508424537021502,-4.085407419693248,0.0,0.0,0.0,2.825146301417826,0,0,0,0,0,0,0.593117409971095,0.7977732979908906,0.359347903578272,0.0582174399124024,0.0757436497167613,-0.0885431678253175
data/sensor_images/image_210.png,surface,0.0,0.0,2.547594169000908,-12.391512231831316,19.874929249600097,0.0,-0.9094566020533394,2.5511100429801017,0.0,0.0,0.0,4.961378953830531,0,0,0,0,0,0,-0.0577511818297036,-1.503430313410418,1.9482721124856024,-0.0431153500773885,0.0100429066507363,-0.1388537318705481
data/sensor_images/image_211.png,surface,0.0,0.0,2.929949301473732,7.098891260315277,-18.230239917775524,0.0,1.64286942416995,-3.0765604044633634,0.0,0.0,0.0,-0.9200320424841522,0,0,0,0,0,0,-0.233430740409964,1.9290467628033403,4.240996003903291,0.0952685364429341,0.0952503018738405,-0.025125144202027
data/sensor_images/image_212.png,surface,0.0,0.0,0.5454127171838152,-20.18826649881602,-7.425184235685557,0.0,4.220003262516428,-1.9551749271299173,0.0,0.0,0.0,-0.5983113845235337,0,0,0,0,0,0,-0.7001941383288577,-0.3616482610046123,-0.0271992302899727,-0.0199749178276744,0.0447079951659512,-0.0166504820876178
data/sensor_images/image_215.png,surface,0.0,0.0,0.5062827657626623,17.489021477643913,1.9090667512485064,0.0,0.9923119226981284,-4.157571208551182,0.0,0.0,0.0,3.2214566263049385,0,0,0,0,0,0,-0.8115280881874686,1.1170976190537245,-0.3438999061198983,-0.0001057175579454,0.0816947420293464,-0.1037354725256142
data/sensor_images/image_217.png,surface,0.0,0.0,1.957532271960298,-6.336171593208968,-11.808580343387382,0.0,1.0086424335889466,-0.3806355625409591,0.0,0.0,0.0,-4.688577065415412,0,0,0,0,0,0,-0.6644235655241397,0.3166139930163502,1.0510828456574872,0.0095705172237169,0.0115012465171818,0.0138090575138384
data/sensor_images/image_218.png,surface,0.0,0.0,2.1821613501037773,12.31287653145429,-17.10003404105519,0.0,-1.8802737109575487,-2.52830151860992,0.0,0.0,0.0,4.957614291880528,0,0,0,0,0,0,-1.7324646021906582,1.463544896651668,0.7994021859589614,-0.0034113046048548,0.0986244373396802,-0.1044697990393702
data/sensor_images/image_219.png,surface,0.0,0.0,2.060602235415834,3.5121209017370387,7.982706206858532,0.0,2.408310867489404,-1.939132387758368,0.0,0.0,0.0,-2.390556285232432,0,0,0,0,0,0,0.5185151387494913,0.7367026329543425,0.0210125372038969,0.0286212107495527,0.0309118337722023,0.0026429693635785
data/sensor_images/image_220.png,surface,0.0,0.0,1.9975344748259825,1.3483108160885826,0.0949615157134967,0.0,2.258871714266122,-1.9460706347804568,0.0,0.0,0.0,-1.7666201165494524,0,0,0,0,0,0,-0.0995269191933039,0.6521181959398841,0.94432607527009,0.0389097923184455,0.0357163782438007,-0.0106686108370842
data/sensor_images/image_221.png,surface,0.0,0.0,0.7560309812678047,15.745622470029264,-18.64767161659413,0.0,3.349391371881912,-1.876410940493209,0.0,0.0,0.0,2.2245438868930654,0,0,0,0,0,0,-1.6873175944248584,0.4487721614064286,-0.0082288737457504,-0.0289610177429699,0.0883977304146828,-0.0961429384616644
data/sensor_images/image_224.png,surface,0.0,0.0,1.335976239952991,3.8942939594143486,-11.493968726640922,0.0,-1.527857367629853,0.6469652713285136,0.0,0.0,0.0,2.148251820104612,0,0,0,0,0,0,-1.9162691826319584,0.1659180560765283,-0.3481573400490939,-0.0465671093518823,0.0760920181981137,-0.1027878863671618
data/sensor_images/image_225.png,surface,0.0,0.0,2.457651317481689,-8.415046857911154,13.22651526582696,0.0,-2.7939431808752264,3.188128320512001,0.0,0.0,0.0,0.9327945639129532,0,0,0,0,0,0,-0.7499198259320428,-1.6208804858856485,1.019299781086469,-0.0603334798018144,0.0610461802279544,-0.1207618903248879
data/sensor_images/image_226.png,surface,0.0,0.0,2.188182503583656,-1.9650622089112653,16.11508266826764,0.0,2.515004751660571,0.2329922357805511,0.0,0.0,0.0,1.2432355390389611,0,0,0,0,0,0,1.1530290268330745,0.1868261763572501,0.4593630107523875,0.0328647186689501,0.0135757985985287,-0.1174534982797167
data/sensor_images/image_227.png,surface,0.0,0.0,1.2786759410668105,-4.327402009741293,15.89804658138183,0.0,-1.7722632570471943,-1.971744416331867,0.0,0.0,0.0,-3.753983654971704,0,0,0,0,0,0,0.5413576280143795,0.2314500191821063,-0.7957572799414208,0.0059605460155909,0.0734202307529646,-0.0159694709287849
data/sensor_images/image_229.png,surface,0.0,0.0,2.110604839428702,17.579367902649864,-12.958537342550148,0.0,0.0878362560220886,-2.7961080473330107,0.0,0.0,0.0,-0.9118377286892524,0,0,0,0,0,0,-1.39283926885811,1.888676952567678,0.6284859689181903,0.0202031033402929,0.0830312433850258,0.0172706652484115
data/sensor_images/image_231.png,surface,0.0,0.0,2.761463219682477,-18.560229489947936,14.913897683424125,0.0,0.6892622308637503,0.8709271573389099,0.0,0.0,0.0,-3.8448273876521375,0,0,0,0,0,0,0.2489568228854655,-1.577440425801233,1.7848713630459176,-0.0827370362014873,0.0012167220726598,-0.0024800381325737
data/sensor_images/image_235.png,surface,0.0,0.0,0.8695528559995067,-15.41002852872203,-6.458794270804335,0.0,-2.077966418101468,-0.8787461349999501,0.0,0.0,0.0,-0.2841006692860235,0,0,0,0,0,0,-1.061147750890254,-0.8411325312591796,-0.4960900504044228,-0.0107666306270861,0.0732803283890144,-0.0154768774868504
data/sensor_images/image_236.png,surface,0.0,0.0,1.96866560119318,-18.07075629417556,16.215648723000893,0.0,-1.5531555742579095,4.167938645543699,0.0,0.0,0.0,2.743012565173842,0,0,0,0,0,0,0.3996359834706167,-1.5528933579550368,0.7490228871922803,-0.0200112897800182,0.0321809005269326,-0.1556853574712995
data/sensor_images/image_237.png,surface,0.0,0.0,1.79283301073973,23.87609166304517,0.9917420303560376,0.0,-4.098772308023216,-1.2691323075234442,0.0,0.0,0.0,1.279460053014332,0,0,0,0,0,0,-1.2805102497054104,1.806784831799093,-0.0461664240317388,0.0172637384038283,0.1298175708085011,-0.0737836451909488
data/sensor_images/image_238.png,surface,0.0,0.0,1.5938086051311977,9.07352346791837,16.42893252151537,0.0,3.1447284271863176,-3.249139397855683,0.0,0.0,0.0,0.5579590911601917,0,0,0,0,0,0,0.6869217732707491,0.9305560788922188,0.058459592587726,0.020191669113662,0.0703354379081739,-0.1009588840764327
data/sensor_images/image_239.png,surface,0.0,0.0,2.2924059741746743,-6.245013595663822,-1.406005413604607,0.0,-1.7015145355397294,3.0834821921282813,0.0,0.0,0.0,-4.762716432562522,0,0,0,0,0,0,-0.8777267522702761,-0.6087355133082847,0.2794964054760028,-0.0866926878342242,0.103811728344303,-0.0074435349947459
data/sensor_images/image_240.png,surface,0.0,0.0,1.1647663847616263,15.160929706991078,6.009316104522104,0.0,0.1873904313532111,-0.1061506178619309,0.0,0.0,0.0,-4.116910122962542,0,0,0,0,0,0,-0.0293244757959765,1.3385960777697614,-1.1442729956519122,-0.0036802604992111,0.0619971663808707,0.0138932951808066
data/sensor_images/image_241.png,surface,0.0,0.0,1.5361177435506006,0.4979465846908438,-0.4781473194667928,0.0,-0.6053591468048214,-2.8056677027109047,0.0,0.0,0.0,0.7960371466932745,0,0,0,0,0,0,-0.401135816933934,-0.0257511443205632,-0.9032562499819904,0.0084891171307881,0.0642978863030792,-0.1157716313560892
data/sensor_images/image_242.png,surface,0.0,0.0,2.8455406767768,-13.351911395027466,-19.55424660702297,0.0,1.3791741776018709,-3.5517265391974915,0.0,0.0,0.0,-3.79657695833852,0,0,0,0,0,0,-0.8004432008680469,1.34839812256164,4.107863918710042,0.0381432125745987,0.0721960657254566,-0.0091930874732472
data/sensor_images/image_243.png,surface,0.0,0.0,1.9177258408878368,0.4726519460583874,11.191980415391994,0.0,0.5209756105874982,4.586352764789665,0.0,0.0,0.0,-0.5187954658137617,0,0,0,0,0,0,0.3247398382838847,0.1982814913243988,-0.0809084732560118,-0.0280808639547564,0.0584449236867805,-0.0071847741633552
data/sensor_images/image_245.png,surface,0.0,0.0,2.363742921559033,-7.090533917471403,-3.791805681339811,0.0,-3.647518947158521,-3.2078888729988093,0.0,0.0,0.0,-2.1088865139885726,0,0,0,0,0,0,-1.6571589724170406,0.5028222087142108,1.0843294326998445,0.0009508427462811,0.10108216440335,-0.0119791197759133
data/sensor_images/image_247.png,surface,0.0,0.0,1.577023634790547,2.329635615548042,-20.66402532169196,0.0,-0.1295173212023454,-0.508818206575905,0.0,0.0,0.0,3.789529444579939,0,0,0,0,0,0,-1.848415087234944,0.6886406554516292,-0.0754418347399172,-0.0350295523264335,0.0843262617279234,-0.1142819850941566
data/sensor_images/image_248.png,surface,0.0,0.0,1.6755108431597363,6.100832394610961,-13.263807216099432,0.0,0.8819632307864603,1.239472702415468,0.0,0.0,0.0,-2.8302424902905035,0,0,0,0,0,0,-1.307044167103869,0.1073540195093909,-0.7246324565270232,-0.0316889221936053,0.0660327111773077,0.0098832703967838
data/sensor_images/image_249.png,surface,0.0,0.0,2.6550492490129964,10.484630880924303,-19.64203085807621,0.0,0.2167469745286872,1.3010001876725277,0.0,0.0,0.0,-3.7518304744962014,0,0,0,0,0,0,-0.7750704709264858,-0.7822542424577587,1.9501182383294628,-0.0799687794866312,0.0791003886843919,0.0439698754861898
data/sensor_images/image_250.png,surface,0.0,0.0,1.4090390390519845,13.335146281989331,-18.608859650197644,0.0,1.716047714847993,1.291061365828298,0.0,0.0,0.0,-2.456624754855876,0,0,0,0,0,0,-1.282797317285187,1.211970509357154,-0.0337953536804033,-0.0342555494380647,0.0847034897100609,0.0216146995441219
data/sensor_images/image_251.png,surface,0.0,0.0,2.713205159057574,19.37809441787249,-7.982073537623566,0.0,0.3956006301932955,-3.7792794067889592,0.0,0.0,0.0,-2.4720998608407,0,0,0,0,0,0,-0.9754936646896428,1.874383942990072,1.1952271248576545,0.0534550326975086,0.0837657956044266,0.0281748847325837
data/sensor_images/image_252.png,surface,0.0,0.0,0.602292081007129,19.00088790716769,3.721870073013335,0.0,1.3904054167987991,-1.0029841905050247,0.0,0.0,0.0,-3.5420864237641245,0,0,0,0,0,0,-0.6584162021807055,1.215725642618719,-1.2029453024321335,-0.0213835982264368,0.0545541543729784,0.0249795490437015
data/sensor_images/image_253.png,surface,0.0,0.0,1.132087899688594,16.49686299141285,-19.015501069968607,0.0,-3.916674606634383,-2.15644684266875,0.0,0.0,0.0,3.8472322677763184,0,0,0,0,0,0,-2.1114372658425697,1.239942991305452,-0.5498141893738422,-0.0247737993003724,0.0957878903735808,-0.075248508362391
data/sensor_images/image_255.png,surface,0.0,0.0,2.8319274692594503,-12.040896630729476,-6.81550959500263,0.0,-0.8730740425706895,0.0474220556718929,0.0,0.0,0.0,-4.596186172816075,0,0,0,0,0,0,-2.010098889289449,-0.0224305868861704,2.467349068232842,-0.0263550365511113,0.1131145364726726,-0.0201407311866362
data/sensor_images/image_257.png,surface,0.0,0.0,1.0428994091873072,-5.899327739631158,-3.755663674906987,0.0,-0.2465769549173471,-1.5178389071621463,0.0,0.0,0.0,-3.901692862909343,0,0,0,0,0,0,-0.8099180268217411,-0.0642399452863662,-0.6912428738798234,0.0149279846681826,0.0628917793667858,0.0040481025786741
data/sensor_images/image_259.png,surface,0.0,0.0,1.4036635985519532,-6.568173391223609,-3.533297962712415,0.0,-1.4367638233042923,-0.9833481787711428,0.0,0.0,0.0,1.1280482971172976,0,0,0,0,0,0,-0.9991384092154812,-0.2147135900085233,-0.8299249975645443,0.0018629858433934,0.0701077896738642,-0.1401921412666314
data/sensor_images/image_261.png,surface,0.0,0.0,1.0680884810153195,4.28733142096717,-10.933980549671816,0.0,-0.6987765662050436,-1.302387212846163,0.0,0.0,0.0,-3.232827889526526,0,0,0,0,0,0,-1.6306523445709822,1.1104474823991048,-0.6724969253315225,7.262443230346373e-05,0.0747635376975668,0.0271067084244024
data/sensor_images/image_262.png,surface,0.0,0.0,1.26046064582742,8.683816706252205,10.633990373858884,0.0,2.403786778114383,2.731203419311774,0.0,0.0,0.0,-1.838772290713352,0,0,0,0,0,0,0.2806492147124508,0.5343297934208691,-0.8062833124289683,-0.0165519643267645,0.0805789541588417,0.0156181397849982
data/sensor_images/image_263.png,surface,0.0,0.0,2.582469864450258,3.078215603645692,-21.04969964990625,0.0,-1.6331235926478156,-2.211413481759489,0.0,0.0,0.0,-2.5446568549150763,0,0,0,0,0,0,-2.023108465520246,1.1436296659895946,1.320655377579518,0.0347297828545711,0.1425407237693548,0.0039432933656708
data/sensor_images/image_264.png,surface,0.0,0.0,1.6409441471198392,-12.480762251720474,21.11051451711488,0.0,0.283951334851688,4.929907148634501,0.0,0.0,0.0,2.680690124802253,0,0,0,0,0,0,0.3305055977308684,-0.9840468620043802,0.3082174181696182,0.0053162647360629,0.0155393949636211,-0.136505516384853
data/sensor_images/image_265.png,surface,0.0,0.0,0.8177215301992506,-8.243829348255629,18.02446028129556,0.0,-0.1997058921699677,3.7779320603459774,0.0,0.0,0.0,-0.7813192188069209,0,0,0,0,0,0,0.9602199927877572,-0.1234109202065401,-0.6956383018258894,-0.0021389226869375,0.0740220478599398,-0.0233480766130103
data/sensor_images/image_267.png,surface,0.0,0.0,1.3079194823070086,-0.5265119304208612,23.007233655562427,0.0,-0.8369876855062103,-4.347776065127638,0.0,0.0,0.0,-0.4724089472211021,0,0,0,0,0,0,0.9195287569992688,0.5681852564431189,0.0173759082351125,-0.006099754112141,0.0696042557876945,-0.0128603754372499
data/sensor_images/image_268.png,surface,0.0,0.0,0.6902542602218003,-17.38329558900756,-15.73020454267941,0.0,-0.2983652684715958,1.9484927561641103,0.0,0.0,0.0,4.249032652001315,0,0,0,0,0,0,-1.632967827349608,-0.9824269299150208,-0.3597170932735027,-0.0653726458184887,0.0298069785766046,-0.1334429474209597
data/sensor_images/image_270.png,surface,0.0,0.0,2.328376370601573,17.637677910498216,-6.794109476896297,0.0,-4.168263332855014,-1.4362654386241178,0.0,0.0,0.0,3.721377040942448,0,0,0,0,0,0,-1.7738203605886609,1.4689270038335678,0.4433832131474008,0.0086488813302876,0.1439184885852007,-0.0959809417517427
data/sensor_images/image_271.png,surface,0.0,0.0,1.5889052462721585,-6.919583951120123,-17.417798035339807,0.0,2.532033945833798,2.384873705936576,0.0,0.0,0.0,1.4795317600977276,0,0,0,0,0,0,-1.4548041732352095,-0.6664307921889518,0.2204664365044658,-0.0408979865778832,0.0340675192827709,-0.1306969543684531
data/sensor_images/image_272.png,surface,0.0,0.0,2.253857140457707,-13.294995576076778,8.771246253916924,0.0,0.0065769609847528,-1.954077869454508,0.0,0.0,0.0,-2.385785679157721,0,0,0,0,0,0,0.4776372604350387,1.259419053491292,1.4476881704983535,0.0696443885290975,0.0848050101912734,-0.0280720444922931
data/sensor_images/image_273.png,surface,0.0,0.0,1.3467735217836336,-11.674308382613658,-17.906716100896624,0.0,-3.28381375528396,2.6340620654649367,0.0,0.0,0.0,3.9205137421133927,0,0,0,0,0,0,-1.888607703041719,-0.7694367677665472,-0.4264494654277404,-0.0668733331005476,0.0623025312758174,-0.119877014675893
data/sensor_images/image_274.png,surface,0.0,0.0,2.839590035749404,-1.0186240782227738,-11.183770893652378,0.0,3.5257627343615314,3.31116931551803,0.0,0.0,0.0,-2.2837197996711733,0,0,0,0,0,0,0.14843182260205,-1.378494724868427,2.4280644068009964,-0.1333388431908614,0.0112483341760962,0.0340618500612577
data/sensor_images/image_275.png,surface,0.0,0.0,1.7519542909217565,14.31254158144566,-9.982940293567678,0.0,-0.5922241411612267,-3.8740354815030114,0.0,0.0,0.0,-2.2154563998899257,0,0,0,0,0,0,-0.9754459201549056,1.392349889975959,-0.1220538588759762,0.0034246106291154,0.0918501910094991,0.0234362572342701
data/sensor_images/image_276.png,surface,0.0,0.0,0.7780073114363293,-3.052843541892234,2.043596911236317,0.0,3.1459434218948776,-2.5455861830545152,0.0,0.0,0.0,4.177716764599541,0,0,0,0,0,0,-0.3639957788916349,0.2988500142306543,-0.5705010851035897,-0.0124014358496175,0.0649306985267354,-0.1293355331079749
data/sensor_images/image_277.png,surface,0.0,0.0,1.6879548357108596,-21.012941791544687,7.589362753462604,0.0,-2.1914905844511026,0.9243140561534487,0.0,0.0,0.0,-1.905084494364352,0,0,0,0,0,0,-0.2723696794166473,-1.2287722084388033,0.56189042342223,-0.0315281671384727,0.0913181833425595,-0.0528697669412478
data/sensor_images/image_278.png,surface,0.0,0.0,1.400326984883699,-13.122013610353314,-3.6126784458769774,0.0,1.776862045553801,-2.111652602600158,0.0,0.0,0.0,2.814795770370821,0,0,0,0,0,0,-0.7997040519375764,-0.2974305375356072,-0.7662512704654558,0.0012129491074937,0.0332597718787106,-0.1386075920862428
data/sensor_images/image_280.png,surface,0.0,0.0,1.3742744940477352,2.777655170917015,-24.29641061758872,0.0,-3.2772492940604514,-3.724704408472496,0.0,0.0,0.0,4.6245901174125645,0,0,0,0,0,0,-1.9382670090237115,0.5189636787734334,0.36834034573174,-0.0432483401704225,0.0977923658816992,-0.1195883083519288
data/sensor_images/image_281.png,surface,0.0,0.0,2.940852044482421,5.196531832210306,0.1963046595605181,0.0,0.1564078982889365,0.3277631957415736,0.0,0.0,0.0,4.0316145787894815,0,0,0,0,0,0,-0.3106089116673248,-0.0246588234407068,1.809068316268108,-0.0278485544207069,0.0857158158639383,-0.1263537368733397
data/sensor_images/image_282.png,surface,0.0,0.0,1.1491234134603283,-0.1797263163826072,7.500019824533135,0.0,-0.460569506309068,-1.708886443791843,0.0,0.0,0.0,3.4699507259793165,0,0,0,0,0,0,0.6170549563921951,0.4375770902728924,-0.7022265825708991,0.0170168268521742,0.1013307127964449,-0.1456667600350351
data/sensor_images/image_283.png,surface,0.0,0.0,2.310006927030832,-22.283173419598366,-5.965350376889116,0.0,-1.5327681696886275,4.374837295497494,0.0,0.0,0.0,-0.7459652819597533,0,0,0,0,0,0,-1.0525594985705886,-1.859520393333952,1.2972760807913686,-0.0976931718151945,0.0905376129999416,-0.0387126609244884
data/sensor_images/image_284.png,surface,0.0,0.0,0.8853496138936499,-2.21861765158309,-19.275253423544203,0.0,0.2572822430239556,-1.840021171995769,0.0,0.0,0.0,2.3245102552720285,0,0,0,0,0,0,-1.3531023320015123,-0.1361288466103472,-0.6508912262558273,-0.0415558921233824,0.0718668169419928,-0.1282141419886393
data/sensor_images/image_287.png,surface,0.0,0.0,0.5365368012888878,-15.935376939275752,-18.08199269675704,0.0,-1.3416327915825912,-1.7240410181398975,0.0,0.0,0.0,-3.759657561891437,0,0,0,0,0,0,-1.474929412214402,-0.3657798415492415,-0.6230611426375942,-0.0430327985215893,0.0731440038664135,-0.0335328324514107
data/sensor_images/image_288.png,surface,0.0,0.0,1.7091134104047012,-21.369409634959265,-10.490416604494614,0.0,-4.491809340935899,0.1584151157926538,0.0,0.0,0.0,0.4771611704658944,0,0,0,0,0,0,-1.940256687867573,-1.255810015926593,0.6281645876333559,-0.0640039694087912,0.059713054016499,-0.1367513001929146
data/sensor_images/image_289.png,surface,0.0,0.0,2.924563759327654,-10.58645655426137,-2.2954860830514536,0.0,-3.006125861821605,-3.992953212207384,0.0,0.0,0.0,-1.951807053296429,0,0,0,0,0,0,-1.500806028524872,0.97994302581812,3.477895703299806,0.0510783653425492,0.1411836793600442,-0.0192818426140617
data/sensor_images/image_291.png,surface,0.0,0.0,2.1745689051602346,3.111414566941122,23.54977629127394,0.0,1.2242460815752845,-2.585665142401739,0.0,0.0,0.0,4.133696277213527,0,0,0,0,0,0,1.3678992235001606,1.1051834369013367,0.188701713183251,0.0566146096969735,0.0566876903327749,-0.1055725530377065
data/sensor_images/image_293.png,surface,0.0,0.0,2.8486400447810487,17.96128298272231,-10.239720011221715,0.0,2.344666251326071,1.8872574893985856,0.0,0.0,0.0,3.3325749532249933,0,0,0,0,0,0,-0.380466679284867,-0.4933653712843543,3.084420583929906,-0.0866413910535996,0.0752411016037793,-0.1015418894235345
data/sensor_images/image_294.png,surface,0.0,0.0,0.5633158305114077,6.416391113450676,-21.76238767965048,0.0,0.0383347503005456,-0.6094736664240931,0.0,0.0,0.0,1.8724930532129536,0,0,0,0,0,0,-1.8980673951791225,0.7403434048865575,0.0499338638413908,-0.0633659511873195,0.0813633851715907,-0.1098255867930169
data/sensor_images/image_295.png,surface,0.0,0.0,2.6127960615275394,1.7836275185098824,7.259438749699844,0.0,3.434715788776312,2.3209125074983024,0.0,0.0,0.0,4.933354464645607,0,0,0,0,0,0,0.5658734098728152,-0.5932539595122815,0.9871877451839476,-0.0361531681379061,0.0001949339737702,-0.1323716703144508
data/sensor_images/image_296.png,surface,0.0,0.0,0.70349896567599,-12.131421296132112,-10.311959837976785,0.0,1.3082633281037137,2.985417102993877,0.0,0.0,0.0,3.720907284757701,0,0,0,0,0,0,-1.1577274269111313,-0.8390610243221803,-0.3398589370681325,-0.0397906352140425,0.0456150849870101,-0.1359888287600414
data/sensor_images/image_297.png,surface,0.0,0.0,1.2834666785074584,-14.378121972770034,5.092206915119259,0.0,4.2010873847235,1.565175671626834,0.0,0.0,0.0,-3.3555035872637484,0,0,0,0,0,0,0.012453593795709,-0.7159882752499483,0.3461121059584171,-0.0238937192045348,0.0618913379129551,-0.0274667518526534
data/sensor_images/image_298.png,surface,0.0,0.0,2.3566302759208333,9.982458108241469,16.34651203026238,0.0,4.432842403838998,1.5780863952400002,0.0,0.0,0.0,-2.839776475116307,0,0,0,0,0,0,0.4818205899054508,0.7904356147427909,0.8529294167444519,-0.0173507853961141,0.030876878658238,-0.0108828237907056
data/sensor_images/image_299.png,surface,0.0,0.0,1.4205989665994088,-11.114212483390356,1.5953109229975622,0.0,-4.025133407239281,-0.9551721471892836,0.0,0.0,0.0,-1.1750506623928416,0,0,0,0,0,0,-0.8044485708419449,-0.2297370929999395,-0.0823133633196298,-0.0258931971041084,0.0947176757296668,-0.0181972498717724
data/sensor_images/image_300.png,surface,0.0,0.0,0.6412890627329508,16.314343214500457,-5.740015651907759,0.0,-2.351580842311385,3.897573245518047,0.0,0.0,0.0,-0.2548596019106952,0,0,0,0,0,0,-1.2398009778096282,1.392905534755161,-0.6486163844676294,-0.0132930044755798,0.0721309004927515,0.0175544472710241
data/sensor_images/image_301.png,surface,0.0,0.0,2.358112528437359,-18.84242958387533,4.161717818957056,0.0,-2.3597819580128614,3.216613009066713,0.0,0.0,0.0,-0.1644372122082646,0,0,0,0,0,0,-1.0068005180658273,-1.8003287225215878,1.9504446567917904,-0.1001030951573088,0.0988430470854551,-0.0513012374300588
data/sensor_images/image_302.png,surface,0.0,0.0,1.8919151892088668,10.425110842702294,22.67417050127767,0.0,2.051162573392362,2.637035963328048,0.0,0.0,0.0,-4.000932488964239,0,0,0,0,0,0,0.8298480624311247,0.6866717403566306,-0.1356875948953044,-0.0284319489826944,0.0500051479888656,-0.0006811349120422
data/sensor_images/image_304.png,surface,0.0,0.0,1.5338922227618776,-5.460790839403219,-12.44026976938581,0.0,3.696981222891431,3.339524688372828,0.0,0.0,0.0,-1.1251323603024188,0,0,0,0,0,0,-0.9796630042262704,-0.2199106963453978,-0.1794770532493735,-0.0345550136654442,0.0879255044132366,-0.0123440842080204
data/sensor_images/image_307.png,surface,0.0,0.0,1.5511491773764634,13.89224634642714,-15.015529996820492,0.0,-0.17403861053046,-1.4223506337134244,0.0,0.0,0.0,-4.658444949372403,0,0,0,0,0,0,-1.5606907217270864,1.901268735528576,-0.3608692538086473,-0.0108915015391162,0.1099414562703041,0.0182217019663073
data/sensor_images/image_308.png,surface,0.0,0.0,1.4690352016855683,-18.82900133663872,11.408146357500463,0.0,-2.5652784733636134,2.4255369271278893,0.0,0.0,0.0,2.4937714280310006,0,0,0,0,0,0,0.3899336511099426,-1.109638157546354,-0.2714273072130342,-0.0135498793847333,0.0582446385942206,-0.1769677420156888
data/sensor_images/image_309.png,surface,0.0,0.0,1.4031670739170183,13.585244128129858,0.8232246274905501,0.0,0.5633933653925071,-1.5222843478167365,0.0,0.0,0.0,-2.3865028031935265,0,0,0,0,0,0,-0.6386592563342478,1.693255981119026,-0.8131072437896207,-0.0155393394022345,0.0865130858818512,0.0059576048790501
data/sensor_images/image_310.png,surface,0.0,0.0,0.99797678700129,17.408332468011995,-10.377832341283266,0.0,-2.231892797496734,-1.8221463696030336,0.0,0.0,0.0,2.399387563767247,0,0,0,0,0,0,-1.28113576936185,1.06705570216286,-0.4895312465908989,-0.0151759348417803,0.1340938635379052,-0.1060973584755059
data/sensor_images/image_311.png,surface,0.0,0.0,2.581907994532153,9.79477715207464,-13.909468321946145,0.0,0.5375190555266665,4.600684043613507,0.0,0.0,0.0,-2.7275009257758764,0,0,0,0,0,0,-1.0081141509014948,0.1732026427676748,1.1327577545075,-0.0794831606455113,0.1090525295981925,0.0373074762766674
data/sensor_images/image_312.png,surface,0.0,0.0,1.0754039441363026,-6.560923336624615,20.381368514626047,0.0,-1.2136396993826926,-1.345548853931544,0.0,0.0,0.0,-1.5624264067201734,0,0,0,0,0,0,0.6965786461981283,-0.0496659298854633,-0.5888286911840708,0.0080899699740823,0.0961511349933333,-0.04324481117538
data/sensor_images/image_313.png,surface,0.0,0.0,1.886028963664777,5.017418544786289,22.776093122272776,0.0,-0.1529991062839418,4.492979390247236,0.0,0.0,0.0,-0.0226094362141786,0,0,0,0,0,0,0.7288174848272717,0.0630781755234995,-0.0181015460436856,-0.0423709304122102,0.0699944931657408,-0.0260770515282051
data/sensor_images/image_314.png,surface,0.0,0.0,2.453353492037473,-18.323419770349428,13.983075245606882,0.0,-2.927023019525809,-1.0290582779315611,0.0,0.0,0.0,-3.2067837038354066,0,0,0,0,0,0,-0.8821338329003181,0.4873269734609663,3.038746950879521,0.0156229188191124,0.173988172304072,-0.07117231443632
data/sensor_images/image_317.png,surface,0.0,0.0,1.5055458858474566,5.6464808494719545,12.89026131074068,0.0,0.172198541541364,1.7631579722700026,0.0,0.0,0.0,-1.3396482586880456,0,0,0,0,0,0,0.301652497106524,0.9038871537509316,-0.8585753497172146,-0.0350712338696208,0.0634713178723798,-0.0157000953663933
data/sensor_images/image_318.png,surface,0.0,0.0,0.6819576247308219,6.424317546140102,9.136610359942836,0.0,-2.272152977784222,-3.795473709794671,0.0,0.0,0.0,-2.662599321829581,0,0,0,0,0,0,0.0831943245652583,1.114410184103284,-1.4480044157442618,-0.0274194455970883,0.072432808969346,0.0075580540047929
data/sensor_images/image_319.png,surface,0.0,0.0,2.54681089644744,3.245974728564455,-5.6242769059841,0.0,0.8909916428317912,0.787856984490162,0.0,0.0,0.0,-3.0071280509829315,0,0,0,0,0,0,-0.350022068741933,-0.3105216407657708,0.6177890696151851,-0.0635030227872408,0.0355190188851412,-0.0021891686887729
data/sensor_images/image_320.png,surface,0.0,0.0,1.5074656157643302,16.63026578616261,12.902668903249682,0.0,3.4272866736791543,2.749723092793112,0.0,0.0,0.0,0.3895642787563513,0,0,0,0,0,0,0.2057080470761238,1.6795703825964572,-1.4254731382926944,0.014381866508041,0.1034146608443973,-0.1169933295111777
data/sensor_images/image_321.png,surface,0.0,0.0,1.4317567703406393,-18.24790726464531,14.125574040593715,0.0,2.280822671402421,-3.314040704907862,0.0,0.0,0.0,-3.2462924692658293,0,0,0,0,0,0,1.2146044015807984,-0.6963915767159461,-1.0501923531430497,0.0053492008497966,0.0692031606800655,-0.0509385690389131
data/sensor_images/image_322.png,surface,0.0,0.0,2.183542106387592,19.080942891492064,11.726829228279456,0.0,-3.799614864081868,-2.981714443211716,0.0,0.0,0.0,-0.4476402375337489,0,0,0,0,0,0,-0.0494067348171546,2.218314044335433,0.0979479140786589,0.0225904685084697,0.1235610894777072,0.0252463158307863
data/sensor_images/image_323.png,surface,0.0,0.0,1.6086909321191194,-7.3100615858326625,11.904739866085524,0.0,-2.171956700022831,3.5450956710653823,0.0,0.0,0.0,-3.6125461808613215,0,0,0,0,0,0,0.1866626798912976,-0.5626166779473438,-0.2988576232957757,-0.0433817844104054,0.0931859136205023,-0.0305680880150484
data/sensor_images/image_325.png,surface,0.0,0.0,1.906104032704401,24.014591477265125,-4.068271262784293,0.0,3.5983219256301497,1.019760132169118,0.0,0.0,0.0,-2.4100849430353657,0,0,0,0,0,0,-0.8673134868103995,1.7270324427598602,-0.3627712291647731,-0.0213247332647653,0.0885939809702883,0.0286699424759174
data/sensor_images/image_326.png,surface,0.0,0.0,1.4030895283532216,-19.14560553309187,-12.93650123438564,0.0,-0.9021959186308416,4.159251654502111,0.0,0.0,0.0,-2.997894429639567,0,0,0,0,0,0,-1.0657539710812851,-1.4143806050029406,-0.3166992628572411,-0.0595738784349822,0.0912539592532327,-0.0399250762917295
data/sensor_images/image_327.png,surface,0.0,0.0,2.3840919622999244,21.052388413488643,-6.255761995321705,0.0,-3.1771677289927007,-1.5822911932462025,0.0,0.0,0.0,-2.6234697904531314,0,0,0,0,0,0,-1.6677167883829112,2.1268538054408856,0.6654757790142114,0.0244945751359744,0.1270777044433866,0.0430118972117467
data/sensor_images/image_328.png,surface,0.0,0.0,2.39571298426349,16.487124295398868,-13.722092776197194,0.0,-3.811445789907249,-2.461186258138851,0.0,0.0,0.0,-1.2688816534396743,0,0,0,0,0,0,-1.5143008523703945,1.316962227545414,1.426280313052767,-0.006416165734309,0.1435798059899723,0.0265355166761479
data/sensor_images/image_329.png,surface,0.0,0.0,2.387601440842793,22.161595110019537,1.7267235752643533,0.0,-1.9748718427558785,-3.0480230709546405,0.0,0.0,0.0,1.6988920933282792,0,0,0,0,0,0,-1.2630022904178395,2.1663459967863337,0.5156485827241207,0.0443084380443013,0.1325234500416753,-0.0881242748610953
data/sensor_images/image_330.png,surface,0.0,0.0,2.475864422448881,12.900299150795918,13.47960248624852,0.0,-1.3659371661185056,2.8090655070482096,0.0,0.0,0.0,2.292275307592869,0,0,0,0,0,0,-0.0955063102943824,-0.0693919082188916,0.8799872765599754,-0.0445870216880667,0.1351372196011751,-0.1465150441927158
data/sensor_images/image_331.png,surface,0.0,0.0,1.858681390615952,-5.869212701936339,-15.93986456108558,0.0,0.5904470283462425,-1.2570638509103482,0.0,0.0,0.0,0.5069544674071169,0,0,0,0,0,0,-0.642116832405328,0.7616948707089602,0.4893062972008528,-0.0225616013883849,0.0928309625490693,-0.1464938662739116
data/sensor_images/image_332.png,surface,0.0,0.0,2.5501692061179853,7.667470129152015,-17.633576056196524,0.0,1.9036590026862863,1.5719386145156056,0.0,0.0,0.0,-2.044229455406356,0,0,0,0,0,0,-0.7041931129633279,-0.4890281685814213,1.5547933770993172,-0.08209341545552,0.0536559978668477,0.0256116969493079
data/sensor_images/image_333.png,surface,0.0,0.0,1.171208938998089,-8.359851312607702,-17.85086017526341,0.0,-0.7952803329180098,-2.1478351123883628,0.0,0.0,0.0,1.999872209224934,0,0,0,0,0,0,-1.8454815115194247,-0.3680547634510971,-0.2137876141985365,-0.0484590265840882,0.0709702588189015,-0.1394482410054943
data/sensor_images/image_334.png,surface,0.0,0.0,2.7859854020880443,8.462676503271469,-2.4451689755035337,0.0,-1.4772708298262665,3.8495954858260815,0.0,0.0,0.0,0.2997695283813471,0,0,0,0,0,0,-0.5193004375579404,-0.1662226413209725,1.9647948272161968,-0.0665144045199712,0.1146716738697236,0.0049311645720673
data/sensor_images/image_335.png,surface,0.0,0.0,1.505090845982457,-17.793946483413258,-15.74369946141112,0.0,-0.268261295494188,-2.743031135717363,0.0,0.0,0.0,-1.373424272567496,0,0,0,0,0,0,-1.3349064938928823,-0.7141219052627876,-0.138688827314778,-0.0133074809269403,0.0864327598840364,-0.0376938337151599
data/sensor_images/image_336.png,surface,0.0,0.0,1.8255394197022177,-0.9105771207007424,-4.364183838577375,0.0,-1.7545392474482993,1.2335786393533268,0.0,0.0,0.0,-3.496692662954529,0,0,0,0,0,0,-0.6545252365603388,-0.0997922848046124,-0.8157058363542791,-0.0455080675747923,0.1462877303464412,-0.0215052248690879
data/sensor_images/image_337.png,surface,0.0,0.0,0.9156128932903008,8.765196334548056,-19.157611150788853,0.0,1.3130263395303212,-3.889167176473965,0.0,0.0,0.0,3.503109820728273,0,0,0,0,0,0,-1.5801333081377955,1.2021871077654445,-0.6388120273963719,-0.0539409872646516,0.125535783819245,-0.1265228889412326
data/sensor_images/image_338.png,surface,0.0,0.0,0.5876099936461814,-18.69716466202794,-8.266254912990119,0.0,3.190900325738224,-0.1108266402001065,0.0,0.0,0.0,-3.7806899499408897,0,0,0,0,0,0,-0.9574709747779676,-0.6640315995665573,-1.2258267874423825,-0.0332758187229772,0.0821854216040507,-0.0496582930254399
data/sensor_images/image_339.png,surface,0.0,0.0,0.7293871115108113,2.1337350372606223,8.983424044443563,0.0,1.138526695566964,2.3410766570799693,0.0,0.0,0.0,0.6497571683590433,0,0,0,0,0,0,0.0108195099752245,0.0498731945758964,-1.522837080660222,0.0269750326103095,0.0941131230521017,-0.1361725509581773
data/sensor_images/image_340.png,surface,0.0,0.0,0.5054455814887722,-13.254414695215385,-15.806817835243546,0.0,-0.9606331757359003,1.4590455666009918,0.0,0.0,0.0,0.3684983174499958,0,0,0,0,0,0,-1.1526332114364564,-0.5027025937832312,-1.0874578519671416,-0.0527119944030239,0.0626835162529245,-0.134220533862336
data/sensor_images/image_341.png,surface,0.0,0.0,2.4265645294177274,8.209965752043793,7.191469165117517,0.0,4.755210996937895,0.5004305125856082,0.0,0.0,0.0,3.368174422436008,0,0,0,0,0,0,1.367294773837811,0.8179571611638785,0.0315847781242442,0.0075936928357829,0.0712718516328989,-0.1392857866606699
data/sensor_images/image_344.png,surface,0.0,0.0,2.0215846497209764,-23.44161281481357,8.071475967229395,0.0,-1.2285493547476471,0.0374549640418127,0.0,0.0,0.0,2.753600526974253,0,0,0,0,0,0,-0.1672861092886146,-0.8883156258855942,0.1871282096112353,-0.010396242030352,0.0775834727761745,-0.2040961586963251
data/sensor_images/image_349.png,surface,0.0,0.0,2.64072279326608,-1.1159734229275902,-17.287566477311085,0.0,-2.4622382663034545,-0.4808371025084554,0.0,0.0,0.0,-4.058605662066287,0,0,0,0,0,0,-2.672583621606884,0.6266122828692627,0.3528041899033403,-0.018006823846304,0.1764215628669437,-0.0224508737905213
data/sensor_images/image_350.png,surface,0.0,0.0,2.276571201024968,14.816217066641984,-8.236374232231475,0.0,-2.1246696021022737,-1.888066076781685,0.0,0.0,0.0,-3.83012199043503,0,0,0,0,0,0,-1.967320724998524,2.0113778570411687,-0.3481823111445163,0.0203423541000289,0.123014542455746,0.0221213075223599
data/sensor_images/image_351.png,surface,0.0,0.0,1.545692588712447,12.543901853603934,14.653272451219095,0.0,-1.0418475797186355,4.0889821577706575,0.0,0.0,0.0,-2.098682416897991,0,0,0,0,0,0,0.1157358186691918,1.3747024288941576,-1.365932663500388,-0.0317405199441973,0.0938734939801185,-0.0013411213971776
data/sensor_images/image_352.png,surface,0.0,0.0,1.407803713524681,-19.236839880207388,6.11591761590763,0.0,-0.251587464503087,4.135913917368382,0.0,0.0,0.0,-4.729163281282281,0,0,0,0,0,0,-0.3566176250184025,-1.1704479173019855,-0.3997161800406767,-0.0420977220371604,0.0735520511518548,-0.064534749954794
data/sensor_images/image_353.png,surface,0.0,0.0,1.0037878281092176,-0.5527364726081708,-13.82398684266112,0.0,-2.51389042701469,2.524247376718078,0.0,0.0,0.0,1.7240986431125416,0,0,0,0,0,0,-1.7612577023308722,0.0093191018780637,-1.6289039642391052,-0.0509076361097235,0.0951523749236909,-0.1363357679312755
data/sensor_images/image_354.png,surface,0.0,0.0,0.93697192825176,-4.876104763097063,19.21190173240972,0.0,2.7054708579966227,-2.125809890874912,0.0,0.0,0.0,-0.3827202893142578,0,0,0,0,0,0,0.853637088210038,0.2631200862498933,-1.2047149399504131,-0.0291158954675107,0.0841360582111083,-0.034440644529902
data/sensor_images/image_355.png,surface,0.0,0.0,1.6287101909893396,11.603116821980937,19.89920774556269,0.0,-2.984548251996174,2.0510270517723974,0.0,0.0,0.0,3.929149469975577,0,0,0,0,0,0,0.6117513894220641,0.8778879371951462,-0.6705031307094549,-0.0003218468896844,0.1269653298546354,-0.1068980696893284
data/sensor_images/image_356.png,surface,0.0,0.0,1.42493933349611,-5.123880596512938,4.999949800095984,0.0,2.530206728985055,1.972894842631048,0.0,0.0,0.0,-1.9309436921519247,0,0,0,0,0,0,0.014848613304518,-0.2418680080783469,-1.4820039478383655,-0.0373206951997832,0.0817253746887954,-0.0118881168463947
data/sensor_images/image_357.png,surface,0.0,0.0,0.6534697575741899,9.439731353877583,0.2460454178791684,0.0,-1.523987514655283,2.222467063949497,0.0,0.0,0.0,-3.3238588899767607,0,0,0,0,0,0,-0.5065546599506148,1.2391732109125564,-1.525839949592708,-0.0358566947273819,0.1042545635260943,-0.005194803462013
data/sensor_images/image_358.png,surface,0.0,0.0,1.2753725812481285,-3.3361684780749785,-6.348237304460103,0.0,-4.487776287329606,0.4916106694402325,0.0,0.0,0.0,4.532690255393092,0,0,0,0,0,0,-1.287462413716629,0.029540090647516,-1.04575374540637,-0.0509010439308031,0.1112239724267285,-0.1596346541461784
data/sensor_images/image_359.png,surface,0.0,0.0,0.8343485318585218,-15.67156909438304,-9.226399280707993,0.0,-3.066579636216879,-0.8127176990192877,0.0,0.0,0.0,1.6832613006413872,0,0,0,0,0,0,-1.5284280773241792,-0.5942063932835704,-1.84281081074054,-0.053495177254716,0.0521452284271575,-0.1543024919496549
data/sensor_images/image_360.png,surface,0.0,0.0,2.5052107067218614,11.0655066257083,-10.146335781782382,0.0,3.171212211408133,1.330210938170268,0.0,0.0,0.0,-3.1059710919542374,0,0,0,0,0,0,-0.3737238290180082,0.4232815324956605,0.953663057526317,-0.0626063211476585,0.0482471302598118,0.0077481296070883
data/sensor_images/image_361.png,surface,0.0,0.0,1.6955403424668576,8.913734605107704,-17.013753055136174,0.0,4.588760814300966,-1.327369423555437,0.0,0.0,0.0,-4.786188807943378,0,0,0,0,0,0,-1.6842269545265751,1.4686317557459196,-0.5703964978035301,-0.0207940387311705,0.092405365711895,0.0135409886980927
data/sensor_images/image_362.png,surface,0.0,0.0,0.960373547350546,-5.306226979710228,16.615672183806065,0.0,1.751608721846191,2.9724722153110945,0.0,0.0,0.0,-4.396003489715641,0,0,0,0,0,0,0.9165381820751524,-0.2261450273887502,-1.147198825911184,-0.032541203733352,0.1034678171318846,-0.0242291985217369
data/sensor_images/image_363.png,surface,0.0,0.0,0.9035786699835212,2.773216235024412,7.484295346967548,0.0,3.263155564793817,2.417737531135612,0.0,0.0,0.0,1.75440498949012,0,0,0,0,0,0,0.1065065144721301,0.5020339772152395,-1.8469107396762168,-0.0117755935835874,0.1021367101887173,-0.1528369642268408
data/sensor_images/image_365.png,surface,0.0,0.0,1.8919718651997728,-10.846485747473494,18.73577024275029,0.0,-0.6527719505217884,4.650147546654203,0.0,0.0,0.0,-3.3731643489575944,0,0,0,0,0,0,1.2790742313281618,-1.0878473552543717,-0.4657121704273614,-0.0447015684922533,0.0912749357571823,-0.054563032059062
data/sensor_images/image_366.png,surface,0.0,0.0,1.7572917322947594,22.243410616997885,-4.471657541894558,0.0,-0.847722104738254,-4.637290095964202,0.0,0.0,0.0,2.008697430180796,0,0,0,0,0,0,-1.2962638343932844,2.449206393378529,-0.8717517367896264,-0.0063745647652407,0.128694269346706,-0.0990506801391339
data/sensor_images/image_368.png,surface,0.0,0.0,2.3612557270251235,19.40355477234153,-13.706035013595413,0.0,-2.53661632704589,-2.000804026674248,0.0,0.0,0.0,-4.425467236907582,0,0,0,0,0,0,-2.562203053825907,2.381385161505083,-0.3686294229310973,0.0123767999348545,0.152350385380892,0.0312937323915639
data/sensor_images/image_370.png,surface,0.0,0.0,0.7983153472723363,20.5323619321444,1.1872644103910337,0.0,-3.546900505922712,0.2508552165944192,0.0,0.0,0.0,1.026260336191549,0,0,0,0,0,0,-0.3693615629421499,2.290594075180633,-2.2154956217320803,-0.0327657690106467,0.1853690182323215,-0.1009546085303243
data/sensor_images/image_372.png,surface,0.0,0.0,1.1696833318883928,18.9232453189666,-0.3731458275931248,0.0,2.792076126812703,4.019396466976738,0.0,0.0,0.0,1.134070067465852,0,0,0,0,0,0,-0.4997672554905686,1.7606503984041535,-1.2070830158362484,-0.0276406258264288,0.1543728329099233,-0.1107585025288831
data/sensor_images/image_373.png,surface,0.0,0.0,2.9331599825814285,-3.2041118065771785,16.651454303266714,0.0,-1.8113144107299208,4.625360211011955,0.0,0.0,0.0,-2.587442690070164,0,0,0,0,0,0,-0.1043701084148218,-1.837576990920065,1.7289707943178143,-0.1672220118065732,0.1060284916058009,-0.0744350038561666
data/sensor_images/image_374.png,surface,0.0,0.0,0.704182508476225,-14.736205015284282,8.917464926601863,0.0,2.3521165715771617,-2.4692817309773143,0.0,0.0,0.0,2.3917020211709605,0,0,0,0,0,0,0.3347650978378355,-0.6072053187520159,-1.991478881104179,-0.0028752235949584,0.0639822973774091,-0.1724660670318957
data/sensor_images/image_375.png,surface,0.0,0.0,1.8449759306562936,-7.523527603818335,16.602303377914623,0.0,-0.7516102104902982,2.330298760480549,0.0,0.0,0.0,0.5944609249005506,0,0,0,0,0,0,0.5884022838661461,-0.7929095052203771,-0.5834326775068606,-0.0131902047778604,0.059368591446876,-0.14587158386997
data/sensor_images/image_376.png,surface,0.0,0.0,2.802147981943218,-15.653726598707475,-8.364545089414314,0.0,-1.6697538261413143,2.191928424908389,0.0,0.0,0.0,0.7836532482605163,0,0,0,0,0,0,-1.856068245802974,-2.0841418441345074,1.4365686870408907,-0.1554166611551667,0.1197527004902566,-0.1588945698257043
data/sensor_images/image_377.png,surface,0.0,0.0,0.6921411978968133,-0.3462235356653192,-24.55966187417031,0.0,-3.5561762280510902,2.193302248966372,0.0,0.0,0.0,3.2490342294477337,0,0,0,0,0,0,-2.5931438204605346,0.6001315125243134,-1.7891504160501084,-0.0909822079805347,0.0991235733422613,-0.130739963320984
data/sensor_images/image_378.png,surface,0.0,0.0,0.9756461018080358,10.316489462458494,5.796170809129116,0.0,1.2062582913649615,-4.816572845475734,0.0,0.0,0.0,3.306972420650057,0,0,0,0,0,0,-0.1743989408916365,1.0917452625723798,-2.146097681382435,-0.0026318148730971,0.1304609640788624,-0.1350564935379981
data/sensor_images/image_379.png,surface,0.0,0.0,2.052470559849091,9.237346459936669,-5.162175295517469,0.0,0.6132960157674164,-1.0138511981351497,0.0,0.0,0.0,-3.382912181968432,0,0,0,0,0,0,-0.6557642419686193,2.0968210675078773,-0.8819464482730505,-0.0004132814309139,0.0974892257051137,0.0050032096472432
data/sensor_images/image_380.png,surface,0.0,0.0,0.5345784311542021,6.093069064240416,-13.210958699998312,0.0,-3.23422419178163,3.114096378511108,0.0,0.0,0.0,-0.2764504411175696,0,0,0,0,0,0,-1.6255062478100708,1.296509651457615,-1.8648489403572048,-0.0400162620310944,0.0890647036427934,-0.0027878806805299
data/sensor_images/image_382.png,surface,0.0,0.0,0.7684023308859851,0.3774166099773712,18.232208957453427,0.0,2.718266936542836,-3.681747201031573,0.0,0.0,0.0,-0.9681000190419544,0,0,0,0,0,0,0.8290828460257063,0.429166154093379,-1.7600141539480487,-0.0319746828085481,0.1035732881729944,-0.0378216201971293
data/sensor_images/image_383.png,surface,0.0,0.0,0.6510657441610295,16.08447298601671,-13.87752854674858,0.0,1.9587058318548496,3.454896776241612,0.0,0.0,0.0,3.573809405277608,0,0,0,0,0,0,-1.817114425996052,1.4743994636798643,-1.9470357744820403,-0.0379644715047286,0.1360502757475915,-0.0957295741544971
data/sensor_images/image_384.png,surface,0.0,0.0,0.9805743803087534,-13.960590107436246,14.520557358150285,0.0,-1.829384335658671,-3.694454555200569,0.0,0.0,0.0,-4.415628002130152,0,0,0,0,0,0,1.3160664717510602,-0.3880442141335631,-1.8477430845240064,-0.0024130709058342,0.1119165142203225,-0.0660795390239474
data/sensor_images/image_385.png,surface,0.0,0.0,2.02586215884945,-8.198505020208108,3.7876235261476174,0.0,-3.731236300308917,1.8950273181750503,0.0,0.0,0.0,0.027859396057158,0,0,0,0,0,0,-1.0934563916025848,-0.6927869398898944,-0.5411532816902025,-0.0463619950557602,0.1344024465024014,-0.0390895515649532
data/sensor_images/image_386.png,surface,0.0,0.0,2.852659368975617,15.759480020373635,-15.847456501377234,0.0,2.422544278348588,-1.6369296106900062,0.0,0.0,0.0,2.8765574402365592,0,0,0,0,0,0,-0.5701384784026678,2.550450171271857,0.932290588865144,0.026822308290477,0.0838909405983676,-0.1290819808136393
data/sensor_images/image_388.png,surface,0.0,0.0,1.838174773792552,18.565258988449308,-4.38249454779195,0.0,1.651365120413929,2.7887815644430782,0.0,0.0,0.0,-2.0270849254119563,0,0,0,0,0,0,-1.1868699489241266,1.6116023796746686,-1.5982309603251768,-0.0441700344936822,0.1044780346744434,0.0198509049416514
data/sensor_images/image_389.png,surface,0.0,0.0,1.6077008275770917,12.43532530583508,-12.41301533247675,0.0,3.163630390409691,0.6058424149136483,0.0,0.0,0.0,4.115494865010643,0,0,0,0,0,0,-1.1736258274394484,1.138705477152126,-2.073603916112469,-0.047130401628448,0.1309246725272013,-0.121841558194898
data/sensor_images/image_390.png,surface,0.0,0.0,1.8408683209326928,10.320842028948755,-1.3913568227444228,0.0,-3.211802559911058,3.423899566191655,0.0,0.0,0.0,-2.822285877627256,0,0,0,0,0,0,-0.7566420305405477,1.3631519390298354,-1.3368409679125213,-0.0536625533285818,0.1322745011295682,0.0089405722478814
data/sensor_images/image_391.png,surface,0.0,0.0,1.1733818663975009,-2.0001552628011305,13.707953054915787,0.0,0.6497509312275283,1.5757432794999484,0.0,0.0,0.0,-4.125050827360164,0,0,0,0,0,0,0.9846620819568356,0.1021326304418042,-1.9517250580420689,-0.0272910141197628,0.1280987641097009,-0.0542104149682286
data/sensor_images/image_392.png,surface,0.0,0.0,2.237317039307489,4.17560657235776,-7.586458005024514,0.0,1.404271847247043,3.641749477212728,0.0,0.0,0.0,3.839050911419502,0,0,0,0,0,0,-1.0977013499682609,0.1408728713461995,-0.9594514247273732,-0.0835722858914017,0.0997140249077241,-0.137493355791326
data/sensor_images/image_393.png,surface,0.0,0.0,2.274821463408312,-13.569486150394118,-12.066412159680665,0.0,4.838363534263182,-1.043001621008527,0.0,0.0,0.0,-4.446761285209186,0,0,0,0,0,0,-0.5888675692565862,-0.1235059530965047,0.0996411664836908,-0.0502936736221025,0.0600549530240065,-0.0341419517896265
data/sensor_images/image_394.png,surface,0.0,0.0,1.802102580760829,-8.687616236530133,20.695817751347253,0.0,1.304108147384401,3.354280844548484,0.0,0.0,0.0,4.916927035547602,0,0,0,0,0,0,1.1962105875044484,-0.8845145838309412,-1.857404009847356,0.0010769859017339,0.0498863430778405,-0.157359461720122
data/sensor_images/image_395.png,surface,0.0,0.0,2.648770967187544,5.051564970852991,-21.008988258010028,0.0,1.0277540225014323,2.4759163740958914,0.0,0.0,0.0,0.2093576307763314,0,0,0,0,0,0,-1.3283834282584943,0.2056926142058726,1.4565292472145088,-0.0863109247990205,0.12104295009404,0.0292667133104226
data/sensor_images/image_396.png,surface,0.0,0.0,2.1519919679131254,-11.248291009381909,-13.331556678990296,0.0,3.8531539677845457,-1.8446434162928664,0.0,0.0,0.0,2.482184479646701,0,0,0,0,0,0,-0.6853431566284957,0.0263145232773148,-0.5250308325108379,-0.0468344656108834,0.0641851886534622,-0.1494771698535502
data/sensor_images/image_397.png,surface,0.0,0.0,1.7337387723556188,8.290612419102999,-0.7641878221921032,0.0,-2.9026985314407208,1.870135076954016,0.0,0.0,0.0,-3.2366976614751675,0,0,0,0,0,0,-1.051776476978728,0.9424349511241844,-2.15354103902514,-0.0480549796092986,0.1433829030153532,-0.0129187255788473
data/sensor_images/image_398.png,surface,0.0,0.0,2.605283152466049,-5.4275851582416825,8.130881370111172,0.0,2.893499595051899,-0.1649959658099905,0.0,0.0,0.0,0.6681487598154403,0,0,0,0,0,0,1.0459974358053927,0.3270951747872482,-0.2257282203629038,-0.0155796084195001,0.033715866444821,-0.1662413095455796
data/sensor_images/image_399.png,surface,0.0,0.0,1.960801367129888,-4.596564973298371,-19.385986425279395,0.0,-3.15812417908875,-1.4327222754046651,0.0,0.0,0.0,2.893246719466277,0,0,0,0,0,0,-2.0893096195448457,0.3746608830308091,-0.8384560290192278,-0.0857586453652745,0.1537209103764653,-0.1565391037093013
data/sensor_images/image_401.png,surface,0.0,0.0,2.5065202669112017,-10.071432258567434,22.34585051288317,0.0,-1.034634190167939,3.9551371721394304,0.0,0.0,0.0,-2.144285517100407,0,0,0,0,0,0,1.296520585539481,-1.6555284671673272,0.0503600696385577,-0.0884445345740124,0.0863776852500503,-0.0693093663354962
data/sensor_images/image_402.png,surface,0.0,0.0,2.6139758470453063,12.661203075150707,-10.471472786626729,0.0,1.5438978277738848,-3.055824962536293,0.0,0.0,0.0,3.5652450387745347,0,0,0,0,0,0,-1.2727073850163169,2.6403716522966683,-0.3134766838437394,0.0350165125577421,0.1295513087660075,-0.1483193843028009
data/sensor_images/image_403.png,surface,0.0,0.0,0.6201902403860435,17.425712232103237,-3.5829751097818976,0.0,-1.9394657705214515,-0.5062664463559263,0.0,0.0,0.0,4.237870123521727,0,0,0,0,0,0,-0.9386135052889232,2.040441685469629,-2.6069376096773684,-0.0363471597679162,0.1498342709996434,-0.1194191550172276
data/sensor_images/image_404.png,surface,0.0,0.0,2.426039679868896,5.7248695244474606,8.28731465108912,0.0,-1.1748669805070493,-0.2784458477889625,0.0,0.0,0.0,-0.7926315437977802,0,0,0,0,0,0,-1.0902691800349722,1.0807928526556034,0.8827384497853508,0.0112348134011708,0.1928874807706303,-0.014938329776468
data/sensor_images/image_407.png,surface,0.0,0.0,1.494698640649947,-7.111028368691527,6.240715375592226,0.0,2.867824671047546,-2.3693632229152826,0.0,0.0,0.0,3.722141353188757,0,0,0,0,0,0,0.1526643776942862,-0.3534600043275716,-1.9996277665663889,0.0150666091732618,0.0822002442792175,-0.1846646990384529
data/sensor_images/image_408.png,surface,0.0,0.0,2.294323409853029,-6.529030175416751,-18.693964676970968,0.0,-1.5647721157120638,-3.1353807909984988,0.0,0.0,0.0,-1.5254195605381868,0,0,0,0,0,0,-2.433110013424727,0.9801495181062944,-0.0585771967379791,-0.0198034119036466,0.1604272338112732,-0.0376967425737048
data/sensor_images/image_409.png,surface,0.0,0.0,1.2304355509384677,-17.473115694928115,-9.185938640446134,0.0,-3.855441307667221,-1.435009728030535,0.0,0.0,0.0,1.10333167542377,0,0,0,0,0,0,-1.3778232214826205,-1.4276722647203033,-1.2882741553821055,-0.0434881855733036,0.0691922314685241,-0.1905387972316914
data/sensor_images/image_411.png,surface,0.0,0.0,1.793802371640581,2.1922401190280705,6.479071215135073,0.0,0.1070694208221932,-2.0092953577924813,0.0,0.0,0.0,3.640030304053335,0,0,0,0,0,0,0.15847612367989,1.1054291480240095,-1.534789424193732,0.0218078917001306,0.1191324213199271,-0.1621144657671223
data/sensor_images/image_412.png,surface,0.0,0.0,2.1555685185723528,-16.68109194800842,-17.53577727494633,0.0,3.5729900760443454,-1.3608265280904654,0.0,0.0,0.0,4.73669754318073,0,0,0,0,0,0,-0.109276118067382,-0.3669008889452215,0.1987689451432542,-0.0770943533727043,0.0450729936210223,-0.1619566456078325
data/sensor_images/image_413.png,surface,0.0,0.0,1.5345894749395703,-7.838457099867093,-22.642908959960764,0.0,-2.0359930973279283,-3.610996837480331,0.0,0.0,0.0,3.2272860623994912,0,0,0,0,0,0,-2.323947908184878,0.0134001237731463,-1.1605183081110326,-0.0707752882971232,0.1118072926485836,-0.1593953420423562
data/sensor_images/image_414.png,surface,0.0,0.0,0.8854188852161089,5.935720262816771,1.517052438440304,0.0,-3.0553924053923662,-0.2451831564685357,0.0,0.0,0.0,-2.1207645232921246,0,0,0,0,0,0,0.1184216829932932,1.085319114988215,-2.74723414739968,-0.0254434535116588,0.133211522923549,-0.0023723668467863
data/sensor_images/image_415.png,surface,0.0,0.0,1.552607609765123,-6.544946032619572,6.235676493513482,0.0,-3.567392877220012,-3.13907276342875,0.0,0.0,0.0,-4.019030096141351,0,0,0,0,0,0,-0.4410754172915334,-0.2377988591747349,-2.2063686866604173,-0.0005146138204791,0.1191250370038296,-0.035056884052009
data/sensor_images/image_416.png,surface,0.0,0.0,1.6935227961795718,6.020977178845001,-21.97403319438753,0.0,-0.6362562309694272,-0.1124601976023876,0.0,0.0,0.0,-0.7685833763423409,0,0,0,0,0,0,-2.7214786185249107,1.067143750427209,-0.7649583707494491,-0.0339438914099929,0.1612374646698918,-0.0046174770936953
data/sensor_images/image_418.png,surface,0.0,0.0,1.211284238921456,9.255629147315824,16.40172875637175,0.0,-2.4787443984599618,-2.114194437301573,0.0,0.0,0.0,-4.72456214340394,0,0,0,0,0,0,1.1552661863998943,1.6335305404692213,-2.0878979164471105,-0.0310751051899503,0.1481636720956105,-0.0178263638106387
data/sensor_images/image_419.png,surface,0.0,0.0,2.114126941007415,6.732222486599292,-1.149933803209661,0.0,-1.1763432129569151,-1.3951373327857772,0.0,0.0,0.0,3.42590323490783,0,0,0,0,0,0,-0.8640649045958783,1.7494948467176208,-1.3717905642687187,0.0033291406319813,0.1582766508030173,-0.1400260191723935
data/sensor_images/image_420.png,surface,0.0,0.0,1.0845937370936174,22.240693369425323,-6.368030011776363,0.0,-4.496911285018341,1.2044147804007153,0.0,0.0,0.0,4.429625477441732,0,0,0,0,0,0,-1.7449586021829655,2.1903248789865524,-2.379909850747187,-0.0433961044224864,0.1587164881932821,-0.1093506048368456
data/sensor_images/image_422.png,surface,0.0,0.0,2.305278998636177,6.761013943350366,22.070703611770742,0.0,2.4190490249395245,-0.3009845735219537,0.0,0.0,0.0,1.901737187037634,0,0,0,0,0,0,1.7027134075735466,0.9751508058669096,-1.4141590925658,0.0256376291187828,0.0651023133823952,-0.1359017281529297
data/sensor_images/image_424.png,surface,0.0,0.0,1.981637259658357,-17.989417967109542,14.589065700724516,0.0,1.476057474478059,2.0158127371473884,0.0,0.0,0.0,3.954685657188433,0,0,0,0,0,0,1.2560206163641232,-1.7472628645705393,-1.8304873854639367,-0.0216665624671618,0.0424649657001731,-0.1913159174843365
data/sensor_images/image_425.png,surface,0.0,0.0,0.7201250673240085,-2.7691017882257563,-4.262341155151892,0.0,-3.7586264823102633,-2.7294152309688,0.0,0.0,0.0,1.4637813920210494,0,0,0,0,0,0,-0.6671801548189867,0.3587653638442794,-2.848276935074097,-0.044114064250531,0.130989827993365,-0.1720907589953816
data/sensor_images/image_426.png,surface,0.0,0.0,2.922810796377073,-12.984884708438418,-5.896935147612496,0.0,0.8800208417357896,-4.153920326999967,0.0,0.0,0.0,4.315610215851173,0,0,0,0,0,0,-0.6143771134262652,2.6708565832375046,1.9584189466680784,0.0949675851749795,0.0944160209558523,-0.1868277590769611
data/sensor_images/image_427.png,surface,0.0,0.0,1.3480990706098688,10.01852599225607,14.275269069305772,0.0,-4.3052179285481005,-2.3341524799850624,0.0,0.0,0.0,-0.3119499552235538,0,0,0,0,0,0,0.378868143207468,1.3112407396791417,-2.510951453162133,-0.0126155065497354,0.1265032981362673,-0.0047477913260183
data/sensor_images/image_428.png,surface,0.0,0.0,0.5506528741197032,14.03846613176044,-19.40180106727184,0.0,0.147513502309734,-2.337496136622138,0.0,0.0,0.0,2.2686565126396685,0,0,0,0,0,0,-2.4106272977045986,1.6278966698624953,-2.4241343082895286,-0.0760771442603331,0.1462602692631875,-0.1086855004664186
data/sensor_images/image_429.png,surface,0.0,0.0,1.759037621830053,7.375680204058379,6.990218175653476,0.0,-0.175696768359739,0.6351058206890904,0.0,0.0,0.0,-4.871503885911611,0,0,0,0,0,0,0.2486125997022372,0.7237044848307792,-2.279575666279168,-0.0574969150335657,0.1363609887371165,-0.0241108725602
data/sensor_images/image_430.png,surface,0.0,0.0,0.8046566715576959,7.9575083591250255,4.61337525768652,0.0,2.3584927254720283,-0.4227281076624937,0.0,0.0,0.0,-4.313271140790066,0,0,0,0,0,0,0.0748109400960012,1.3550989530460624,-2.645194183813399,-0.0462142622597093,0.1391374362762782,-0.016654399046668
data/sensor_images/image_431.png,surface,0.0,0.0,2.1273570303167784,1.3531010489496922,11.22616795408494,0.0,3.3912720041552267,0.8221154684691417,0.0,0.0,0.0,-4.7700728187655885,0,0,0,0,0,0,0.8412277051572761,0.636308351180234,-1.861766560605985,-0.0535452905926319,0.0716251599999424,-0.0337895110226499
data/sensor_images/image_432.png,surface,0.0,0.0,2.3275152148484404,-2.71669362758742,-6.902706201649301,0.0,0.0667471222143719,2.530833229462824,0.0,0.0,0.0,0.7069023084818351,0,0,0,0,0,0,-1.2789312109481998,-0.600334964837544,-0.5387305346942044,-0.1075498126012493,0.1406407458269815,-0.144450110031933
data/sensor_images/image_433.png,surface,0.0,0.0,2.648164933282096,11.33484521897343,-3.80831979062952,0.0,-4.099330173929766,2.378537680902032,0.0,0.0,0.0,1.2809525253388383,0,0,0,0,0,0,-2.0887551247249387,0.5445953102783133,-0.099492514873184,-0.0486707932655871,0.2016939336351564,-0.1214474850847404
data/sensor_images/image_434.png,surface,0.0,0.0,2.7216087548244423,6.069836659110204,7.786168443570939,0.0,0.0742789426402134,0.9801206770676144,0.0,0.0,0.0,-1.772928871775108,0,0,0,0,0,0,0.1100197876902123,-0.207871091900934,0.3274011436509196,-0.1227617292252331,0.114879284506963,-0.0152658190912635
data/sensor_images/image_435.png,surface,0.0,0.0,1.273623840748178,21.16114742711257,5.65741846231632,0.0,-3.677763727957921,1.903691972107605,0.0,0.0,0.0,-3.079279016201497,0,0,0,0,0,0,-0.3499225909532603,2.029050913078139,-2.37757509107288,-0.0286824002390073,0.1321017506508344,0.0256151673324402
data/sensor_images/image_436.png,surface,0.0,0.0,1.394399356252393,12.57418721431926,-12.158759463026726,0.0,3.9361082877168654,0.6030729287303211,0.0,0.0,0.0,-2.103372431883319,0,0,0,0,0,0,-1.6413602859986485,1.9330336065701608,-2.589008877031719,-0.0346800928347818,0.1281335767081144,-0.008847298250799
data/sensor_images/image_437.png,surface,0.0,0.0,2.9361822383515865,-20.796391863175128,1.1340739991988933,0.0,-3.519265736247234,0.4882479560362164,0.0,0.0,0.0,4.161166639158317,0,0,0,0,0,0,-2.7739494070826107,-1.6390487986297022,0.8862781071527721,-0.1074435567549531,0.2043589588460986,-0.2485929218521474
data/sensor_images/image_438.png,surface,0.0,0.0,1.5848045557964523,13.087915142149576,0.3916434824920039,0.0,-2.823273546570244,0.8743546111998367,0.0,0.0,0.0,-1.87418231177824,0,0,0,0,0,0,-0.9881797874135312,1.703526660023507,-1.9878039195301,-0.0409841358616003,0.1425736096205474,0.0152041278603311
data/sensor_images/image_440.png,surface,0.0,0.0,2.8134015797851504,21.41568764907312,-4.369332880874466,0.0,-3.741450170828586,0.4620486172428845,0.0,0.0,0.0,0.4465185011207673,0,0,0,0,0,0,-2.862447950218461,1.5930102837275977,0.4437003331239642,0.0102818207360251,0.2611319920020183,-0.0787885175305191
data/sensor_images/image_442.png,surface,0.0,0.0,1.6851894362521975,-21.901728262129687,9.647398159616124,0.0,0.5672714645485545,-1.587814276399929,0.0,0.0,0.0,-3.3018049760797865,0,0,0,0,0,0,0.6060098943944112,-0.7618419769822022,-1.020511293279767,0.0139693553059998,0.0923324784418863,-0.0640904432797944
data/sensor_images/image_443.png,surface,0.0,0.0,1.713564935135406,-18.876704006900884,5.899816966299629,0.0,2.352151589468318,-1.739884370778976,0.0,0.0,0.0,-3.995387348774151,0,0,0,0,0,0,0.6212319347140255,-0.9756747525211285,-1.7546675840676575,0.0031737515690461,0.0718327901723393,-0.0734634278086408
data/sensor_images/image_444.png,surface,0.0,0.0,2.3563206467338507,8.146268290297948,4.852978275061187,0.0,4.961204178440242,-0.5021958143285719,0.0,0.0,0.0,0.0016733232806487,0,0,0,0,0,0,0.9928503439809704,1.2115874450273123,-1.3482662769150855,0.0114260727641064,0.1143455668273083,-0.1613115009564976
data/sensor_images/image_445.png,surface,0.0,0.0,1.5885337561670982,19.255954775541163,-3.716085632433422,0.0,-4.145450690488738,-1.1529365615219536,0.0,0.0,0.0,0.6011004218628351,0,0,0,0,0,0,-1.0973385550386354,2.2921877225567817,-2.317570676196558,-0.0263491964679761,0.1997933741091438,-0.1060210522594649
data/sensor_images/image_446.png,surface,0.0,0.0,2.658055280137253,-3.917656416406673,6.089165135447467,0.0,2.460578071186007,0.8466239292702868,0.0,0.0,0.0,4.829261885102724,0,0,0,0,0,0,0.7439373986043203,-0.7001472009989925,-1.520785218854431,-0.0490504885798785,0.0107837887346853,-0.1435825795589784
data/sensor_images/image_447.png,surface,0.0,0.0,2.175617453305562,24.81628839587823,-0.003294054873851,0.0,1.3947063471971233,-2.9362263721154203,0.0,0.0,0.0,4.787558516648877,0,0,0,0,0,0,-0.3492332621738536,3.281705967939456,-1.4453053360765844,0.0088266176704514,0.1684827918678387,-0.0957538623715737
data/sensor_images/image_448.png,surface,0.0,0.0,2.8274188314319924,21.23784601107162,1.918213099650964,0.0,3.0863627773760145,1.4879303908515982,0.0,0.0,0.0,4.678777743170597,0,0,0,0,0,0,0.30686684669083,0.7913287837495775,-0.0273811418732256,-0.0336815850342272,0.082021644941152,-0.1227216219449777
data/sensor_images/image_451.png,surface,0.0,0.0,0.7919330223976688,11.045461248146104,-3.5819951526538474,0.0,1.0896269847229805,-0.452042885567865,0.0,0.0,0.0,2.7528528771103105,0,0,0,0,0,0,-0.9858336595719148,1.437232558007178,-2.8976667846625275,-0.0326519028995363,0.1385517894934699,-0.1223490778356953
data/sensor_images/image_453.png,surface,0.0,0.0,2.621823098867441,-0.0309226358119291,18.652604486484,0.0,-2.627705288699816,0.5759726105463117,0.0,0.0,0.0,-3.25156037627106,0,0,0,0,0,0,-1.6269565619137156,0.1795483518756843,1.9232058230601687,-0.0787160176440603,0.2335818774620536,-0.0503905575065503
data/sensor_images/image_454.png,surface,0.0,0.0,1.5164912076635093,-0.3317460480204484,15.487745824891771,0.0,-2.0989535458727726,4.158559648355165,0.0,0.0,0.0,-4.45613791844128,0,0,0,0,0,0,0.9438780189621286,0.7339816423054274,-2.889287195143829,-0.0490611680240137,0.1326399794189016,-0.0396333137399692
data/sensor_images/image_455.png,surface,0.0,0.0,2.250034591104748,-2.146629538590481,-8.839100675329938,0.0,-1.182095137257856,-4.050810724767593,0.0,0.0,0.0,-2.3097933974483964,0,0,0,0,0,0,-1.7862926260562202,1.2445721996501995,-1.5879643252036202,-0.0002068815555583,0.1521890832451131,-0.0271509173612522
data/sensor_images/image_456.png,surface,0.0,0.0,2.9217561366845644,17.410798564609717,-10.379420934447513,0.0,-1.6764502794118907,-3.545665280146857,0.0,0.0,0.0,-3.007836864794778,0,0,0,0,0,0,-1.919027188862072,3.397161200509053,-0.9378446428320868,0.0671589563768597,0.1827903532678709,0.0073384564310857
data/sensor_images/image_459.png,surface,0.0,0.0,0.6185763268946354,13.35985284081186,20.779242435576474,0.0,4.062070874553376,2.644094885493842,0.0,0.0,0.0,4.515566863559968,0,0,0,0,0,0,1.4969029153777196,1.608576349444958,-1.8167139195740711,0.0085355571169527,0.1773637874695851,-0.14438743225102
data/sensor_images/image_460.png,surface,0.0,0.0,1.346509187565573,17.7258550129073,-1.6771104931969985,0.0,-0.097613404535602,0.7696605141521534,0.0,0.0,0.0,-4.454909306046328,0,0,0,0,0,0,-0.8754678469983179,2.082956502404467,-2.6374242410953244,-0.0502165792939249,0.1333853781770383,0.0240720891754639
data/sensor_images/image_462.png,surface,0.0,0.0,1.8419574790849915,-13.292836862551754,-18.723498728679026,0.0,-2.5368876935957165,-2.5897461025175423,0.0,0.0,0.0,-2.913539695483236,0,0,0,0,0,0,-2.6211439299839845,-0.592298610302429,-1.3259795596439932,-0.0444834266597494,0.1472277069872143,-0.0514888241999659
data/sensor_images/image_463.png,surface,0.0,0.0,2.008039641404049,-9.424503555797648,-6.7761642543037786,0.0,2.171590172325474,1.2932363823942623,0.0,0.0,0.0,4.3584965083004015,0,0,0,0,0,0,-0.6066273481394955,-1.033713953018606,-1.7905897416162362,-0.0960998737442869,0.0787529303107152,-0.1548520047852163
data/sensor_images/image_464.png,surface,0.0,0.0,2.9735144200753107,-21.7331366895142,-4.615670802585208,0.0,3.2324143962572847,-1.0595579152582784,0.0,0.0,0.0,1.3879350727018718,0,0,0,0,0,0,1.625687648091268,0.5878086310741623,4.098748567838955,-0.0667583214801351,-0.0786387684002312,-0.1585600763669009
data/sensor_images/image_465.png,surface,0.0,0.0,2.9170062125471583,-12.733947828997923,-15.2047928459428,0.0,-0.0081857821897007,-1.75196464032257,0.0,0.0,0.0,1.359759323893984,0,0,0,0,0,0,-1.320880337615351,2.6019198781355697,2.934895858168883,0.0524486072804156,0.1446038239321807,-0.1987074308509737
data/sensor_images/image_467.png,surface,0.0,0.0,1.918703211641278,-5.9413417232476,17.997046739283476,0.0,-0.6792592599496965,-0.961153720078998,0.0,0.0,0.0,-1.3683964996727251,0,0,0,0,0,0,0.5305229811126065,0.6610371305017482,-1.5241084431006768,0.0207346600121317,0.1462034105493317,-0.0542804314279515
data/sensor_images/image_468.png,surface,0.0,0.0,2.715157128368363,1.4327963856024333,-17.30675366494937,0.0,-4.425529156699778,-0.9672866083676293,0.0,0.0,0.0,1.988206776559558,0,0,0,0,0,0,-3.7210559122237545,0.491750595719149,-0.8766668074413457,-0.0668071270846573,0.2214818191646312,-0.1437159533958816
data/sensor_images/image_470.png,surface,0.0,0.0,1.0023281295756257,13.80851931382232,18.5013476182273,0.0,-2.803368990705915,-3.609449502925571,0.0,0.0,0.0,-2.387716922428281,0,0,0,0,0,0,1.568563433589962,2.2617940798909384,-2.9272523027344586,-0.0206475084071992,0.1446093691389093,-0.0109128886421869
data/sensor_images/image_472.png,surface,0.0,0.0,1.8280232458392416,-11.06179918063898,10.31896903239877,0.0,-0.8317187937210657,-4.038387525149306,0.0,0.0,0.0,-3.4158972693084344,0,0,0,0,0,0,0.5872447286495169,-0.4000373567311388,-2.807146582371615,0.0056808627487789,0.1287511040878956,-0.0713007590544477
data/sensor_images/image_473.png,surface,0.0,0.0,2.775179097617826,0.7851099984961681,11.481327464696916,0.0,1.8122395511350669,-0.9529157002399782,0.0,0.0,0.0,1.3164700164268446,0,0,0,0,0,0,1.9885218913220395,1.23476872610507,-1.1699123727754626,0.0572095165117853,0.0517120437743103,-0.1487381424463837
data/sensor_images/image_474.png,surface,0.0,0.0,0.5143406188052044,-13.859569875626104,13.316687196866546,0.0,0.4823710224988385,4.127181815884455,0.0,0.0,0.0,-4.638038489244246,0,0,0,0,0,0,1.1530469899832756,-0.6988943810987004,-3.129544335746472,-0.0217023913047659,0.1230267821714349,-0.0854975705027308
data/sensor_images/image_476.png,surface,0.0,0.0,2.020588742171717,-15.747561890672651,-3.48693118580546,0.0,1.2396600931643478,2.932695488511385,0.0,0.0,0.0,0.6555475938225399,0,0,0,0,0,0,-0.5181960766697501,-1.8828866985522268,-1.496256682858004,-0.0828133845907574,0.0748567792707431,-0.1735390457494496
data/sensor_images/image_477.png,surface,0.0,0.0,2.849111242008251,17.319047068201,-1.0705237527008142,0.0,2.3678092546375384,-1.0654577978448112,0.0,0.0,0.0,0.0913860029594273,0,0,0,0,0,0,0.0380181975131437,2.526332387178134,-0.6768570185961565,0.0491479399837214,0.0853227049456859,-0.1372187692469015
data/sensor_images/image_478.png,surface,0.0,0.0,2.363039830232167,1.469951434279774,23.289332621538083,0.0,0.8918520020060106,-0.3014806609924865,0.0,0.0,0.0,4.890937247174081,0,0,0,0,0,0,2.18406363232751,0.6794909714512473,-2.080868414536425,0.0451754874612114,0.0693980160205869,-0.1402630105898589
data/sensor_images/image_480.png,surface,0.0,0.0,2.0869978919183807,-18.02119854719724,6.694310336359236,0.0,-2.255154244633604,-1.983796846002468,0.0,0.0,0.0,1.9719205230382109,0,0,0,0,0,0,-0.1197045298837861,-0.4560985824221302,-0.7410243628297972,-0.0053506936087412,0.0907008047236438,-0.2010401154758374
data/sensor_images/image_481.png,surface,0.0,0.0,1.4242991603243458,3.466886128726633,-21.694596198124405,0.0,-2.623790941798129,1.847917051648708,0.0,0.0,0.0,-2.383527456592882,0,0,0,0,0,0,-2.792641345901572,0.6631190220804775,-2.4411378387793,-0.0543343900693681,0.1422896858240749,0.0077820937267135
data/sensor_images/image_483.png,surface,0.0,0.0,0.5492118955410348,-13.583728852571626,11.348025396009184,0.0,-2.266886734658977,4.167298592215372,0.0,0.0,0.0,-1.4185146881621329,0,0,0,0,0,0,0.6953271081599447,-0.6416194131279168,-3.1789237819461973,-0.0289568191660411,0.1299288674222387,-0.0684494694370514
data/sensor_images/image_484.png,surface,0.0,0.0,1.8869753444074413,0.7228351411499981,3.4968440493764725,0.0,-0.7763574829733872,3.873999314193633,0.0,0.0,0.0,-0.99393133471799,0,0,0,0,0,0,-0.0961417723405728,0.5394703769593739,-2.5364447645578214,-0.0705459155784194,0.1341113791993573,-0.0221688801651843
data/sensor_images/image_485.png,surface,0.0,0.0,1.7683284778833377,-5.478759720758884,-6.325928182816142,0.0,-4.234685188834345,0.9135631608477652,0.0,0.0,0.0,4.66676015987195,0,0,0,0,0,0,-1.6467567303222834,-0.4957658922981666,-2.76242317585388,-0.0611681947312445,0.1404158311845613,-0.1708448090078403
data/sensor_images/image_487.png,surface,0.0,0.0,1.5703666547236868,12.348471919048276,-16.65812947593984,0.0,3.97699920857582,-2.6160912451604954,0.0,0.0,0.0,-3.9397940629998014,0,0,0,0,0,0,-2.153240552192949,1.573286012948255,-2.1322522242064506,-0.0366617244600075,0.1478076166951598,-0.0156618050550158
data/sensor_images/image_488.png,surface,0.0,0.0,1.2422300634423236,15.363742210646306,8.830424264090945,0.0,2.077514399729836,1.0814036145801271,0.0,0.0,0.0,-2.5138186987948896,0,0,0,0,0,0,0.4456569022021055,2.165016034916905,-2.375201701810684,-0.0571668339498919,0.1410197647023271,-0.0138976027296234
data/sensor_images/image_489.png,surface,0.0,0.0,2.176024604159811,19.041220126803804,1.491395460796184,0.0,0.4785511906160218,1.7004178383877442,0.0,0.0,0.0,-2.85745942072548,0,0,0,0,0,0,-0.2740389963222213,1.6688191798258478,-1.592005733099188,-0.091565081977816,0.1450192427689744,0.0260979475266262
data/sensor_images/image_490.png,surface,0.0,0.0,2.3828218206442324,-6.150479565415718,-6.526102022402816,0.0,-1.1853492640727843,-2.5251421577844115,0.0,0.0,0.0,4.871757277602374,0,0,0,0,0,0,-1.5540589103536449,0.4017409926817398,-2.0650520728915795,0.015065747250007,0.151667292198131,-0.1922292635546238
data/sensor_images/image_491.png,surface,0.0,0.0,2.4284892200680392,20.235193411476693,11.519241217526424,0.0,0.0559754571157646,-4.258164139307291,0.0,0.0,0.0,-0.5123368322691002,0,0,0,0,0,0,0.522743409371866,3.2964304247595924,-1.4275145900028288,-0.0034431801380494,0.1236809260593463,0.0105929016589888
data/sensor_images/image_492.png,surface,0.0,0.0,1.4858798123054946,-22.650094045575024,7.202027615893909,0.0,-2.285852928449028,1.0610122205979748,0.0,0.0,0.0,-3.096523840621399,0,0,0,0,0,0,0.1882083225615593,-1.702528642795178,-1.6304095591874912,-0.0545649125926743,0.1104909747727591,-0.1088594593220876
data/sensor_images/image_493.png,surface,0.0,0.0,0.9784733953721598,14.157918914804148,-3.284685462216593,0.0,0.0787298804039392,3.683510529085911,0.0,0.0,0.0,2.6537956944636782,0,0,0,0,0,0,-1.5214699865467112,1.6893293638454332,-3.792054161345746,-0.0473412196675614,0.1742215656584496,-0.1406801311020225
data/sensor_images/image_494.png,surface,0.0,0.0,1.2351252741862262,1.2856713248581026,16.588361309508795,0.0,1.569809980424299,-1.590229570614126,0.0,0.0,0.0,3.892236591212773,0,0,0,0,0,0,1.310897673045052,0.7894773137536147,-3.4982542386662066,0.0109063023308393,0.117473460505272,-0.1540529355915138
data/sensor_images/image_495.png,surface,0.0,0.0,1.8368352748667875,9.4783171496972,1.891964298144,0.0,2.724069092300783,0.0221274103422151,0.0,0.0,0.0,-0.4646776071433978,0,0,0,0,0,0,-0.5527484892839138,1.3456966259223695,-2.2819033548404675,-0.0455890414862467,0.1039267174011388,-0.0085425317131384
data/sensor_images/image_497.png,surface,0.0,0.0,2.487182444343432,9.665189569856585,-14.339154522753448,0.0,-0.7148592865538607,1.657058629288044,0.0,0.0,0.0,-0.94617353691513,0,0,0,0,0,0,-2.422871719841189,0.6347901667062719,-0.6055324610591013,-0.0986261976186487,0.1795930192206397,0.0232639175377988
data/sensor_images/image_498.png,surface,0.0,0.0,2.2993409787796053,-20.03513784024524,2.63730686898948,0.0,-2.3122442856999825,1.3267600824372547,0.0,0.0,0.0,-1.7935644476242594,0,0,0,0,0,0,-0.7396511590332311,-1.98394923309124,-1.1584581560311098,-0.1116255056843352,0.1578582031430835,-0.1129779431028495
data/sensor_images/image_499.png,surface,0.0,0.0,0.9359247664786668,-15.168328326249751,-4.992814419522872,0.0,-1.0631571683482886,1.8502998880607124,0.0,0.0,0.0,-3.5034081938089123,0,0,0,0,0,0,-1.505859105954657,-1.1967967628298988,-3.253737102488508,-0.061877307955933,0.110382869272964,-0.0599536815531692
data/sensor_images/image_504.png,surface,0.0,0.0,0.779783416224848,-20.623874030860904,-5.550543121360479,0.0,2.4546447491317664,-3.101247735549814,0.0,0.0,0.0,3.13800253174454,0,0,0,0,0,0,-1.3268438527167312,-1.7920583090394877,-2.849346139751467,-0.0463722607628242,0.0568215045832087,-0.1865212294250193
data/sensor_images/image_505.png,surface,0.0,0.0,2.591444626658891,20.17996468696515,6.878051424825816,0.0,-3.238702515950247,-1.7245594244424107,0.0,0.0,0.0,2.419148725736923,0,0,0,0,0,0,-0.5605990463461948,2.8605372955496207,-1.4170409175798544,0.0504435283704009,0.2403595002530827,-0.1143259447088768
data/sensor_images/image_506.png,surface,0.0,0.0,2.196047286508513,-7.013827170133932,-21.58663180102456,0.0,-1.1782704948768452,-0.2198323962226355,0.0,0.0,0.0,-4.338222078563253,0,0,0,0,0,0,-3.182924738200213,0.0937928549411275,-1.775929812265224,-0.0697142962285857,0.198265462934103,-0.0480947709437267
data/sensor_images/image_507.png,surface,0.0,0.0,2.279742816886878,-11.540023425826888,-15.534765670303734,0.0,4.114501825374513,-0.6305964461455063,0.0,0.0,0.0,0.989836801745808,0,0,0,0,0,0,-0.9546420599246312,-0.1933235199750648,-0.6309434205992352,-0.1022720678233944,0.0285714558824555,-0.157022317837009
data/sensor_images/image_508.png,surface,0.0,0.0,1.7185721896392046,-4.394089006939085,0.6838241276167659,0.0,-3.35562767516714,-2.8318561739542667,0.0,0.0,0.0,-0.4807230612578888,0,0,0,0,0,0,-0.4113343644975971,0.3488765953193157,-3.2474054636354888,-0.0416765462554566,0.1576345040120387,-0.0359571328053811
data/sensor_images/image_509.png,surface,0.0,0.0,2.011763037024724,9.350445904277269,10.578841638384333,0.0,0.5898863277876234,4.184419108827698,0.0,0.0,0.0,0.7490991899513686,0,0,0,0,0,0,0.5255811195433542,0.9214359512008942,-2.207203962660926,-0.0227406195433963,0.1595532841289516,-0.169523871937807
data/sensor_images/image_510.png,surface,0.0,0.0,1.570284055781909,-0.0400565125096653,-13.804468710014914,0.0,-0.8529585798167236,2.638467846296363,0.0,0.0,0.0,-3.341449966551342,0,0,0,0,0,0,-2.0611561851857574,0.2505578359305451,-3.0659490255818174,-0.0828104975744106,0.1563474929502485,-0.0341130739546109
data/sensor_images/image_512.png,surface,0.0,0.0,2.474477906426136,-6.511256149561021,-6.8726955317822505,0.0,2.813023080872432,-4.077330352246271,0.0,0.0,0.0,3.8932170874488055,0,0,0,0,0,0,-0.5739424138994083,0.6364949238906654,-1.560315042500518,0.0141003593217423,0.1018954259116245,-0.186266980194843
data/sensor_images/image_513.png,surface,0.0,0.0,0.9994110283223446,-21.725576850920497,-3.296134624918972,0.0,-2.928220817168267,3.894544176314734,0.0,0.0,0.0,2.4820421047534307,0,0,0,0,0,0,-1.1332862615722237,-2.045490465056371,-2.8466585661029624,-0.0633841989394573,0.0718817836461176,-0.2170783100812329
data/sensor_images/image_514.png,surface,0.0,0.0,2.689740100025344,15.580496174415485,-17.504974213568175,0.0,4.050222072539495,-2.775785855946854,0.0,0.0,0.0,4.998577131613823,0,0,0,0,0,0,-1.4027344079736548,2.976674014640724,-1.3586708591834782,0.019385323164488,0.1337570091929191,-0.1372186413422652
data/sensor_images/image_515.png,surface,0.0,0.0,1.265022595130738,2.961850334982008,-15.635035485523671,0.0,-3.136428095015318,-1.9110925997479464,0.0,0.0,0.0,-3.908546376291076,0,0,0,0,0,0,-2.4168743174257874,1.350100483060927,-3.073127764179976,-0.0549943710532888,0.151461377315811,-0.0061579294923242
data/sensor_images/image_516.png,surface,0.0,0.0,0.8689162716064296,-22.38338920931408,9.766551199763,0.0,0.1172390092852629,3.4719427716137576,0.0,0.0,0.0,-1.1103727832680388,0,0,0,0,0,0,1.0213952722050772,-1.8571009284183384,-2.8305096825144225,-0.0446993321113604,0.1151401613866572,-0.1045125647456231
data/sensor_images/image_517.png,surface,0.0,0.0,2.086372653253422,8.154573674213285,15.80111174504757,0.0,-3.72846695947028,1.8982227703154149,0.0,0.0,0.0,-1.0117801846320518,0,0,0,0,0,0,0.9091115114462058,1.3424866987392974,-2.2981719585880933,-0.0533469357410916,0.1794504214617391,-0.0290569423330639
data/sensor_images/image_518.png,surface,0.0,0.0,1.811024373249244,13.813793933218909,-1.9246570278334585,0.0,1.384080671087336,3.1841045175760816,0.0,0.0,0.0,1.6281978556379464,0,0,0,0,0,0,-0.7969403180769996,1.9999846545323967,-2.9718789631435616,-0.0596268810758919,0.1728638240644452,-0.1436781190695155
data/sensor_images/image_519.png,surface,0.0,0.0,1.2288337232634463,11.771293734342745,1.0981058092368288,0.0,2.705685482309701,0.5857538016866047,0.0,0.0,0.0,-0.6858940486926777,0,0,0,0,0,0,-0.2305679892081887,1.6302092315128356,-3.2053916700733054,-0.0536971451420565,0.1556392493408057,-0.0159055674427824
data/sensor_images/image_520.png,surface,0.0,0.0,2.070426804308349,-16.88464465677051,5.922595165821117,0.0,1.2776919192829062,-2.574972492434954,0.0,0.0,0.0,4.054046112914634,0,0,0,0,0,0,0.5955038161209456,-0.3852758420555193,-2.080466481200851,0.0226554133974566,0.059240005241086,-0.2166468072693096
data/sensor_images/image_521.png,surface,0.0,0.0,2.285879685110257,-3.1025671183452204,-22.671415758125672,0.0,2.104937674431369,-2.2366018448795777,0.0,0.0,0.0,1.3312359062181232,0,0,0,0,0,0,-2.108233997234448,1.2657844752546268,-0.4694603309500099,-0.0357265629474133,0.1066853470848793,-0.1647167793644209
data/sensor_images/image_522.png,surface,0.0,0.0,1.1814700194224543,-2.112688752210618,-21.38657423870616,0.0,3.2537055003924173,0.8348593393547149,0.0,0.0,0.0,-2.882627652638552,0,0,0,0,0,0,-2.426103414742144,0.2168713931038066,-2.4046701824685783,-0.0762613783679154,0.1262561981083846,-0.0055783464772769
data/sensor_images/image_523.png,surface,0.0,0.0,0.7916021011560224,-16.238242497306093,-19.071516679142167,0.0,-0.5085653772200729,-4.340879332578239,0.0,0.0,0.0,1.0779095936735317,0,0,0,0,0,0,-2.4413645826432977,-1.5334783731782349,-2.6270171423497226,-0.1318318438893132,0.0858053810986586,-0.1873099312841804
data/sensor_images/image_526.png,surface,0.0,0.0,1.3130628524761083,4.79728504339854,-15.97124911973406,0.0,2.7701791038153174,-3.0885612099849364,0.0,0.0,0.0,-2.429275482102222,0,0,0,0,0,0,-2.101552490928598,1.36282486999498,-3.303001988191326,-0.0440804173491896,0.148037020760669,-0.0053403196743573
data/sensor_images/image_529.png,surface,0.0,0.0,0.5373999504418236,-3.8422113581200943,-17.174910128635787,0.0,2.1287789720030137,-0.3385017510836812,0.0,0.0,0.0,-4.722445059613207,0,0,0,0,0,0,-2.516920895578851,0.1486823669081352,-3.7915563353785178,-0.0574735593300643,0.1368335064450147,-0.0500528335184613
data/sensor_images/image_530.png,surface,0.0,0.0,1.695543429259709,-3.26064783880888,-19.209922029213782,0.0,-1.0287903702660877,-0.3608667278549786,0.0,0.0,0.0,1.7342440049313217,0,0,0,0,0,0,-2.918017748233128,0.36850950882465,-2.846203811372794,-0.1014202200774205,0.1868484232606589,-0.1609588990460183
data/sensor_images/image_531.png,surface,0.0,0.0,0.8087253542031276,-14.039806292970177,-13.898756059961752,0.0,1.2113275183989267,1.1962712948932652,0.0,0.0,0.0,2.738691295310632,0,0,0,0,0,0,-1.1001074949690737,-1.1828743392290617,-3.508209857471993,-0.1086060529822541,0.116431868313325,-0.190607098516423
data/sensor_images/image_532.png,surface,0.0,0.0,2.633069558528721,-8.71642926351424,-11.87083156130032,0.0,-3.608341186375413,-3.152963464381401,0.0,0.0,0.0,-4.352821235740966,0,0,0,0,0,0,-2.4606350050816603,0.4822896317082712,-1.146779910584795,-0.0303700142817722,0.2151008902660507,-0.062934572288828
data/sensor_images/image_533.png,surface,0.0,0.0,1.1494418720448667,7.378001001633288,23.119033985509965,0.0,4.115111713015039,0.7069502182538779,0.0,0.0,0.0,3.7923359040062863,0,0,0,0,0,0,1.5863897745515525,1.1970460188078844,-3.727514201744434,0.0245306028520843,0.1267056838287693,-0.1471447137134842
data/sensor_images/image_534.png,surface,0.0,0.0,1.5100085861524395,-2.4317744059900366,5.762141480335281,0.0,2.244903029588581,2.448231904675139,0.0,0.0,0.0,-3.2963102266971536,0,0,0,0,0,0,0.3180861207441396,-0.0657730828546031,-3.751164497832616,-0.0696486341998279,0.137832761206388,-0.0461791360451006
data/sensor_images/image_536.png,surface,0.0,0.0,0.8728569645167199,3.958735881232175,6.265817764412706,0.0,-0.0226822930669708,3.280132679114172,0.0,0.0,0.0,4.798436325772624,0,0,0,0,0,0,0.5233400360702536,0.7036445063788226,-4.04151540086931,-0.0497437692659886,0.1705501665485174,-0.1761336646787034
data/sensor_images/image_538.png,surface,0.0,0.0,1.4000882732255555,11.680582170921893,22.066034731188186,0.0,-0.8912336263551982,-4.727858569210198,0.0,0.0,0.0,0.1310136516045226,0,0,0,0,0,0,1.6882628755325766,1.7042213464076776,-2.916136362237729,0.0367912992517658,0.156646012254454,-0.1208163198217137
data/sensor_images/image_540.png,surface,0.0,0.0,1.9394461130897505,8.955900448556726,6.916445359851668,0.0,3.782247258252554,0.7653264524470058,0.0,0.0,0.0,-4.974797610319374,0,0,0,0,0,0,0.6005039156709668,1.6612413205943846,-3.422576179405264,-0.0555432949462168,0.1228779890351942,-0.0381595270295556
data/sensor_images/image_541.png,surface,0.0,0.0,2.599765363562552,4.008711868289684,-20.566219900950905,0.0,-3.0508392952900314,2.871491894405044,0.0,0.0,0.0,2.60820284078621,0,0,0,0,0,0,-3.5418834321460686,0.4658289060191901,-1.4652102315353386,-0.129458089491014,0.2192167510820203,-0.10376463181439
data/sensor_images/image_542.png,surface,0.0,0.0,0.9386457518584024,8.79748234637566,-11.048205920196196,0.0,1.3262322127282535,3.3352277604755,0.0,0.0,0.0,-0.5754388418484302,0,0,0,0,0,0,-1.6498530052903495,1.448388201242986,-2.8848036985630285,-0.0469158498267297,0.146166119321207,-0.0034538927138532
data/sensor_images/image_543.png,surface,0.0,0.0,2.1933538825025973,5.587283357663362,-8.215619790162794,0.0,1.157695514927242,2.543339051940872,0.0,0.0,0.0,-0.9582798666215906,0,0,0,0,0,0,-0.7028271133464221,0.6708178966991221,-2.6048877358637177,-0.0789398553048946,0.1414853549089999,0.0081941448184914
data/sensor_images/image_544.png,surface,0.0,0.0,2.364643909733473,4.104132809728924,-17.42912876782273,0.0,1.421496804506457,0.0024930294572168,0.0,0.0,0.0,-4.02709190003888,0,0,0,0,0,0,-1.1126285678552132,1.135963810696068,-1.5261980555851995,-0.0524094389997292,0.1179214288528541,-0.0096361681875887
data/sensor_images/image_545.png,surface,0.0,0.0,1.3600022149764226,9.411442944399672,-2.865711236455215,0.0,2.58783087381102,-4.154794592176844,0.0,0.0,0.0,2.6510442551729767,0,0,0,0,0,0,-0.9463822605934522,1.2327514060996565,-3.786222389188588,-0.0300192382427467,0.1651729469897467,-0.1472859093985845
data/sensor_images/image_546.png,surface,0.0,0.0,0.7857442028207141,-15.650887764981722,13.837827921753158,0.0,-0.0803762249304232,3.647557401311723,0.0,0.0,0.0,-4.356078254909464,0,0,0,0,0,0,1.93394578138276,-1.3373030836704505,-3.460751782515104,-0.0427649096953641,0.1472003186479874,-0.1042767864067818
data/sensor_images/image_547.png,surface,0.0,0.0,2.355506891568739,1.951360725562604,-22.13564131819318,0.0,0.289234825836023,2.167674400908536,0.0,0.0,0.0,-2.5584256917241746,0,0,0,0,0,0,-3.145331466595376,-0.0195844738403363,-2.224151082471967,-0.1241117170065736,0.1570144029055087,0.0199272123456345
data/sensor_images/image_548.png,surface,0.0,0.0,1.803676314957936,1.6744668937853393,14.48467949568591,0.0,-2.4415782444829466,4.078308910847833,0.0,0.0,0.0,-4.33144874872752,0,0,0,0,0,0,1.498916610522972,0.2149705470025952,-3.443195436478148,-0.0470251076830868,0.161040726620985,-0.0566215886711071
data/sensor_images/image_549.png,surface,0.0,0.0,1.6743283092595416,1.1064168189617996,8.075211331906177,0.0,3.3644279260792502,-0.2598283495756359,0.0,0.0,0.0,-2.4192693589230743,0,0,0,0,0,0,0.8066323150992134,0.914661899586135,-3.871986716535373,-0.0522371930108329,0.1221354147792738,-0.0357564232614729
data/sensor_images/image_550.png,surface,0.0,0.0,2.59277509924708,-13.09002969360206,-4.487737123755535,0.0,-2.446803947590155,3.5961046552355924,0.0,0.0,0.0,3.778524053232058,0,0,0,0,0,0,-1.633892596673193,-2.597381855901387,-2.3587117581646297,-0.1620365085560581,0.1653339279354262,-0.2053053479494947
data/sensor_images/image_551.png,surface,0.0,0.0,1.732265318242448,3.362265434053147,14.74110872341918,0.0,0.8540811501732687,-0.8182801642925069,0.0,0.0,0.0,1.8961354019215388,0,0,0,0,0,0,1.4398660533413168,0.8301994378203634,-4.021438626661433,0.0256821968508151,0.1360321349324123,-0.1600545764840623
data/sensor_images/image_552.png,surface,0.0,0.0,1.2374386484604232,-22.707629669444625,4.937195434373918,0.0,3.748531894064674,1.1988983709802468,0.0,0.0,0.0,3.1135638890260218,0,0,0,0,0,0,0.0906009841409536,-2.45010703878568,-3.70068660938709,-0.0323434169851651,0.0599931962736189,-0.2164171328063529
data/sensor_images/image_554.png,surface,0.0,0.0,1.174617969040065,11.756233190785688,-9.953025277769466,0.0,-2.255917604943987,2.051534594628006,0.0,0.0,0.0,-3.90766334289765,0,0,0,0,0,0,-1.783917545612974,2.3027236337561567,-3.990151064416274,-0.059028170964991,0.1710705401803225,-0.0004014796533937
data/sensor_images/image_555.png,surface,0.0,0.0,1.190713720379397,3.699223332896405,-13.14635563832958,0.0,0.0241233837956557,-4.729456932628283,0.0,0.0,0.0,4.547764629028213,0,0,0,0,0,0,-1.7946677014438357,0.8171029538718048,-3.894029788729492,-0.0556840004927917,0.1781611196678207,-0.1438376786988124
data/sensor_images/image_556.png,surface,0.0,0.0,1.0218369736541093,21.030056856714697,10.827382761297311,0.0,2.684970182389188,-4.143364046851351,0.0,0.0,0.0,-4.836604143431458,0,0,0,0,0,0,0.6002726978887745,2.889230625324637,-3.7765064327711126,-0.0476856023700737,0.1563548704624383,0.0047979382560924
data/sensor_images/image_557.png,surface,0.0,0.0,0.7584683096199116,-12.44653927733062,15.212834230270838,0.0,1.8864915829906643,3.90730250858877,0.0,0.0,0.0,-3.2967937441995776,0,0,0,0,0,0,1.3775813446509029,-1.162433888890654,-3.746199921126852,-0.0223989417810311,0.1280908583317954,-0.0899575275091007
data/sensor_images/image_558.png,surface,0.0,0.0,2.5039389901710343,-1.716771876503553,0.6130228336847786,0.0,-1.9394190353053085,0.0373694183902094,0.0,0.0,0.0,-3.889034601487161,0,0,0,0,0,0,-1.152692798162178,0.5558014115644482,-2.682425944427928,-0.0662522824443264,0.2361252944202031,-0.0539392924807272
data/sensor_images/image_559.png,surface,0.0,0.0,2.251712335514002,19.423344395727675,-15.979977992297698,0.0,-0.7340184269793493,0.1866714667859064,0.0,0.0,0.0,-1.0723080530058438,0,0,0,0,0,0,-3.613614299745071,2.3780450409901923,-2.768745316428233,-0.0487510866566167,0.2376402675305285,0.0269602010586547
data/sensor_images/image_560.png,surface,0.0,0.0,1.458032963496124,19.40946160902932,7.883327667035338,0.0,0.4722771081401205,0.8588190902215967,0.0,0.0,0.0,4.092230795617027,0,0,0,0,0,0,0.544950514439602,3.1010111287964186,-3.988132398171077,-0.0647177376929466,0.1861393973349736,-0.1270533848172269
data/sensor_images/image_561.png,surface,0.0,0.0,2.312461172111708,-10.644771113769322,-5.2880349250644265,0.0,-0.5330622432905741,1.0231156018861591,0.0,0.0,0.0,-2.780870404538278,0,0,0,0,0,0,-1.728724683962314,-1.9319914649592,-2.9191763522385648,-0.1402070457524584,0.1551987807438359,-0.0506242535278906
data/sensor_images/image_562.png,surface,0.0,0.0,2.90311444200932,-1.76869136398245,17.897614388931828,0.0,2.3380263910227748,0.915825105162938,0.0,0.0,0.0,1.244356335221573,0,0,0,0,0,0,2.7625396136160583,-0.1205246404212643,-1.4806529708154188,-0.026825915187002,0.0438440770348029,-0.2036236992296951
data/sensor_images/image_563.png,surface,0.0,0.0,1.6656214875757502,7.233263445155794,14.14163539278,0.0,0.9013279552267864,-4.447450444521909,0.0,0.0,0.0,1.053553938705143,0,0,0,0,0,0,1.3326748756274105,1.713717648269176,-4.407385288907453,0.0189829823197735,0.1460750264006602,-0.1570388461628767
data/sensor_images/image_564.png,surface,0.0,0.0,1.720713391347508,1.7333267219302415,14.472154695328689,0.0,-4.393842996667285,-1.1991994795929477,0.0,0.0,0.0,3.1614904761440066,0,0,0,0,0,0,0.8076073092676327,1.0762760524099857,-3.767228992710032,-0.0107262429423888,0.1678203619177341,-0.1620971319680412
data/sensor_images/image_565.png,surface,0.0,0.0,1.8226518862823369,-22.344198990415894,-7.667070594496018,0.0,0.6672976461273098,2.1550658240852685,0.0,0.0,0.0,2.125196351515882,0,0,0,0,0,0,-1.5465253715115466,-2.987987046872433,-2.51435857435085,-0.1277597300821908,0.0592402455108687,-0.2219533352066577
data/sensor_images/image_566.png,surface,0.0,0.0,1.1664004511390278,-18.21682759102289,8.45840420853204,0.0,4.246580579320048,2.505484450401257,0.0,0.0,0.0,-1.4573989933434883,0,0,0,0,0,0,1.3051673550044476,-1.3285489350165771,-3.657729465805427,-0.0641897411571611,0.1334216579658005,-0.0868657400961016
data/sensor_images/image_568.png,surface,0.0,0.0,1.720961805624565,19.397593165168395,9.72783726834608,0.0,-3.28676389219752,3.3223120828773807,0.0,0.0,0.0,-0.160699017035018,0,0,0,0,0,0,-0.1863558568059277,2.8740270198376168,-3.816020243103681,-0.0420810941928857,0.1581569759999486,-0.0018026351021859
data/sensor_images/image_569.png,surface,0.0,0.0,1.7518261525675498,-17.864576007367234,8.399809642600943,0.0,-2.119003642014624,3.293801800538603,0.0,0.0,0.0,0.1853595123275706,0,0,0,0,0,0,0.5568765786337448,-2.170548503676974,-2.8373939486837503,-0.0680752874494572,0.1398340442595269,-0.0924246701431736
data/sensor_images/image_570.png,surface,0.0,0.0,1.2232049337379218,-5.560982709771072,-13.63018586195679,0.0,3.5737637326964555,-1.278977252855754,0.0,0.0,0.0,-3.0446090813028013,0,0,0,0,0,0,-1.834057564393223,0.4247775707850861,-4.375019506008453,-0.0713723881427835,0.1557980028323583,-0.0414805136388936
data/sensor_images/image_571.png,surface,0.0,0.0,1.9557823337106748,-5.410772171893599,22.532467613294354,0.0,-2.652372172578235,-4.063315265007051,0.0,0.0,0.0,-2.88622694314534,0,0,0,0,0,0,1.762467163824906,1.2113163355858092,-2.9951461304659306,-0.0022546990313358,0.1493099506575412,-0.0618449288029451
data/sensor_images/image_573.png,surface,0.0,0.0,2.223946590433016,-13.20923264441621,9.953684970896898,0.0,-2.6997703418638257,-2.007376752710309,0.0,0.0,0.0,2.620581618496143,0,0,0,0,0,0,-0.0535426258121377,-0.2063022046801354,-2.0960659911397688,0.0435389582201853,0.129064857763717,-0.215372595791834
data/sensor_images/image_574.png,surface,0.0,0.0,0.867771178641762,-6.215028972236625,-2.216791825976052,0.0,1.8667172749238583,-3.415334878408036,0.0,0.0,0.0,-0.4211437905589674,0,0,0,0,0,0,-0.7430701042251668,-0.0362773388767702,-4.658873148191086,-0.0702101804565628,0.14582878210863,-0.0548879673452713
data/sensor_images/image_575.png,surface,0.0,0.0,2.105979424872855,11.507722524899576,-15.231072128491666,0.0,0.0696624034487543,2.8709383993217665,0.0,0.0,0.0,3.902475090085256,0,0,0,0,0,0,-2.4640648279295867,1.2337712982525173,-2.7031170516358967,-0.1101818736411738,0.1751695531157074,-0.1049684865737915
data/sensor_images/image_578.png,surface,0.0,0.0,1.6525696228825737,-1.336266121522944,-14.111265023011883,0.0,-2.260487646002745,4.369877743587948,0.0,0.0,0.0,2.3155289527118263,0,0,0,0,0,0,-2.988222111814479,0.1777998534449104,-3.772851175114694,-0.1014914279789973,0.1447970195018998,-0.1335218612472826
data/sensor_images/image_579.png,surface,0.0,0.0,2.4888919673049714,20.497946658146663,9.162189392897927,0.0,3.5740304049038483,-2.158419717935377,0.0,0.0,0.0,-3.625792042936257,0,0,0,0,0,0,1.1523101042700734,3.6018560968575333,-2.902098584660672,-0.0234335571967146,0.1501334728360293,0.0061368781052105
data/sensor_images/image_580.png,surface,0.0,0.0,2.7002347324548635,4.393817360058061,-17.24784526882765,0.0,4.135027299942175,0.3146238828305987,0.0,0.0,0.0,1.9085583339373289,0,0,0,0,0,0,0.0123721389597811,0.7543628083822691,0.118455368949201,-0.1096214201292579,0.0747644987997756,-0.1324497066494036
data/sensor_images/image_581.png,surface,0.0,0.0,2.295494309070013,1.9255992381042464,-21.814186751559745,0.0,-3.06679168227238,-1.177634662834969,0.0,0.0,0.0,-1.1903907384549497,0,0,0,0,0,0,-3.7043671832448073,1.1369662855736051,-2.4033330976578715,-0.0696872105861216,0.2109661932885051,-0.0113055941876634
data/sensor_images/image_582.png,surface,0.0,0.0,2.438130624823867,5.383332551664445,17.272309912145726,0.0,-0.1473035268271702,-1.3796990389338388,0.0,0.0,0.0,1.674995688821081,0,0,0,0,0,0,1.7493379683630232,2.144397233527424,-3.0721133481244367,0.0666849321959143,0.164271371438373,-0.1727293021249928
data/sensor_images/image_583.png,surface,0.0,0.0,2.829034481015776,13.130686830424748,-7.356993165382756,0.0,0.5298203767720154,1.7508297885954525,0.0,0.0,0.0,3.4236301209229527,0,0,0,0,0,0,-0.6276211164502093,-0.3395692545807606,-0.9029276038219476,-0.1726421053279762,0.1773758955001368,-0.1335613003023663
data/sensor_images/image_584.png,surface,0.0,0.0,1.711367869876612,17.190488415956573,-9.498772174058743,0.0,3.141451312271102,-1.0753538758395618,0.0,0.0,0.0,3.9684082614767,0,0,0,0,0,0,-1.4620049252224714,3.0017347233965586,-3.859795746184507,-0.0523032714043315,0.171946238910283,-0.1239137489541943
data/sensor_images/image_586.png,surface,0.0,0.0,1.425352213816518,1.91159256730608,16.71859851068298,0.0,-3.770205317819007,2.010870088096897,0.0,0.0,0.0,-1.8274721022627,0,0,0,0,0,0,1.521469296230868,1.0865208445274543,-3.9656719316659386,-0.0500978837443528,0.1682729660559281,-0.0497395989127118
data/sensor_images/image_587.png,surface,0.0,0.0,1.5715596052426697,-7.479724455500432,1.657932611165563,0.0,-0.9940085889006788,1.226336795639961,0.0,0.0,0.0,0.0129900107881875,0,0,0,0,0,0,-0.0076977157962064,-0.4281640410920181,-3.926334678098708,-0.0761995763520485,0.1595546473949934,-0.0839897735949981
data/sensor_images/image_588.png,surface,0.0,0.0,1.2903831207145189,17.654431196073972,-2.716487317648693,0.0,-1.942397762425458,1.1051209293890876,0.0,0.0,0.0,-0.137664189978917,0,0,0,0,0,0,-0.7930395792016534,3.2026678275206737,-3.6634100040682034,-0.0498814941697469,0.1797412479282015,0.0021949890788132
data/sensor_images/image_589.png,surface,0.0,0.0,1.2592853469657257,15.200138903062848,-2.085594778825559,0.0,-0.1695140549582131,0.2258882785563109,0.0,0.0,0.0,-0.2369867676326791,0,0,0,0,0,0,-0.5323449135988697,2.735221315481564,-4.002515679312046,-0.0897153163247336,0.1916250590415216,0.0141108255440443
data/sensor_images/image_590.png,surface,0.0,0.0,2.956724609347904,-7.809826448211507,1.4265856052848345,0.0,-2.96063204303876,0.7045589626189311,0.0,0.0,0.0,4.9065665099480285,0,0,0,0,0,0,-2.270868387167033,-0.7636439421816261,-1.2215410195816838,-0.1178056345891833,0.2860498733011909,-0.2345589855927594
data/sensor_images/image_592.png,surface,0.0,0.0,2.107320228894085,-12.191393144766945,14.991571423298591,0.0,0.7818762549312096,1.175158064049763,0.0,0.0,0.0,3.06884725784316,0,0,0,0,0,0,1.830325163201267,-1.5715837221360538,-3.3216428346279505,-0.0309577002006683,0.0819497391364864,-0.2244291408090704
data/sensor_images/image_593.png,surface,0.0,0.0,2.5244845895154,-13.431737466076203,-11.537182196701847,0.0,-1.3429387114370868,4.7224379180454905,0.0,0.0,0.0,-1.8005931298900113,0,0,0,0,0,0,-2.2053068501263984,-2.2484246874202,-2.578451006818125,-0.1644721560207263,0.179448527984265,-0.069317944762521
data/sensor_images/image_594.png,surface,0.0,0.0,2.302862133368134,6.560224280948208,-12.344313559735992,0.0,-4.436572036072383,-2.2227472167292084,0.0,0.0,0.0,-3.634493987646016,0,0,0,0,0,0,-2.0297174182874724,2.208091607896205,-3.280232912782079,-0.0458969845004811,0.2305007482771618,-0.0155131565362544
data/sensor_images/image_595.png,surface,0.0,0.0,2.205279316763131,-18.32919740451857,0.2430240451899198,0.0,3.170225598371911,2.2483667129011105,0.0,0.0,0.0,4.471140816652959,0,0,0,0,0,0,-0.1095526308329932,-2.3416547209449314,-3.832100149228968,-0.1204583335992742,0.0479161402929419,-0.2204698411641212
data/sensor_images/image_596.png,surface,0.0,0.0,0.8662704782543067,11.152679317815709,-7.00471341375655,0.0,-0.8094563849906091,-1.5469589082264694,0.0,0.0,0.0,0.4999385300200645,0,0,0,0,0,0,-1.997346600536592,1.7648898670145343,-5.0282615028010405,-0.0636191415037184,0.1743819128432573,-0.1280697938699311
data/sensor_images/image_597.png,surface,0.0,0.0,0.8418045181347118,17.259959165360193,1.4186345805056322,0.0,0.171375782939913,-3.8228704143633823,0.0,0.0,0.0,2.397364765564582,0,0,0,0,0,0,-0.3468965283027357,3.11386196301015,-5.136838554899942,-0.0615056343272694,0.1947404392161612,-0.1316955106095651
data/sensor_images/image_598.png,surface,0.0,0.0,2.714599656633508,10.894001135465231,-2.1344766383799225,0.0,0.498247405465043,-0.4554296022447481,0.0,0.0,0.0,-0.8957801417269913,0,0,0,0,0,0,-0.5593401953584602,2.5538199345539727,-2.478725706626615,0.0210320944212067,0.1345290307583029,0.0001643972922859
data/sensor_images/image_599.png,surface,0.0,0.0,0.535667818071712,20.78693705191396,7.467185136915909,0.0,-1.9325051797855288,-4.582364931486784,0.0,0.0,0.0,1.9434385739405453,0,0,0,0,0,0,0.3484022621566457,3.516103584438364,-5.325985057610619,-0.0412361315147424,0.2230919650172392,-0.1069006660747119
data/sensor_images/image_600.png,surface,0.0,0.0,2.1994096976203417,11.327381262891512,-9.355303367078063,0.0,3.266283536775281,-3.585719157145483,0.0,0.0,0.0,-4.809256353068743,0,0,0,0,0,0,-1.328804361747578,2.670895709135451,-3.829066969158332,-0.0037434202046453,0.1775198202570465,-0.0131775462380983
data/sensor_images/image_601.png,surface,0.0,0.0,2.511963346371359,-19.284902367984422,-9.227509376634044,0.0,-1.6991292605280477,-1.6765632360762368,0.0,0.0,0.0,-0.3676373834305178,0,0,0,0,0,0,-1.3407328813551909,-0.2976908181318648,-0.7694403932352103,-0.0821202640652277,0.1971246623963093,-0.1175746837003626
data/sensor_images/image_602.png,surface,0.0,0.0,2.294782595522611,0.928623088226957,-10.598359321950024,0.0,1.5452020528241144,3.6365234430646978,0.0,0.0,0.0,-1.1643835602464292,0,0,0,0,0,0,-1.7624892606951814,0.302848788099017,-3.559458493561197,-0.0860875670707973,0.1592640524976463,-0.0369738462056778
data/sensor_images/image_603.png,surface,0.0,0.0,0.8610231564637212,11.859398072817667,13.681126629203606,0.0,-3.2200415456341185,-3.060107859581757,0.0,0.0,0.0,-3.0715731440947494,0,0,0,0,0,0,1.2704705370578009,2.3752922665740925,-4.837932178193193,-0.046880739038309,0.1779223361801117,-0.0140446232650432
data/sensor_images/image_604.png,surface,0.0,0.0,2.1012599894414885,3.806029502180011,10.541481411325142,0.0,-3.065904246860476,-1.058302794942768,0.0,0.0,0.0,-3.980228572854543,0,0,0,0,0,0,0.4929318154474017,1.3798053067467642,-4.437456392479503,-0.0187549175364641,0.2200077748706714,-0.0509165261755251
data/sensor_images/image_605.png,surface,0.0,0.0,0.8087169303304647,4.449280118740489,-11.88776564236596,0.0,1.087491062030195,2.239796653064988,0.0,0.0,0.0,0.1625096780581554,0,0,0,0,0,0,-2.3107684291834705,0.999878081734791,-5.087542630930179,-0.0564454993487746,0.1610901783346238,-0.0139737218215927
data/sensor_images/image_606.png,surface,0.0,0.0,1.6556181960051135,5.076778312114678,-13.660162412650612,0.0,1.5934195650220395,0.7999947035266514,0.0,0.0,0.0,4.365724377638857,0,0,0,0,0,0,-2.242533794090974,1.2129198539390078,-4.485132960517782,-0.0988950071298977,0.143404473886284,-0.1276790090120648
data/sensor_images/image_607.png,surface,0.0,0.0,2.1370813077662056,4.848281056140015,-21.758081482561057,0.0,4.666531692178463,-1.7761305542522257,0.0,0.0,0.0,-1.9990683774667684,0,0,0,0,0,0,-2.587611665898139,1.651752242585702,-2.7190827761218723,-0.0478814737393073,0.1327307851239879,0.0033925556739609
data/sensor_images/image_608.png,surface,0.0,0.0,1.4296751179690668,11.154445497147886,-17.68171270572191,0.0,-4.132937764609364,-1.4615200434962463,0.0,0.0,0.0,0.4583837445905452,0,0,0,0,0,0,-3.192392387690132,2.6162187744393712,-4.186295363274847,-0.0979871539918417,0.1936667069570943,-0.114678794097836
data/sensor_images/image_609.png,surface,0.0,0.0,1.7931145910284396,1.8269022573009093,5.162701863100012,0.0,-3.528071716386088,2.883444589760192,0.0,0.0,0.0,3.2643555632931065,0,0,0,0,0,0,0.0471302904293182,0.1640307613754816,-4.935781920542007,-0.0544792707224942,0.194938760763103,-0.1811002953825014
data/sensor_images/image_611.png,surface,0.0,0.0,1.2759741197904648,-6.955556748953804,-14.731294649146143,0.0,3.9810985597500506,1.1812566928561563,0.0,0.0,0.0,2.2596300423091,0,0,0,0,0,0,-2.5107690444116835,-0.8264780122455523,-4.683226654920126,-0.0883005072020214,0.127376516650701,-0.1839225295523945
data/sensor_images/image_612.png,surface,0.0,0.0,0.9375247599203672,-4.807579909937375,-22.248594310618994,0.0,1.155656926928022,-2.19556901944515,0.0,0.0,0.0,3.634435663079591,0,0,0,0,0,0,-3.44521281065354,0.0540087904087399,-4.776194942121637,-0.127963029505636,0.1495432249028569,-0.1722107004574401
data/sensor_images/image_613.png,surface,0.0,0.0,2.768912789542484,5.58176237326506,-0.4125806012539798,0.0,4.466144540057773,-1.8536890396126056,0.0,0.0,0.0,2.689184503844133,0,0,0,0,0,0,0.8557631932441122,1.818325666295857,-3.011914884960034,0.0161186126822525,0.0784259210624351,-0.1665610851842086
data/sensor_images/image_615.png,surface,0.0,0.0,1.7408914978337882,-0.9720080530017552,0.8792574151082596,0.0,-0.2225748094530731,-3.332125912419884,0.0,0.0,0.0,1.9086863397589884,0,0,0,0,0,0,-0.0367034462162397,0.913692490768492,-5.13580766951117,-0.0273540323878284,0.1712456669570091,-0.1903561840563291
data/sensor_images/image_617.png,surface,0.0,0.0,1.1695191655458026,13.25367229113056,12.115422123561771,0.0,4.550262317796259,1.3181993214423064,0.0,0.0,0.0,1.9211952368102985,0,0,0,0,0,0,1.346086712239801,2.5217827807968227,-4.812841333036538,-0.03021701152273,0.2031583466887615,-0.1542426447001584
data/sensor_images/image_618.png,surface,0.0,0.0,2.4911941912313016,-14.411453818751864,-12.162054244242071,0.0,-0.7029443472559395,-3.5009894625180324,0.0,0.0,0.0,-3.894738176402424,0,0,0,0,0,0,-1.6440314838616477,0.3427576331514828,-2.6394521815935894,-0.0350686364980838,0.1844229780544366,-0.1029377882247551
data/sensor_images/image_619.png,surface,0.0,0.0,1.9003898421452727,1.3681004145436626,18.77026166094133,0.0,0.3724307793165322,4.520251355785937,0.0,0.0,0.0,-0.8784208359065628,0,0,0,0,0,0,2.2724822094765766,0.3220921039028847,-4.181266548294938,-0.0570927067349162,0.1520418172684412,-0.0611042535445254
data/sensor_images/image_621.png,surface,0.0,0.0,1.676609045025511,9.179980443387771,20.5356231522676,0.0,0.7837463787613592,-1.487571423487497,0.0,0.0,0.0,-3.4645893494787816,0,0,0,0,0,0,2.661754476187644,2.37688069966421,-4.486053920670017,-0.0231092637431282,0.1680905267333066,-0.0432311236313025
data/sensor_images/image_622.png,surface,0.0,0.0,1.4596470889654365,3.104124821776316,17.27938414999208,0.0,4.328752692286701,-1.8380289607238125,0.0,0.0,0.0,-4.943775553125748,0,0,0,0,0,0,2.6079723611265924,1.3258161129097523,-4.89778013102992,-0.0422411348481473,0.158488942912467,-0.0650043894413609
data/sensor_images/image_623.png,surface,0.0,0.0,0.8601504757719737,14.779405505105467,13.540279417006392,0.0,2.6450864094205206,-0.2950677102807367,0.0,0.0,0.0,0.8022592188206277,0,0,0,0,0,0,1.6064443356777864,2.9471820350457234,-4.57223514498285,-0.0337398523503034,0.2261907759501907,-0.1507905678504437
data/sensor_images/image_624.png,surface,0.0,0.0,2.9687505029333523,-11.06227067402623,-20.936481518594384,0.0,-1.29432363066944,1.3408018627051248,0.0,0.0,0.0,-3.5406336050208576,0,0,0,0,0,0,-3.670422259867761,-1.6032068937356383,-1.8019690378668949,-0.1881488259340459,0.2346049467027283,-0.0370973915980756
data/sensor_images/image_625.png,surface,0.0,0.0,2.318002743476491,-8.564006063032487,6.752278693520331,0.0,3.2278703211241124,-3.469628780306599,0.0,0.0,0.0,1.653449331350143,0,0,0,0,0,0,0.8251077484651244,0.1352236337215204,-3.2783110834536533,0.0026210453413808,0.0977652558690562,-0.2157421770045823
data/sensor_images/image_626.png,surface,0.0,0.0,1.6376737304968554,11.198551008446152,-7.649082510944787,0.0,-2.523508275326306,-0.7084088246409419,0.0,0.0,0.0,2.229530766152441,0,0,0,0,0,0,-2.244296573403713,2.1660995611529774,-4.552553868178792,-0.0675279024661499,0.2067265701627768,-0.1204615839979775
data/sensor_images/image_627.png,surface,0.0,0.0,1.732294338587236,19.370327558178108,-3.148017389311021,0.0,4.839409750162079,0.4076106908699552,0.0,0.0,0.0,-4.702727906896598,0,0,0,0,0,0,-0.7572261141754996,3.3679179521012337,-4.60689748432284,-0.0509695129654999,0.1639431244463639,0.0225300811337053
data/sensor_images/image_628.png,surface,0.0,0.0,0.5006346067800593,11.575643580588828,-13.210233145088374,0.0,-0.1651486799577957,3.263649304957651,0.0,0.0,0.0,1.9030162581136745,0,0,0,0,0,0,-2.2386992602414697,2.5288513792296894,-5.063665497029781,-0.103442205654492,0.2001093332985508,-0.1184712134585748
data/sensor_images/image_629.png,surface,0.0,0.0,0.5740187666414027,17.999219898479865,-0.7028890921618247,0.0,1.3095899355957714,-4.1256562821247655,0.0,0.0,0.0,-1.2014149952657505,0,0,0,0,0,0,-0.767696352301127,3.701985010304112,-5.15461334013611,-0.0798682863139675,0.1843461997648297,-0.0049485684570788
data/sensor_images/image_630.png,surface,0.0,0.0,2.518941608683785,-2.91702823794388,15.5542588138458,0.0,0.0187008145521181,-4.512956119973587,0.0,0.0,0.0,4.034017066630636,0,0,0,0,0,0,1.4070566834797609,1.5452192302628174,-3.1915658689308497,0.0565277020880786,0.133783234853641,-0.1699708939904744
data/sensor_images/image_631.png,surface,0.0,0.0,0.6154242386311162,-16.880701377462593,8.80659192451543,0.0,-2.3109733857017347,-3.0914178375078487,0.0,0.0,0.0,2.544268086294604,0,0,0,0,0,0,0.9575499858083316,-1.340759782494758,-5.427380305380254,-0.0177534189054475,0.1060673050904487,-0.2431578597017777
data/sensor_images/image_632.png,surface,0.0,0.0,2.429281524668762,2.456844181058948,11.500331937578808,0.0,0.7577657473301448,-0.934736303955309,0.0,0.0,0.0,-2.2548140281716087,0,0,0,0,0,0,1.7305868905815744,2.160717207552385,-4.1079722877921645,0.0034205590769379,0.1219552791576158,-0.0318783730362031
data/sensor_images/image_633.png,surface,0.0,0.0,2.2834101486399287,-12.52971263265002,17.04614835633941,0.0,-4.115045578923018,-1.3811010457901154,0.0,0.0,0.0,-4.571539712744707,0,0,0,0,0,0,0.8294246581900256,-0.2380320153949651,-2.616169408783187,0.010735279870879,0.2060118689995533,-0.0972697200958623
data/sensor_images/image_634.png,surface,0.0,0.0,2.198309831978123,6.287055282739839,-23.698119889340727,0.0,-0.0428408312910747,0.2460653179634115,0.0,0.0,0.0,1.0388173613517395,0,0,0,0,0,0,-3.416818447913568,1.4848762292014548,-3.607406301617439,-0.1428227834997617,0.2170901076176745,-0.1092591021769313
data/sensor_images/image_635.png,surface,0.0,0.0,1.8612644221055352,4.715401597434911,-21.867318079095213,0.0,-0.6775546649474402,-4.583635048101457,0.0,0.0,0.0,0.2548728625612053,0,0,0,0,0,0,-3.9460375481571335,1.3010012087491185,-3.923891373560351,-0.0971217822398917,0.1810155955149281,-0.1169568635024846
data/sensor_images/image_636.png,surface,0.0,0.0,1.3683204703102476,8.24232295871276,5.2806197543010445,0.0,2.543188491536917,1.2424213213444115,0.0,0.0,0.0,1.515491556885315,0,0,0,0,0,0,0.5239631395099282,1.6495861340242817,-5.153604660679996,-0.0498326152408742,0.1969435418041322,-0.1744162643999603
data/sensor_images/image_638.png,surface,0.0,0.0,2.7768439025130984,12.372410916552496,-20.77176256486932,0.0,-2.182067411627511,0.6700969057761008,0.0,0.0,0.0,-2.964146216212613,0,0,0,0,0,0,-4.232849178428849,2.098711443781583,-2.305487234723734,-0.1037678106695533,0.2900124598588423,0.0193689594540017
data/sensor_images/image_639.png,surface,0.0,0.0,1.6857873289774978,2.925562655034844,7.845820978202659,0.0,0.2287264171646348,4.4619606113025,0.0,0.0,0.0,-3.5011593046882314,0,0,0,0,0,0,0.499036928907693,0.6424356586713545,-5.598430726763514,-0.0762277210283002,0.1760612423667508,-0.070533036502929
data/sensor_images/image_640.png,surface,0.0,0.0,0.9385499149241388,-0.9426195805411302,10.647084161643685,0.0,2.8647071794806567,4.06963465359282,0.0,0.0,0.0,0.7398440626411737,0,0,0,0,0,0,1.1337234453873049,0.5037516253303588,-5.58550678816506,-0.0291076930655707,0.1760832081515872,-0.2025498681499464
data/sensor_images/image_642.png,surface,0.0,0.0,0.5350404323862776,15.864697308024224,-12.778455351251486,0.0,0.2889925709717564,1.887944395963988,0.0,0.0,0.0,-0.639357411891571,0,0,0,0,0,0,-2.1817204206046488,2.977503727988268,-5.505670085254129,-0.0573957720965825,0.1814336044160256,0.0042984733940896
data/sensor_images/image_643.png,surface,0.0,0.0,2.6806881304006525,-12.452435247758569,14.248241727900208,0.0,4.328003124498615,2.374263326574109,0.0,0.0,0.0,-1.904248227172028,0,0,0,0,0,0,2.623075030901057,-1.5098754762519762,-2.817078413431017,-0.09501880731231,0.0742211367114273,-0.0995301677811332
data/sensor_images/image_644.png,surface,0.0,0.0,1.4085346884964882,1.3049938552325824,-7.562634396186149,0.0,0.5819608952995625,-3.163873090207576,0.0,0.0,0.0,-3.429988921030209,0,0,0,0,0,0,-1.9407434718080048,1.2056255743757371,-5.347359396235037,-0.0534936397132947,0.1754943175195043,-0.0403698485232529
data/sensor_images/image_645.png,surface,0.0,0.0,1.7145497456663126,-12.12919673841,4.660153778242403,0.0,2.864033481172112,2.568554284938167,0.0,0.0,0.0,4.973667067872752,0,0,0,0,0,0,0.2225244575425751,-1.2481298304875486,-5.038356507646209,-0.0784239587391869,0.0960374055406109,-0.2354540462857494
data/sensor_images/image_647.png,surface,0.0,0.0,2.482833224538834,9.163659293491486,-6.851784699184522,0.0,-1.1998739120489306,-3.4816365644717227,0.0,0.0,0.0,1.114527211251132,0,0,0,0,0,0,-1.99216428063073,3.089787068705049,-3.981774081825414,-0.0074201552621085,0.2178805252871783,-0.1613306186987116
data/sensor_images/image_648.png,surface,0.0,0.0,2.037824274685246,10.1576954424872,17.386020597021087,0.0,-0.2983397079936292,-1.2118356309966694,0.0,0.0,0.0,4.835138538957494,0,0,0,0,0,0,2.204483486374498,2.6153194238880286,-4.375609713206522,0.0329468018207231,0.2147570975954977,-0.1573451421796461
data/sensor_images/image_649.png,surface,0.0,0.0,0.6732024118446216,9.431843724729362,14.413065697762386,0.0,0.450890822112858,3.318395267408555,0.0,0.0,0.0,2.1856023751457787,0,0,0,0,0,0,1.351607599280039,1.5594085785580138,-5.7339490969052855,-0.0204098057898483,0.2024359316130123,-0.1687578490756563
data/sensor_images/image_650.png,surface,0.0,0.0,1.4427399317444682,-10.884274688880751,-15.672990228853507,0.0,-1.085788005512969,0.9618866256038042,0.0,0.0,0.0,-3.1316012002101914,0,0,0,0,0,0,-2.674889193748875,-1.0018537314284068,-4.8207099814854,-0.1097737177992462,0.1808752189344473,-0.0771603260426253
data/sensor_images/image_651.png,surface,0.0,0.0,1.6406713331379552,-5.872105302534806,2.72613418445057,0.0,2.4929013401701754,0.7886492414238353,0.0,0.0,0.0,-2.2085140069415568,0,0,0,0,0,0,0.5986470767935189,-0.524540908005048,-5.480723415874515,-0.0702266140333083,0.1486617904838102,-0.0808799626489728
data/sensor_images/image_652.png,surface,0.0,0.0,2.295590014326957,-10.098892070738223,18.166979141848973,0.0,2.6300322182610474,1.993033762158128,0.0,0.0,0.0,-4.864742871966054,0,0,0,0,0,0,2.6905742873807528,-1.2571292563096943,-4.650057506228148,-0.0759139716810057,0.1021506049606376,-0.089438574811573
data/sensor_images/image_653.png,surface,0.0,0.0,2.4601064625084685,-11.37149058319383,11.09256461266814,0.0,0.1635120432672006,-2.2269043489074343,0.0,0.0,0.0,-1.2505964580475872,0,0,0,0,0,0,1.2805244620714222,1.0042677726336562,-3.1502928709056395,0.045646331721938,0.1534176298165734,-0.0743272983250031
data/sensor_images/image_654.png,surface,0.0,0.0,0.5129068651020945,-15.288292666470538,5.828089026618748,0.0,4.368754280251317,0.4447435005192931,0.0,0.0,0.0,4.051606154933815,0,0,0,0,0,0,0.9390634263414056,-1.2249908660673905,-5.99231102369845,-0.0565372149699715,0.1156888924373327,-0.2359315408265276
data/sensor_images/image_655.png,surface,0.0,0.0,1.9966612488288165,-3.0334567196024764,-23.301757529774186,0.0,-1.648303853806656,-3.0046174926370948,0.0,0.0,0.0,-2.285939453172205,0,0,0,0,0,0,-4.115453782821261,0.4814793212455854,-3.988065994533661,-0.0669387873542614,0.1910250329533556,-0.0302485449741128
data/sensor_images/image_656.png,surface,0.0,0.0,0.5743626266913222,-18.90268840283064,9.787317165662962,0.0,-2.2980799138035524,-1.7833844782917538,0.0,0.0,0.0,3.812690747912676,0,0,0,0,0,0,0.8849458334882456,-2.1724572327769947,-5.811767058101212,-0.0134065262730625,0.1137099027412865,-0.2462572803839721
data/sensor_images/image_657.png,surface,0.0,0.0,2.5886379638386705,0.638242400504602,-0.5185058008016799,0.0,2.1523128646557,-2.243938913007673,0.0,0.0,0.0,1.9680377026952005,0,0,0,0,0,0,0.4038623559088487,1.7348379557466882,-3.834239075643259,0.0119366219624769,0.1193329270391579,-0.1813464537921179
data/sensor_images/image_658.png,surface,0.0,0.0,1.1000984001996892,21.82935244420764,4.554856243757661,0.0,4.263077286219478,-0.4563938496460396,0.0,0.0,0.0,-1.2690730334529876,0,0,0,0,0,0,0.3521049789442212,4.459039909054637,-5.637301033902267,-0.0759342217265591,0.1772664500928329,0.0166674812479517
data/sensor_images/image_660.png,surface,0.0,0.0,1.0823535430888112,-13.000841621912784,-17.354296343267347,0.0,0.0617491609242725,1.2933513224765123,0.0,0.0,0.0,3.939403464257241,0,0,0,0,0,0,-2.5872771040988383,-1.366772725697119,-4.760753842395339,-0.1570750396715652,0.1317274870290138,-0.1829912170674859
data/sensor_images/image_661.png,surface,0.0,0.0,2.6694323170644085,1.0189278088210811,20.30610684526822,0.0,3.772279896297855,-2.324673537851708,0.0,0.0,0.0,-4.986633102820493,0,0,0,0,0,0,3.371916840917521,1.5561723201205997,-4.0862283275005336,-0.0214871719495158,0.0960156856809674,-0.0526790870005687
data/sensor_images/image_662.png,surface,0.0,0.0,1.2517112398260553,9.43042624379324,13.91187298903703,0.0,-2.512510633388087,-2.729307418548865,0.0,0.0,0.0,-3.3216850259367705,0,0,0,0,0,0,1.5862217891370554,2.6101520025334377,-5.390999755064444,-0.0560044699353439,0.1879954146187562,-0.0334602581265193
data/sensor_images/image_663.png,surface,0.0,0.0,2.3553033046322787,-5.705655414188184,-14.455603713429491,0.0,-2.4798194330039074,2.048632500870889,0.0,0.0,0.0,2.791959628563024,0,0,0,0,0,0,-3.0932270750958617,-0.5223521714460283,-4.357837724827529,-0.1666664969731455,0.2249261271812563,-0.1707627293241389
data/sensor_images/image_664.png,surface,0.0,0.0,2.0324216892977915,17.38190729914566,-7.971487200163843,0.0,2.9011480612912983,-1.4201724192010765,0.0,0.0,0.0,0.3825601399794998,0,0,0,0,0,0,-0.755959478062945,3.399379875093479,-4.749131956629762,-0.0297743838668347,0.1919428223371364,-0.1197958869723763
data/sensor_images/image_665.png,surface,0.0,0.0,2.65680371064573,-11.38331683932009,-11.122364252627897,0.0,1.5340586740633122,-0.0649000416666137,0.0,0.0,0.0,-3.37335318848893,0,0,0,0,0,0,-0.9731543092086244,-1.1859964657277169,-2.734640530655737,-0.0665522469340997,0.0782955696479823,-0.0385721695602886
data/sensor_images/image_666.png,surface,0.0,0.0,0.9944028518424498,12.466120546387785,-13.363274119663997,0.0,3.195679247965221,1.6590646495907386,0.0,0.0,0.0,2.2239976704650912,0,0,0,0,0,0,-2.711368834293148,2.237745846937633,-4.999995460303374,-0.0779490761227457,0.1969690503071663,-0.1178960484514526
data/sensor_images/image_667.png,surface,0.0,0.0,1.793053947483277,9.46333649544906,-5.990316949895698,0.0,-0.9650981883936508,4.261083552748164,0.0,0.0,0.0,-4.131489235625676,0,0,0,0,0,0,-0.7678071674845955,2.000471767557451,-5.07190513075736,-0.1064018575050764,0.2067735815220932,-0.004376200144315
data/sensor_images/image_668.png,surface,0.0,0.0,2.584175515761754,19.26666759064373,7.042149322375396,0.0,-2.144065304503729,2.738863401524699,0.0,0.0,0.0,-4.137420174576526,0,0,0,0,0,0,-0.2711782807684973,1.832883233047463,-2.828249267203644,-0.1202456217922598,0.2134132290187663,0.0134379370185649
data/sensor_images/image_669.png,surface,0.0,0.0,2.026495082165566,10.361291337338956,4.4942299121327824,0.0,-3.440759606256077,-2.389207192474966,0.0,0.0,0.0,1.1822305449188644,0,0,0,0,0,0,-0.2769448201297502,2.3475533168711875,-4.88663728871859,-0.0175460571225212,0.2344893828438534,-0.1605174595470955
data/sensor_images/image_670.png,surface,0.0,0.0,0.5306370071241091,6.996889742451412,20.88641437126168,0.0,1.138939000928901,1.8043070015826623,0.0,0.0,0.0,1.9221500535807576,0,0,0,0,0,0,2.3887239736944226,1.547572317776235,-5.94578956021757,0.0032237090889235,0.183024864206997,-0.1708213172588674
data/sensor_images/image_671.png,surface,0.0,0.0,1.133910231742527,-7.817930357340324,21.313854531008133,0.0,-3.3175601490074405,0.776611860733749,0.0,0.0,0.0,-1.6623080507608812,0,0,0,0,0,0,2.6450162289422563,-0.510063283827835,-5.575656513456615,-0.0391917163902343,0.1702523208783052,-0.0747812238564138
data/sensor_images/image_672.png,surface,0.0,0.0,2.210869130743215,19.30679033556124,9.677582445889284,0.0,-3.705685011637812,-0.4065419230229961,0.0,0.0,0.0,-2.535559210053868,0,0,0,0,0,0,-0.3729077629026603,3.455805222633762,-3.7000600556230254,-0.0561264239258756,0.2258754655862384,0.0037571828027247
data/sensor_images/image_674.png,surface,0.0,0.0,2.741206563046324,-13.082445159240269,-3.3857139391889284,0.0,-0.312300960709461,-2.875619491810754,0.0,0.0,0.0,-1.5273767347256104,0,0,0,0,0,0,-0.9056521130937664,1.4042085352264,-1.1051442305467811,0.0129265670788145,0.1796210551590502,-0.1081840532129918
data/sensor_images/image_676.png,surface,0.0,0.0,2.500788918327533,-7.01107379527821,-2.449859980281166,0.0,0.6267838769879674,1.6001568046116952,0.0,0.0,0.0,-1.8324549771749263,0,0,0,0,0,0,-0.7421515392808813,-1.429895962528156,-4.295939044704175,-0.1721686185506032,0.1351576932754885,-0.0626435671845879
data/sensor_images/image_677.png,surface,0.0,0.0,0.959097493728546,13.14440388254043,-17.710733977366182,0.0,0.4587819544943401,3.2464458318576,0.0,0.0,0.0,4.309749759759962,0,0,0,0,0,0,-3.134383684893577,2.1559769207565047,-5.221015024268022,-0.1152039787664311,0.2123779928592944,-0.1312042715954998
data/sensor_images/image_678.png,surface,0.0,0.0,1.4299902218902951,9.667124590251715,16.206398280951795,0.0,0.646543835353507,-3.367009368477288,0.0,0.0,0.0,-0.3086769490831509,0,0,0,0,0,0,1.845316954358648,2.3657140832648773,-5.128915453034989,-0.0129635195454809,0.207132018728138,-0.181004538060647
data/sensor_images/image_679.png,surface,0.0,0.0,2.911714026766981,-15.222022094231452,-17.800833880639658,0.0,-1.0523659584744027,-1.4732485642381767,0.0,0.0,0.0,-3.3326224219925216,0,0,0,0,0,0,-3.956974483779344,0.8783293160855251,-1.440919458429283,-0.0152521085689028,0.2516916695977341,-0.1167834466367909
data/sensor_images/image_681.png,surface,0.0,0.0,1.3349968069300575,-4.806564184283204,22.88116696390222,0.0,-0.7808302072743908,-4.719566121845978,0.0,0.0,0.0,-0.2605187583384296,0,0,0,0,0,0,3.1396932157122937,0.2647838588133425,-4.087846555428362,0.0168313877268718,0.1589173208100783,-0.2075107283755295
data/sensor_images/image_682.png,surface,0.0,0.0,2.9049936040163886,4.853712826690974,3.775599112767164,0.0,1.6467831534544162,1.402257486132568,0.0,0.0,0.0,-1.4479076023891144,0,0,0,0,0,0,1.4466533222235574,-0.305621265190041,-2.11177957959184,-0.1419799562909107,0.0719395863608824,-0.0534474476626488
data/sensor_images/image_685.png,surface,0.0,0.0,1.5309114315509218,-4.955423526134653,-15.032826836812,0.0,4.069164504683598,2.337462825056754,0.0,0.0,0.0,-0.4218914165233407,0,0,0,0,0,0,-2.4341004826967167,0.110411620854057,-5.115232834420003,-0.0791015241345642,0.1907862873324937,-0.0785556644531902
data/sensor_images/image_686.png,surface,0.0,0.0,0.7337814927705153,10.062620384050478,13.871003938174008,0.0,2.4019736446630247,-2.051814732495572,0.0,0.0,0.0,-0.7768043961083473,0,0,0,0,0,0,1.8101027647138568,2.14670096647067,-5.453233178390647,-0.0601251881502446,0.1927944709720316,-0.0382231385666398
data/sensor_images/image_687.png,surface,0.0,0.0,2.958738780946444,-21.4056344932188,-12.881659459170752,0.0,0.2075755063767822,-4.232640475882745,0.0,0.0,0.0,-1.5755580841847063,0,0,0,0,0,0,-0.6106558167787227,2.324113402065424,2.9911248851657954,-0.0029533301039169,0.1928950183656638,-0.1310743781399284
data/sensor_images/image_688.png,surface,0.0,0.0,0.712002199115503,2.822086846597361,-21.89731880317405,0.0,1.9088833125214373,-3.9838591068293576,0.0,0.0,0.0,0.465233909883497,0,0,0,0,0,0,-4.200612343184625,0.7688691548576028,-5.626003996050208,-0.1300726119802567,0.1862080402571873,-0.1605555453681627
data/sensor_images/image_689.png,surface,0.0,0.0,2.1649220452744533,-12.14562880937664,14.68414076674494,0.0,-1.1746882494100717,1.4546712420380374,0.0,0.0,0.0,3.096834069332868,0,0,0,0,0,0,1.2202133593796065,-1.7699919726681328,-4.252892694641022,-0.0715137720718618,0.1451990174484642,-0.2553690518950091
data/sensor_images/image_690.png,surface,0.0,0.0,0.6277731973392937,4.634061972469801,16.22088243449882,0.0,4.414549014529196,1.6583368700004746,0.0,0.0,0.0,3.338464285776068,0,0,0,0,0,0,1.7490128838575187,1.5623158094955518,-6.068651187736283,-0.0265464594197999,0.1962894172371109,-0.1964498100898254
data/sensor_images/image_691.png,surface,0.0,0.0,0.535807368537462,-18.247090716835487,1.501300244142288,0.0,-3.7688533091076617,-1.2395574814220314,0.0,0.0,0.0,3.491305010432397,0,0,0,0,0,0,-0.1278302604168136,-2.24630254373809,-5.823710746825593,-0.0501181667010739,0.1026128339084596,-0.2557888339641003
data/sensor_images/image_692.png,surface,0.0,0.0,0.5248459630754976,9.65307585203507,-14.669154732891212,0.0,-1.4366237813039269,-2.574559081357415,0.0,0.0,0.0,4.351690808318946,0,0,0,0,0,0,-3.04556608730206,2.1278668990092,-6.418487168099681,-0.0980682643431458,0.1999568354558028,-0.1280942025351618
data/sensor_images/image_693.png,surface,0.0,0.0,2.856086236917819,-3.3700987656947827,-6.859130184554688,0.0,-1.1136860517932377,3.3935443690205904,0.0,0.0,0.0,3.6426669679401904,0,0,0,0,0,0,-1.7553966951529238,-1.888673147293913,-3.1981833625410485,-0.2195707243662532,0.2254284208365248,-0.1951663427843401
data/sensor_images/image_694.png,surface,0.0,0.0,1.655405030168013,-20.938890575628047,-0.9323605072161746,0.0,1.8934782344612904,-2.507158166675748,0.0,0.0,0.0,3.521310238085442,0,0,0,0,0,0,-0.4704595866164515,-2.048201088238258,-5.372448359487847,-0.0530066624611519,0.0991929825304166,-0.2451663432614974
data/sensor_images/image_695.png,surface,0.0,0.0,2.005074306303718,-4.537643279144743,-17.685306455662186,0.0,-3.5093044044464903,-1.2135172478882368,0.0,0.0,0.0,2.546116911905277,0,0,0,0,0,0,-3.413257339687022,0.0086530345038668,-4.780743400985105,-0.117989535382641,0.2167654912640549,-0.2013774297888534
data/sensor_images/image_696.png,surface,0.0,0.0,0.8533018430235557,8.369978824483077,-21.912721104309,0.0,0.1113906587554502,-0.6415078292092846,0.0,0.0,0.0,-4.527345628486862,0,0,0,0,0,0,-3.5901980189512583,2.512813295331076,-5.106817924113541,-0.0708024893313911,0.1837959818348943,0.0045123201316161
data/sensor_images/image_698.png,surface,0.0,0.0,1.7970084596669276,-18.67939902146152,8.214436844921247,0.0,0.9062011298667428,1.4166206481515005,0.0,0.0,0.0,-1.1463804044271677,0,0,0,0,0,0,1.0227499737551249,-2.729334032872756,-4.873752901676809,-0.0995710080244334,0.1261040585396233,-0.1147328282585416
data/sensor_images/image_699.png,surface,0.0,0.0,0.8816086074207423,21.043658331583668,-12.963214358961078,0.0,-2.7229167558220846,-1.3352670140825638,0.0,0.0,0.0,-4.125872851999706,0,0,0,0,0,0,-2.8950376490751903,4.056835650976748,-5.24618247116419,-0.0585333000716493,0.1908171372045689,0.0365261651965577
data/sensor_images/image_700.png,surface,0.0,0.0,1.64506672958136,14.391974021999564,-16.683745390761736,0.0,1.7205316209378707,1.8004539542651294,0.0,0.0,0.0,3.8732919578213583,0,0,0,0,0,0,-3.050493889595378,2.495171550596655,-5.229554945379005,-0.1130905711080489,0.2128379039149345,-0.1275370248177705
data/sensor_images/image_701.png,surface,0.0,0.0,2.7162952432436605,17.26398516850533,16.5088209697103,0.0,4.465398736348537,-0.1251890889012952,0.0,0.0,0.0,-3.528505622324923,0,0,0,0,0,0,1.8458217989798893,3.605068783247088,-4.436752773664307,-0.0388052848049605,0.1115751199234448,-0.0187853731770928
data/sensor_images/image_703.png,surface,0.0,0.0,0.9648833688846296,3.1000317374597626,-8.927092158385136,0.0,-4.65166045350618,0.4017980788143597,0.0,0.0,0.0,-3.0825508453396644,0,0,0,0,0,0,-1.7342348035839952,1.5317882275780337,-6.56122078717511,-0.0822676818207654,0.1826259863907865,-0.0218011116549606
data/sensor_images/image_704.png,surface,0.0,0.0,2.8883034891326167,-3.1616392593581453,6.849336219073316,0.0,-1.742392103867361,-3.122316378701705,0.0,0.0,0.0,-3.2778778264058275,0,0,0,0,0,0,-0.1089690186802941,2.47288523942656,-3.178168154756222,0.0541526649897328,0.2412313819994405,-0.0462493026089763
data/sensor_images/image_705.png,surface,0.0,0.0,2.732118359370227,2.6970200249834244,16.67261672285876,0.0,-0.8096496176340271,4.150814875151,0.0,0.0,0.0,0.5603638357971565,0,0,0,0,0,0,2.00651402555762,-0.6893632255490635,-3.65599401241261,-0.088015364876791,0.1835355746644593,-0.2209015650240936
data/sensor_images/image_706.png,surface,0.0,0.0,2.817516961872451,-14.770454231728072,-6.526392078600464,0.0,3.848576370493654,-1.7144983959570927,0.0,0.0,0.0,-1.5706337872264051,0,0,0,0,0,0,0.4587288862959417,0.1982940809153391,-1.8276586493556075,-0.0610432084877429,0.1099426602944908,-0.085426550766041
data/sensor_images/image_707.png,surface,0.0,0.0,2.452292849052018,8.404422094560953,-10.831280590961557,0.0,-0.1747425723489083,-3.924281578112784,0.0,0.0,0.0,-3.915019246851601,0,0,0,0,0,0,-2.1266049708284145,2.970743375718932,-4.943354432572898,-0.0038645824513815,0.2154229367135431,-0.0124150515878546
data/sensor_images/image_708.png,surface,0.0,0.0,1.903399153443749,7.16793924824086,6.4271749431067295,0.0,-2.1267128553212697,1.9815940393528475,0.0,0.0,0.0,-3.25457177173619,0,0,0,0,0,0,0.3148801438148652,1.5740321450810857,-5.566181737452623,-0.0942645560672528,0.2055351157201544,-0.0457586591944544
data/sensor_images/image_709.png,surface,0.0,0.0,2.439419739873255,9.63391931380982,-22.65722746880873,0.0,-1.00488630337986,-2.466606769955327,0.0,0.0,0.0,-4.76002500200551,0,0,0,0,0,0,-4.032023308014081,2.9136900154449026,-4.1820578909908095,-0.0173141698700643,0.238037218689353,-0.0079121641642487
data/sensor_images/image_710.png,surface,0.0,0.0,2.0485340812721584,-8.308542895172465,8.63154014356194,0.0,4.862425140272663,0.5678353510642127,0.0,0.0,0.0,-0.0665575904689186,0,0,0,0,0,0,1.4650931695664893,-0.1695129393856848,-5.477237127647189,-0.0937217829333111,0.1312932273321029,-0.0701043549064691
data/sensor_images/image_712.png,surface,0.0,0.0,0.790705313662718,8.465989008322657,21.028569438836207,0.0,2.5600115629362974,-1.4531456539907133,0.0,0.0,0.0,3.085378097357246,0,0,0,0,0,0,3.268604115790404,2.62210990503338,-5.855052631323213,-0.0116005368567422,0.215839502377495,-0.18552714546676
data/sensor_images/image_713.png,surface,0.0,0.0,0.7738641134391187,22.70263442454707,2.914787706666346,0.0,-1.8174414805845405,3.7364925005284153,0.0,0.0,0.0,1.3199701487072026,0,0,0,0,0,0,0.0012079985803898,4.252356092471419,-6.112168950925154,-0.0628848324980938,0.2451055179331263,-0.1139320241956584
data/sensor_images/image_714.png,surface,0.0,0.0,1.8846579536644488,13.210092952341776,12.19799320486797,0.0,4.514614845165372,2.118043552124026,0.0,0.0,0.0,-4.06482861634382,0,0,0,0,0,0,1.637891899452768,2.581167721029296,-6.060388226754388,-0.0781292244136064,0.1687134235875458,-0.0237530066892982
data/sensor_images/image_715.png,surface,0.0,0.0,2.239337570434135,-4.849758000537827,-17.0602824383339,0.0,0.8369338010508324,1.3479872005762124,0.0,0.0,0.0,-1.1412946836313176,0,0,0,0,0,0,-2.426177796676177,-1.2815793588651945,-4.555084520237809,-0.1562996425400826,0.1773597129899521,-0.0402837506277421
data/sensor_images/image_716.png,surface,0.0,0.0,2.84838138206519,-9.239825635368714,1.660493282250172,0.0,4.004464429611008,-0.6020450575663043,0.0,0.0,0.0,-2.477204870923486,0,0,0,0,0,0,2.01764207508636,-0.2466405006941118,-3.521371309282704,-0.074694947602944,0.0381846006724306,-0.046449219372683
data/sensor_images/image_717.png,surface,0.0,0.0,2.753069059712962,8.762643902855983,-20.535669361576808,0.0,2.6401161359739302,-1.9114156966922649,0.0,0.0,0.0,-1.3074925668176105,0,0,0,0,0,0,-2.398724262274156,2.85439683046902,-2.466126208433457,-0.0367086809423556,0.1880797429313662,-0.0089715983977221
data/sensor_images/image_718.png,surface,0.0,0.0,1.994586071681988,2.929793231474169,6.328343929863231,0.0,-3.096927389943408,0.3805728597734583,0.0,0.0,0.0,0.8368718657809264,0,0,0,0,0,0,-0.1584270398238905,1.0922468782166197,-5.749738360013459,-0.0382650635625738,0.2320063437441366,-0.1848134521503532
data/sensor_images/image_720.png,surface,0.0,0.0,0.6707867187787531,14.828922572501767,12.764038576105497,0.0,1.0368838208937134,-1.954635556282616,0.0,0.0,0.0,-1.4235562132893866,0,0,0,0,0,0,1.52274144541648,3.515020228468876,-6.710528384375142,-0.073931258468871,0.1989317155036898,-0.0113124965367094
data/sensor_images/image_721.png,surface,0.0,0.0,2.428028897957004,-16.23275072279815,18.69086994984254,0.0,-2.581862051860312,-0.1704672696172811,0.0,0.0,0.0,-4.435054287827156,0,0,0,0,0,0,1.066162212938236,-0.6645407193815499,-2.346848052015562,-0.0636405758855237,0.2217272666877541,-0.1586337062305001
data/sensor_images/image_722.png,surface,0.0,0.0,1.1648974728681285,18.19943340705948,-8.923939095310919,0.0,3.5234505505285254,-2.7326062197091234,0.0,0.0,0.0,-0.1361948541907551,0,0,0,0,0,0,-1.7983843064114748,3.079983974543035,-5.6722131790388834,-0.082430528904028,0.2515473769456829,-0.1309297655144747
data/sensor_images/image_723.png,surface,0.0,0.0,2.7947908962161803,-17.072774510104477,-3.3683363656989003,0.0,-2.1607970388604167,2.164850692308936,0.0,0.0,0.0,-3.5720815906296712,0,0,0,0,0,0,-1.3379887866846407,-3.0623223253637666,-3.846933132231992,-0.1760863130060362,0.2255190066609132,-0.1308829454056473
data/sensor_images/image_724.png,surface,0.0,0.0,1.05301390808404,0.4542558557033436,-13.622236409679404,0.0,2.2836784090520466,-0.1911503142958661,0.0,0.0,0.0,-3.191078690932577,0,0,0,0,0,0,-2.7177434361263635,0.5744636429475485,-6.58590867050818,-0.0792268478591616,0.1773754280801486,-0.0500979513638621
data/sensor_images/image_725.png,surface,0.0,0.0,2.2408060216422823,10.068157156826826,-3.096867530440089,0.0,1.285027255395158,1.995666725587236,0.0,0.0,0.0,4.653323708542313,0,0,0,0,0,0,-0.5529402248588686,1.4182802952321358,-5.356032858767712,-0.1098431001032831,0.191741663971256,-0.1603128861207698
data/sensor_images/image_727.png,surface,0.0,0.0,1.734706164282338,-22.64395599290501,-4.970008232443498,0.0,3.705385192047136,3.297983403614875,0.0,0.0,0.0,-4.470474598907977,0,0,0,0,0,0,-0.6445388329011662,-3.1287197978499384,-5.812960181185683,-0.1300859968958753,0.1347769494968279,-0.1222070477722451
data/sensor_images/image_728.png,surface,0.0,0.0,0.872452241919376,11.193621788336037,-8.281970019856029,0.0,1.2658352788480305,4.563059327522226,0.0,0.0,0.0,-3.430897641684614,0,0,0,0,0,0,-1.9503069158975903,2.6275941021762224,-6.990126403868026,-0.0768938962791446,0.1912133611746588,-0.0043821108122879
data/sensor_images/image_729.png,surface,0.0,0.0,2.606713576393478,-23.72792055317699,-2.317563604838236,0.0,-0.6966306541470328,-2.8968033765489927,0.0,0.0,0.0,-1.5200972589027106,0,0,0,0,0,0,-0.5624525452688448,-0.7982870235468826,-1.787985933903242,-0.0416172784571536,0.1644785013867886,-0.1314025535922665
data/sensor_images/image_730.png,surface,0.0,0.0,2.035017757760276,1.9664198573943432,-18.09614015112938,0.0,-0.3177583786875671,-4.1226647565664924,0.0,0.0,0.0,4.123613056528336,0,0,0,0,0,0,-3.727067729308842,1.6112058213665197,-5.851494999035273,-0.0829206050098792,0.2275010777188103,-0.1671888638566731
data/sensor_images/image_732.png,surface,0.0,0.0,0.8525613189176882,-0.9674893869844526,-22.516607275698764,0.0,-2.0679679668756963,-2.30851344483123,0.0,0.0,0.0,3.1635231444348904,0,0,0,0,0,0,-4.473083341717503,0.7953627104155143,-6.807309753349901,-0.1198072086291912,0.1746221835803827,-0.144913273736666
data/sensor_images/image_733.png,surface,0.0,0.0,2.640252751891876,11.431056945266398,4.525886421383353,0.0,-4.100054858142083,2.720505525338836,0.0,0.0,0.0,1.13675235751343,0,0,0,0,0,0,-0.8328478416783244,0.9389639959795244,-4.1724473451838895,-0.0984011570563199,0.2734249419464363,-0.1502660367251965
data/sensor_images/image_735.png,surface,0.0,0.0,1.4680321351611068,6.636140679078179,9.312684440268711,0.0,-3.209271975904805,3.370793521197227,0.0,0.0,0.0,-2.368300071293455,0,0,0,0,0,0,1.154973522938677,1.7159425487412974,-7.18783641986127,-0.0702100420292285,0.1987464597450945,-0.0461896687868976
data/sensor_images/image_736.png,surface,0.0,0.0,0.5447555454835773,0.5091205780966938,21.98584792293281,0.0,-3.194897693694856,-0.4936718280669737,0.0,0.0,0.0,2.3160261473276345,0,0,0,0,0,0,3.3395957331813704,0.449786437327248,-6.767165131276475,0.0220871126655194,0.203251687762355,-0.204057093532732
data/sensor_images/image_738.png,surface,0.0,0.0,0.7453698354735436,8.8766062677041,-4.679347170950295,0.0,-0.1080692008068162,1.9237169082251584,0.0,0.0,0.0,3.298869017846876,0,0,0,0,0,0,-0.9496176174578927,2.2940642748838886,-7.358188770544997,-0.0902842331229649,0.22778548800213,-0.1682450475828195
data/sensor_images/image_739.png,surface,0.0,0.0,2.522358434878035,18.22912055442256,-2.96187414707174,0.0,0.2151972672887205,-0.7551188286430643,0.0,0.0,0.0,-1.9249785627365368,0,0,0,0,0,0,-0.6435268524905708,4.978703662345321,-5.617494470458842,-0.0055298976060936,0.208985945592687,-0.0001620158977836
data/sensor_images/image_740.png,surface,0.0,0.0,2.496235084707581,1.2149412247207734,-5.728850159119505,0.0,0.5098978128666876,1.9082221126433248,0.0,0.0,0.0,3.508431267689748,0,0,0,0,0,0,-1.490630441245329,-0.7102172147183029,-6.2428458090445575,-0.1591160776244603,0.1713018603669934,-0.1735796671939427
data/sensor_images/image_742.png,surface,0.0,0.0,2.914771600574917,-9.106864758617162,4.167356625322046,0.0,-1.044678807161205,-1.168928690531562,0.0,0.0,0.0,-1.7247055797363608,0,0,0,0,0,0,-0.692580211704155,1.3972902484543612,-2.509386669703836,0.0173354921533311,0.2502063364531671,-0.0920048206735275
data/sensor_images/image_744.png,surface,0.0,0.0,2.011474919376637,-9.701753778525562,17.023968089911143,0.0,-4.174602481964281,1.5994845553929031,0.0,0.0,0.0,2.021403009064282,0,0,0,0,0,0,2.091934886432978,-0.8631012128475444,-5.7425393714596815,-0.0310423677070603,0.1955453172661669,-0.2491656248234297
data/sensor_images/image_746.png,surface,0.0,0.0,1.670784311420391,16.99485380264644,-1.2159610953221935,0.0,1.8676089447053688,-0.1765270335120164,0.0,0.0,0.0,4.741508753382217,0,0,0,0,0,0,-0.3162257132257314,3.657307303030404,-6.170314016564452,-0.0628855054418742,0.2186233683186702,-0.137250369889112
data/sensor_images/image_747.png,surface,0.0,0.0,0.7321175877688404,-0.7365650988972867,19.16250922626544,0.0,-0.0916524867626358,-2.500550617618064,0.0,0.0,0.0,1.4858549139518402,0,0,0,0,0,0,3.115479055714196,0.4374075735141938,-6.893568749470868,0.0079931564969715,0.1988142974049847,-0.2314577232198353
data/sensor_images/image_749.png,surface,0.0,0.0,1.5405713287179004,9.7439532629896,-13.383363891648504,0.0,0.4414887570400396,0.210333745231966,0.0,0.0,0.0,-4.367254701012096,0,0,0,0,0,0,-2.009725171614196,2.393023839717121,-7.145619834925303,-0.0649198177266199,0.2011091922200104,-0.0028065549473497
data/sensor_images/image_752.png,surface,0.0,0.0,0.9012799484942976,-9.18700212456791,-15.516105533034985,0.0,1.5123355608040048,4.039732402679205,0.0,0.0,0.0,-0.2907929531603406,0,0,0,0,0,0,-2.5956836998715525,-0.590433768537421,-7.390473172411288,-0.0951941339292455,0.1965823359000974,-0.0779600257429697
data/sensor_images/image_753.png,surface,0.0,0.0,2.7508742330809675,-4.169424836839736,8.987696672360025,0.0,-3.4391719115338413,-2.7318794104995945,0.0,0.0,0.0,-2.646165533029828,0,0,0,0,0,0,0.0804849079748913,1.320182268545766,-4.703763623063486,0.0108366544426369,0.2335122759527308,-0.0668000239424267
data/sensor_images/image_755.png,surface,0.0,0.0,0.9828386272912992,6.320436061667439,9.713904976632511,0.0,-0.4359348379531878,2.2994361408798105,0.0,0.0,0.0,-1.676233925585619,0,0,0,0,0,0,1.3972652762254263,1.8699027648687607,-7.328474441998128,-0.0685753549574305,0.1920868439861047,-0.0387380068585014
data/sensor_images/image_756.png,surface,0.0,0.0,1.2816671605369412,21.3999792704154,-2.0549477045573648,0.0,-1.084358142850787,-3.245581137719076,0.0,0.0,0.0,-4.488416526728416,0,0,0,0,0,0,-1.1400723089992848,4.504587448728783,-6.74712835916556,-0.062936243348486,0.1885090916361705,0.0246129551149525
data/sensor_images/image_759.png,surface,0.0,0.0,2.800201362358387,-9.332120652516526,18.755784254186345,0.0,-2.918416700678561,3.4362578996886057,0.0,0.0,0.0,0.2976985060786425,0,0,0,0,0,0,0.7768168130608759,-1.975621040147885,-2.5013698633403543,-0.1586582720136533,0.1931154948026981,-0.1301873328212886
data/sensor_images/image_761.png,surface,0.0,0.0,2.1049546501020773,12.51552885681683,-10.998750026092074,0.0,-0.4303090140411707,-0.5609783766948087,0.0,0.0,0.0,-3.7981749245672702,0,0,0,0,0,0,-2.8425607505206214,3.480062669754849,-6.040680835869175,-0.0406694896620112,0.2260407763265256,-0.0139647982945221
data/sensor_images/image_762.png,surface,0.0,0.0,1.232010921816766,6.151765511287549,-2.444945554689187,0.0,0.4561351166262696,-2.48857027950023,0.0,0.0,0.0,2.1102616885131864,0,0,0,0,0,0,-0.8517871840091515,2.0779605811772632,-7.613537891279351,-0.052626614748465,0.2153757366396902,-0.1739491787419544
data/sensor_images/image_763.png,surface,0.0,0.0,2.2710474987292164,-2.782526477602836,16.51485571798368,0.0,-3.890091354362316,0.8824015029157588,0.0,0.0,0.0,-3.038211832508294,0,0,0,0,0,0,1.5376368813360488,-0.0484893497010542,-5.00111120191603,-0.0565795410535553,0.249152965171292,-0.0766525445366511
data/sensor_images/image_764.png,surface,0.0,0.0,2.787923808075126,-19.97102474112056,-2.274199117088304,0.0,-1.6147296335985015,4.644535310694881,0.0,0.0,0.0,3.7336731700969263,0,0,0,0,0,0,-1.1101455293599791,-4.380555210000333,-5.30627518720446,-0.1955132652414989,0.1422047748580442,-0.2662766424873642
data/sensor_images/image_765.png,surface,0.0,0.0,0.6159297366156928,-9.76664869659015,-3.068312630096651,0.0,-4.156697957389907,0.7867620563010895,0.0,0.0,0.0,2.5483031533118687,0,0,0,0,0,0,-1.241037525254555,-1.1612707254933117,-7.83699696060179,-0.0835024130325048,0.1479687694907431,-0.2115765441621319
data/sensor_images/image_767.png,surface,0.0,0.0,2.841572186923988,-5.923221977135596,-10.23802296923616,0.0,1.411436391199492,-0.8263987234316895,0.0,0.0,0.0,4.541424117883109,0,0,0,0,0,0,-0.9639145465395824,0.5366466891053105,-3.750725436364232,-0.06799903022847,0.1116709047762691,-0.2081601684316104
data/sensor_images/image_768.png,surface,0.0,0.0,2.512432985008988,0.7259006537084309,-16.890499761289888,0.0,-2.434632394286869,2.825266233922667,0.0,0.0,0.0,0.4001402951635056,0,0,0,0,0,0,-3.965565645470651,0.2476856419432826,-5.108660313079239,-0.1463427143237923,0.259334887797238,-0.1705477179044132
data/sensor_images/image_769.png,surface,0.0,0.0,0.6756431228485911,-9.624778524618224,-21.815015144350102,0.0,3.9987256139240848,-0.5512578395632497,0.0,0.0,0.0,-0.659857696335207,0,0,0,0,0,0,-4.2667847151275184,-1.0029656593863685,-7.101722275708823,-0.0866019184989426,0.1936163336213302,-0.0390394058140576
data/sensor_images/image_770.png,surface,0.0,0.0,1.0823300806483465,6.545028713719016,-17.362845924679185,0.0,4.161287922724806,2.222788823266754,0.0,0.0,0.0,-3.1467512562708464,0,0,0,0,0,0,-3.331250458906534,2.2181082230193137,-7.283399042577782,-0.0901362198921401,0.2244415220882495,-0.0198131493745374
data/sensor_images/image_771.png,surface,0.0,0.0,1.4129849394680154,13.137012076563074,-9.040557402581143,0.0,-1.6367041053461029,0.4706554341112257,0.0,0.0,0.0,2.487759440672664,0,0,0,0,0,0,-2.2922335918143903,3.209687427655335,-6.947298568711474,-0.1120662993231043,0.2508995067098541,-0.1405659781661201
data/sensor_images/image_772.png,surface,0.0,0.0,1.2982270775367888,-15.70672722530172,-3.3440757145381217,0.0,2.099525024648869,-2.2802173183848367,0.0,0.0,0.0,-2.1569485505790507,0,0,0,0,0,0,-0.9519307330723712,-1.955707960289484,-7.3821987553434045,-0.0528131589654425,0.1638488807971726,-0.1108248823901275
data/sensor_images/image_773.png,surface,0.0,0.0,0.6281695472224822,19.12684195886923,-9.769070430670906,0.0,-4.43462123935246,-0.9080153196349214,0.0,0.0,0.0,4.982859334985193,0,0,0,0,0,0,-2.408190738867492,4.171728782880903,-7.053553602078459,-0.0984733639546778,0.2614611004026303,-0.1227207599998614
data/sensor_images/image_774.png,surface,0.0,0.0,0.9267916197780104,6.821147241114882,3.256489034979122,0.0,4.602931162440094,0.7705907741528201,0.0,0.0,0.0,-1.48077222417161,0,0,0,0,0,0,0.2587074715417099,2.382165883322769,-7.858106783564692,-0.0923705547220022,0.201246031096332,-0.0397939109594495
data/sensor_images/image_775.png,surface,0.0,0.0,1.205924750923497,-0.9671730712408888,-11.386647629975966,0.0,-2.4103676160010234,-0.058239900041927,0.0,0.0,0.0,1.899162427875046,0,0,0,0,0,0,-2.783133138062822,-0.0432593044847765,-7.60919639554114,-0.0936661199584909,0.1981019968123206,-0.1637049550012342
data/sensor_images/image_776.png,surface,0.0,0.0,0.8828341211024755,6.446489580206486,11.270511674809487,0.0,-4.051804595558742,1.55693013845195,0.0,0.0,0.0,-4.04938949241196,0,0,0,0,0,0,1.733320667202927,1.93992531416809,-7.282618099170906,-0.067411947416774,0.2108803609636317,-0.0575632308104128
data/sensor_images/image_777.png,surface,0.0,0.0,2.568629256081873,-2.75314490349841,-9.254537949258818,0.0,3.552129386690284,0.2388290507606902,0.0,0.0,0.0,0.9421914993395876,0,0,0,0,0,0,-0.5135169878048855,0.0679691363477009,-4.718009767739635,-0.1273531071555642,0.1055247944021346,-0.1886254288475124
data/sensor_images/image_778.png,surface,0.0,0.0,1.801031077671402,2.7410224166897468,14.987188514263323,0.0,-1.6362869077284694,1.045254489168049,0.0,0.0,0.0,0.0776464667838991,0,0,0,0,0,0,2.178460600596595,1.1831776806159229,-6.663574065721706,-0.0504146075250668,0.2026105564139251,-0.1117729463214574
data/sensor_images/image_779.png,surface,0.0,0.0,1.0536183070223568,-9.408682974938626,2.4505675924156862,0.0,-2.729437138720386,-3.593920548092893,0.0,0.0,0.0,3.668314207636449,0,0,0,0,0,0,0.3256636815276295,-1.1951400544238724,-7.934999781371688,-0.037187738695021,0.1635773212233249,-0.2199804200285109
data/sensor_images/image_780.png,surface,0.0,0.0,2.6193117771091967,-6.963323779803716,21.148933218580588,0.0,-2.4018878741834087,-2.935277835019043,0.0,0.0,0.0,3.901137946945092,0,0,0,0,0,0,1.97189146385974,0.3328770481616768,-3.818680194828889,0.0633198573213344,0.193460592034922,-0.2195535179159977
data/sensor_images/image_781.png,surface,0.0,0.0,2.401666651096728,-19.67788377266737,7.68098585280915,0.0,-3.127537056261457,0.5456461755757512,0.0,0.0,0.0,-2.643888262602662,0,0,0,0,0,0,0.2314989825768897,-2.5571656331892103,-4.5479799054738885,-0.0986857124476195,0.2064663012609629,-0.1603405724690022
data/sensor_images/image_782.png,surface,0.0,0.0,1.4656934230450476,-14.325218212398468,5.716721847916062,0.0,-2.237719642495821,-0.5553338279069017,0.0,0.0,0.0,-0.2079418423873438,0,0,0,0,0,0,0.3933041868061523,-1.5552234080110132,-7.138844965769895,-0.0648998476044929,0.1930952735266282,-0.1118487135516127
data/sensor_images/image_783.png,surface,0.0,0.0,2.603023010747425,-4.419074543577323,6.327660714743294,0.0,4.751643019737074,1.371720828101678,0.0,0.0,0.0,2.8318638949141173,0,0,0,0,0,0,2.069870271825141,-0.5114472190910493,-6.008959014474781,-0.086222723007479,0.0930677074892861,-0.2092681204692962
data/sensor_images/image_784.png,surface,0.0,0.0,2.0936214292390405,-5.570381670303869,-0.1245085081202073,0.0,2.651262048541742,2.331018852489398,0.0,0.0,0.0,0.841815191614331,0,0,0,0,0,0,-0.0938724744693077,-0.7430761480239875,-7.190814759381401,-0.07193152016085,0.1483584317398645,-0.1989942457342082
data/sensor_images/image_785.png,surface,0.0,0.0,2.0586485457408763,10.818069370284256,4.516468010986459,0.0,-4.532434990979147,-0.2418967151445472,0.0,0.0,0.0,-2.692038530147109,0,0,0,0,0,0,-0.3876645671943258,3.03365342550077,-7.168023306669183,-0.0663679489926766,0.2541806114141994,-0.0143923533437926
data/sensor_images/image_787.png,surface,0.0,0.0,1.5205119262615392,-7.933073599372334,-14.20215618386883,0.0,2.8615121929593235,3.1101821611345155,0.0,0.0,0.0,-2.280119810583555,0,0,0,0,0,0,-2.4812695277643653,-1.228817520363339,-7.087484465997032,-0.1233755198455711,0.1819164527777087,-0.060274704327951
data/sensor_images/image_789.png,surface,0.0,0.0,1.502281830771197,-0.2946048029873983,-8.048614302135046,0.0,1.3812559593755598,-4.2910315698569805,0.0,0.0,0.0,4.719539705485518,0,0,0,0,0,0,-2.3291913649021927,0.9497433883022712,-8.238630172794007,-0.0763747874478261,0.1773439863101979,-0.1853608290246308
data/sensor_images/image_790.png,surface,0.0,0.0,0.6486200522243928,-15.60143903352415,-4.986369344635442,0.0,3.3694656357153754,-2.793817535533569,0.0,0.0,0.0,-0.1295570926138776,0,0,0,0,0,0,-1.0961734684707714,-2.489320918892898,-7.566930478077213,-0.0850332364684591,0.1329308335175795,-0.2496131197034103
data/sensor_images/image_792.png,surface,0.0,0.0,1.64095253128255,-6.929134028718983,-20.147656644979875,0.0,-2.922642430720043,-3.257157810033505,0.0,0.0,0.0,-2.306876111000405,0,0,0,0,0,0,-4.573625459463212,-0.1024708608606952,-7.086695566417225,-0.0957518698542248,0.2191644604205685,-0.0670296314882369
data/sensor_images/image_793.png,surface,0.0,0.0,2.045205296110808,13.676534821091357,-13.631001744251511,0.0,2.9630587599793725,3.402280377577044,0.0,0.0,0.0,-1.957507078684379,0,0,0,0,0,0,-2.31255729472466,2.954200737532613,-6.479346814312564,-0.1063437564038202,0.2132817900855239,0.0255151222244453
data/sensor_images/image_794.png,surface,0.0,0.0,0.9524190660845542,17.39606594024778,15.684196776694286,0.0,-4.164619306455179,-0.5344740738957205,0.0,0.0,0.0,4.2575817473972695,0,0,0,0,0,0,2.0622908601073164,4.195318745405871,-7.69118085212776,-0.0381452563382178,0.2477030050652261,-0.1546472637418313
data/sensor_images/image_795.png,surface,0.0,0.0,0.7059838270687679,11.349879688468173,-19.29564374683844,0.0,-1.2205128267254548,0.0164543769541021,0.0,0.0,0.0,-0.6630294821879135,0,0,0,0,0,0,-4.323936369819418,3.038282916553972,-7.113887576778566,-0.0960828335905085,0.2039869649389894,0.0077901659618938
data/sensor_images/image_796.png,surface,0.0,0.0,2.6843016653251595,-2.3349086610769434,-15.565995868864968,0.0,-4.131975301667563,-0.0668750648723123,0.0,0.0,0.0,-4.5692515325887815,0,0,0,0,0,0,-4.264307824136216,0.7459730271256091,-6.525070886547677,-0.1047781958322016,0.2940197927177231,-0.0347645217589653
data/sensor_images/image_797.png,surface,0.0,0.0,0.7086358354646787,19.13080745148546,9.222107839718433,0.0,-2.6813475775071143,1.811252377329161,0.0,0.0,0.0,-2.3744513581247872,0,0,0,0,0,0,1.1632020362319904,4.201470859579395,-7.877702305599669,-0.084858603130321,0.2252751825291254,0.0029347836957303
data/sensor_images/image_798.png,surface,0.0,0.0,1.9218009975985944,1.8032351422141408,-21.103341035095376,0.0,3.1255962756970583,-2.6758299202143254,0.0,0.0,0.0,-1.0019594702838353,0,0,0,0,0,0,-3.665851779918432,2.2587678548867207,-6.333347845297848,-0.0973180627640675,0.1906933662086427,-0.015124084739952
data/sensor_images/image_799.png,surface,0.0,0.0,2.478131018043212,-15.39593042503598,16.35518392984079,0.0,-1.8566056902031345,4.364552291561486,0.0,0.0,0.0,4.46068068330322,0,0,0,0,0,0,2.401905889815457,-3.572429519222428,-6.254013248141448,-0.074129857582895,0.1367291750958629,-0.2915391842844764
data/sensor_images/image_801.png,surface,0.0,0.0,2.1157918744530084,12.129194144244206,-5.1794956745269465,0.0,0.2970457681969496,-4.904760125685464,0.0,0.0,0.0,3.1247000886975247,0,0,0,0,0,0,-1.0185083450852914,3.7421782446744327,-7.613448077731139,-0.0418324076983979,0.2514084103154143,-0.1601859739981612
data/sensor_images/image_802.png,surface,0.0,0.0,2.326555010654168,-3.002764995849084,3.1687858510962874,0.0,-2.4611623703019,-1.6276905275877096,0.0,0.0,0.0,1.4881870370642254,0,0,0,0,0,0,-0.2671382923303582,0.8107657633977348,-6.626491986060848,-0.0105367324863968,0.2479099679265693,-0.2310735252055193
data/sensor_images/image_803.png,surface,0.0,0.0,2.267978315744092,14.647823485291555,-8.567958142413543,0.0,-3.7996397180324126,2.027161987888485,0.0,0.0,0.0,2.864046350750723,0,0,0,0,0,0,-2.636408284177201,3.22956977765266,-6.632562161048717,-0.1058224889457589,0.298968492504978,-0.1269865370189978
data/sensor_images/image_806.png,surface,0.0,0.0,0.8927903305967326,-13.69916060155974,-10.761670995989103,0.0,0.9613599171383042,3.8040925761024673,0.0,0.0,0.0,2.441720256455992,0,0,0,0,0,0,-2.163995885953016,-2.201952348106873,-7.650495734393909,-0.1197312702186441,0.1589747031417622,-0.2538432863153995
data/sensor_images/image_807.png,surface,0.0,0.0,1.254915640716355,3.704475002319839,-14.456488842220462,0.0,1.7833017379473042,3.921063657659308,0.0,0.0,0.0,-0.4010948064752107,0,0,0,0,0,0,-3.167576825181073,1.8299124650227268,-7.836826158083521,-0.0946617787425628,0.2118650254646022,-0.0239838693528524
data/sensor_images/image_809.png,surface,0.0,0.0,0.6305788607202685,-18.11434723798635,-3.5112449038814284,0.0,-2.3257101617444382,0.0133871478748798,0.0,0.0,0.0,-4.023587984239304,0,0,0,0,0,0,-0.9521025695893136,-2.5180400020367792,-8.758700285729379,-0.0924648179707208,0.2014992172175744,-0.1205628046240878
data/sensor_images/image_811.png,surface,0.0,0.0,1.878068890254445,13.69896940602291,13.76955279071612,0.0,0.8064922051784591,1.1804088791025158,0.0,0.0,0.0,1.0072567981141702,0,0,0,0,0,0,2.668344325930988,2.830432869193407,-7.05669862212252,-0.0577685625223235,0.2377018048686592,-0.1717853054346238
data/sensor_images/image_812.png,surface,0.0,0.0,0.578307979932871,-7.761149299537685,8.534970577322456,0.0,2.573531278129011,2.1574481249991813,0.0,0.0,0.0,-2.4009106451146534,0,0,0,0,0,0,1.5755110527896563,-0.4869083475181266,-9.607836559368543,-0.0867121946396723,0.1949359030495839,-0.104967520929079
data/sensor_images/image_813.png,surface,0.0,0.0,2.3849913271450944,-10.269224157977652,-10.236347375646286,0.0,2.32597897182062,-2.812324604342365,0.0,0.0,0.0,-0.0392467647561458,0,0,0,0,0,0,-1.8967162726761344,-0.2671252827074771,-5.914063706225659,-0.0701202704461756,0.1566875988786833,-0.2401232165163584
data/sensor_images/image_814.png,surface,0.0,0.0,2.6437551833969097,8.627521579720575,5.050622080222183,0.0,4.305765501850771,0.10942297802888,0.0,0.0,0.0,-2.7177118705520376,0,0,0,0,0,0,1.6764687945734296,2.526164751849713,-6.984186857979904,-0.0663326431167524,0.1379585966393182,-0.0429833064297587
data/sensor_images/image_815.png,surface,0.0,0.0,1.6438789220991028,21.590401687819885,6.795577471922536,0.0,-3.6846195050920287,-0.4690633462787253,0.0,0.0,0.0,-2.231707679993887,0,0,0,0,0,0,0.6310059262327314,4.8879898051232376,-6.7378889339613135,-0.0777447152327214,0.2419831204704123,0.0079498764978894
data/sensor_images/image_816.png,surface,0.0,0.0,2.4795979802334243,-12.562850635778371,-12.852404488794605,0.0,-1.6556234439104014,-1.792321198634472,0.0,0.0,0.0,4.239900218351007,0,0,0,0,0,0,-3.343545917351652,-0.7033913811017967,-6.512556727353631,-0.074567880928947,0.2300012589404597,-0.2445216042751282
data/sensor_images/image_818.png,surface,0.0,0.0,1.9205742699689488,15.994953269303888,-5.870317703706049,0.0,0.7059123611341761,-1.1269789838909583,0.0,0.0,0.0,3.643180925545149,0,0,0,0,0,0,-1.2385739544657408,4.383307706394038,-8.26272327082305,-0.056810055709132,0.2321715941526776,-0.1287307815285065
data/sensor_images/image_819.png,surface,0.0,0.0,2.7917277805477223,6.740901374542779,-20.93828479346838,0.0,-1.3897458809926382,-0.290880052534881,0.0,0.0,0.0,0.8857360038319193,0,0,0,0,0,0,-5.200573323692876,2.51699390487776,-5.3420204291153,-0.1098590937197016,0.3304583777398278,-0.1522752930852124
data/sensor_images/image_820.png,surface,0.0,0.0,1.5424374067446678,-13.006243565834469,-15.293040042911077,0.0,1.198581892557765,-0.4402636139744692,0.0,0.0,0.0,-3.4203662408637525,0,0,0,0,0,0,-2.408121958637579,-1.6495029764464906,-7.607310218642141,-0.0973135173347907,0.172207229051528,-0.0720403757173164
data/sensor_images/image_821.png,surface,0.0,0.0,2.5296628649794752,10.441756924708924,-7.259602491438592,0.0,3.3627166259008394,-0.3369564697568101,0.0,0.0,0.0,-0.074263962307258,0,0,0,0,0,0,-0.7654721982478896,2.7624554556563066,-5.84082221547351,-0.0639863064435677,0.1439961054581159,-0.0078658298138075
data/sensor_images/image_822.png,surface,0.0,0.0,2.4516649985719425,-4.390522855175625,-8.737056435598342,0.0,-2.782486046192319,2.0002160494775847,0.0,0.0,0.0,-0.4788341892407519,0,0,0,0,0,0,-2.9630938970074743,-0.5714771501193044,-7.0834450664807145,-0.1315004428719295,0.2695067785287235,-0.0953997698458757
data/sensor_images/image_823.png,surface,0.0,0.0,2.2973246810282264,10.892435906771269,-12.21006871975579,0.0,0.4420966552122254,4.070083206040373,0.0,0.0,0.0,-1.2329910190436646,0,0,0,0,0,0,-2.027570036581745,2.5676681064883327,-6.499826637287001,-0.1200484146566743,0.2300875650295004,0.007487087210521
data/sensor_images/image_824.png,surface,0.0,0.0,1.5286151100084124,7.456029702196376,13.74479004727374,0.0,2.7011714080499813,2.7168219579850588,0.0,0.0,0.0,-2.0142972327403355,0,0,0,0,0,0,2.620534271159108,2.3375152626209257,-7.623408652707589,-0.0775070503395199,0.2093937344833075,-0.04851485580279
data/sensor_images/image_825.png,surface,0.0,0.0,1.6705672781642753,4.903393281414097,-14.328642667393304,0.0,1.6972684676831675,-3.361258151402257,0.0,0.0,0.0,3.954750094779156,0,0,0,0,0,0,-3.3790460491475383,1.976231090757746,-7.808557437557088,-0.0737040484767372,0.2048303412671187,-0.1483746163106543
data/sensor_images/image_826.png,surface,0.0,0.0,1.023485803571636,-20.05694906923507,-9.88375610941006,0.0,2.7367432266966256,-0.4062013628299977,0.0,0.0,0.0,-4.693761249076848,0,0,0,0,0,0,-1.6517365315723702,-2.8100638696172786,-7.83577588945538,-0.1160610790922559,0.1619229009757155,-0.1250649128689167
data/sensor_images/image_827.png,surface,0.0,0.0,1.1952158519424274,14.764472377212211,-2.1043303837471363,0.0,2.721468458088696,3.155907232622842,0.0,0.0,0.0,-2.0358688228605204,0,0,0,0,0,0,-1.0777003844667228,3.5681327291537395,-8.418768712727474,-0.0838242173516532,0.210178764133213,0.005252857544125
data/sensor_images/image_828.png,surface,0.0,0.0,2.205650386267486,7.978672028799776,9.898099451111191,0.0,-3.6947805679849175,-1.8606769972818844,0.0,0.0,0.0,1.9203673654870057,0,0,0,0,0,0,0.8043855609294583,2.6757741477114934,-6.995489025313312,-0.0133687588424267,0.2614334229930094,-0.1862491315128312
data/sensor_images/image_829.png,surface,0.0,0.0,1.313596817827504,21.52640118610908,12.419359405530464,0.0,1.2194454220128197,2.7407782591735645,0.0,0.0,0.0,1.055954096389061,0,0,0,0,0,0,1.6172871978229948,4.565882608923015,-7.581385319596364,-0.0594135583985772,0.2458738678726488,-0.1379785451602022
data/sensor_images/image_830.png,surface,0.0,0.0,2.3107407635179653,-10.332090818872738,13.37227402468197,0.0,2.9322071166787578,-3.625770847089265,0.0,0.0,0.0,-0.5080424227125899,0,0,0,0,0,0,3.754414080480705,-0.4782276321256407,-6.480002906084722,-0.0356187615989155,0.1568099863400875,-0.1088957621349778
data/sensor_images/image_831.png,surface,0.0,0.0,2.061026126158536,-20.552673624976155,-10.254241886598356,0.0,-0.5372197803996087,4.874455355536016,0.0,0.0,0.0,-3.423517576826176,0,0,0,0,0,0,-1.6636812263455518,-3.802573679199415,-7.036124978029977,-0.1700630929448583,0.1885084212020571,-0.1123344284799048
data/sensor_images/image_832.png,surface,0.0,0.0,1.3911590326109684,0.3815790405797442,-19.60908046931676,0.0,-1.9166876258517456,1.2284583937212434,0.0,0.0,0.0,-2.441046892245675,0,0,0,0,0,0,-4.104645917769105,0.900266268109254,-7.977305972907599,-0.1148504925395485,0.2454374047135167,-0.0419717416047314
data/sensor_images/image_833.png,surface,0.0,0.0,0.9190457404900384,15.398693111793117,-8.855503350441444,0.0,0.218009273156601,-0.6569841208892108,0.0,0.0,0.0,4.433802215830179,0,0,0,0,0,0,-1.8880754957874968,3.979478971076865,-8.147603753588879,-0.1003195870659264,0.2571906104659947,-0.1211767334077133
data/sensor_images/image_834.png,surface,0.0,0.0,1.299382714004163,-17.194046540685356,4.7106306343015065,0.0,2.549853794239082,1.4356015164860865,0.0,0.0,0.0,2.3589867995443425,0,0,0,0,0,0,0.947048390061848,-2.5926636722996204,-8.270065036609445,-0.0811606406847712,0.1269978966376407,-0.2718428108421962
data/sensor_images/image_835.png,surface,0.0,0.0,1.4130743952212028,0.1814587844652805,4.873469176000735,0.0,-3.619383209190259,-2.9344707110464188,0.0,0.0,0.0,-0.4896856915740342,0,0,0,0,0,0,0.4552880862246581,0.9523021109006548,-8.51212289617355,-0.0791464638770313,0.2178423970585565,-0.0670585362249649
data/sensor_images/image_836.png,surface,0.0,0.0,2.1144554519276446,13.78455820017531,4.306802315253825,0.0,2.460924939590755,-2.4191491643608725,0.0,0.0,0.0,2.619434046384458,0,0,0,0,0,0,0.6934066153134792,3.9448228682260496,-7.755362316439037,-0.0175724814668939,0.2336804347255988,-0.1635325590318716
data/sensor_images/image_837.png,surface,0.0,0.0,0.6545553271577516,-18.57033050347148,-2.6951232995189387,0.0,-0.3856092731561768,4.716263590725528,0.0,0.0,0.0,4.505620511864931,0,0,0,0,0,0,-0.9371242539282084,-3.177764451861483,-8.480968216814917,-0.0858000588949962,0.1129660023595331,-0.2777148803672961
data/sensor_images/image_838.png,surface,0.0,0.0,2.6652875195585617,-6.969492820769201,2.305561976475086,0.0,-2.2010008910533894,0.9159158962491252,0.0,0.0,0.0,2.658178335662333,0,0,0,0,0,0,-1.725810080903743,-1.569935589938722,-5.990926544521679,-0.1430798021270043,0.3044634909578669,-0.2565417291230815
data/sensor_images/image_839.png,surface,0.0,0.0,2.0632505119673468,7.511693047890082,-11.69895159924826,0.0,-0.2830376114647988,-2.7391955878469187,0.0,0.0,0.0,2.452261376671477,0,0,0,0,0,0,-2.349893704019031,2.94285241012498,-7.720365082406044,-0.0663318448953549,0.2622703224441048,-0.1781649609954488
data/sensor_images/image_841.png,surface,0.0,0.0,1.128639655197829,-12.419074101043268,18.926605861971485,0.0,3.907434430500158,-2.9321374625441043,0.0,0.0,0.0,1.8099569594209752,0,0,0,0,0,0,3.476699437128822,-1.6871843279239966,-8.043924055689942,0.0039000962836645,0.1451985288642984,-0.2678981145655504
data/sensor_images/image_842.png,surface,0.0,0.0,0.8765157234317501,2.5645283439991338,-23.03575150266613,0.0,3.168002966922239,-3.3557897237466148,0.0,0.0,0.0,3.3382909634010147,0,0,0,0,0,0,-4.843155567168506,1.2840798323864655,-8.167806050205819,-0.1449118768186939,0.2209364780912822,-0.1450282898246283
data/sensor_images/image_843.png,surface,0.0,0.0,1.9546014160213,-10.366887024335613,-7.905805353466666,0.0,0.4825545345478594,-3.819477730597104,0.0,0.0,0.0,1.4435001135999324,0,0,0,0,0,0,-2.135913145418092,-0.973903140699202,-7.731579689212955,-0.0620588746747506,0.172314073401169,-0.2321138833655624
data/sensor_images/image_844.png,surface,0.0,0.0,1.922541191267892,-14.19828092113656,-17.868867104891276,0.0,-4.426871396903129,-1.5111795159272512,0.0,0.0,0.0,4.8356403435217725,0,0,0,0,0,0,-4.64845257778923,-1.9645172675541995,-6.987120621304946,-0.1592800043777405,0.1948770981438719,-0.2253479411428332
data/sensor_images/image_845.png,surface,0.0,0.0,1.410517428189351,8.229479958393714,7.188146538229613,0.0,1.9262694801247016,-3.115188427729292,0.0,0.0,0.0,-0.5154326808285514,0,0,0,0,0,0,1.8952363411647184,3.182919732218828,-7.985173307578216,-0.0938871717933707,0.2413425524404526,-0.0609389145148447
data/sensor_images/image_846.png,surface,0.0,0.0,2.3994423968281224,13.914681230280626,-7.046155052868808,0.0,-3.496933765461754,2.151705571117601,0.0,0.0,0.0,0.2207210471499614,0,0,0,0,0,0,-2.4016795170262304,2.7378785806614467,-6.507029406811727,-0.1168509216517167,0.3380363720149752,-0.1425099000073918
data/sensor_images/image_847.png,surface,0.0,0.0,0.6544304052486689,-3.656840133475606,13.996521142438707,0.0,-0.0597331589836812,-0.9451060634746185,0.0,0.0,0.0,-0.6028927644808473,0,0,0,0,0,0,2.196546290807947,0.0733565340021674,-8.503707107949703,-0.0445804825083847,0.1979116419654739,-0.068394344759977
data/sensor_images/image_850.png,surface,0.0,0.0,0.9646901629802404,11.684656027622273,15.164459357589037,0.0,3.928622083091111,1.9401604879258512,0.0,0.0,0.0,2.9244770008948207,0,0,0,0,0,0,2.9452944667110272,2.8141533426917653,-8.678543851030746,-0.03429300950898,0.242620409023125,-0.1678127416198738
data/sensor_images/image_851.png,surface,0.0,0.0,2.851110858062852,-4.43035931898533,-13.06429374211814,0.0,2.0540057856292964,1.7590486195314892,0.0,0.0,0.0,3.563506607123342,0,0,0,0,0,0,-1.3968596602073746,-1.000528853295579,-5.963224500948067,-0.2232647177356522,0.1569937181520669,-0.1803792016869504
data/sensor_images/image_852.png,surface,0.0,0.0,2.330912920495188,-4.372758606865347,-1.0321816231363652,0.0,-2.688958363128245,-0.0145709484868885,0.0,0.0,0.0,0.2097074388338278,0,0,0,0,0,0,-1.851942489784976,0.1691242804881081,-7.341492818316953,-0.0934979249515395,0.2697465045698611,-0.2244965509084548
data/sensor_images/image_853.png,surface,0.0,0.0,2.7336144703539897,19.242872733395192,-7.667876662505448,0.0,-0.5079399133583636,-1.7983604834817322,0.0,0.0,0.0,-0.9115201854807262,0,0,0,0,0,0,-2.454467776394035,5.490771298127408,-6.395689260230817,0.006399899925102,0.2573104021341427,-0.0030496936419532
data/sensor_images/image_854.png,surface,0.0,0.0,2.47870463707408,-6.649241641374559,-20.859328199776648,0.0,1.1032379345104455,3.0420284070655854,0.0,0.0,0.0,1.971762850624744,0,0,0,0,0,0,-3.73174790367882,-1.3772120576339484,-6.313237158384357,-0.2168821400279367,0.2084437232527012,-0.1821075944606843
data/sensor_images/image_856.png,surface,0.0,0.0,1.1172336852015312,7.673338143929917,-2.80400411513073,0.0,-2.3446949556507093,0.0900068011731217,0.0,0.0,0.0,-3.268491852301356,0,0,0,0,0,0,-0.8749104516176184,2.6324297351796373,-8.715277808729775,-0.083728298294369,0.2570363094142756,-0.0536831799245344
data/sensor_images/image_857.png,surface,0.0,0.0,2.627216485378462,1.8099838148621687,-18.162595218685333,0.0,3.138866134085017,-0.713764310326809,0.0,0.0,0.0,1.4305439605472472,0,0,0,0,0,0,-1.7639364835416476,1.4442905983580274,-4.753033956275693,-0.0988066246065718,0.1444672946467348,-0.1814154488509662
data/sensor_images/image_858.png,surface,0.0,0.0,0.6202158119552563,-20.9457959165518,-12.95244678868198,0.0,-2.716321704453368,1.8659155139327537,0.0,0.0,0.0,-1.7833810607872316,0,0,0,0,0,0,-2.491976762899958,-3.1875299617680906,-7.912800207014682,-0.1275649046159412,0.1906719175386282,-0.1316623624822169
data/sensor_images/image_859.png,surface,0.0,0.0,2.273022193640621,0.9936558858198244,-20.909007173784467,0.0,-3.5056645384385505,-0.5492305032717971,0.0,0.0,0.0,-2.173354664476772,0,0,0,0,0,0,-5.151727394494722,1.175543577838389,-7.142085494179661,-0.1030967097370388,0.2781864929576462,-0.0367574791420866
data/sensor_images/image_862.png,surface,0.0,0.0,1.93706361232806,6.792945569453494,-22.68023266583767,0.0,1.79934490183066,4.142478665898102,0.0,0.0,0.0,-1.2748062735702472,0,0,0,0,0,0,-4.95753985543232,1.8297512265685687,-7.208688600956861,-0.1098998140428588,0.2294592510202279,0.0003981281655952
data/sensor_images/image_863.png,surface,0.0,0.0,1.1513351362604245,17.716750755763265,-12.677355932946488,0.0,0.8977717059901741,-2.282687913401363,0.0,0.0,0.0,-1.0331540867726376,0,0,0,0,0,0,-2.8618151582955846,4.204872013439855,-7.990174145776051,-0.09506592518507,0.2328997691660147,0.0237204738284645
data/sensor_images/image_864.png,surface,0.0,0.0,1.976647777959275,22.038107617580955,10.846839206603171,0.0,2.918428637815957,2.1750269205580977,0.0,0.0,0.0,4.922616213991972,0,0,0,0,0,0,1.977019944407465,4.759705212749957,-6.911054311966227,-0.0651977858078967,0.2419589613740939,-0.1370817328570269
data/sensor_images/image_865.png,surface,0.0,0.0,2.2202052799886665,8.467561124536605,-9.1941828500925,0.0,2.2288748561018648,-3.694340097576348,0.0,0.0,0.0,0.4312449190387157,0,0,0,0,0,0,-1.860607843505432,3.1978396669947147,-7.809735640472994,-0.0666609196416397,0.2421258353579935,-0.1767157611607252
data/sensor_images/image_866.png,surface,0.0,0.0,1.4640503239927354,3.0704718200927568,-3.826549869861588,0.0,-1.5236437900718618,-0.7577082112021007,0.0,0.0,0.0,0.2744984675650519,0,0,0,0,0,0,-1.3361037630005437,1.4217485903161702,-8.428464844075577,-0.0976930538174129,0.2489297737240308,-0.2084411088466137
data/sensor_images/image_867.png,surface,0.0,0.0,0.8700733656200508,-1.7333574457455556,3.6516786472589766,0.0,-0.8478825405025088,0.9905705363911802,0.0,0.0,0.0,4.858504215822649,0,0,0,0,0,0,-0.0031006388417214,0.6015471053438591,-9.082743558271826,-0.0947212694372427,0.2149226906261589,-0.2312245350350222
data/sensor_images/image_868.png,surface,0.0,0.0,2.862385921667288,-16.083111272229115,7.945672189317213,0.0,-0.665171872204988,-3.263117465520241,0.0,0.0,0.0,3.903869049770339,0,0,0,0,0,0,0.249164754023559,0.6887232023754644,-4.120036202439732,0.0562239854186288,0.1583945324934072,-0.276641665858231
data/sensor_images/image_870.png,surface,0.0,0.0,0.6747979174696981,-2.4322506061290565,16.566200391645957,0.0,1.94592996136692,1.9981135453072167,0.0,0.0,0.0,-2.377277304310091,0,0,0,0,0,0,3.674345658876308,0.5382908738378456,-8.724333822797009,-0.077533278868687,0.2203996600700741,-0.1043902679046765
data/sensor_images/image_871.png,surface,0.0,0.0,0.6391312738585346,5.666296710145824,-11.899627175238642,0.0,0.9520600156231096,-1.8366000269601923,0.0,0.0,0.0,1.971877638884708,0,0,0,0,0,0,-3.3739186937012047,1.898400806548452,-8.714421977204804,-0.1087740790470887,0.2053005791537336,-0.1824887747872448
data/sensor_images/image_873.png,surface,0.0,0.0,2.848673099335191,16.24532679211675,-11.245108556325755,0.0,1.7692991037297967,4.519086237274866,0.0,0.0,0.0,-3.481068692801239,0,0,0,0,0,0,-2.015146007193608,2.190521469067607,-4.8357160498016345,-0.153189098647197,0.2085791182540003,0.0339590125214704
data/sensor_images/image_875.png,surface,0.0,0.0,1.072032116821653,-13.281801320796813,19.021584052693505,0.0,-2.830034066046801,-1.836439891059077,0.0,0.0,0.0,-4.526703531358233,0,0,0,0,0,0,3.654246939102465,-1.353597958455621,-8.524120014458818,-0.040871282207048,0.1990481473730071,-0.158377743768373
data/sensor_images/image_876.png,surface,0.0,0.0,2.940547398024408,-11.784967261542327,3.3714411790652608,0.0,3.1048628903537088,-1.3218466790665824,0.0,0.0,0.0,-0.0746224303360474,0,0,0,0,0,0,2.549271855291978,-0.3053001646533532,-4.460425384750358,-0.0424765481455395,0.0450227353189881,-0.1627557433770103
data/sensor_images/image_877.png,surface,0.0,0.0,1.0838889452164733,-17.20603037811523,-8.227090274835817,0.0,0.1131701014210548,-4.301354316433241,0.0,0.0,0.0,0.1127557051295262,0,0,0,0,0,0,-1.3640740785293126,-2.815622788118776,-8.946739722156888,-0.1399021564891002,0.1538992733450639,-0.2564732956896435
data/sensor_images/image_878.png,surface,0.0,0.0,2.2117021282432434,0.540584415679445,-5.399889506548304,0.0,0.9648920468511032,4.52375722676918,0.0,0.0,0.0,0.3145167484538422,0,0,0,0,0,0,-0.8177911674242956,0.6652246136663106,-7.988852967771453,-0.1395595864139198,0.2239658523197937,-0.0543360082867465
data/sensor_images/image_879.png,surface,0.0,0.0,0.779273843524353,-2.2320657640702217,7.312503177021392,0.0,1.5775697843437957,-0.4677325101898918,0.0,0.0,0.0,-3.733225768178162,0,0,0,0,0,0,1.3023368533493809,0.6966197659539723,-9.30295334525452,-0.0894883599499942,0.2109400263147714,-0.1030185835335713
data/sensor_images/image_880.png,surface,0.0,0.0,2.080352422969774,-2.1100510853649976,12.339185552021757,0.0,-0.7134416499641659,2.902104307560032,0.0,0.0,0.0,-3.834090680604887,0,0,0,0,0,0,2.097794306388815,-0.7221404669668336,-8.019435638664605,-0.1068024884546107,0.2235680368494482,-0.1079290845310948
data/sensor_images/image_881.png,surface,0.0,0.0,0.8623809405267503,-9.19457758058368,3.476618742316136,0.0,-2.965453028715916,-2.83954665509457,0.0,0.0,0.0,-1.3340203183028263,0,0,0,0,0,0,0.4082851081660048,-0.874460073016397,-9.381746611441809,-0.1037185810137329,0.2165961507449753,-0.0984199285413908
data/sensor_images/image_882.png,surface,0.0,0.0,1.1967648837421332,-17.012258348142453,17.916382867920497,0.0,1.045038456607108,2.6984561262602305,0.0,0.0,0.0,-0.5177053240292517,0,0,0,0,0,0,3.646095031173156,-2.831934546069211,-7.70094381439179,-0.0611489561411856,0.1726131634867135,-0.1462485664744087
data/sensor_images/image_883.png,surface,0.0,0.0,1.5912482309470548,-16.861446594870984,-0.7038281108515747,0.0,-2.1962851221100705,1.4749113241256508,0.0,0.0,0.0,-1.4991868369014352,0,0,0,0,0,0,-1.1221744467124413,-2.9782597985349666,-8.206543327960205,-0.1246823970634026,0.2055016609071017,-0.1308940595863392
data/sensor_images/image_884.png,surface,0.0,0.0,2.412542172928779,-16.347319402801578,-10.341348652187476,0.0,-3.94295365129942,2.3658859242819585,0.0,0.0,0.0,2.3992894005098666,0,0,0,0,0,0,-3.622646260268384,-3.440319306721807,-7.615829682173566,-0.1798050573481663,0.1952178863137539,-0.237360424662622
data/sensor_images/image_885.png,surface,0.0,0.0,1.8878960653651184,-2.052841799417396,11.180743548955128,0.0,-0.1929833246656243,-0.9989663209624944,0.0,0.0,0.0,4.263762775461652,0,0,0,0,0,0,2.3014052867007866,1.0435761401402714,-8.805720672179165,0.0028251164756908,0.2205344583040411,-0.2308898131566036
data/sensor_images/image_886.png,surface,0.0,0.0,0.9501891673319538,4.629518249900749,-13.333101094634364,0.0,-0.6019603656937695,-2.900429963366083,0.0,0.0,0.0,4.4664411602364105,0,0,0,0,0,0,-3.2855519770685304,1.685179794076771,-9.44257075852688,-0.0993417599597313,0.2327403962284585,-0.149362904657978
data/sensor_images/image_887.png,surface,0.0,0.0,2.3872446023196487,6.055970621345917,-2.688691024469437,0.0,0.3275723029607416,0.2891103037876583,0.0,0.0,0.0,-2.989826039149309,0,0,0,0,0,0,-0.7199113589134493,2.057572762595983,-8.039793777288244,-0.094595777303176,0.1984190210073711,-0.044494966847947
data/sensor_images/image_888.png,surface,0.0,0.0,2.094310282084108,-13.98028245054114,11.344664592277477,0.0,2.3945124936073925,4.286563662619811,0.0,0.0,0.0,2.51176195145578,0,0,0,0,0,0,2.4170227475010164,-2.7011293774647167,-7.896012784372478,-0.0706944176230079,0.1431415762121518,-0.2800433147973982
data/sensor_images/image_889.png,surface,0.0,0.0,0.5480656408626048,-19.21400149339848,5.590014023491317,0.0,-0.6988274004239508,-4.0990912015302445,0.0,0.0,0.0,4.31102995677459,0,0,0,0,0,0,1.138677058959888,-3.321792342095348,-9.40228123264961,-0.0480605451785218,0.1468866634087586,-0.2857003422214668
data/sensor_images/image_890.png,surface,0.0,0.0,0.663997306798052,10.657719226509844,15.641160647407135,0.0,-0.138601045972336,-4.980853997029304,0.0,0.0,0.0,-2.7019119182719686,0,0,0,0,0,0,3.006278542130958,3.538983313612952,-8.877849585761513,-0.0822508913061279,0.2250723703326112,-0.032333791560193
data/sensor_images/image_891.png,surface,0.0,0.0,0.7302924850059054,21.79813886047634,-3.9926509103748855,0.0,0.3661048062601551,2.9469973824342546,0.0,0.0,0.0,2.584975422599527,0,0,0,0,0,0,-1.397909563948512,4.929007185572427,-8.60339592993444,-0.087942480316298,0.2694001696195306,-0.0929661326010973
data/sensor_images/image_892.png,surface,0.0,0.0,1.1237657620560153,15.747307948648404,17.838686211981436,0.0,1.326638691888037,1.2832742075822177,0.0,0.0,0.0,4.077903620345168,0,0,0,0,0,0,3.3726768933692486,3.942472913315658,-8.747681916142449,-0.0408066344499525,0.2669258316656048,-0.171881803976548
data/sensor_images/image_893.png,surface,0.0,0.0,1.1917995725344326,-4.33140474382915,5.61168602109322,0.0,-1.926423596896125,2.337547185233118,0.0,0.0,0.0,0.8638274932559593,0,0,0,0,0,0,0.4469552743922562,-0.2436015527656424,-9.496786360684316,-0.0604182907022758,0.1862342415578879,-0.2039955604300123
data/sensor_images/image_894.png,surface,0.0,0.0,2.193720502140365,-12.18629340060759,6.549424807896697,0.0,0.5037662015966036,-2.216869978738438,0.0,0.0,0.0,2.149994418498677,0,0,0,0,0,0,1.1856035558518774,-0.7582658200245658,-8.279993476052288,0.0155331510036912,0.152198570175928,-0.2621561853452658
data/sensor_images/image_895.png,surface,0.0,0.0,2.125821616796358,-23.858218302816223,-5.781516502093866,0.0,1.9727055113098195,1.583180341695341,0.0,0.0,0.0,3.559731093041483,0,0,0,0,0,0,-0.6544184784684798,-4.471979633536099,-7.443941964539672,-0.1887246753636333,0.0891002193271848,-0.2601856432631457
data/sensor_images/image_896.png,surface,0.0,0.0,2.680007946790309,-3.4720087272912954,6.5667387253192215,0.0,-2.1168507952580407,-1.0882973286084296,0.0,0.0,0.0,1.8306101189271,0,0,0,0,0,0,-0.164158937214259,1.1499437594743565,-6.938782266723557,0.0002122870323777,0.2657058049923747,-0.2379241947182208
data/sensor_images/image_897.png,surface,0.0,0.0,2.5382862885446857,-18.381413199797944,7.305801252800613,0.0,0.3892592376660983,1.0972206465357883,0.0,0.0,0.0,-3.462378644926136,0,0,0,0,0,0,1.9430345272981449,-4.230993329200433,-7.28367418254046,-0.1560064001741193,0.1679218845419899,-0.1604901608713311
data/sensor_images/image_898.png,surface,0.0,0.0,2.4713772311810933,-2.4069695716410946,10.404772593659793,0.0,2.097542442898197,3.657306867416559,0.0,0.0,0.0,3.215622428847677,0,0,0,0,0,0,2.5173096139865443,-0.6891882832285646,-7.82354298225614,-0.0970622392860883,0.1714092280421143,-0.2362684132102171
data/sensor_images/image_900.png,surface,0.0,0.0,0.7665816706996244,-16.566297782600678,-7.684235054462079,0.0,2.0079640611768395,1.6075748690177194,0.0,0.0,0.0,-2.9090925662789213,0,0,0,0,0,0,-1.70602704037953,-2.8202753705269954,-9.175288731810038,-0.1144017502648773,0.1793650913656693,-0.114819210722071
data/sensor_images/image_901.png,surface,0.0,0.0,2.219371350766468,3.2494764603962287,-7.092526225836117,0.0,-3.184178675329531,-3.252834615398546,0.0,0.0,0.0,-4.509509839175401,0,0,0,0,0,0,-2.4250773594206683,1.956087392320894,-9.060265297383882,-0.0546623464890087,0.247473013958609,-0.0505608348720596
data/sensor_images/image_902.png,surface,0.0,0.0,1.255803738738373,7.505059788460902,-0.6411298148187188,0.0,-0.0356963358228853,-0.0315757603633006,0.0,0.0,0.0,-1.880980410339986,0,0,0,0,0,0,0.2672617650328242,3.048859250022776,-9.416859528830448,-0.1019293977428414,0.2569232941159937,-0.0388991395907386
data/sensor_images/image_904.png,surface,0.0,0.0,1.416716959533417,-8.070601944682714,10.472707361996056,0.0,-4.782300919390848,-1.4488816241552651,0.0,0.0,0.0,-1.8659597900522664,0,0,0,0,0,0,1.873558964495037,-0.5739731470318928,-8.79407048598807,-0.074428374842661,0.2248480900130031,-0.1198513334879796
data/sensor_images/image_905.png,surface,0.0,0.0,0.8360150873496228,5.28480600294826,19.83548361023003,0.0,2.181134961202957,-0.1165306201970459,0.0,0.0,0.0,-3.099916136073663,0,0,0,0,0,0,3.777849514779833,2.0591131578709367,-8.391472858783311,-0.062591246341778,0.2164544742794089,-0.0775564476349658
data/sensor_images/image_907.png,surface,0.0,0.0,2.707013543344988,-19.69755940880122,-11.249063870152042,0.0,1.832510750834135,-1.6498420138725405,0.0,0.0,0.0,-1.98480531669534,0,0,0,0,0,0,0.5788412237668024,0.3273457592355895,-1.9976886123881927,-0.0519599877513172,0.0998184742989996,-0.131079376189145
data/sensor_images/image_909.png,surface,0.0,0.0,1.2360647913148144,10.76486165373488,14.541618302304506,0.0,2.3558984618026693,0.708398378168438,0.0,0.0,0.0,-1.1208198521972,0,0,0,0,0,0,2.776682030170349,3.262229816303152,-8.867166557048384,-0.0797758815080464,0.2115345359523981,-0.033923331137773
data/sensor_images/image_910.png,surface,0.0,0.0,1.1610849571575927,21.93771913978472,-10.368521856239592,0.0,-3.380681127335746,-2.67154257657684,0.0,0.0,0.0,-1.274303247668546,0,0,0,0,0,0,-2.40721279047336,5.451419417145411,-8.451258625182607,-0.0911730648802992,0.2348092604210196,0.0406441622700994
data/sensor_images/image_912.png,surface,0.0,0.0,0.8804482865690434,5.9409389836901525,14.246124478058576,0.0,0.1095381155757167,3.8107922322218415,0.0,0.0,0.0,3.797727753703168,0,0,0,0,0,0,2.715173040122305,1.894208855106456,-9.460795215694557,-0.0531074991655424,0.2294797588510152,-0.1781400526410821
data/sensor_images/image_913.png,surface,0.0,0.0,1.6009741041661003,-7.870878592660196,-9.669786355226613,0.0,1.747644206155735,-0.0904674691160514,0.0,0.0,0.0,3.705585139319464,0,0,0,0,0,0,-1.871739351794917,-0.8882388166712378,-9.337563247017163,-0.128529098821861,0.1783940767638022,-0.2274920337024481
data/sensor_images/image_914.png,surface,0.0,0.0,1.4415070791175548,18.074504190131844,-1.780851393964732,0.0,-1.969637758733412,-2.456166259880732,0.0,0.0,0.0,-0.0722038133771718,0,0,0,0,0,0,-1.8331695655312408,4.359915137899249,-9.081754842478182,-0.05481511596216,0.2823930211006067,-0.1402664484519709
data/sensor_images/image_915.png,surface,0.0,0.0,2.42332723767131,-7.300696690961093,-12.501118246861026,0.0,-1.629094500018727,0.183069551929335,0.0,0.0,0.0,-2.507350676233534,0,0,0,0,0,0,-3.687984957323725,-0.6992136760523634,-7.763619064086339,-0.1154755028363663,0.2805450773863615,-0.0599062220392282
data/sensor_images/image_916.png,surface,0.0,0.0,1.598531268898601,12.264638805511224,-2.928009425992108,0.0,2.649545531293472,-3.710956002834132,0.0,0.0,0.0,-0.3613996410654412,0,0,0,0,0,0,-0.6543911165393687,3.1858698653088853,-8.965066307526872,-0.0883844355403855,0.2569562229066976,-0.1663058103217315
data/sensor_images/image_917.png,surface,0.0,0.0,1.1222635238396637,4.23347207273719,22.125074353531257,0.0,-1.6867074660002876,-2.039517959281961,0.0,0.0,0.0,-4.386793064923945,0,0,0,0,0,0,4.513286255572259,2.275887512818443,-9.366496119018464,-0.0575054724057516,0.2272651025954117,-0.0761259189045901
data/sensor_images/image_920.png,surface,0.0,0.0,1.1225422516912484,9.457268212157407,19.92283794882866,0.0,3.586801419800185,0.4053246631225881,0.0,0.0,0.0,0.3310488631310013,0,0,0,0,0,0,4.515991031309879,2.8560411801039045,-8.873488783383387,-0.0238565569395408,0.2567216569740024,-0.1951094987175967
data/sensor_images/image_921.png,surface,0.0,0.0,2.213767014710122,11.280672949178442,-16.634201802502115,0.0,1.7531995506773117,-3.131795684898304,0.0,0.0,0.0,1.057719805461554,0,0,0,0,0,0,-3.4440791091512226,3.891026685360454,-7.604280515825945,-0.0833274695239946,0.265381326599483,-0.1299311544537221
data/sensor_images/image_922.png,surface,0.0,0.0,1.10020783803322,-2.732207477676762,14.379744521468725,0.0,2.912893002471741,1.921849725155906,0.0,0.0,0.0,3.6889462430477913,0,0,0,0,0,0,3.3240789522229406,0.0444687604983588,-8.800614486789286,-0.0274205549076951,0.2036453529643107,-0.2368862814928233
data/sensor_images/image_923.png,surface,0.0,0.0,1.8424780262562084,-1.6932720082356565,-5.224850033307105,0.0,-0.2455231740880273,-3.7481815014841313,0.0,0.0,0.0,-3.589447618340346,0,0,0,0,0,0,-1.5474105866659926,1.2381848457246072,-9.19897300362764,-0.0710615842609224,0.221398085137013,-0.0481840164606105
data/sensor_images/image_924.png,surface,0.0,0.0,2.091424123802039,-12.367366302419168,-7.546670597995794,0.0,-0.8767122177128717,-0.5833241151836774,0.0,0.0,0.0,-3.72634356487696,0,0,0,0,0,0,-2.251298815822632,-1.0699153960297862,-8.389022928267313,-0.0804071361610456,0.2561698790435004,-0.1257042364841579
data/sensor_images/image_925.png,surface,0.0,0.0,2.751694352973152,4.9931882321575145,23.31070474290332,0.0,4.341186835525944,-2.3675870631342577,0.0,0.0,0.0,-3.4596243448481823,0,0,0,0,0,0,5.976663781648854,2.5200575009151804,-7.159196286846001,-0.0248224199392954,0.1634621041749547,-0.0762549161738585
data/sensor_images/image_926.png,surface,0.0,0.0,2.7634622727333493,7.6844309676325055,8.223043618874586,0.0,3.406646743760019,3.2481335736605845,0.0,0.0,0.0,-1.6138954364774802,0,0,0,0,0,0,2.4071918916763506,1.8000827495778364,-7.181953355611192,-0.1088475420098415,0.162103907801434,-0.0573780457279585
data/sensor_images/image_927.png,surface,0.0,0.0,2.171246191384363,14.31049613036574,-12.29962715416699,0.0,2.445906828992529,4.0734593603949865,0.0,0.0,0.0,-3.516353010446692,0,0,0,0,0,0,-2.67766029441922,3.3690284553536056,-7.646113826127391,-0.1299744518519478,0.226547681697759,0.0112587691152071
data/sensor_images/image_928.png,surface,0.0,0.0,1.0335649090697625,-4.577847842600811,-10.557908147512263,0.0,-1.0478844429561822,1.3401626531804205,0.0,0.0,0.0,1.5045428456676166,0,0,0,0,0,0,-2.1861974372262547,-0.3836065737226162,-9.79824800129943,-0.1435166242898276,0.2334532164242375,-0.20833338742297
data/sensor_images/image_929.png,surface,0.0,0.0,0.6505624029272357,-14.687579876670824,-1.846964934729524,0.0,0.2848059777345257,1.4182396216644626,0.0,0.0,0.0,-4.142178932363358,0,0,0,0,0,0,-0.4685726748903254,-2.4018775831945134,-9.951829231078095,-0.0980046887746657,0.1999285697806101,-0.1058577961752894
data/sensor_images/image_930.png,surface,0.0,0.0,2.380543624192877,-15.516141041015494,5.344498067065051,0.0,3.5491895201608976,-2.9369438955143337,0.0,0.0,0.0,-3.9146150233423738,0,0,0,0,0,0,1.67126850859278,-1.468997252726925,-7.986753555940631,-0.03058884515531,0.1218084988533807,-0.1075476407308395
data/sensor_images/image_932.png,surface,0.0,0.0,0.8016935884722044,-11.511066377407191,-5.215392310181836,0.0,3.15054236837775,3.3833668037351274,0.0,0.0,0.0,1.7374913389699156,0,0,0,0,0,0,-1.2627918618323055,-2.0896685981310323,-10.11803885860416,-0.111172442109877,0.1704873577638482,-0.247682085025739
data/sensor_images/image_933.png,surface,0.0,0.0,2.5880797637233712,0.9340936323163452,23.06872853828452,0.0,-4.608448634778337,-0.1820964686179609,0.0,0.0,0.0,0.566774492020178,0,0,0,0,0,0,3.165104728164223,1.1822427128605983,-5.191512038754074,-0.0008426048901158,0.23798103984659,-0.2155583802696519
data/sensor_images/image_934.png,surface,0.0,0.0,1.8426625826293368,3.3401361916391044,24.703002132478787,0.0,1.6902176209846995,-3.431602322309003,0.0,0.0,0.0,-1.9055901359300709,0,0,0,0,0,0,4.997553287106546,1.7342381753379723,-8.244302720868378,-0.0151452234679388,0.2008040048341539,-0.0749451028070229
data/sensor_images/image_935.png,surface,0.0,0.0,2.872530760732632,8.53814790472981,17.065026764504573,0.0,2.6904661147291904,-3.953170412765264,0.0,0.0,0.0,4.438045506509976,0,0,0,0,0,0,4.555018748160999,3.679173053970183,-7.25731249467939,0.0529847939064649,0.208906582560965,-0.1921367877518037
data/sensor_images/image_936.png,surface,0.0,0.0,1.9471859314966908,-18.784866226429887,-11.711047965359178,0.0,1.2585726875829042,1.974363469435913,0.0,0.0,0.0,3.5403398018694787,0,0,0,0,0,0,-2.821928235795389,-3.8974621664219153,-8.450150618487935,-0.219994099755953,0.1312665817576077,-0.2390422342768071
data/sensor_images/image_937.png,surface,0.0,0.0,2.8782006948508654,21.317677869433528,-12.057790018898,0.0,1.60237268427429,-3.77253575706971,0.0,0.0,0.0,0.0601066874675915,0,0,0,0,0,0,-2.763523970502686,5.650849314162951,-6.329518108237235,-0.0079561399600729,0.3026080986951391,-0.1237067869428297
data/sensor_images/image_938.png,surface,0.0,0.0,1.8713269349380173,12.017280024642538,21.408128209181505,0.0,1.302068157247965,0.6731593691115416,0.0,0.0,0.0,4.5998595043647335,0,0,0,0,0,0,4.775897544312124,2.935999795413888,-8.121417054984748,-0.0354798505378574,0.2182060044346641,-0.1792249226063577
data/sensor_images/image_939.png,surface,0.0,0.0,0.9299700185473724,13.648074960596968,11.368085725325312,0.0,-2.8635481319149085,-2.457637190950222,0.0,0.0,0.0,3.4289622289819306,0,0,0,0,0,0,1.6261077798746386,3.6916500163048855,-9.354878138067638,-0.033572515964068,0.2618324719179132,-0.1803430158950368
data/sensor_images/image_941.png,surface,0.0,0.0,0.7245010919359183,-6.793821993339695,-12.491325384665831,0.0,0.7148101705340175,4.181690297420947,0.0,0.0,0.0,4.291012547135088,0,0,0,0,0,0,-3.416007068570152,-1.2088474160275626,-10.061725560916006,-0.1349539491671198,0.1816489047108309,-0.2119905407443999
data/sensor_images/image_942.png,surface,0.0,0.0,0.9566354334570684,5.212416615497645,2.787481522960836,0.0,4.21743962921976,2.4601971125071502,0.0,0.0,0.0,2.645878714649549,0,0,0,0,0,0,0.1478223427842703,1.6738710663241854,-10.031063019442254,-0.0861923206321599,0.2359832744951862,-0.198113835837622
data/sensor_images/image_943.png,surface,0.0,0.0,2.9897572113581483,23.26284036986508,-0.7276042249516725,0.0,-4.175511386331556,2.716351980131831,0.0,0.0,0.0,-2.2525426669255,0,0,0,0,0,0,-2.212271233066306,3.1358608872854807,-4.238191044137264,-0.1540348144288475,0.3394340161221131,0.0585820501611803
data/sensor_images/image_944.png,surface,0.0,0.0,2.446492057997124,10.538094978438002,6.981293222552516,0.0,-0.4455054427398764,1.586811027577843,0.0,0.0,0.0,4.262560712281601,0,0,0,0,0,0,0.2032762962077489,1.6666206862086126,-8.4677100271672,-0.1224629198799965,0.2607772030788792,-0.1969393814763099
data/sensor_images/image_945.png,surface,0.0,0.0,2.602067042228198,5.970947835879128,1.8546556689412288,0.0,-3.995145454762048,1.2716859556954905,0.0,0.0,0.0,3.23117494459931,0,0,0,0,0,0,-1.2145030793505145,1.8931873248417104,-8.420184690730546,-0.1026617677944635,0.2787129077634072,-0.194883255098184
data/sensor_images/image_946.png,surface,0.0,0.0,1.67871470227255,-5.996448302439329,-23.270448551034125,0.0,-1.2244944113529808,-2.7446219303221704,0.0,0.0,0.0,2.830477759810329,0,0,0,0,0,0,-5.244476424710127,0.1044285871930064,-8.395957014229568,-0.1576565206611909,0.2332398477594901,-0.2169223865382737
data/sensor_images/image_947.png,surface,0.0,0.0,1.4466991264789515,-8.79451042870642,-4.192845742705996,0.0,3.144310059743302,3.814232560140786,0.0,0.0,0.0,-3.042311387353791,0,0,0,0,0,0,-0.899563863812778,-1.6985090282748323,-10.34583922419854,-0.1126122202970308,0.2198478778573164,-0.1136235200667654
data/sensor_images/image_948.png,surface,0.0,0.0,1.1787930123142216,11.047562443813309,22.324173680092905,0.0,3.8069676341067904,0.2957293579338363,0.0,0.0,0.0,1.0636181775314535,0,0,0,0,0,0,4.513152554520211,3.2629807026355024,-9.065168276354116,-0.0229134899359928,0.2503117432973453,-0.1759538772515191
data/sensor_images/image_949.png,surface,0.0,0.0,0.6345850347873789,20.33692949536767,14.190381468675689,0.0,1.7171175266315144,0.4428689629558458,0.0,0.0,0.0,3.4813885055037623,0,0,0,0,0,0,2.4312441256969715,4.851580559713332,-9.253602073859692,-0.0505481090720869,0.2909779526418986,-0.1477338200698243
data/sensor_images/image_950.png,surface,0.0,0.0,0.6182934390098398,-19.234275106742206,-5.342989286923689,0.0,-3.833416682881254,0.4740425972565299,0.0,0.0,0.0,-4.146884047955318,0,0,0,0,0,0,-0.931844055284138,-3.140106631933969,-9.71021908642512,-0.1005263353962138,0.2151095280907434,-0.1519696459292651
data/sensor_images/image_951.png,surface,0.0,0.0,1.3199702156684223,10.62511825489594,7.868416086121717,0.0,-0.5894965281799615,-4.421419979267076,0.0,0.0,0.0,-1.9720608555802728,0,0,0,0,0,0,1.3311518880207864,3.749046199106065,-9.450393974511403,-0.0796849016235107,0.2420445659752428,-0.032592123692485
data/sensor_images/image_952.png,surface,0.0,0.0,1.059692726015076,-0.8379288769694128,-9.7444342148282,0.0,-0.9269546307497728,-2.144708520516524,0.0,0.0,0.0,-1.6380624052174566,0,0,0,0,0,0,-2.3511981857737823,0.7472453262312707,-9.902003220465811,-0.1046874140777762,0.225641617563787,-0.0470338803959975
data/sensor_images/image_953.png,surface,0.0,0.0,2.166972509633726,-9.097295164015629,-9.922414985351342,0.0,3.476454794588633,-2.688988357466396,0.0,0.0,0.0,2.42825734540086,0,0,0,0,0,0,-1.6976179428156437,-0.347271025519544,-8.130997339423159,-0.1124708824794385,0.1784053132920289,-0.2457940244360362
data/sensor_images/image_954.png,surface,0.0,0.0,0.9240522556973494,-4.809521717674398,-17.76324901798221,0.0,-1.980802736932565,-3.4725288419550195,0.0,0.0,0.0,2.4679558903056806,0,0,0,0,0,0,-3.992355927087471,0.007806397954249,-9.399724132813256,-0.1452913294321781,0.2256664718219536,-0.1980638223801694
data/sensor_images/image_955.png,surface,0.0,0.0,2.7726265190196866,9.661903040209438,-7.4755972635689405,0.0,-0.150724584181336,-1.8174989709220888,0.0,0.0,0.0,0.3180080207314715,0,0,0,0,0,0,-2.1574909305960217,3.5638690643145727,-6.586715689501592,0.001748781327178,0.2756554073591141,-0.1728893712396261
data/sensor_images/image_956.png,surface,0.0,0.0,2.919316358753704,20.03947766882672,11.13176091501675,0.0,-4.282716005555009,-0.0109662452475077,0.0,0.0,0.0,-0.7740806253812114,0,0,0,0,0,0,0.3356153138610742,4.741017482971007,-5.395626246025211,-0.0609654726728787,0.3058830283896271,0.0043745196010199
data/sensor_images/image_957.png,surface,0.0,0.0,1.687230561787135,0.2490145309149644,-23.612556917662804,0.0,-2.411615095664206,0.5027805435339773,0.0,0.0,0.0,-0.8909150606746703,0,0,0,0,0,0,-5.4791179104164165,1.217754230244527,-8.412129307612606,-0.1242270887138254,0.2647619876463035,-0.0227315861712778
data/sensor_images/image_958.png,surface,0.0,0.0,0.6277906197591543,15.495563094200543,-13.077489642131964,0.0,-1.0036775254906454,0.1741134753429224,0.0,0.0,0.0,-1.493892546169795,0,0,0,0,0,0,-3.277443688716878,4.561339949483157,-9.78350131862174,-0.0946073552666993,0.2403177438865647,0.0259526764042585
data/sensor_images/image_959.png,surface,0.0,0.0,0.9265860785677488,-0.7070355759295994,20.53814379993337,0.0,-2.0098866611948707,0.5494071070960173,0.0,0.0,0.0,1.0778401023142994,0,0,0,0,0,0,4.449860796915496,0.4734417908961394,-9.52716130945614,-0.0050205198367782,0.2461684494589778,-0.2289798259112445
data/sensor_images/image_960.png,surface,0.0,0.0,1.167937661217518,11.93744967175678,-13.609356507399832,0.0,-2.043707893953035,0.399016521602043,0.0,0.0,0.0,3.749496471699981,0,0,0,0,0,0,-3.858136914508659,3.401961721844196,-9.562904218658549,-0.1215551099070275,0.2688649949192073,-0.1305176351894006
data/sensor_images/image_961.png,surface,0.0,0.0,2.6899449703224123,-6.423906329891285,-9.86959149053433,0.0,-3.425293850303867,-1.4042995290216918,0.0,0.0,0.0,-3.283259259758543,0,0,0,0,0,0,-3.42438257960559,0.2185786966208309,-8.42349344086256,-0.0734994804739965,0.3220085877652114,-0.0896686819816382
data/sensor_images/image_962.png,surface,0.0,0.0,2.7206724035616983,17.812473906007224,-15.628836774981568,0.0,-0.1952656305811562,-3.938651179799265,0.0,0.0,0.0,3.3347970035143426,0,0,0,0,0,0,-3.728238181447896,5.770241908849629,-8.049829418492973,-0.0199727547146019,0.3008385538231589,-0.1231847506053967
data/sensor_images/image_963.png,surface,0.0,0.0,2.915742732732458,18.155578330069552,11.318131103403436,0.0,0.4241832417337787,2.921825197792501,0.0,0.0,0.0,-2.4081366793708536,0,0,0,0,0,0,1.449364295779831,3.0860794461195944,-6.16988239403156,-0.1814989744606165,0.2221325227847257,-0.0279354450377755
data/sensor_images/image_964.png,surface,0.0,0.0,1.156614128980131,1.4940091302903546,4.952669061273987,0.0,-1.057445562504772,2.922375578280469,0.0,0.0,0.0,-4.492781705054112,0,0,0,0,0,0,1.30299154968904,1.18192411348326,-10.592534203251269,-0.1082631977078981,0.2474905846237182,-0.0762939189726834
data/sensor_images/image_967.png,surface,0.0,0.0,1.3608963668274583,-15.961496711535068,-4.563423790245017,0.0,4.036163164535941,-0.5385488893056511,0.0,0.0,0.0,-1.42688050003719,0,0,0,0,0,0,-1.033032214115147,-2.7881992493193226,-10.271620408528976,-0.1004796192147641,0.1875882001505315,-0.114687122190237
data/sensor_images/image_969.png,surface,0.0,0.0,1.6309773859186134,-11.928745752735775,13.702204014749976,0.0,-4.481820402457288,2.1570117476572634,0.0,0.0,0.0,0.6832109316956414,0,0,0,0,0,0,2.9816993290998512,-1.791022910117702,-9.30643833254142,-0.0573871534018378,0.2180215957992801,-0.2975896696784875
data/sensor_images/image_970.png,surface,0.0,0.0,0.652252128428144,11.104016089866654,-6.389351770877902,0.0,0.072594028435379,-3.915818549321033,0.0,0.0,0.0,-2.8940812635948507,0,0,0,0,0,0,-1.8773752652583853,3.329487447295291,-10.552845086483156,-0.0795798413860105,0.2413339590099357,-0.0225699420863829
data/sensor_images/image_971.png,surface,0.0,0.0,1.3114991570796637,-12.819314501674802,18.244787020517588,0.0,3.3117260027822613,-3.40800134159353,0.0,0.0,0.0,-3.885525332463344,0,0,0,0,0,0,4.774381336687901,-1.811933517409696,-10.117983157493246,-0.0287961097455205,0.1948586240322512,-0.1547283525052774
data/sensor_images/image_972.png,surface,0.0,0.0,2.358032351528478,-4.78021639741395,-9.571664422520447,0.0,-0.0671609044596256,3.46147904877408,0.0,0.0,0.0,4.502024009980417,0,0,0,0,0,0,-2.7698240040372824,-1.0965535753367484,-9.378143275575932,-0.201171248591536,0.2156207286347777,-0.205157677952545
data/sensor_images/image_974.png,surface,0.0,0.0,2.41372702629658,-7.674756172954426,11.631915259493388,0.0,-0.1088554347032134,0.7903149320527264,0.0,0.0,0.0,-1.310142389721758,0,0,0,0,0,0,2.1650071410927416,-1.9249838125501808,-8.795177406511927,-0.1443055375205005,0.2176522772190232,-0.128133920556719
data/sensor_images/image_975.png,surface,0.0,0.0,2.1808485733272445,-6.290481210965873,10.935566347290186,0.0,2.049435979123643,-1.587974498570447,0.0,0.0,0.0,-2.050923636013935,0,0,0,0,0,0,2.8814099160528186,-0.185033486013224,-10.43298785533859,-0.046416146925328,0.1754035418644959,-0.1013962047790199
data/sensor_images/image_977.png,surface,0.0,0.0,2.225875806575893,-22.03285643041525,7.842904382526554,0.0,-2.8142180065168803,2.2289514377281283,0.0,0.0,0.0,3.5832126932170176,0,0,0,0,0,0,1.2421412683006396,-4.71865886414054,-8.32961802612355,-0.1121929632671586,0.1531671920640265,-0.329760203068396
data/sensor_images/image_979.png,surface,0.0,0.0,0.892928691077624,14.970082089593255,-11.21467107220976,0.0,3.175044784081866,-1.20854925408778,0.0,0.0,0.0,-1.444766288544704,0,0,0,0,0,0,-2.843000406903991,4.622096652220804,-10.148555307806705,-0.0865957627089307,0.2534754821468121,-0.000100063841406
data/sensor_images/image_980.png,surface,0.0,0.0,2.8027642541361284,-2.116180496938905,19.6855469488526,0.0,3.089765861732196,0.9543742257532488,0.0,0.0,0.0,4.526837523657525,0,0,0,0,0,0,5.2558378795508975,-0.0014768724464294,-8.64130090064611,-0.0302096670009684,0.1205228479254142,-0.2423896796252189
data/sensor_images/image_981.png,surface,0.0,0.0,2.991800365177865,16.540621782722347,1.2380279668592178,0.0,1.1454750533945162,-2.382251718945412,0.0,0.0,0.0,-2.313963962932454,0,0,0,0,0,0,0.288503869686311,6.105741993929713,-8.089627388930266,0.0332807418021503,0.2019077621340939,-0.0044108988805928
data/sensor_images/image_982.png,surface,0.0,0.0,2.606194277255757,-11.287849102262545,10.582908882923718,0.0,-1.364186254318546,2.00369298277218,0.0,0.0,0.0,0.9200421017405702,0,0,0,0,0,0,2.4450965682700647,-2.905288004082289,-8.047985738448896,-0.1551966216731262,0.2198908073398677,-0.3100468596964165
data/sensor_images/image_983.png,surface,0.0,0.0,0.7336976750142983,-12.335717382406754,13.527134002457938,0.0,-3.6931669618566927,0.7827438593271607,0.0,0.0,0.0,0.5673044033075723,0,0,0,0,0,0,2.7447805167825807,-1.927916586214757,-10.133636121764871,-0.0247261982778345,0.1913945064497073,-0.2576371718640715
data/sensor_images/image_984.png,surface,0.0,0.0,0.7785560167655452,19.551438329756884,5.935773115435026,0.0,0.1083019776119413,-4.193883865526905,0.0,0.0,0.0,1.2733873232156556,0,0,0,0,0,0,1.3186747501112657,5.138680415846528,-10.174791682958825,-0.0730291386088777,0.3099874888118977,-0.1391021051174429
data/sensor_images/image_985.png,surface,0.0,0.0,1.4122886308225098,3.0526364522804665,8.49711172889654,0.0,1.5893266914701083,-0.4111702506892664,0.0,0.0,0.0,-2.7709476464863645,0,0,0,0,0,0,1.8090845625029752,1.8482933579622285,-10.46757133613222,-0.0903451079486045,0.2156911864948725,-0.0791394512960055
data/sensor_images/image_986.png,surface,0.0,0.0,2.2400582856350386,-20.119250025836024,-13.541890733701743,0.0,2.539697101057683,4.24707540155822,0.0,0.0,0.0,-3.823940626766642,0,0,0,0,0,0,-2.611855246238983,-4.317003196284724,-8.193345120615716,-0.2146520501656827,0.1882775513930957,-0.1232531300910129
data/sensor_images/image_988.png,surface,0.0,0.0,0.952038090431084,12.765055707855344,2.3077100706616407,0.0,-4.174236040956192,-1.3118232550418345,0.0,0.0,0.0,1.2572120114913288,0,0,0,0,0,0,-0.4289760147610393,3.6018530721882787,-10.673199927669572,-0.0716585460901657,0.2661578339000586,-0.1675128864249779
data/sensor_images/image_989.png,surface,0.0,0.0,2.063100944383033,4.558401257496471,-5.477327634929076,0.0,0.0865931350784595,2.394306438179745,0.0,0.0,0.0,0.5468932173553878,0,0,0,0,0,0,-1.8185235531232715,1.5103735394239832,-9.640924397551,-0.127342313830596,0.2488337858965971,-0.1736504441475698
data/sensor_images/image_990.png,surface,0.0,0.0,0.8989162064923057,7.491643182894864,-17.367555773323332,0.0,-0.4364272385331149,4.005072072916494,0.0,0.0,0.0,-4.134633037663438,0,0,0,0,0,0,-4.139713024077138,2.7340865615057246,-10.566384550073316,-0.1140660868654476,0.2628329100235086,-0.0256405807725813
data/sensor_images/image_991.png,surface,0.0,0.0,0.7802601165337582,21.21311943702808,-10.836225906615969,0.0,0.0225009779406423,4.699395125790201,0.0,0.0,0.0,-3.269023152910675,0,0,0,0,0,0,-2.569512710823488,5.871858346258383,-9.520200466463445,-0.1122734118844806,0.2547690877780562,0.0436216909134343
data/sensor_images/image_992.png,surface,0.0,0.0,1.6774307037038034,-2.750859112289777,14.670653552343316,0.0,0.6905679736921563,-3.280119212511815,0.0,0.0,0.0,1.0894535333451705,0,0,0,0,0,0,3.562019991792317,0.096559457904098,-10.230291577967517,0.0037677065585133,0.2066096272616895,-0.2373235783151939
data/sensor_images/image_996.png,surface,0.0,0.0,1.4829153760240403,-13.71082549192094,1.6529819638706618,0.0,-3.5923180017614387,2.546677973991092,0.0,0.0,0.0,3.772018812732753,0,0,0,0,0,0,-0.6351254061663629,-3.089346089067341,-10.59282464960229,-0.0926593854937821,0.1767289671501248,-0.2763300058021884
data/sensor_images/image_997.png,surface,0.0,0.0,1.1672009151804992,17.02669117866909,8.967312419421264,0.0,-1.832937327465066,2.259807568031748,0.0,0.0,0.0,1.7240174539596085,0,0,0,0,0,0,1.4307966190863903,4.401054613512392,-10.166712653656106,-0.0669676025976042,0.2877452071776694,-0.1438393367861262
data/sensor_images/image_998.png,surface,0.0,0.0,2.8302411994516308,18.869577941867423,4.006402460112894,0.0,-2.910646085326435,-0.6924940434671096,0.0,0.0,0.0,3.1731687203357186,0,0,0,0,0,0,-0.5942823953272894,5.563899903392267,-7.93132349953152,-0.020250659196232,0.375923422861818,-0.1096136986534556
data/sensor_images/image_999.png,surface,0.0,0.0,1.528521179598266,-24.16354386872369,1.0017760094170378,0.0,-2.777854652200175,-2.014891110278743,0.0,0.0,0.0,0.6967460573705786,0,0,0,0,0,0,-0.6383253707380873,-4.863704649949417,-8.52505191115742,-0.0963622273417346,0.130822151660981,-0.310822829896712
data/sensor_images/image_1001.png,surface,0.0,0.0,0.6805550330773651,13.876505264912876,16.787319939368945,0.0,-4.628693465105161,-0.3461004298509673,0.0,0.0,0.0,3.0986460327273555,0,0,0,0,0,0,3.6357641694671248,3.656666706540194,-9.328325667900206,-0.0375433057771555,0.2944438381306321,-0.176369882945349
data/sensor_images/image_1002.png,surface,0.0,0.0,0.6728784751785575,13.676005026168037,8.133290815470417,0.0,-0.1706286592696159,-4.046680976885729,0.0,0.0,0.0,-4.458037807885422,0,0,0,0,0,0,1.5972733314447027,4.144659553060864,-10.137701588541852,-0.0942695658694734,0.2571329845600031,-0.0342617318041091
data/sensor_images/image_1003.png,surface,0.0,0.0,2.395159945887485,6.460285841483769,-20.510382966332923,0.0,4.573787453844108,-0.6055069696320984,0.0,0.0,0.0,0.4105148699300018,0,0,0,0,0,0,-3.4891746094402323,2.0676782265355014,-7.555212227199409,-0.1254831154478754,0.2178871473035382,-0.1706007138534626
data/sensor_images/image_1004.png,surface,0.0,0.0,2.830015004110636,-22.947285355811605,-9.116039978669754,0.0,-0.0338873656068658,1.063461356629693,0.0,0.0,0.0,4.476777928641409,0,0,0,0,0,0,-1.981381102634284,-5.187411341076055,-7.17655799225385,-0.2367621866032341,0.1389497141565788,-0.2730936906511607
data/sensor_images/image_1005.png,surface,0.0,0.0,2.0917385169022107,10.3781637866267,-11.420240001865558,0.0,-2.258352022463692,3.149482098686531,0.0,0.0,0.0,2.731262217790473,0,0,0,0,0,0,-3.4913592793237136,2.7423741442858214,-9.840847922571612,-0.1196773190763293,0.2745097670551364,-0.1261806838491716
data/sensor_images/image_1007.png,surface,0.0,0.0,2.4348818518297413,14.58160649330637,-13.79083608739953,0.0,1.6479566391001748,-0.4402395568398888,0.0,0.0,0.0,4.584123517973467,0,0,0,0,0,0,-2.748744838668887,4.1879190422652535,-8.577094798519026,-0.1095186796582813,0.2384599727537215,-0.1472593001141063
data/sensor_images/image_1008.png,surface,0.0,0.0,0.8221633868764773,12.140967533745751,-2.156455903688133,0.0,-0.7405797633320961,0.8415230023501152,0.0,0.0,0.0,-1.2244528930645258,0,0,0,0,0,0,-0.6128545778660628,3.5926448201868544,-10.471134779002202,-0.0958577284081541,0.2607290394333877,-0.0215123923004492
data/sensor_images/image_1009.png,surface,0.0,0.0,0.6666434152894505,0.439563920088645,-2.252666590070674,0.0,0.8988017714831581,-2.4904439980378767,0.0,0.0,0.0,2.6692886416587536,0,0,0,0,0,0,-1.4019201209648962,0.6622598787518246,-11.647330342177147,-0.0801345865884957,0.2132234460941917,-0.2032693929904241
data/sensor_images/image_1010.png,surface,0.0,0.0,2.855223247898553,10.608564551259173,-21.821115102052275,0.0,2.472518057095575,-1.8955287093222373,0.0,0.0,0.0,-4.200294596071521,0,0,0,0,0,0,-3.572706440676592,4.239104269898743,-6.782905527063101,-0.019753031111648,0.2296613168222988,-0.0001331103517381
data/sensor_images/image_1011.png,surface,0.0,0.0,0.9040102535531426,-10.791640506942455,-6.080219260967103,0.0,-0.0147038104534161,3.418846209055584,0.0,0.0,0.0,4.6244717014239,0,0,0,0,0,0,-2.014891395079639,-1.9908088429114503,-11.246988617918609,-0.1288384342924971,0.1846079640047634,-0.2398406047324707
data/sensor_images/image_1012.png,surface,0.0,0.0,2.0728904130158607,5.905797381731519,10.851344584198756,0.0,1.7453811820700156,-2.077125083624668,0.0,0.0,0.0,-3.643085651967689,0,0,0,0,0,0,2.456831616474094,2.6044071442697767,-10.175299608574456,-0.0486796086101601,0.2023631324680186,-0.0558129313023462
data/sensor_images/image_1013.png,surface,0.0,0.0,1.0894141501272767,-2.938518241777548,-16.435940378526126,0.0,-2.444720047961778,-2.96881633822322,0.0,0.0,0.0,-2.806522850083908,0,0,0,0,0,0,-4.412158259379025,0.3887667686610667,-10.888947844368683,-0.1100837790120507,0.2332318826018602,-0.0472434538094204
data/sensor_images/image_1014.png,surface,0.0,0.0,1.788870325954361,8.605950511713294,3.544063393181488,0.0,2.437104088707513,-2.125372478122048,0.0,0.0,0.0,-3.966937525187,0,0,0,0,0,0,0.8102548046428781,3.6251011950643983,-10.355781395952944,-0.0746165165338753,0.237814323659638,-0.0475537795785176
data/sensor_images/image_1015.png,surface,0.0,0.0,1.7188097476825297,2.488354428900056,9.37202601724966,0.0,3.005099993225837,2.3578648895910206,0.0,0.0,0.0,-1.5624481469545626,0,0,0,0,0,0,2.5732728995881136,1.2965659648447765,-11.0809437732754,-0.0997656983028727,0.2384696115387382,-0.0859186846394331
data/sensor_images/image_1016.png,surface,0.0,0.0,2.296823240953511,-16.51901445602661,-13.694277420305507,0.0,-2.5190687481180944,-2.6767697206827563,0.0,0.0,0.0,4.827283435745773,0,0,0,0,0,0,-3.718298685313253,-2.5139734833534533,-8.915133896058244,-0.1359703056162252,0.2179441953244189,-0.2648493748312491
data/sensor_images/image_1017.png,surface,0.0,0.0,2.551343231827642,9.139039844734604,5.349543215319814,0.0,-3.91974300434826,-1.5835953577199553,0.0,0.0,0.0,4.600967364797825,0,0,0,0,0,0,0.3166262248417396,3.444083246482406,-9.481410894100344,-0.0308186197108174,0.3193923008074496,-0.1732133899455637
data/sensor_images/image_1018.png,surface,0.0,0.0,2.997137093093692,-3.05891141208481,2.772719722559531,0.0,0.9323749802655004,-0.6566497148570597,0.0,0.0,0.0,1.549709665036234,0,0,0,0,0,0,1.2050345181268196,0.9783807499473772,-7.770579162733168,-0.0088089956269088,0.1605185178480864,-0.2181676232345357
data/sensor_images/image_1019.png,surface,0.0,0.0,1.0213192050074265,-12.940744788421354,-19.875836742365085,0.0,-1.0629404402745335,-4.107718126544765,0.0,0.0,0.0,-3.1079108240451694,0,0,0,0,0,0,-4.3018405324004565,-1.6099504193228715,-9.93980849055714,-0.1439459244954847,0.2349709185006016,-0.094230931166619
data/sensor_images/image_1020.png,surface,0.0,0.0,1.5916586821449348,-0.199445479824644,-10.67131577239302,0.0,3.610570802813764,-3.022160381395242,0.0,0.0,0.0,-4.005972039911074,0,0,0,0,0,0,-2.5076312646089005,1.232972017376286,-11.013900945136635,-0.0952679470739264,0.2333573954453065,-0.0537099607630707
data/sensor_images/image_1021.png,surface,0.0,0.0,1.440020993153198,6.984946839022424,8.932639926967665,0.0,3.755014544897148,-0.0702215408686069,0.0,0.0,0.0,-4.90165740244414,0,0,0,0,0,0,2.05109837348188,2.7953206185727417,-11.023621973364484,-0.0877268123138712,0.2301335516270452,-0.0675861779426971
data/sensor_images/image_1022.png,surface,0.0,0.0,0.5844857933377632,22.381405896435755,-6.086720739509587,0.0,3.911273337244976,2.3122032201286467,0.0,0.0,0.0,-3.579579329132762,0,0,0,0,0,0,-1.643500146450409,6.399017045626678,-10.704689936431134,-0.1055906421231554,0.254171884256763,0.0275903427940234
data/sensor_images/image_1023.png,surface,0.0,0.0,1.0920675591693392,-3.6585191752988937,22.8193704609299,0.0,0.083656958161227,-2.1553934978793063,0.0,0.0,0.0,-4.775521973869713,0,0,0,0,0,0,5.475926238559801,0.362892488398123,-10.10319926865376,-0.0536591190325356,0.2223056207630089,-0.1067028649563548
data/sensor_images/image_1024.png,surface,0.0,0.0,1.866121928110535,-17.780038224110253,16.19267748685275,0.0,4.775017891341928,1.3993174234471937,0.0,0.0,0.0,2.074424258903412,0,0,0,0,0,0,4.380595278895418,-3.7025789957288726,-9.94226784299732,-0.0342753490115046,0.1513515828434821,-0.2946607831855387
data/sensor_images/image_1025.png,surface,0.0,0.0,2.692358494789173,21.7326649269333,-0.8658003307515696,0.0,-2.820450006930005,1.5561155340295714,0.0,0.0,0.0,2.3682748954950315,0,0,0,0,0,0,-1.3697458439061272,5.302166181594496,-7.880295628908914,-0.1246527321218296,0.3469715686197986,-0.0910274004245256
data/sensor_images/image_1026.png,surface,0.0,0.0,1.2844942927507272,-0.5773648895105575,-14.67706248902024,0.0,1.6571618316892829,-0.2623688453713505,0.0,0.0,0.0,2.012263282833527,0,0,0,0,0,0,-3.843016755247598,0.8168399597024218,-11.182428203152044,-0.1497156845948792,0.2250949129613818,-0.1857639480057607
data/sensor_images/image_1027.png,surface,0.0,0.0,2.2535569602996715,7.340793678665213,-2.7240756263278976,0.0,-4.413047965103325,-0.1273666690615929,0.0,0.0,0.0,0.6007019611754476,0,0,0,0,0,0,-1.439106109992936,2.829124287495997,-9.570194841017823,-0.0965770688387603,0.3302456136674964,-0.1939411528033296
data/sensor_images/image_1029.png,surface,0.0,0.0,0.948417228726672,-9.979637040717083,2.8219341137322163,0.0,2.044984217247821,-2.4467191503455497,0.0,0.0,0.0,4.251683368919769,0,0,0,0,0,0,0.2408197033133623,-1.6016197466558115,-11.64001574398434,-0.0696031177900035,0.179825051127128,-0.2641227057696678
data/sensor_images/image_1030.png,surface,0.0,0.0,0.7714264610460665,5.733697976280684,6.637137107122969,0.0,3.116203981095389,-2.367015314175932,0.0,0.0,0.0,3.6569343954784888,0,0,0,0,0,0,1.4884682768141455,2.293217740872881,-11.992453723939631,-0.0652994383526966,0.2439928005789797,-0.1869262983701319
data/sensor_images/image_1032.png,surface,0.0,0.0,0.6250647276924446,-19.607442325692464,-15.601027025238484,0.0,-2.9488763051376554,-2.336768565539032,0.0,0.0,0.0,4.1437071608535465,0,0,0,0,0,0,-3.3539424972251792,-3.582371932042113,-10.86114348779814,-0.1849479187219217,0.1616802453415753,-0.2690084635847606
data/sensor_images/image_1035.png,surface,0.0,0.0,1.1885506359103288,-24.66467128529484,1.0560046157382628,0.0,-0.4314571417353051,4.637461968091476,0.0,0.0,0.0,-0.1433612406631823,0,0,0,0,0,0,-0.2016136668097888,-5.3410636908274896,-10.181931405109712,-0.0976751671227447,0.1724462578377413,-0.1728072942842419
data/sensor_images/image_1036.png,surface,0.0,0.0,0.9388270945969676,-0.6966810098331648,0.8837176649718385,0.0,-0.940009105564484,-4.469498175829727,0.0,0.0,0.0,-2.9078110404610022,0,0,0,0,0,0,0.5940104717787604,1.054010039196636,-11.38709652580266,-0.1003487041482026,0.2529862774540942,-0.0966546310648185
data/sensor_images/image_1037.png,surface,0.0,0.0,2.454577956720954,-16.03388393098377,18.934330083310908,0.0,-2.4233099207572444,-2.7943455738354186,0.0,0.0,0.0,-4.55968029819417,0,0,0,0,0,0,3.116036527499216,-1.096757231158362,-6.241528771829608,0.020298721189752,0.2587449360847529,-0.1582003154980529
data/sensor_images/image_1038.png,surface,0.0,0.0,2.314260261591242,20.43626734901116,-12.861886273149793,0.0,-2.255501005554058,0.6053024836648637,0.0,0.0,0.0,-4.102708577943908,0,0,0,0,0,0,-3.381049644286781,6.136395398317806,-9.281202247051375,-0.0893708771462177,0.3059303276256091,0.0572015181943282
data/sensor_images/image_1040.png,surface,0.0,0.0,1.754480203082762,17.05630341499195,-11.490703495464786,0.0,2.1063550614425988,-2.108126785102901,0.0,0.0,0.0,-4.906040739247965,0,0,0,0,0,0,-2.82187082599874,5.497606955550156,-10.233444883430254,-0.0594230996543645,0.2529420237417505,0.0120563583623961
data/sensor_images/image_1041.png,surface,0.0,0.0,2.733691883556906,-20.116831267545948,-12.326294426036704,0.0,-2.187206155016284,-3.397861514136454,0.0,0.0,0.0,4.697273633957495,0,0,0,0,0,0,-3.0547943982277976,-1.6862801846564204,-7.35935900687393,-0.0820786621498891,0.2429676620547834,-0.3096046519262669
data/sensor_images/image_1042.png,surface,0.0,0.0,1.560165586716857,16.702425511754083,-10.61017700204835,0.0,-3.765999067212903,-1.9919897761615124,0.0,0.0,0.0,-3.11158493033455,0,0,0,0,0,0,-3.0936350606428844,5.495632022247535,-10.858827370503734,-0.0813838312800156,0.2771064527252223,0.0166003319529607
data/sensor_images/image_1043.png,surface,0.0,0.0,1.055438275676975,-20.03737146333957,8.441201287947186,0.0,-3.018002293835746,2.1523601688031584,0.0,0.0,0.0,-2.8168796810625016,0,0,0,0,0,0,1.910916421334492,-4.243753886610899,-11.397832769529986,-0.0923872355649405,0.2093552392666241,-0.1829037592712223
data/sensor_images/image_1045.png,surface,0.0,0.0,1.0698544119624307,-0.1527723900841955,23.663963340392872,0.0,2.033824560912405,-1.216021606619221,0.0,0.0,0.0,2.632773980329821,0,0,0,0,0,0,5.855694270018736,1.2574620453608332,-10.94734032762554,0.0100082796431019,0.2302637611670741,-0.245393962237351
data/sensor_images/image_1046.png,surface,0.0,0.0,2.7698853131483103,13.734996471727182,20.00228068657936,0.0,2.191305099931132,1.7970031731284253,0.0,0.0,0.0,-4.159839626116398,0,0,0,0,0,0,5.223303028987304,3.8253730791789953,-9.389493280523729,-0.1104875608931448,0.1826163483354083,-0.0845184444799153
data/sensor_images/image_1047.png,surface,0.0,0.0,1.5470517456544417,11.438331872976224,9.321706014013788,0.0,3.295832656385984,2.235848286684926,0.0,0.0,0.0,-2.7271628830353656,0,0,0,0,0,0,1.9622377277582213,4.194865789811723,-11.065232276505055,-0.1187777931251995,0.2379965554355312,-0.0462256456886177
data/sensor_images/image_1050.png,surface,0.0,0.0,1.3987892831037088,15.731465444813926,7.545117936717397,0.0,0.0850094200259651,3.769167320958929,0.0,0.0,0.0,-1.351341248288025,0,0,0,0,0,0,1.7225724651289438,5.013465795346424,-10.983474349920003,-0.0981946599419013,0.2484941415654755,-0.0159614556280003
data/sensor_images/image_1052.png,surface,0.0,0.0,1.1822698691376017,-0.8584922055497279,0.1109373327926783,0.0,3.6882163478871344,-0.3327609289344466,0.0,0.0,0.0,0.7225538526142241,0,0,0,0,0,0,-0.0868856959171341,0.2981526716851054,-12.159689267280822,-0.0967822759841861,0.230784906512676,-0.2224716744004721
data/sensor_images/image_1054.png,surface,0.0,0.0,1.4705124630923656,-7.060678964779276,1.886170975299151,0.0,0.0511989073756856,-4.852914157736848,0.0,0.0,0.0,4.331128832382396,0,0,0,0,0,0,0.164901441192196,-0.7106303242917125,-11.390652589475696,-0.0655991996068972,0.2073081525875786,-0.27488848351382
data/sensor_images/image_1055.png,surface,0.0,0.0,2.45076157332389,-4.62492920596405,20.62401772788085,0.0,-1.6347959549892683,0.873419607403681,0.0,0.0,0.0,-1.1759846493021744,0,0,0,0,0,0,4.013574872004105,-0.0226832833236066,-7.6481512710112,-0.1069168367520936,0.2418037177152596,-0.1424404388240842
data/sensor_images/image_1057.png,surface,0.0,0.0,2.0525793120582243,1.831021296927534,17.10071478069654,0.0,-3.918019442491957,-2.6107431941170227,0.0,0.0,0.0,3.914602151777096,0,0,0,0,0,0,4.164545978417143,1.7912650492262383,-10.498578912649066,-0.0053066870416447,0.2679460916016642,-0.2209634771622165
data/sensor_images/image_1058.png,surface,0.0,0.0,2.529678160164188,2.3343463723305384,-11.735389541176486,0.0,-0.1126166787178356,3.2982133091655403,0.0,0.0,0.0,0.2090645897320691,0,0,0,0,0,0,-3.437903526334206,0.8267384319254883,-9.17036457993533,-0.1504576412767576,0.2779211725015449,-0.028164742378758
data/sensor_images/image_1060.png,surface,0.0,0.0,2.005868516602686,2.486684867437454,16.935201955903974,0.0,-0.947793072681355,-1.0095366399316612,0.0,0.0,0.0,3.241524032844623,0,0,0,0,0,0,3.532503527438257,1.8305438266150544,-10.221875866010512,0.0031194312790989,0.2568480770274566,-0.2267068708678467
data/sensor_images/image_1061.png,surface,0.0,0.0,0.8516931988880403,-21.44014820281628,-6.562459975411803,0.0,0.1967842805486822,1.734081055616752,0.0,0.0,0.0,-2.920965755725783,0,0,0,0,0,0,-1.6387500699384097,-4.6876014207856604,-11.186248605987185,-0.1213156007522165,0.194326351487172,-0.1376705269243436
data/sensor_images/image_1062.png,surface,0.0,0.0,2.72616015446189,-12.802009181469984,-12.787740636748977,0.0,-3.16285016808652,3.78069102033336,0.0,0.0,0.0,4.949147671125546,0,0,0,0,0,0,-4.188853204980714,-3.7351355061321394,-9.65391878292635,-0.2334969716210833,0.2353171417403894,-0.2392832814161826
data/sensor_images/image_1063.png,surface,0.0,0.0,0.8850097251297993,0.0129692478711431,17.656375280758215,0.0,-2.716680435229308,2.9136755022776226,0.0,0.0,0.0,2.346978110252671,0,0,0,0,0,0,4.624957454184632,0.8433902158538721,-11.064575559927222,-0.0428930281499103,0.2594952834400303,-0.2347773338738332
data/sensor_images/image_1064.png,surface,0.0,0.0,1.763414461916081,2.760782265016939,11.951633251729197,0.0,-2.938661902498552,-3.7906504774071097,0.0,0.0,0.0,4.692114125428537,0,0,0,0,0,0,2.5248809155584486,1.6453726343304775,-11.082738657119442,-0.0194915299963009,0.245730380167534,-0.2248943711856411
data/sensor_images/image_1066.png,surface,0.0,0.0,1.221307651225421,-8.119075631209443,1.7388771456951553,0.0,2.7393740969286253,0.8763471768991211,0.0,0.0,0.0,-3.759652863000265,0,0,0,0,0,0,0.4593756584105583,-1.3309299530821348,-11.664889727345503,-0.09809421008793,0.217924898048938,-0.1241249060309584
data/sensor_images/image_1067.png,surface,0.0,0.0,0.9240814957061664,-1.2753101395848316,-14.414398652487009,0.0,1.9321041682106976,-0.4327618871848329,0.0,0.0,0.0,-0.2273637085066626,0,0,0,0,0,0,-4.113290312343915,0.7235227740615433,-11.319913034809025,-0.1083486438936853,0.2305276725179859,-0.0552258898867193
data/sensor_images/image_1069.png,surface,0.0,0.0,2.6113492275044354,-21.261638718893707,6.801952773015156,0.0,-2.5050332336720564,-3.237713605799209,0.0,0.0,0.0,-1.1746363893206755,0,0,0,0,0,0,0.9117371911475546,-2.335287476558128,-6.094384971356282,-0.0442025986633213,0.2182241712889087,-0.1905013853427892
data/sensor_images/image_1070.png,surface,0.0,0.0,1.7423022789492304,5.745882059412377,-16.961541435783936,0.0,-3.107588281604928,-2.073990473038133,0.0,0.0,0.0,-0.7248143006324881,0,0,0,0,0,0,-4.154678015327152,2.4795513135046963,-10.23059829125635,-0.1223722436862874,0.2903855119793518,-0.0332162396173495
data/sensor_images/image_1071.png,surface,0.0,0.0,1.3997459544802464,-2.2955153099144647,7.023530260817778,0.0,-4.237788033303229,0.1158246279869496,0.0,0.0,0.0,-4.65002962864274,0,0,0,0,0,0,1.612047419121029,0.2645792413750449,-11.104156407002613,-0.0949490479230555,0.2609135779957383,-0.1055734877047219
data/sensor_images/image_1072.png,surface,0.0,0.0,2.817777093004829,19.113922515743,-6.805767812823453,0.0,1.828652788507208,1.855395070467874,0.0,0.0,0.0,-3.543067938097062,0,0,0,0,0,0,-0.7298476507508451,4.44431916566867,-7.95621321479042,-0.1659573518616863,0.2268356037735836,0.0224757763608799
data/sensor_images/image_1074.png,surface,0.0,0.0,1.7007979205875992,-6.622089004682676,-14.248781930958042,0.0,2.892886278840982,-1.809078025832232,0.0,0.0,0.0,0.1692968424802945,0,0,0,0,0,0,-3.42783928454876,-0.8374463661887264,-10.270429486630633,-0.1366206057774709,0.1887876281299595,-0.216035415141308
data/sensor_images/image_1075.png,surface,0.0,0.0,2.403527807915223,20.56567680292631,12.03328109941477,0.0,-2.381620804264973,-1.1753298469535267,0.0,0.0,0.0,-3.114959837202864,0,0,0,0,0,0,2.0814011614154104,6.366857921990798,-9.551767311031146,-0.0651486501900875,0.2829313520649582,0.0012705019654619
data/sensor_images/image_1077.png,surface,0.0,0.0,2.8194509766498466,-1.0099589213424307,-18.163557067610924,0.0,3.8904337861024345,-0.7883499902470281,0.0,0.0,0.0,-3.055697939166937,0,0,0,0,0,0,-3.159607751227264,1.0627992394151025,-7.578462001755086,-0.0970954717289098,0.1895590383823439,-0.051679065076667
data/sensor_images/image_1080.png,surface,0.0,0.0,1.0288138648645282,6.803665143418678,19.69671473283753,0.0,2.2884524828624992,-0.8927112954355566,0.0,0.0,0.0,-2.543361158756514,0,0,0,0,0,0,4.505627693597182,2.676521941229025,-11.07907294860781,-0.0803230685064789,0.2353234785764199,-0.0774434994552882
data/sensor_images/image_1081.png,surface,0.0,0.0,0.9429216009705684,-13.410766172442704,-19.936412576643328,0.0,1.5469355953905894,-1.8087705589351983,0.0,0.0,0.0,2.7731068313032567,0,0,0,0,0,0,-4.545229406879031,-2.156189993186771,-10.595218712098909,-0.1874377783531675,0.1897082372601746,-0.220112159363123
data/sensor_images/image_1082.png,surface,0.0,0.0,2.6639943830034984,2.556046941831909,-12.861054105951752,0.0,-3.1845278047562533,3.205676608029007,0.0,0.0,0.0,-4.462622750418683,0,0,0,0,0,0,-4.040916734383196,0.8872832937268689,-9.821456755627295,-0.167298931943191,0.3127146478498675,-0.021879701158445
data/sensor_images/image_1083.png,surface,0.0,0.0,1.422684011792707,-5.9592976861513165,1.2771767755995065,0.0,3.1938745889770264,2.661320416467848,0.0,0.0,0.0,3.769645660252621,0,0,0,0,0,0,0.8087616963357416,-1.0972911539149257,-11.972081559974612,-0.1089859814689832,0.2229452712907456,-0.2493592896939389
data/sensor_images/image_1085.png,surface,0.0,0.0,1.045635335742206,19.572246216025828,5.9883750939851375,0.0,-1.0647358128459907,3.07905744531021,0.0,0.0,0.0,-0.5514113804844918,0,0,0,0,0,0,1.04520759937856,5.976163714714241,-10.86695039387944,-0.102833601292817,0.2556660394629544,-0.00743938795876
data/sensor_images/image_1087.png,surface,0.0,0.0,2.124127841528012,6.522006798644285,9.084259701104266,0.0,-1.9029201753113965,-4.47922703978464,0.0,0.0,0.0,4.328684404476606,0,0,0,0,0,0,1.853681419164812,3.085708373604777,-11.156360670845904,-0.0142416574668903,0.2484711009470884,-0.1875523432295039
data/sensor_images/image_1088.png,surface,0.0,0.0,2.0605669947260434,11.336419388636306,-12.987968150325392,0.0,2.858554367635885,0.5022449539987747,0.0,0.0,0.0,-1.129697102947882,0,0,0,0,0,0,-2.431890330344032,3.934857549054393,-9.716884050481426,-0.1254262008938627,0.2325465564681867,0.0019591008650531
data/sensor_images/image_1089.png,surface,0.0,0.0,2.811251985547948,16.387113416922265,5.452607513231205,0.0,2.4128967712634326,-1.421588479606699,0.0,0.0,0.0,0.0558257163117703,0,0,0,0,0,0,2.152280562685537,5.582843872148136,-9.18437147346269,-0.0033670746688733,0.2310370237470935,-0.1577781576997231
data/sensor_images/image_1090.png,surface,0.0,0.0,1.288234617403098,-3.7804672745156367,15.1543045979639,0.0,1.152150184317768,1.0434032198623011,0.0,0.0,0.0,-4.969540403163482,0,0,0,0,0,0,3.864094428711888,-0.5032431648230913,-11.281614830106744,-0.0785452875254512,0.2100576075101688,-0.1125446538157132
data/sensor_images/image_1091.png,surface,0.0,0.0,1.4927756838131143,-13.14366016923183,-1.7407655783355784,0.0,-4.197421878495326,0.6779456900794477,0.0,0.0,0.0,-4.700990547598422,0,0,0,0,0,0,-0.734249226447715,-2.7196797231360588,-12.00889069256426,-0.1057479543443113,0.2418455857447627,-0.153421470738929
data/sensor_images/image_1092.png,surface,0.0,0.0,1.207689165863023,5.44033620911106,-12.92545493000958,0.0,-1.1220658685276497,0.3504610941589904,0.0,0.0,0.0,-0.4564631006953838,0,0,0,0,0,0,-3.136376655579973,2.723880893216428,-11.345184539124906,-0.1236766655355803,0.2688078299481055,-0.0520233435491684
data/sensor_images/image_1093.png,surface,0.0,0.0,0.7914930926974468,6.239456994868994,-2.065882645469195,0.0,-1.275596498286263,4.247502284923109,0.0,0.0,0.0,-0.3793406096301108,0,0,0,0,0,0,-0.7058189972330102,2.6695412509430074,-11.937951728177572,-0.1001314950059796,0.2497897421906703,-0.0587457568039301
data/sensor_images/image_1095.png,surface,0.0,0.0,0.7401132054900355,-14.430457545257276,-0.4928671813535402,0.0,-2.911217747650804,1.905413972095172,0.0,0.0,0.0,-1.5501123794082972,0,0,0,0,0,0,0.284408680076164,-3.0836632762193505,-12.132738016294844,-0.1073458006316133,0.2310944037577835,-0.1400363088616552
data/sensor_images/image_1097.png,surface,0.0,0.0,1.9250253043112848,-9.569371324157448,7.880753449819607,0.0,0.6256168127009241,-2.2272118887118943,0.0,0.0,0.0,-2.4936596124516006,0,0,0,0,0,0,2.16972712586269,-0.8386497516905473,-10.81770647435496,-0.0512917923026811,0.224142675296361,-0.1285655352219543
data/sensor_images/image_1098.png,surface,0.0,0.0,2.2505181599890567,-12.595454703400032,21.439138681817635,0.0,3.349294179413922,3.7033933708795375,0.0,0.0,0.0,-0.1991803750151755,0,0,0,0,0,0,5.503365053125085,-2.3990066488834936,-9.599381459943244,-0.0818249023458318,0.1683718201375671,-0.1652017917573896
data/sensor_images/image_1099.png,surface,0.0,0.0,1.1801770815742358,9.706335325562764,-4.050417085523645,0.0,3.1484400891059563,2.2202185525728577,0.0,0.0,0.0,-4.309613066556356,0,0,0,0,0,0,-1.3779230859993556,3.6919194874811967,-12.361438406764432,-0.1274247191926761,0.244962498518572,-0.031972828405614
data/sensor_images/image_1100.png,surface,0.0,0.0,1.790174444944224,-11.876329204958289,-10.197820963557492,0.0,4.527541336786898,0.0512556801799504,0.0,0.0,0.0,1.8503810415254565,0,0,0,0,0,0,-3.114026511847836,-2.928076137578712,-11.494122149499573,-0.1438411423947922,0.1524018184409891,-0.2174528933653937
data/sensor_images/image_1101.png,surface,0.0,0.0,1.4691239752724834,6.98608804721235,22.362022281946125,0.0,2.3964857624923503,-1.6637459562174948,0.0,0.0,0.0,4.978080089508438,0,0,0,0,0,0,5.724266890873123,2.822669224576647,-11.212904150529427,-0.0285782456606513,0.250802064648492,-0.2166934161557207
data/sensor_images/image_1102.png,surface,0.0,0.0,0.7423951902262194,-20.056388971273524,3.112922266206485,0.0,-3.407893870445681,1.2065559896639977,0.0,0.0,0.0,-2.0418250882617994,0,0,0,0,0,0,0.6788830200104613,-4.160243330077707,-11.793590136062557,-0.0986057308105865,0.2202570581731088,-0.1742624702683032
data/sensor_images/image_1104.png,surface,0.0,0.0,1.5092040156583215,-4.586185203927094,-6.4891962897452204,0.0,1.173788444553474,-4.254792297096683,0.0,0.0,0.0,2.002319963568234,0,0,0,0,0,0,-2.151878284918105,-0.3021282317408088,-12.162826661980342,-0.1322842199120055,0.212570348622489,-0.2154843529270818
data/sensor_images/image_1105.png,surface,0.0,0.0,0.5088101894499457,-14.203355343096293,-10.239869211260498,0.0,2.562910532606489,3.647090793460755,0.0,0.0,0.0,4.279036005747992,0,0,0,0,0,0,-2.5682072830271085,-2.95154444630178,-12.259366869284554,-0.1555390887089848,0.1936222475430131,-0.2587052150727508
data/sensor_images/image_1106.png,surface,0.0,0.0,0.5624258217155282,4.69867774715986,-24.16660087122664,0.0,0.5686849445054368,-4.836539524806249,0.0,0.0,0.0,-2.9672072313977784,0,0,0,0,0,0,-5.7203251840277725,2.402589484296601,-11.071901777159304,-0.1238538459693184,0.2713444995126615,-0.0074382984076176
data/sensor_images/image_1107.png,surface,0.0,0.0,0.6331613538130816,-11.275229009898306,-17.99938560580367,0.0,3.4720775378236044,-3.301837650485536,0.0,0.0,0.0,-1.6619899689383475,0,0,0,0,0,0,-4.514233259867613,-1.8347412832089065,-11.695016670646528,-0.1644420598214734,0.2368345421502421,-0.1016560358608291
data/sensor_images/image_1108.png,surface,0.0,0.0,2.41350515692215,-15.33541360016552,-17.333841696796675,0.0,-2.0955306575883443,1.2789624338812875,0.0,0.0,0.0,-1.5941860261020269,0,0,0,0,0,0,-4.698770411110653,-3.342260483194048,-9.751314563966066,-0.2105585919454728,0.2957260252002989,-0.1270582553306421
data/sensor_images/image_1110.png,surface,0.0,0.0,2.7606677435574007,6.626471436602839,-18.516174936328795,0.0,-0.4022331700407692,-2.8434562970901225,0.0,0.0,0.0,1.625947763939914,0,0,0,0,0,0,-4.570567646172005,3.922255176339357,-9.342789336534254,-0.0611185155740799,0.3349519057512184,-0.178613487833685
data/sensor_images/image_1112.png,surface,0.0,0.0,2.135464472076478,-23.699993335234584,-3.661077669449078,0.0,-2.848278704866211,-3.1425188143635028,0.0,0.0,0.0,-1.829636987046957,0,0,0,0,0,0,-1.3993414836334257,-4.143423937493922,-9.444092734656266,-0.0992105528069109,0.2132037609050408,-0.1841533826956533
data/sensor_images/image_1115.png,surface,0.0,0.0,0.7593911398476287,12.268933048614468,7.14812909500204,0.0,3.367953962399055,2.944120575935472,0.0,0.0,0.0,2.481220661607328,0,0,0,0,0,0,1.271224810921808,4.228231912132305,-12.40822527988225,-0.0854588765431252,0.281170052831828,-0.1892685897269909
data/sensor_images/image_1116.png,surface,0.0,0.0,0.6668326783834837,-3.588741006998912,21.521901199563423,0.0,-0.5535697936596886,4.885609956875036,0.0,0.0,0.0,-3.815412746760256,0,0,0,0,0,0,5.710146919495248,-0.0159830260028529,-11.33423588992146,-0.063796942700243,0.2485660934570403,-0.131014778693879
data/sensor_images/image_1117.png,surface,0.0,0.0,1.875668956563637,-0.5765619467712606,-18.300976253163224,0.0,1.4631711629404398,-4.622196817651768,0.0,0.0,0.0,-1.862519554605716,0,0,0,0,0,0,-5.148036038569899,1.4267537549163962,-11.454272020719053,-0.1168261928363795,0.2609544886925801,-0.0578989031106826
data/sensor_images/image_1118.png,surface,0.0,0.0,1.267189160228969,-0.794422907617768,-2.3932887588304057,0.0,1.6306855829787157,3.948842216510341,0.0,0.0,0.0,2.7871104419516834,0,0,0,0,0,0,-0.8625791820594952,-0.0327902392720211,-13.302427117659128,-0.1040321684324591,0.2409249716274789,-0.230662733530753
data/sensor_images/image_1119.png,surface,0.0,0.0,0.9156928997465036,6.602477046061903,21.491921726541666,0.0,-1.8505850148603984,-4.387755989262083,0.0,0.0,0.0,0.4288863111024685,0,0,0,0,0,0,5.3507034822400446,3.0200831870806564,-11.26629194171837,-0.0343775398450763,0.2645710272096773,-0.2238311266258663
data/sensor_images/image_1120.png,surface,0.0,0.0,0.863690354834747,-3.545073798109282,-6.38328840051759,0.0,-4.429779504842074,2.2526009142934305,0.0,0.0,0.0,-0.5609036711891147,0,0,0,0,0,0,-1.4157129799984685,0.0597351878245091,-13.064138281848503,-0.1318950220794878,0.2718429944128294,-0.0865207898253832
data/sensor_images/image_1121.png,surface,0.0,0.0,2.598527333219931,11.17604517835596,-7.190157197402922,0.0,1.46953400316844,-2.325440248482107,0.0,0.0,0.0,-3.509989607745203,0,0,0,0,0,0,-1.1344919228842985,5.002649085191754,-10.576906003647792,-0.0305608890412153,0.2537748833076798,-0.0364154405069364
data/sensor_images/image_1122.png,surface,0.0,0.0,0.5563768667331259,10.16191937639313,-5.817181978202372,0.0,0.6848151103259844,1.819223535105017,0.0,0.0,0.0,-0.045438494213446,0,0,0,0,0,0,-1.580050655108652,3.9989757781544624,-11.996773919096162,-0.1150594406974705,0.260453771482139,-0.0115783632205941
data/sensor_images/image_1123.png,surface,0.0,0.0,1.7381433763499514,17.474251582922097,16.79096058522235,0.0,2.2614608943238594,2.679892198245867,0.0,0.0,0.0,3.8894777216941208,0,0,0,0,0,0,4.217283137204685,5.052954846015689,-10.021934603870603,-0.0756911063713393,0.2780286848973667,-0.1793685204289147
data/sensor_images/image_1124.png,surface,0.0,0.0,0.6818534493298454,-4.177557891702917,-22.6001940115314,0.0,-4.873693205561269,-0.6385717795659651,0.0,0.0,0.0,0.4059935999954334,0,0,0,0,0,0,-5.592752541462457,-0.1241873235906415,-11.52089484084908,-0.177912522755806,0.2412133064161969,-0.1800298481320282
data/sensor_images/image_1125.png,surface,0.0,0.0,0.8648819869171399,12.107556239004596,20.686242009688176,0.0,-2.149258822124299,4.432274666062044,0.0,0.0,0.0,1.922787648404665,0,0,0,0,0,0,5.293228154829863,4.200834779895176,-11.095258847517815,-0.0490052560313113,0.2954114758193434,-0.1864830048076413
data/sensor_images/image_1126.png,surface,0.0,0.0,1.6632349091547378,23.776531746156973,0.4398796077622107,0.0,-1.7077430623372232,0.7855040144422151,0.0,0.0,0.0,4.946999053514844,0,0,0,0,0,0,-0.613458949019041,6.458505252600673,-10.456788746767174,-0.0993012450193063,0.3406174477050259,-0.1159240741604684
data/sensor_images/image_1128.png,surface,0.0,0.0,2.091736628656267,-1.3561725198865533,-10.396909314107376,0.0,-0.3359726659512622,3.4686809191129413,0.0,0.0,0.0,-0.8324092830922947,0,0,0,0,0,0,-3.087580831379773,0.1769952153988109,-11.509397106847844,-0.1290609599268848,0.2672821025140315,-0.0559199793079461
data/sensor_images/image_1129.png,surface,0.0,0.0,1.4474576032777362,-0.7152042228702216,-21.80597654020832,0.0,0.7640222491846227,-1.0403876286353992,0.0,0.0,0.0,1.208827731932245,0,0,0,0,0,0,-5.257545423288192,1.3381560422123209,-10.941681856978992,-0.1785159915545773,0.2557787788516975,-0.1885524857480351
data/sensor_images/image_1131.png,surface,0.0,0.0,2.144736580999546,-10.770239502312853,-2.69426838105902,0.0,2.620875095799344,2.687309985108336,0.0,0.0,0.0,0.4099157085106819,0,0,0,0,0,0,-0.4329644727660264,-2.6216935886450394,-11.18100895173399,-0.1604780106486383,0.178312692305653,-0.2642791020406661
data/sensor_images/image_1132.png,surface,0.0,0.0,2.944787277912473,3.907548464601693,9.6622615283677,0.0,-1.816985724558706,0.6721244099330995,0.0,0.0,0.0,-3.908439995868487,0,0,0,0,0,0,0.6829623408598945,1.403283172188917,-8.56110728476207,-0.1482260521426384,0.3508226291841008,-0.0757869290103478
data/sensor_images/image_1133.png,surface,0.0,0.0,1.392590994876241,-1.7681891652300006,-19.278389246168448,0.0,3.199094819259284,1.1058066392241286,0.0,0.0,0.0,-1.1010211843382791,0,0,0,0,0,0,-4.405077217694108,0.623311336408537,-11.167008248688834,-0.1506598897359379,0.2454178083673672,-0.0463373861222852
data/sensor_images/image_1134.png,surface,0.0,0.0,1.615384104186792,-20.75638371367678,2.604210510983725,0.0,2.2029357850554105,2.723080795522569,0.0,0.0,0.0,3.683510512199701,0,0,0,0,0,0,0.9404859725280575,-5.042447117439357,-12.106071947994035,-0.1257837203007057,0.1456604065283681,-0.3036473378531792
data/sensor_images/image_1135.png,surface,0.0,0.0,2.170495905140025,17.850096887643026,-4.1850420916161335,0.0,-0.5164677257488273,2.5644145995246808,0.0,0.0,0.0,2.212265472453248,0,0,0,0,0,0,-1.48241391041939,5.1233808246323616,-10.660275454678713,-0.1325033508433754,0.3078816305234378,-0.1434642077975641
data/sensor_images/image_1136.png,surface,0.0,0.0,1.5552042418251384,-9.856347515704512,15.76207988949776,0.0,-0.986736994785101,0.9308277014215646,0.0,0.0,0.0,3.998974333950344,0,0,0,0,0,0,4.212622868943631,-2.118520936425726,-11.861112272705506,-0.0369548268276017,0.2254965534848085,-0.2999720481210813
data/sensor_images/image_1137.png,surface,0.0,0.0,1.097642242352221,12.916323749727786,-11.697770052246245,0.0,1.3528653757741662,-2.750500567609865,0.0,0.0,0.0,-1.4554426761020856,0,0,0,0,0,0,-3.139602237587156,4.884890191006141,-12.415096617512535,-0.1204420203436005,0.2828405306110139,-0.0009911408957641
data/sensor_images/image_1138.png,surface,0.0,0.0,0.516693065904652,-0.6192455090539939,15.430262529035335,0.0,3.7508900796882014,-1.2146325757222611,0.0,0.0,0.0,1.5224967348312202,0,0,0,0,0,0,4.242320784746395,0.9910387964494024,-12.708897912062126,-0.033319070175566,0.2582472311588089,-0.2507468435254155
data/sensor_images/image_1139.png,surface,0.0,0.0,1.189014731753884,3.318947859039072,20.629248412688675,0.0,2.2962251815514736,2.609224977359976,0.0,0.0,0.0,4.80389656491708,0,0,0,0,0,0,5.430672101428861,1.7250755980745038,-11.30453115013082,-0.0343595700376401,0.2606615239551889,-0.2477877264928068
data/sensor_images/image_1140.png,surface,0.0,0.0,2.660491552882956,-12.16668619572065,17.42771862051208,0.0,-0.7695219974735857,-1.026337887794033,0.0,0.0,0.0,-3.339416636034538,0,0,0,0,0,0,3.223331663901751,-0.5457781822772476,-7.473707657624998,-0.0197837468081046,0.252941730014526,-0.1523595512260713
data/sensor_images/image_1142.png,surface,0.0,0.0,0.5116254753437581,-20.601883903718083,3.928199496398517,0.0,-0.7748917315213202,3.0974146482014366,0.0,0.0,0.0,-4.299553226305606,0,0,0,0,0,0,1.4021650510213464,-4.80770292409306,-12.56966854074954,-0.1147285101908308,0.2187295079448368,-0.1983380469512229
data/sensor_images/image_1144.png,surface,0.0,0.0,0.5390291371363061,3.868061324436173,-9.662544370349805,0.0,4.434609589177965,2.094259595082196,0.0,0.0,0.0,1.1144660372380055,0,0,0,0,0,0,-2.67353542139208,1.738294490524689,-13.184942604762746,-0.1457388074594655,0.2669126816174106,-0.1918219879958133
data/sensor_images/image_1145.png,surface,0.0,0.0,2.882924109390351,-14.121342096881095,-11.64345972002787,0.0,2.297562740516581,-2.0540970916304984,0.0,0.0,0.0,-1.183136085453251,0,0,0,0,0,0,-1.2097639881101994,0.0559276013334757,-5.961864946184132,-0.0386667961762295,0.1770601101409044,-0.1236266040098564
data/sensor_images/image_1146.png,surface,0.0,0.0,1.7845244247797702,-0.6429212463173506,-16.33355601356677,0.0,2.689110589644065,-1.171760277089824,0.0,0.0,0.0,1.3913179411399206,0,0,0,0,0,0,-4.12355854679143,0.939403512005036,-11.770398298371497,-0.1609418297886449,0.2279116047044509,-0.1881372972058275
data/sensor_images/image_1147.png,surface,0.0,0.0,2.7702298688855422,22.88044243547171,9.533015136571969,0.0,1.592584150847601,1.8810450303735664,0.0,0.0,0.0,-2.5904885959944,0,0,0,0,0,0,2.428361404404921,5.653103396453437,-8.919998760198961,-0.1469406317031453,0.2293757378867923,-0.0084107297974284
data/sensor_images/image_1148.png,surface,0.0,0.0,2.7148143509514635,-15.71763306620332,-18.34348835659792,0.0,1.944372718558062,3.212747651266968,0.0,0.0,0.0,-3.853207241725847,0,0,0,0,0,0,-4.317168309584499,-4.4987228081407205,-9.581293583374327,-0.2937773706454443,0.1983898966203992,-0.0648621552259688
data/sensor_images/image_1149.png,surface,0.0,0.0,2.7131667708884715,4.901638483085031,23.58656651974626,0.0,1.1864099840872075,-4.5098174600067535,0.0,0.0,0.0,3.845832286292433,0,0,0,0,0,0,6.752040978559391,3.3693113918225293,-9.473314088604488,0.0484113381614588,0.230310460774201,-0.2253023703488907
data/sensor_images/image_1150.png,surface,0.0,0.0,1.4395055466601396,-19.868749392065865,1.2804600572919758,0.0,-1.1398842883194125,0.6634274706863124,0.0,0.0,0.0,-3.272476640221107,0,0,0,0,0,0,0.4830812882357493,-4.60148983174448,-11.78715774121336,-0.1166127010440185,0.2275360191485088,-0.1905251800525483
data/sensor_images/image_1151.png,surface,0.0,0.0,0.9646957134156572,-10.709356722199622,5.636783956406556,0.0,4.412047750984309,0.7525911848015349,0.0,0.0,0.0,3.204202127090856,0,0,0,0,0,0,1.71093656027557,-2.125677823573983,-12.776129473885584,-0.08118060411639,0.202579253703145,-0.2817243848602423
data/sensor_images/image_1152.png,surface,0.0,0.0,1.3779775145297195,20.10436610393684,1.311849518332482,0.0,1.2048245998682356,3.1911057013042634,0.0,0.0,0.0,3.136841177586575,0,0,0,0,0,0,0.0332007266228613,5.801618523504967,-11.730314420851936,-0.1137940663175752,0.3164195195230498,-0.1268465373583347
data/sensor_images/image_1153.png,surface,0.0,0.0,0.835691507574139,13.074206079859165,-17.810910331922354,0.0,-0.9512280772747848,-1.8954252348313887,0.0,0.0,0.0,3.856925938852722,0,0,0,0,0,0,-4.894665862596839,4.384258948766906,-11.682129042667205,-0.1364318828814431,0.3036694796847248,-0.1369243107773935
data/sensor_images/image_1154.png,surface,0.0,0.0,2.585980818433371,-9.326214643417998,-1.381383820766509,0.0,-2.3911303554281003,-0.7325722800316116,0.0,0.0,0.0,3.038721231404418,0,0,0,0,0,0,-2.0915347319191047,-1.0942804983190906,-10.520233107970546,-0.0907459801518944,0.2922032643238755,-0.2791810338113277
data/sensor_images/image_1155.png,surface,0.0,0.0,1.921475873090072,4.918071070322015,-5.383004757727376,0.0,-2.3671089536577687,-2.301385660068745,0.0,0.0,0.0,3.2778075029530243,0,0,0,0,0,0,-1.8270062709195949,2.1740546901681217,-12.288451170571664,-0.0879007473384245,0.2900385182165894,-0.2012030937531383
data/sensor_images/image_1156.png,surface,0.0,0.0,1.1214559742534882,20.201881374087428,-4.1201443022477005,0.0,2.2237375730223574,-3.5833506894598703,0.0,0.0,0.0,-1.790341763412565,0,0,0,0,0,0,-1.301461506903281,6.93381736410146,-12.117149113137254,-0.1178355127371197,0.2723016157787414,0.0141549665155307
data/sensor_images/image_1158.png,surface,0.0,0.0,1.6522138418459862,13.721770615767824,0.6197393242652911,0.0,3.8871775869359375,-1.7776907066986165,0.0,0.0,0.0,4.690369431097158,0,0,0,0,0,0,0.227061253062363,4.807808838243374,-11.907179653717256,-0.0884581211839313,0.2823797037804756,-0.1757151432357995
data/sensor_images/image_1159.png,surface,0.0,0.0,0.5271986780221545,-3.7369530027968674,-6.639487902529611,0.0,-1.7041335959676829,-1.452131380733025,0.0,0.0,0.0,-4.933858812904459,0,0,0,0,0,0,-1.294956512937002,-0.0504485464442333,-13.049103380015069,-0.1122602480990161,0.2726337268496057,-0.1060300903481121
data/sensor_images/image_1160.png,surface,0.0,0.0,0.8832418827756621,-18.620411629872308,-5.492371100244141,0.0,1.28193036002686,-1.7527099794802452,0.0,0.0,0.0,-0.218609832465999,0,0,0,0,0,0,-1.5290657499431204,-3.725527151223005,-11.69831550538674,-0.1528429686492661,0.2151275970307599,-0.1488689335553991
data/sensor_images/image_1161.png,surface,0.0,0.0,1.5543906512197605,14.694215926102473,-15.33128509967326,0.0,-3.956976678905868,-2.776061413968271,0.0,0.0,0.0,0.1438606929657044,0,0,0,0,0,0,-4.5322005088631725,4.950757286554435,-11.866728005775665,-0.1574986898298946,0.3291738400913281,-0.1274658586239044
data/sensor_images/image_1163.png,surface,0.0,0.0,2.1083737320314646,-20.70385331853471,6.763845184792071,0.0,1.213857368956495,4.823203438722554,0.0,0.0,0.0,3.5125569309258147,0,0,0,0,0,0,2.0825759217541173,-5.235082642968216,-10.870367063483698,-0.1289554537147722,0.1503395925786421,-0.331913908748309
data/sensor_images/image_1164.png,surface,0.0,0.0,0.9933159027809516,-15.752617186836495,7.58387548509634,0.0,2.7495246592795293,-0.9450024369535944,0.0,0.0,0.0,-1.310790998465495,0,0,0,0,0,0,3.1512784469166943,-2.956472834262646,-12.02492722012138,-0.0983761186196302,0.2259604286711028,-0.1675025163156865
data/sensor_images/image_1165.png,surface,0.0,0.0,1.985277348784053,1.677431647477219,-20.740674203224668,0.0,-3.697547634314498,-0.690508192505355,0.0,0.0,0.0,3.4303014228905955,0,0,0,0,0,0,-6.158597311372194,1.227794961228464,-11.025104501809455,-0.1731893385527514,0.3070085401525059,-0.1850963018507694
data/sensor_images/image_1166.png,surface,0.0,0.0,0.5235434193770867,-16.002693641858354,7.069538523283918,0.0,-0.4364066212028457,-2.817352908036364,0.0,0.0,0.0,3.900066865478065,0,0,0,0,0,0,2.231883291052746,-3.5334837022226475,-13.118193717199391,-0.0657383347640239,0.1900621689300112,-0.3039652967467969
data/sensor_images/image_1167.png,surface,0.0,0.0,0.8620016710563267,-17.41129347496352,5.11889274514925,0.0,-0.3303542872554077,1.544521474395408,0.0,0.0,0.0,0.8607263233285254,0,0,0,0,0,0,1.4281253074783056,-3.7930895303808017,-12.43037801045026,-0.0910498011892381,0.164761875643409,-0.3113774304080916
data/sensor_images/image_1168.png,surface,0.0,0.0,1.3148281503110226,6.7181506863730895,-20.0866125160544,0.0,-2.418737263872254,-4.17132706823243,0.0,0.0,0.0,3.5527371056571084,0,0,0,0,0,0,-5.512527136123014,2.979673342908613,-12.297075026439554,-0.1444054315778845,0.2904351337312374,-0.1610875924788187
data/sensor_images/image_1169.png,surface,0.0,0.0,0.719204904558896,-15.860498062469148,-2.7024111980944943,0.0,3.33738548300234,-1.3981437150466112,0.0,0.0,0.0,1.3306865609813308,0,0,0,0,0,0,-0.4611220263222799,-3.6800581802326624,-13.09960557930737,-0.1127236878493593,0.1764568803337002,-0.291756600782933
data/sensor_images/image_1171.png,surface,0.0,0.0,1.0800431788201457,-23.64016295101857,7.233350711866817,0.0,-3.827159257331715,1.7104114990721375,0.0,0.0,0.0,-4.847984803726924,0,0,0,0,0,0,1.7691506834680024,-5.649631085481375,-11.88347007909633,-0.0981661550625883,0.214436403642542,-0.2057251975828885
data/sensor_images/image_1172.png,surface,0.0,0.0,2.746712834005855,-14.555199726172852,-7.472149679079039,0.0,-0.1566418444405019,4.471595100251087,0.0,0.0,0.0,-2.939617804635215,0,0,0,0,0,0,-1.9585302074409263,-4.220910618058831,-10.73623145621535,-0.2470284498130453,0.245270116100511,-0.1251466481098493
data/sensor_images/image_1173.png,surface,0.0,0.0,2.215920608956555,-2.8845939718609754,-17.67055083397064,0.0,3.9937961150385792,1.1246917131578693,0.0,0.0,0.0,-3.998904642272412,0,0,0,0,0,0,-4.111578360150262,0.0091654954035631,-11.246617674491564,-0.1571994537701048,0.2245069580822339,-0.0339000252314577
data/sensor_images/image_1174.png,surface,0.0,0.0,2.8964152768861338,-9.363783964228492,13.785707236590508,0.0,3.60923636890162,-1.853325876228586,0.0,0.0,0.0,-0.4616740133557604,0,0,0,0,0,0,4.722961257013574,-1.0478739739360956,-9.164925751100242,-0.0577495869947716,0.114848842196078,-0.1308942126621354
data/sensor_images/image_1175.png,surface,0.0,0.0,2.776239047406293,8.648514172329119,6.822515726959132,0.0,2.430165176809812,3.549389759516777,0.0,0.0,0.0,3.359529440495809,0,0,0,0,0,0,2.2576304193952303,1.8484057435087444,-10.193920218213403,-0.1415917491683433,0.2272270200341478,-0.240170515592792
data/sensor_images/image_1176.png,surface,0.0,0.0,2.6966528002431303,-11.65868548879366,-15.0413417187343,0.0,2.26756995334006,-2.347472473432667,0.0,0.0,0.0,3.573001790300644,0,0,0,0,0,0,-2.824471996695686,-0.714849147966697,-8.78257377183076,-0.0876835655642532,0.1641628402456291,-0.2500493607768017
data/sensor_images/image_1177.png,surface,0.0,0.0,1.9444330917608663,-13.660696759645536,16.561868615193188,0.0,-0.0158153811085463,-2.059457527476022,0.0,0.0,0.0,2.7469914710762016,0,0,0,0,0,0,4.589062854308909,-1.7904509462068858,-10.72130674170669,0.0070041572167381,0.1865441879164825,-0.3144780120249734
data/sensor_images/image_1178.png,surface,0.0,0.0,2.911606035083804,5.220266595719996,3.081989456426305,0.0,1.4459477690076157,-0.5419014347350428,0.0,0.0,0.0,2.3180890862668955,0,0,0,0,0,0,1.2872917791131715,2.5119959394615354,-11.099861020195942,-0.0329527141031664,0.1665157233820041,-0.2002576321968113
data/sensor_images/image_1179.png,surface,0.0,0.0,0.9520502067991355,9.931327003969384,-8.525755821242786,0.0,-0.940628263440754,3.7542201582184,0.0,0.0,0.0,-2.695009362504325,0,0,0,0,0,0,-2.728522458484259,3.848816659538676,-13.220830753646055,-0.1320127231246104,0.2598809595360215,-0.0111064461306512
data/sensor_images/image_1180.png,surface,0.0,0.0,1.6354806180372048,-2.157381464171112,-11.835933474249336,0.0,1.6774203585532528,-1.6078656418964103,0.0,0.0,0.0,-4.076508706266802,0,0,0,0,0,0,-2.5448950078942034,1.0708204833716488,-12.801122842152772,-0.1040779550252991,0.2577233076174952,-0.0558304268179973
data/sensor_images/image_1181.png,surface,0.0,0.0,2.4528162610117668,-7.690842473171948,-20.91743664144961,0.0,2.5204164172360217,0.9543429918104672,0.0,0.0,0.0,2.7222225875708794,0,0,0,0,0,0,-4.680708144100327,-1.5942911267254003,-9.809593649243348,-0.2149137629317264,0.1721302268999073,-0.184207628437744
data/sensor_images/image_1183.png,surface,0.0,0.0,2.9860559789279466,-19.70255138482035,-4.21019633617785,0.0,-4.49957282590764,1.1503055968490772,0.0,0.0,0.0,-4.764439939941624,0,0,0,0,0,0,-2.3354826115722847,-4.438174319916143,-9.750296596861508,-0.21802597068656,0.3246575335290559,-0.1769204604964719
data/sensor_images/image_1185.png,surface,0.0,0.0,1.0158886110099712,-2.270634994582654,-23.573378767787663,0.0,1.5899150152449253,3.6584392428917822,0.0,0.0,0.0,-4.815536417921901,0,0,0,0,0,0,-6.295183094248823,0.0186154545102938,-12.087229522477031,-0.1442420627708859,0.2520151060539314,-0.059658191010345
data/sensor_images/image_1186.png,surface,0.0,0.0,2.5284891103848803,0.7528428653753436,12.808990222906624,0.0,0.686103630268267,4.237538846430295,0.0,0.0,0.0,0.0392327053918464,0,0,0,0,0,0,3.927140431138565,0.2950009719545938,-10.73821055275296,-0.1479837155390263,0.2268731325068745,-0.1179174590667772
data/sensor_images/image_1187.png,surface,0.0,0.0,2.718654621412562,7.879658347037265,16.58175168866773,0.0,4.897978272811567,-0.3600221944687762,0.0,0.0,0.0,-0.2214403712167856,0,0,0,0,0,0,5.559379004594198,3.4714168205816707,-10.61707624588107,-0.0753266497301086,0.2092435008236436,-0.0805655149741678
data/sensor_images/image_1188.png,surface,0.0,0.0,1.8485429072090585,3.987663487551192,-12.305603182150856,0.0,-1.297349709452584,-2.082162727801292,0.0,0.0,0.0,4.795303882230572,0,0,0,0,0,0,-3.4069751213020005,2.489742097161802,-12.963341771681447,-0.1241915350847066,0.3057968826063175,-0.1921002473398844
data/sensor_images/image_1190.png,surface,0.0,0.0,1.839758671993712,7.523632105657068,-0.7635874340390283,0.0,3.2078687514950426,-3.7808418457612496,0.0,0.0,0.0,-3.177763251350416,0,0,0,0,0,0,0.4203648040754281,3.571966817590144,-13.4968506890412,-0.0743895157796136,0.2805653542393521,-0.0445853995807818
data/sensor_images/image_1193.png,surface,0.0,0.0,1.0970748778818546,-2.1570060882470834,-22.95579462140616,0.0,-0.1374693651200731,0.9948007918105564,0.0,0.0,0.0,2.234522704522199,0,0,0,0,0,0,-6.374526735662547,-0.3746407278014927,-12.259385201877173,-0.1884848976411654,0.2526621926700785,-0.1753914626896859
data/sensor_images/image_1194.png,surface,0.0,0.0,2.459401189512696,-15.884765308474435,-8.635656911597001,0.0,-2.2657415215578776,2.0841210590539285,0.0,0.0,0.0,-4.2145640032071,0,0,0,0,0,0,-2.6212317877542395,-4.110659175004257,-11.09139773922666,-0.1902412785033045,0.2684750956709795,-0.1270834945269335
data/sensor_images/image_1196.png,surface,0.0,0.0,1.2098246750199064,-6.481670949549308,15.29878069286918,0.0,-0.1691097266961251,1.9372767075724475,0.0,0.0,0.0,1.827074366752134,0,0,0,0,0,0,4.608127093076534,-1.0483032554426746,-12.311537770782884,-0.0597092554147692,0.2301198644572113,-0.2962177408695388
data/sensor_images/image_1198.png,surface,0.0,0.0,2.061267848086599,-4.79389441721725,22.21906160486288,0.0,0.4734817184434557,4.519592883701136,0.0,0.0,0.0,4.001044943291435,0,0,0,0,0,0,6.086184352774131,-1.5670733018460048,-11.385407089841715,-0.0280017905714371,0.2089276678981867,-0.2905651249057647
data/sensor_images/image_1200.png,surface,0.0,0.0,1.3023131602326683,-4.87048141868484,-15.136209802951557,0.0,-3.007552080455745,-3.967137744207261,0.0,0.0,0.0,2.931801799832522,0,0,0,0,0,0,-5.141710528534432,-0.4589237904349301,-12.482633816601558,-0.1459523171925688,0.2407907784079699,-0.2181437650641988
data/sensor_images/image_1201.png,surface,0.0,0.0,1.607660831547275,14.400590632876964,-19.559076668976875,0.0,1.4727461956032082,3.1686263617841903,0.0,0.0,0.0,0.9780333260765984,0,0,0,0,0,0,-5.357730313219613,4.836527508454567,-11.52335410046887,-0.1434741707208325,0.3203862617798044,-0.1176787343239311
data/sensor_images/image_1202.png,surface,0.0,0.0,1.6244549495699503,2.7232478404989795,-2.2367255359334046,0.0,1.3678093442940358,-0.0402785437586536,0.0,0.0,0.0,4.423051124439052,0,0,0,0,0,0,-0.1170858094340777,1.5155266816319275,-13.073227862309096,-0.1078573420478669,0.2621081078217557,-0.224017315604459
data/sensor_images/image_1203.png,surface,0.0,0.0,0.5524169259446285,4.7647407664543815,2.70771941606672,0.0,0.8443019868038235,3.5827613596630057,0.0,0.0,0.0,-1.572647572497532,0,0,0,0,0,0,1.1182802739575273,2.439749660306426,-13.736682992511453,-0.0984641054996246,0.2613573215719891,-0.0556701242135577
data/sensor_images/image_1206.png,surface,0.0,0.0,1.0887218841595907,-18.914773256698776,-0.3666704118554529,0.0,4.9832271497712,0.3794766367443293,0.0,0.0,0.0,-0.13521433093136,0,0,0,0,0,0,-0.3393000942498754,-4.41425482351978,-12.927582189440049,-0.1278568117964872,0.2015713582653377,-0.1607921159155204
data/sensor_images/image_1208.png,surface,0.0,0.0,1.923221637301775,14.877321370570863,-0.6596418471816717,0.0,-3.964256328576651,-0.6065165805441095,0.0,0.0,0.0,-1.5189573402901324,0,0,0,0,0,0,-1.030496193810429,5.352118923721317,-12.359724794204704,-0.0961901248308011,0.2744284189440171,-0.0051440469836181
data/sensor_images/image_1209.png,surface,0.0,0.0,2.5987959299301147,-6.990299104290611,-22.161104162406165,0.0,2.096520079603208,3.737715317263784,0.0,0.0,0.0,-4.104426359289915,0,0,0,0,0,0,-5.377264205443391,-1.8433680069011045,-10.674588893372572,-0.2429594192829867,0.2505394720713116,-0.0432223675068792
data/sensor_images/image_1210.png,surface,0.0,0.0,2.436865813029245,7.391091436885602,-6.93803733068835,0.0,0.4661749636684726,-4.239774022190384,0.0,0.0,0.0,4.858574185406759,0,0,0,0,0,0,-1.9666713596983048,4.424175746715923,-12.703593724819449,-0.0602602504083171,0.2982213295818276,-0.1831309743420552
data/sensor_images/image_1211.png,surface,0.0,0.0,1.1415711818247942,12.330127972630075,0.3293347445656711,0.0,3.0868771067463325,-1.657697677710143,0.0,0.0,0.0,-2.1201637203337453,0,0,0,0,0,0,0.280875083147108,4.8920938971565935,-13.340188991922654,-0.1105896113173916,0.2699114985040498,-0.0144566105216326
data/sensor_images/image_1213.png,surface,0.0,0.0,0.5032426257923501,15.818978716044604,16.5859416929615,0.0,3.1849180828420245,3.098551509493773,0.0,0.0,0.0,4.825540344906724,0,0,0,0,0,0,5.025486294228261,5.2963566893072365,-12.44591607532426,-0.0633909424933308,0.330891171185719,-0.1721823540026095
data/sensor_images/image_1215.png,surface,0.0,0.0,2.638412549644909,3.0520839012469136,-0.4605851270287241,0.0,1.0906739264370506,-0.4427485484491158,0.0,0.0,0.0,2.678207256197888,0,0,0,0,0,0,0.448590389952155,2.268015722248752,-12.596756388321417,-0.0662638470556263,0.216861336694232,-0.2309897315592981
data/sensor_images/image_1216.png,surface,0.0,0.0,0.9034822397301264,4.897465655786576,-1.93647790429814,0.0,-0.2038007810243528,1.8041652907470649,0.0,0.0,0.0,-0.4944905902943937,0,0,0,0,0,0,-0.2593290635541075,2.1902916026000305,-14.459078989444528,-0.0900645841770192,0.2668036728479357,-0.0509390137372608
data/sensor_images/image_1217.png,surface,0.0,0.0,1.216799064575603,6.203384693253089,15.30584856006234,0.0,-0.6473657562798334,1.1307031407466417,0.0,0.0,0.0,-1.887721074941766,0,0,0,0,0,0,4.216740083830666,3.161643367526368,-13.632130317121597,-0.1018726851976112,0.2636371336437111,-0.0727719380808723
data/sensor_images/image_1218.png,surface,0.0,0.0,1.85800681556288,-12.342328749082792,8.199998054062513,0.0,0.376155195305582,1.9287261292655853,0.0,0.0,0.0,-2.0545287513121235,0,0,0,0,0,0,2.8269382434859587,-3.0316070027432014,-12.556358589046733,-0.137244977253586,0.2339804771023879,-0.1669839608695459
data/sensor_images/image_1219.png,surface,0.0,0.0,1.9845456362858087,-6.647465872490176,11.17747260716717,0.0,3.228445511466931,-2.666307141230925,0.0,0.0,0.0,-0.5232763224144463,0,0,0,0,0,0,3.539147195073125,-0.570908020470367,-12.949227550107835,-0.0860947959806408,0.2112532263559732,-0.1320947339155199
data/sensor_images/image_1220.png,surface,0.0,0.0,1.8680655812793088,6.7839521208818745,5.4538730044514105,0.0,-3.2915790260910143,2.511737514682777,0.0,0.0,0.0,-4.548505238332736,0,0,0,0,0,0,0.9777849470532878,2.8561687751849814,-13.552710406315526,-0.123346844087102,0.2711685793919262,-0.0618978739623758
data/sensor_images/image_1221.png,surface,0.0,0.0,0.5063405678658257,-9.4677580123835,-16.854461526465524,0.0,-1.9653364769919663,4.148297693999468,0.0,0.0,0.0,-0.0330509730918082,0,0,0,0,0,0,-4.62375961800856,-1.498389368779156,-13.249216952626268,-0.1375704756102573,0.245302546503002,-0.0988891517856009
data/sensor_images/image_1224.png,surface,0.0,0.0,1.1319471607133735,1.0724130856141736,-18.203027796921365,0.0,3.3418920808635253,3.285406705833388,0.0,0.0,0.0,-2.3804040270616653,0,0,0,0,0,0,-5.286451568978647,1.3671338161405422,-13.033720253820489,-0.1513363336584555,0.2709905903826137,-0.0399344670468478
data/sensor_images/image_1225.png,surface,0.0,0.0,0.8330406292901428,-16.356259002089004,3.055831435516714,0.0,1.2904306120522624,-3.906353238063412,0.0,0.0,0.0,1.9061109464137864,0,0,0,0,0,0,0.9494011111969086,-3.866836370290481,-13.569607180730316,-0.0925308575528527,0.1775643877337708,-0.3003416875923236
data/sensor_images/image_1226.png,surface,0.0,0.0,2.421164540723284,14.502970212957278,20.373429913474776,0.0,-2.981168149272326,-1.19846161396361,0.0,0.0,0.0,3.4902027748598545,0,0,0,0,0,0,4.200926530437889,5.285400033725269,-10.07479166890101,-0.0305907579215217,0.3225716521431376,-0.1877332537267424
data/sensor_images/image_1227.png,surface,0.0,0.0,2.325081743528985,-5.557621184717553,7.891535306275458,0.0,1.843217954654233,1.070934464062772,0.0,0.0,0.0,2.340171158480372,0,0,0,0,0,0,2.5595706531305096,-1.4498936456202376,-13.184238288777168,-0.1004953006852734,0.180940068841781,-0.2753146873194895
data/sensor_images/image_1228.png,surface,0.0,0.0,2.482621864161996,-16.373232218720776,2.5370052299991954,0.0,0.2003398387225681,1.2528062121191212,0.0,0.0,0.0,3.509299356731061,0,0,0,0,0,0,0.5324994232834472,-4.877093644198443,-12.433223584852268,-0.1819736856637004,0.1699319978952172,-0.3038177514988686
data/sensor_images/image_1229.png,surface,0.0,0.0,2.7973599474681388,14.07577568328214,5.833655190152932,0.0,0.1362152530993644,2.643909626775412,0.0,0.0,0.0,-2.180473920294961,0,0,0,0,0,0,1.2499042486058745,3.5117479873643256,-11.020937498189433,-0.1833001858488037,0.2669305536882668,-0.0300021548553091
data/sensor_images/image_1230.png,surface,0.0,0.0,0.610601986398595,16.94767430893904,15.382657995394352,0.0,2.0877478012209183,-1.8894807129763551,0.0,0.0,0.0,-2.3056022326000427,0,0,0,0,0,0,4.143614329257298,6.325599192342434,-13.245122308741568,-0.1213350223585194,0.2626198636630891,-0.0189272112483816
data/sensor_images/image_1231.png,surface,0.0,0.0,1.8425830732577808,21.91476938603637,11.04993369275339,0.0,-4.418514577668325,0.9750790894168568,0.0,0.0,0.0,0.4016163842390092,0,0,0,0,0,0,2.585110995105565,7.31752091542241,-11.903027009124262,-0.0858891487259068,0.3424374714331674,-0.1306301662824626
data/sensor_images/image_1233.png,surface,0.0,0.0,1.7530850633759596,11.676713927584562,20.3930927685359,0.0,-4.584374130876779,0.9663295613006848,0.0,0.0,0.0,1.5718705418708332,0,0,0,0,0,0,5.282193519814582,3.952883444191889,-12.385685172584369,-0.0282027123948522,0.3067888615025259,-0.1957823172866262
data/sensor_images/image_1235.png,surface,0.0,0.0,1.9165578079622023,-16.512156743520197,-7.697110358092793,0.0,-3.860962319468976,-2.9282066872160666,0.0,0.0,0.0,4.734837316863793,0,0,0,0,0,0,-2.935129860477989,-3.7240579914575793,-12.883361624048876,-0.1264298881327709,0.2197812604633597,-0.2922337842280347
data/sensor_images/image_1236.png,surface,0.0,0.0,0.5259738829130887,2.940540999813818,12.638715307015442,0.0,-0.8130191298475978,1.1664038968710153,0.0,0.0,0.0,1.5030004400371677,0,0,0,0,0,0,3.6024694263262083,1.723235457369387,-14.20024133196262,-0.0663577562036295,0.2784630784168451,-0.2401627058863988
data/sensor_images/image_1237.png,surface,0.0,0.0,2.760721336612271,-6.952818916130302,-8.051430354787025,0.0,-2.467253957103757,-1.2216255249646373,0.0,0.0,0.0,-2.072923647090977,0,0,0,0,0,0,-3.8577579579806063,-0.0644187682055441,-11.467630082473066,-0.081572603689463,0.3532497972070267,-0.1108370408888741
data/sensor_images/image_1239.png,surface,0.0,0.0,0.5636452444077864,-1.4039744957865283,18.10873214981775,0.0,-3.0795989384983296,1.2573649385030654,0.0,0.0,0.0,-0.22970677359024,0,0,0,0,0,0,5.384257297782738,0.0629131860848313,-13.83242486107126,-0.0609976666240741,0.2723971726743855,-0.1426584388184537
data/sensor_images/image_1240.png,surface,0.0,0.0,2.08359732704467,-9.424194088471578,-20.74362684282924,0.0,-1.1483164099518846,-1.0701682581280054,0.0,0.0,0.0,-4.478400982107415,0,0,0,0,0,0,-6.221912711840407,-0.984385168395097,-11.959394235046563,-0.1359529587594208,0.2822061387494799,-0.080975249409859
data/sensor_images/image_1242.png,surface,0.0,0.0,0.8193981773234824,-8.716894765173707,5.528288657295883,0.0,-3.178830983818706,2.301292687984468,0.0,0.0,0.0,4.619512852803005,0,0,0,0,0,0,1.3839349857689922,-2.1120924233660245,-14.712093359552313,-0.0882282733915472,0.2277367001736715,-0.2623641996357607
data/sensor_images/image_1243.png,surface,0.0,0.0,2.9957367407267714,4.256701082053643,-12.52380995157564,0.0,2.917602461968881,-3.977538217484682,0.0,0.0,0.0,-0.81531492799086,0,0,0,0,0,0,-2.492068896842541,4.299726713744414,-10.019381401410197,-0.0089885875353421,0.2461198425868824,-0.0501585017041478
data/sensor_images/image_1244.png,surface,0.0,0.0,1.4787373777648545,-20.079104567926027,10.878841503775757,0.0,-0.8633479760005645,-0.7371691493863944,0.0,0.0,0.0,-3.1376255438301657,0,0,0,0,0,0,2.867622489175946,-4.3888394401572,-12.730704142722091,-0.0767186339272894,0.2362113202728,-0.1959531129939063
data/sensor_images/image_1245.png,surface,0.0,0.0,1.1649852886331593,-7.195081942460645,1.7330169465101717,0.0,-3.6747489692117625,-2.528758528130318,0.0,0.0,0.0,2.7308916719380703,0,0,0,0,0,0,0.1802195530064535,-0.8862294463371289,-14.430185436438313,-0.0987374002128751,0.2341003526448524,-0.2740453749532899
data/sensor_images/image_1246.png,surface,0.0,0.0,0.7529922590982305,-11.481139711409565,-16.52272084287442,0.0,-2.185417344501837,-3.838433489440137,0.0,0.0,0.0,4.744709745487214,0,0,0,0,0,0,-4.479049297356291,-2.315492900465619,-13.593310501448494,-0.1817813312590381,0.2244221023613443,-0.2364535969178023
data/sensor_images/image_1247.png,surface,0.0,0.0,1.8363432018541608,-14.163922742644235,-0.7598294903194592,0.0,-3.238265880024532,-3.1054575360933727,0.0,0.0,0.0,1.3946954798217162,0,0,0,0,0,0,-0.797505164534004,-2.807060729403071,-13.21950529626624,-0.1193877284610097,0.2113148265747298,-0.2936817894914949
data/sensor_images/image_1250.png,surface,0.0,0.0,2.318770373489098,22.41078492568436,-10.478016819798029,0.0,-2.597068633803932,2.8102064085707794,0.0,0.0,0.0,-3.4076397545509938,0,0,0,0,0,0,-3.428511162528312,6.448578611896647,-11.287173553357542,-0.1339428743918695,0.3132803491990078,0.0484595771499661
data/sensor_images/image_1251.png,surface,0.0,0.0,0.6671516871750145,19.841856939981422,8.747953888779808,0.0,4.604759439669112,-0.9572302392845684,0.0,0.0,0.0,-0.6005134692955494,0,0,0,0,0,0,1.7067317422793788,7.337983488701043,-13.534781659368976,-0.1205553126845265,0.2579047160472563,-0.0084421244917076
data/sensor_images/image_1253.png,surface,0.0,0.0,0.6741131371174238,-21.01786387514985,11.19304420464494,0.0,2.0808277621531737,1.987399772053109,0.0,0.0,0.0,4.026682645730119,0,0,0,0,0,0,3.330979582123026,-5.120647755935434,-13.52144301696253,-0.0557808168695483,0.1426517248392607,-0.3315936489647327
data/sensor_images/image_1254.png,surface,0.0,0.0,1.4857839275808231,-12.620720114699388,5.677330017534676,0.0,-1.6853507337963345,-3.046627905472287,0.0,0.0,0.0,1.1492543478113282,0,0,0,0,0,0,1.559484986459025,-2.785526297192052,-13.469635832155786,-0.0748055025745492,0.1919796267511538,-0.3005134530244385
data/sensor_images/image_1255.png,surface,0.0,0.0,0.8123462872977947,4.736793855396135,-2.085957632228753,0.0,3.259940157768168,1.0818292774445302,0.0,0.0,0.0,4.592537673637773,0,0,0,0,0,0,-1.2582778443521565,1.6660020489992975,-14.82253085421026,-0.1091064029239432,0.2667284837424825,-0.2108040222055655
data/sensor_images/image_1257.png,surface,0.0,0.0,1.0906142129053469,8.681638638493782,-14.440869501055676,0.0,-2.2902770070281315,-2.425945795811073,0.0,0.0,0.0,-0.6188468070544246,0,0,0,0,0,0,-4.760057705495894,3.513610415713302,-14.188524977949056,-0.1319440853064241,0.2791128005108096,-0.018182321162111
data/sensor_images/image_1258.png,surface,0.0,0.0,1.4111555588962863,-21.142713289392315,-9.588102303119744,0.0,0.1101935829346961,1.8592504807408023,0.0,0.0,0.0,2.4380258836400426,0,0,0,0,0,0,-3.149585440785593,-6.118245862593498,-13.0808838937657,-0.1853585105568487,0.1673975132810814,-0.2698132217716993
data/sensor_images/image_1259.png,surface,0.0,0.0,1.0283279650332806,-10.04151593957024,8.5708807717626,0.0,-1.4451155204839448,-1.6011646489775355,0.0,0.0,0.0,2.487501513106721,0,0,0,0,0,0,2.506063538839165,-2.14363029735826,-14.600614646055236,-0.0480917119792818,0.2329632820924152,-0.2893628810637219
data/sensor_images/image_1261.png,surface,0.0,0.0,2.805671044196444,-6.579200242569947,15.385823999391723,0.0,-3.125486429378136,-1.1556499973900458,0.0,0.0,0.0,-4.77925277030863,0,0,0,0,0,0,2.24527024369074,0.3248516622485791,-9.083902258714044,-0.054835551901352,0.3635231392350275,-0.148419553778262
data/sensor_images/image_1262.png,surface,0.0,0.0,1.7066463542224255,20.109701064170974,12.342605028736646,0.0,4.331354688167684,0.7325609198346716,0.0,0.0,0.0,-1.542190382044184,0,0,0,0,0,0,3.2152885875847064,6.831819521210422,-12.90095045478408,-0.1033339245157782,0.2689963302198512,-0.0023979045513938
data/sensor_images/image_1263.png,surface,0.0,0.0,2.3553329275941577,0.5038797468927035,7.610088421058622,0.0,4.715388446695332,1.5162048467313287,0.0,0.0,0.0,-4.237642329037766,0,0,0,0,0,0,2.9538043843462423,0.7416255400248766,-14.328078456270807,-0.1036040203095539,0.2155420531765788,-0.0850083901793229
data/sensor_images/image_1264.png,surface,0.0,0.0,1.3872215039447515,8.088799495729182,10.900551949115398,0.0,-0.0230818655900298,2.8196374544946603,0.0,0.0,0.0,-0.0680971969413404,0,0,0,0,0,0,3.142114307461071,3.295193082481269,-14.489476358439004,-0.08641194096255,0.2806773479923724,-0.0841218404166073
data/sensor_images/image_1265.png,surface,0.0,0.0,1.2059731290993054,17.48256977029254,-3.189579604099324,0.0,0.5133069128884025,3.0447054713778887,0.0,0.0,0.0,-1.6532838732574873,0,0,0,0,0,0,-0.9611603700656924,6.265329508703527,-13.82750899733126,-0.1155768437216199,0.2843569664396589,-0.0006284185474277
data/sensor_images/image_1267.png,surface,0.0,0.0,2.924747084831381,16.33703018553259,-13.983419747873269,0.0,-1.7293570933368951,-0.6301205467177375,0.0,0.0,0.0,-3.9402687920918,0,0,0,0,0,0,-5.195846332871614,6.179637038849738,-11.62037279581538,-0.0550053703970263,0.3641179416589189,0.0296239943912436
data/sensor_images/image_1268.png,surface,0.0,0.0,1.446280505715506,7.462232592144506,2.807545321735265,0.0,-0.9771584754558492,-0.9972434052147854,0.0,0.0,0.0,-3.835353322921199,0,0,0,0,0,0,0.5257103985558733,3.4247974890832507,-14.73471965517508,-0.0811431911554526,0.2950026715015715,-0.0473135013806646
data/sensor_images/image_1269.png,surface,0.0,0.0,2.6840325187340164,-23.71477997572449,-1.986549939780921,0.0,1.494970486904246,0.6251290439108775,0.0,0.0,0.0,-2.7098295222220523,0,0,0,0,0,0,1.19809777274911,-6.032660979762783,-10.266797586852768,-0.1967339096985151,0.11808950259155,-0.1455667229779506
data/sensor_images/image_1270.png,surface,0.0,0.0,2.04924110496973,19.483789204446875,-12.598945834881844,0.0,1.830294427130212,0.7761632294866726,0.0,0.0,0.0,-1.6488574993759055,0,0,0,0,0,0,-3.7501813021899073,6.443125642133719,-12.479396102215391,-0.1008113730568183,0.262846396053195,0.0245787701702036
data/sensor_images/image_1271.png,surface,0.0,0.0,2.1955312787517896,-3.57662709819527,1.7555224625073536,0.0,-3.650903780421796,0.3994468143046412,0.0,0.0,0.0,2.5800086651719125,0,0,0,0,0,0,-0.0396710452761384,-0.3320796750797511,-13.838562217177348,-0.0936827092013522,0.2998482843766377,-0.2692087164801252
data/sensor_images/image_1272.png,surface,0.0,0.0,1.643166671155211,-3.88141805029818,-2.396087302197703,0.0,1.025013698921599,2.407194259309016,0.0,0.0,0.0,0.9882921400464788,0,0,0,0,0,0,-0.9349165361957444,-0.277624281302762,-14.813748158034697,-0.1290152616677346,0.2419277314722765,-0.2382318517349393
data/sensor_images/image_1273.png,surface,0.0,0.0,1.3181141424440477,-21.229647637559182,12.617360980558896,0.0,-0.3429370004851936,-0.9556362939224928,0.0,0.0,0.0,-4.903307472319075,0,0,0,0,0,0,3.4490595596448363,-5.563548060654662,-13.648306948031562,-0.0504874430075615,0.2097014460042926,-0.191274960218198
data/sensor_images/image_1275.png,surface,0.0,0.0,2.415950528288892,16.59361059944563,1.7223856234924988,0.0,-1.9447143605432056,-0.7394985550061555,0.0,0.0,0.0,3.177815580112659,0,0,0,0,0,0,-0.5667762987004564,6.420901428385325,-13.159000102611593,-0.0584869322043551,0.3542685870392768,-0.13676811858031
data/sensor_images/image_1276.png,surface,0.0,0.0,2.780236067556206,8.218721650413965,-3.046772589910927,0.0,-4.33042245750356,-0.7071256471878273,0.0,0.0,0.0,4.533649792423283,0,0,0,0,0,0,-2.0381295052625314,3.827719949480451,-12.228751040313432,-0.0924335199090093,0.379938741534514,-0.1678379143571636
data/sensor_images/image_1277.png,surface,0.0,0.0,1.738228000213071,6.801996592592357,4.544114219708745,0.0,-3.398601018188676,2.766816918086441,0.0,0.0,0.0,-3.3213489457108847,0,0,0,0,0,0,0.8147339038112167,2.9297524487938658,-14.425119016866326,-0.115503640268727,0.2816471296720195,-0.0719430843573954
data/sensor_images/image_1278.png,surface,0.0,0.0,1.8271567435980944,-22.443836296074508,-0.9837003070907566,0.0,-3.2701044661691903,-3.029346132986644,0.0,0.0,0.0,2.613671094403496,0,0,0,0,0,0,-0.6437505551352573,-5.375785820818343,-12.98462197305877,-0.0975497618135578,0.1740919372860527,-0.3336346375044516
data/sensor_images/image_1279.png,surface,0.0,0.0,2.331145392084707,-0.1562601228191847,-9.074709040926615,0.0,-0.1772187158413722,2.849423173898588,0.0,0.0,0.0,0.674700383630702,0,0,0,0,0,0,-3.328780352173081,0.3370958445469537,-13.108156946657882,-0.1901470731187955,0.2787137616354052,-0.1924711142928221
data/sensor_images/image_1280.png,surface,0.0,0.0,2.898365989139802,-7.800486034591998,-23.12536248376797,0.0,0.8248653825535867,-4.783162889095822,0.0,0.0,0.0,1.7996677301574555,0,0,0,0,0,0,-5.728042170828957,0.8206163264924331,-9.046635786105588,-0.090035952536638,0.2669114223616543,-0.2548838861798844
data/sensor_images/image_1281.png,surface,0.0,0.0,2.144556158458948,10.67284052083621,-0.8254472819620244,0.0,-4.671679010112571,-0.5265810151228605,0.0,0.0,0.0,-4.869066121752081,0,0,0,0,0,0,-0.8710287462393534,4.2757557137767375,-14.446380664303168,-0.0778367675937291,0.3246326455578502,-0.0134722338998572
data/sensor_images/image_1282.png,surface,0.0,0.0,2.625120715409727,0.5434236542893547,-2.150922247297532,0.0,-1.2323336328612111,3.836075031383997,0.0,0.0,0.0,-4.86454174755464,0,0,0,0,0,0,-0.677559546032674,-0.0543305996309501,-13.696078556461924,-0.2034891921770343,0.3076001617512633,-0.0703422289608753
data/sensor_images/image_1283.png,surface,0.0,0.0,1.5102952785573025,11.796728481768266,7.595106895992506,0.0,-3.1169341876328978,-3.155874781765565,0.0,0.0,0.0,-1.6909613163205783,0,0,0,0,0,0,1.57542781235915,5.025953893947626,-14.387362341459667,-0.086860371761524,0.2785171242853683,-0.0381105718252776
data/sensor_images/image_1284.png,surface,0.0,0.0,0.9487168897605416,-16.796546268369863,0.9219911802372246,0.0,-1.852968063842121,0.3724413660761835,0.0,0.0,0.0,4.908950274574615,0,0,0,0,0,0,0.4703061832044787,-4.551679044459548,-14.27772722883272,-0.0927186254623991,0.21335357167976,-0.3092605762013698
data/sensor_images/image_1285.png,surface,0.0,0.0,2.261786781223285,17.114587517708962,-3.975973001958259,0.0,1.1074889565310426,3.445375217998018,0.0,0.0,0.0,4.10072060816902,0,0,0,0,0,0,-1.2819500651689912,5.228606391359655,-12.823828243081904,-0.1318407065640382,0.3046913713145026,-0.1337965510038941
data/sensor_images/image_1286.png,surface,0.0,0.0,1.112660545141387,-1.558229594217302,-14.124948823779295,0.0,2.6061229035500486,-2.9146497474109574,0.0,0.0,0.0,-3.441228370310301,0,0,0,0,0,0,-4.692519147907337,1.019690503727498,-14.853612019337868,-0.1228075775693085,0.2643590585724908,-0.0562250572753515
data/sensor_images/image_1287.png,surface,0.0,0.0,2.714585698207675,-20.44122876584421,14.490066389498567,0.0,1.2687606055666916,-2.0623327162069947,0.0,0.0,0.0,3.8309088179924817,0,0,0,0,0,0,4.906052739558763,-2.9495953782851294,-9.777225207671728,0.040862345897783,0.1040437833981733,-0.3019002861675823
data/sensor_images/image_1288.png,surface,0.0,0.0,0.6968090167037793,14.24587174060336,3.4438306977122006,0.0,-2.1340774598996304,3.2527799371295054,0.0,0.0,0.0,-3.0550149190035345,0,0,0,0,0,0,0.6277327742191037,5.476457804542486,-14.478506771830912,-0.137957909874315,0.2800070193916528,-0.025947258469083
data/sensor_images/image_1289.png,surface,0.0,0.0,1.6898333932775589,4.206195792539303,1.3386095040347483,0.0,3.8321506274915422,1.5663845547617905,0.0,0.0,0.0,-3.91009128541428,0,0,0,0,0,0,0.6201615065706523,2.4126135226509744,-14.28988919256621,-0.1259764548894666,0.2539884303091686,-0.0652424989218565
data/sensor_images/image_1290.png,surface,0.0,0.0,1.5909707263330874,2.037042310297163,-2.008240516079874,0.0,-4.228301491555121,-0.8646934755031469,0.0,0.0,0.0,-0.2801228692734439,0,0,0,0,0,0,-0.8460155948438189,1.8054033628579496,-14.551241827933362,-0.105690819836847,0.3100676576590813,-0.0831252678696886
data/sensor_images/image_1291.png,surface,0.0,0.0,2.655885443671497,20.36695627596466,9.848185001491952,0.0,3.4898186031498653,2.1377319165727124,0.0,0.0,0.0,-4.399642543497537,0,0,0,0,0,0,3.0295439676018523,6.800823974570242,-12.104672646680616,-0.1197782532633547,0.2411491920367104,-0.0160372679973334
data/sensor_images/image_1292.png,surface,0.0,0.0,2.921965794527911,3.52323633157382,-17.64957022699892,0.0,1.7939938486100262,-4.049634849253654,0.0,0.0,0.0,-2.8822071516741565,0,0,0,0,0,0,-4.443461905567242,3.535681205071532,-10.799043251017872,-0.0523789589386861,0.2977244025040401,-0.0382091264495468
data/sensor_images/image_1293.png,surface,0.0,0.0,2.88406559437123,-13.40317440216035,-21.219998420561144,0.0,0.7230377450683363,4.781379898657085,0.0,0.0,0.0,3.4850732617637696,0,0,0,0,0,0,-6.539037236116121,-4.261767029621746,-10.430693630672447,-0.3159723112266406,0.2334221353305843,-0.2152049439423498
data/sensor_images/image_1297.png,surface,0.0,0.0,1.1307155716710606,-1.229564451549087,16.05435302284263,0.0,-0.4646546473402191,-3.187526735880075,0.0,0.0,0.0,-1.994584762033289,0,0,0,0,0,0,4.870727875002512,0.9259276266564088,-14.35447617066776,-0.0648894567125171,0.2727488622342819,-0.1220950339235547
data/sensor_images/image_1298.png,surface,0.0,0.0,1.4426098425520055,-10.512360095191186,-4.207348210546848,0.0,-2.864886656010709,-0.1034208186757776,0.0,0.0,0.0,-3.28065465094864,0,0,0,0,0,0,-1.6326199107273138,-2.031205508461328,-14.419285860972208,-0.1314340660008807,0.2467643845253779,-0.1324219048675213
data/sensor_images/image_1299.png,surface,0.0,0.0,2.721744129097382,10.275951129026366,-16.854920967500366,0.0,1.244577403827703,1.1711785106843493,0.0,0.0,0.0,2.106399126713759,0,0,0,0,0,0,-4.232969668983452,2.3330342929285006,-11.042603160002187,-0.2017250970307813,0.2608132651293564,-0.1184836023501589
data/sensor_images/image_1301.png,surface,0.0,0.0,0.8047237272179254,-10.56335636003333,-10.127691839753416,0.0,-4.536807379377135,-0.5642041927902326,0.0,0.0,0.0,1.102449276522285,0,0,0,0,0,0,-3.574631317516044,-2.713407794149593,-14.812214339885555,-0.1403804382798985,0.2162768540340711,-0.2572370456997006
data/sensor_images/image_1302.png,surface,0.0,0.0,0.8582886470941635,1.0628310110288326,-8.203629923901797,0.0,-1.0791630790897595,-0.3275855150807722,0.0,0.0,0.0,4.121953893639013,0,0,0,0,0,0,-2.958871407447893,1.0535887033640787,-14.925114576983828,-0.1336688033753829,0.2800779872668023,-0.209977512167528
data/sensor_images/image_1303.png,surface,0.0,0.0,0.6104887798739456,19.05838060289203,-14.948366151488974,0.0,-2.8418384322586547,-1.9930732521845835,0.0,0.0,0.0,-2.8329973299772027,0,0,0,0,0,0,-4.3312676627573845,7.112882234857668,-14.178675790722792,-0.1028873581992231,0.3060434250420102,0.0384818928423291
data/sensor_images/image_1304.png,surface,0.0,0.0,1.484616136794502,16.836641691451447,9.42537646474523,0.0,-2.188708590471909,-4.339677578086445,0.0,0.0,0.0,-0.6833259930326481,0,0,0,0,0,0,2.7152833985092,6.439605304928196,-13.41465462398101,-0.1041271352201822,0.2948561328634096,-0.0112690391780847
data/sensor_images/image_1305.png,surface,0.0,0.0,1.362838973610104,9.01852355628766,-4.850471749720593,0.0,-0.9463488859263588,-2.893477995491857,0.0,0.0,0.0,3.94131404760148,0,0,0,0,0,0,-1.3781294636542778,3.936411624752553,-14.91310061737354,-0.0972549476239451,0.3218754606814514,-0.1768678843282579
data/sensor_images/image_1306.png,surface,0.0,0.0,2.181787028325888,-5.800455352641913,-12.282175295059206,0.0,-0.6784969765394107,1.7307711055735908,0.0,0.0,0.0,-0.0072014136804661,0,0,0,0,0,0,-4.197411197798141,-1.1107766904656802,-13.190983912394994,-0.1756911928122319,0.2783064661777957,-0.1006632622445758
data/sensor_images/image_1307.png,surface,0.0,0.0,0.90411262207837,8.584925696077496,-23.071700868447284,0.0,-3.482484537481536,-1.2069213795399392,0.0,0.0,0.0,0.0843653955336982,0,0,0,0,0,0,-6.317975271025013,3.753442760973944,-13.562532076805434,-0.1804389021773723,0.3289985360262504,-0.144634112920406
data/sensor_images/image_1309.png,surface,0.0,0.0,1.9503698904498248,-5.237256268053361,-18.00636201696126,0.0,-2.0074856740218308,1.1913102978226773,0.0,0.0,0.0,-4.984309261988478,0,0,0,0,0,0,-5.682006730188641,-0.6411279451880986,-14.240402161221008,-0.180492140336314,0.310778308997563,-0.0808507172863136
data/sensor_images/image_1310.png,surface,0.0,0.0,0.7775209321073955,17.793123191228947,1.1140601335245042,0.0,1.5233090127078086,1.899441923510122,0.0,0.0,0.0,-4.014698129295685,0,0,0,0,0,0,0.5409522258081658,6.504078803846118,-14.876834267858978,-0.1137780863414887,0.29109755178344,-0.0060294503937881
data/sensor_images/image_1311.png,surface,0.0,0.0,2.742131433165609,11.268588518499676,19.958890002493284,0.0,-1.25337254652703,-2.488250656219172,0.0,0.0,0.0,-3.3357558537982444,0,0,0,0,0,0,5.02043879873731,6.226869616407421,-11.942504596678868,0.0087034432579641,0.285821347734958,-0.0342116075449504
data/sensor_images/image_1312.png,surface,0.0,0.0,2.623566830987182,-20.47005519563685,-13.996589197103642,0.0,-0.9109803784590575,4.328952362967089,0.0,0.0,0.0,-0.1046712575804207,0,0,0,0,0,0,-4.250854528857412,-6.205943079719223,-11.331173467952148,-0.253633381511055,0.2692175115730476,-0.1368859529201563
data/sensor_images/image_1313.png,surface,0.0,0.0,2.3852478441947764,-8.271421851846048,18.62595271247193,0.0,0.9496538739439369,-0.2985309215140495,0.0,0.0,0.0,-0.5098441192272691,0,0,0,0,0,0,6.385713574293627,-1.0631330788709494,-11.827773656696142,-0.058326215072466,0.1768942981852376,-0.1212626245064065
data/sensor_images/image_1314.png,surface,0.0,0.0,1.6993534390273677,20.090675604489867,-9.610024939021434,0.0,-0.670500485375633,-0.4234304562304233,0.0,0.0,0.0,-2.597821715821947,0,0,0,0,0,0,-2.954699210473236,7.648431571450723,-13.563303573102624,-0.0958714161233724,0.3078101543116761,0.0508640247192022
data/sensor_images/image_1315.png,surface,0.0,0.0,2.025948333887646,-22.9146470533347,-6.616455603582249,0.0,-4.010053097155845,2.7466177182967053,0.0,0.0,0.0,3.1996189220230686,0,0,0,0,0,0,-2.454209384274741,-6.4696845381906085,-12.653308878095473,-0.2026074316403185,0.2033787907668204,-0.3202116128667825
data/sensor_images/image_1316.png,surface,0.0,0.0,0.99443745152875,10.21540007148031,-9.20908052194971,0.0,-1.8541516628416743,1.983091370711316,0.0,0.0,0.0,-1.821046486933966,0,0,0,0,0,0,-2.5939951343789507,4.128359617415276,-14.433623636226384,-0.1171217883051041,0.2887097573805796,-0.0236821604826071
data/sensor_images/image_1317.png,surface,0.0,0.0,2.3994972241968755,8.63561740473614,20.21926947109274,0.0,4.009495421946642,-2.544998729223516,0.0,0.0,0.0,-1.0624181028616952,0,0,0,0,0,0,6.808033343271055,3.9248858267021456,-12.809157863975368,-0.0561572061460579,0.2617852126954855,-0.0861516040268254
data/sensor_images/image_1318.png,surface,0.0,0.0,2.234862178069044,20.62081032158813,5.452404315572434,0.0,-0.2249365826094459,3.9742853463760346,0.0,0.0,0.0,2.23617037550424,0,0,0,0,0,0,0.928334128710101,6.234938397491851,-12.45934212185518,-0.1147354111052508,0.3321941412423452,-0.144275835807615
data/sensor_images/image_1319.png,surface,0.0,0.0,2.497279260977292,-2.2981411750744445,-10.004064169373848,0.0,2.265737479556276,-4.077165837957995,0.0,0.0,0.0,3.313872556731553,0,0,0,0,0,0,-2.917668374552345,1.4482864188887803,-13.496937974862826,-0.1049277148286898,0.262659031683812,-0.2303045605054281
data/sensor_images/image_1321.png,surface,0.0,0.0,2.722169894388897,2.7020370177771333,-5.608006818761594,0.0,2.3689643437498216,0.3391503191250845,0.0,0.0,0.0,4.128527482390782,0,0,0,0,0,0,-0.6029622833114378,1.5414755730478078,-12.745218179268509,-0.1491572521183543,0.1840785582269493,-0.2249365083434669
data/sensor_images/image_1322.png,surface,0.0,0.0,2.738510541854673,11.677614433112664,15.04967955274252,0.0,0.3790963173949236,-3.0842945225384475,0.0,0.0,0.0,-3.728508494601661,0,0,0,0,0,0,4.69771296833652,6.214570009353063,-12.994836835394397,-0.0301466485291843,0.2567877112369078,-0.0334886251018322
data/sensor_images/image_1323.png,surface,0.0,0.0,1.5749789638206118,-17.834979272873365,-5.293682424959576,0.0,-1.89307110129982,-2.252291478844379,0.0,0.0,0.0,-4.764512469098117,0,0,0,0,0,0,-2.159472879191497,-3.8236609850242513,-13.852594452141576,-0.116719912977012,0.2372980545549705,-0.1786029377343315
data/sensor_images/image_1324.png,surface,0.0,0.0,2.471496013946401,14.64918637587351,10.975853782604371,0.0,4.180852168235313,-0.4036901742337903,0.0,0.0,0.0,3.954507716921828,0,0,0,0,0,0,3.7575644071082506,5.771953597024963,-13.224298923163428,-0.058389676378434,0.2783539561233786,-0.193656483076837
data/sensor_images/image_1325.png,surface,0.0,0.0,2.9239466844873605,-14.416657512863624,7.184442659387305,0.0,3.1558814512280184,-0.7621461739718312,0.0,0.0,0.0,3.340007936867311,0,0,0,0,0,0,3.5698094237370386,-3.187205840660533,-12.491502025661548,-0.0660454292929519,0.0845644246883313,-0.2889493141539121
data/sensor_images/image_1328.png,surface,0.0,0.0,1.1077953066540616,-4.613505208355677,-3.509121765718931,0.0,-0.5902916324382443,0.8609249443643328,0.0,0.0,0.0,0.1096096533203425,0,0,0,0,0,0,-1.317801433309581,-0.5876640635719959,-15.65398685298356,-0.1082790780785872,0.2385899125336633,-0.2407800108050112
data/sensor_images/image_1329.png,surface,0.0,0.0,1.2132889998878325,-18.38352629966131,17.098927317732105,0.0,-2.0305695530397143,-0.5822692118482261,0.0,0.0,0.0,4.649079986306447,0,0,0,0,0,0,4.525425993490807,-4.4104854128743884,-13.30450148631847,0.0014376426237189,0.1953761815981334,-0.3305720709353865
data/sensor_images/image_1330.png,surface,0.0,0.0,1.5692064850802003,-10.34839900461953,13.770330693622505,0.0,1.1344636856697867,-3.767234668821322,0.0,0.0,0.0,0.5083839988575836,0,0,0,0,0,0,3.96562074143174,-2.289031665151625,-13.924615882358328,-0.0345376775046687,0.2169652312320379,-0.3047486931958968
data/sensor_images/image_1332.png,surface,0.0,0.0,2.252000329553959,1.6802129949398277,-22.82730645611442,0.0,-0.7271920777940569,-2.086925907031687,0.0,0.0,0.0,-0.4303328833841346,0,0,0,0,0,0,-6.652673728384371,2.3776869938864684,-12.023441331748057,-0.126695903402343,0.3224361822604791,-0.0214768719592373
data/sensor_images/image_1333.png,surface,0.0,0.0,0.7618505774348687,-0.6287618134628126,8.648202944513075,0.0,-0.7692809931079141,2.0727377115028927,0.0,0.0,0.0,-2.3442578288733698,0,0,0,0,0,0,2.482681310843621,0.7754919384307295,-15.730768652717286,-0.1072890009025696,0.2741608803373336,-0.0985046066447252
data/sensor_images/image_1334.png,surface,0.0,0.0,2.6040638499843025,-11.120080509068194,19.35383687101262,0.0,-2.212700690064976,3.3718245583937394,0.0,0.0,0.0,-2.747498856749435,0,0,0,0,0,0,5.2641717495744125,-3.5842214695172965,-11.886827402429413,-0.1636479817739642,0.2606672559856056,-0.2107065986534893
data/sensor_images/image_1335.png,surface,0.0,0.0,0.8403182581169593,-23.52898954876132,-7.740238280356692,0.0,-0.2594811064250579,-0.2881023001073318,0.0,0.0,0.0,3.2710963214495035,0,0,0,0,0,0,-2.6051597453601127,-6.033865889128846,-14.33214244565905,-0.1608264314447328,0.1522414461351259,-0.2978420081156777
data/sensor_images/image_1336.png,surface,0.0,0.0,0.563941399377927,4.122413575311779,-17.80896620651951,0.0,0.8990364547138895,-4.437736435315775,0.0,0.0,0.0,4.670825468029461,0,0,0,0,0,0,-6.134979249460244,2.1224620455894616,-14.769484140543684,-0.1625338076095146,0.2709158362759906,-0.1549892583660351
data/sensor_images/image_1337.png,surface,0.0,0.0,1.5079892912712136,13.468512864512652,-11.09465325976682,0.0,-0.6323196239491949,-2.4886677703621167,0.0,0.0,0.0,3.165998496318325,0,0,0,0,0,0,-3.885013984881872,5.329536305518884,-14.864463245435749,-0.1056993189066012,0.3218271433272211,-0.1530712411255574
data/sensor_images/image_1338.png,surface,0.0,0.0,2.437650656189694,-16.351396423078132,11.065728272874829,0.0,0.0743694769386966,4.342305345987063,0.0,0.0,0.0,0.1050848205692354,0,0,0,0,0,0,3.445691525389649,-5.438195868489214,-13.099285820783468,-0.1552687325585403,0.2217864344311008,-0.1912800914340139
data/sensor_images/image_1339.png,surface,0.0,0.0,1.371059170344597,-9.4063785049647,-13.467047252995163,0.0,2.180216972308989,-1.7004250014368556,0.0,0.0,0.0,-3.122772980296442,0,0,0,0,0,0,-4.063589837285545,-1.717824806669722,-14.486828771713956,-0.1460101429461811,0.2507852342125076,-0.1070580712455793
data/sensor_images/image_1340.png,surface,0.0,0.0,2.62572032898579,-8.06259327645327,-12.903969432210165,0.0,0.2567788505398365,4.538755180070173,0.0,0.0,0.0,-0.826485360607526,0,0,0,0,0,0,-3.973031697742217,-2.132836471077492,-12.517589046803144,-0.2342299617684805,0.2827363059345171,-0.0931167470049089
data/sensor_images/image_1341.png,surface,0.0,0.0,2.158425086922495,20.4547529994032,-6.825923893860353,0.0,0.97044598997721,-3.903934868486484,0.0,0.0,0.0,-4.005795841377139,0,0,0,0,0,0,-2.4018083150443914,8.167388495349263,-13.512372427435215,-0.0913112161372185,0.2964566912223971,0.0189854540596946
data/sensor_images/image_1342.png,surface,0.0,0.0,2.272248035239205,-0.7478348219936932,-5.73273008735355,0.0,0.8123916723009241,2.3162702978435563,0.0,0.0,0.0,2.380006526045721,0,0,0,0,0,0,-2.1478412079737943,-0.4773585843812917,-14.035502479734376,-0.1859467858548896,0.2568928106139664,-0.2143817284630453
data/sensor_images/image_1343.png,surface,0.0,0.0,1.7922961028498685,17.402984951711787,2.412129652594442,0.0,-0.3136787116999529,-3.4395420848547986,0.0,0.0,0.0,0.7049182635253786,0,0,0,0,0,0,0.8069295413943882,7.326813698404014,-14.28509920280061,-0.0969993413516925,0.3221524467532818,-0.1628795019564248
data/sensor_images/image_1344.png,surface,0.0,0.0,1.973476449517492,17.477474354669894,3.339507948427501,0.0,-2.765435820719266,-1.720810732330483,0.0,0.0,0.0,3.644554314129581,0,0,0,0,0,0,0.7248695263145986,6.727250489401836,-13.76220224209441,-0.0750702134920522,0.3487854349802034,-0.1496912297580845
data/sensor_images/image_1345.png,surface,0.0,0.0,0.909488986460923,8.17181703811172,22.05057160298562,0.0,-2.4411200066266607,2.993018377569857,0.0,0.0,0.0,-3.18039788317497,0,0,0,0,0,0,6.767952118553692,3.5850096605339656,-13.347595743210372,-0.0853046149135059,0.3061327095752602,-0.1072368772203131
data/sensor_images/image_1346.png,surface,0.0,0.0,2.7187472355324283,2.183430433507157,-23.965910822689725,0.0,0.6469743333125043,3.519460317121523,0.0,0.0,0.0,3.5413278234575234,0,0,0,0,0,0,-7.616850164586836,0.4616290444735325,-11.337803284943794,-0.2461362164511372,0.3025507106334487,-0.140786237032769
data/sensor_images/image_1347.png,surface,0.0,0.0,1.5643984806766238,-9.43631858713728,-0.6553252450147282,0.0,2.872500377170054,-3.8155535045629314,0.0,0.0,0.0,-2.5282858403017605,0,0,0,0,0,0,0.2498435593121858,-1.5180824304883227,-15.316833231977126,-0.1021550832842416,0.249443197712001,-0.1286557223682281
data/sensor_images/image_1348.png,surface,0.0,0.0,1.5972356063743334,2.2676447696901745,23.41834040551618,0.0,-0.961489950092681,1.0814289091430551,0.0,0.0,0.0,3.589153160268692,0,0,0,0,0,0,6.926609959753923,1.2359595982096003,-14.04837662632692,-0.0240918763398221,0.2780206859518774,-0.2449878645299158
data/sensor_images/image_1349.png,surface,0.0,0.0,2.19618046528456,-9.29484185569314,9.826990040337964,0.0,-3.469526704690974,-0.3547313943615694,0.0,0.0,0.0,2.942227736707574,0,0,0,0,0,0,2.512304305325768,-1.5039841064148978,-13.584258363664544,-0.0554719558059054,0.2883871741994755,-0.3052879782806411
data/sensor_images/image_1351.png,surface,0.0,0.0,2.360112017840112,-3.28671601152954,17.340487388215625,0.0,2.682575546335418,4.015197699573906,0.0,0.0,0.0,4.071261151327995,0,0,0,0,0,0,5.320771185023263,-0.6943434152826897,-13.405954718883203,-0.0815168597398324,0.1933991275654463,-0.2752621620485885
data/sensor_images/image_1353.png,surface,0.0,0.0,1.6559440304817568,-14.931464461669162,-6.858781577900664,0.0,4.022315696774753,-0.7658391098290206,0.0,0.0,0.0,-0.6351908490770741,0,0,0,0,0,0,-1.5045992653225817,-3.142197092282752,-14.225173124089109,-0.1668925793930243,0.228355907471977,-0.1384886750065697
data/sensor_images/image_1354.png,surface,0.0,0.0,1.1958891074006144,1.116244224813426,-23.60919174761294,0.0,0.765191276567252,2.354172513822699,0.0,0.0,0.0,0.4085274770579863,0,0,0,0,0,0,-7.344604137140321,1.5046258759150903,-13.64523966590076,-0.1975429646857921,0.2948972693912802,-0.175893300942427
data/sensor_images/image_1355.png,surface,0.0,0.0,0.6459799570357043,7.808989863208549,21.814894555083846,0.0,-4.251613817649895,2.1168414963885938,0.0,0.0,0.0,1.8297699775509968,0,0,0,0,0,0,7.182842421074103,3.6858990672848577,-14.61185303977519,-0.0409723172530839,0.3131468937993417,-0.216823117240359
data/sensor_images/image_1356.png,surface,0.0,0.0,2.849211522872813,-5.190627735871765,23.563809608215923,0.0,-3.0564694078384624,-1.2655682774984114,0.0,0.0,0.0,-3.476372658978728,0,0,0,0,0,0,3.6235912733983695,1.2587921638562805,-7.707650286403249,-0.0247398739693153,0.3370436655181405,-0.1441107841153104
data/sensor_images/image_1357.png,surface,0.0,0.0,0.7490569520691099,-8.512571352515055,-11.316188586567836,0.0,1.7413322595902836,-3.26232486254568,0.0,0.0,0.0,-4.288836321744959,0,0,0,0,0,0,-3.740787341948138,-1.56776253650715,-15.791513436283063,-0.1354608029304672,0.2498476368520656,-0.1117310283466332
data/sensor_images/image_1358.png,surface,0.0,0.0,1.176314596531227,-3.962982456933025,8.073223367113707,0.0,-0.2169385644488774,-0.5433249062201255,0.0,0.0,0.0,3.5864957149009467,0,0,0,0,0,0,2.668292966203775,0.0482720421090423,-16.111601230117515,-0.0568204253479124,0.2524463553861521,-0.2541410024418865
data/sensor_images/image_1359.png,surface,0.0,0.0,2.8686212206517347,13.14494640576746,14.33193387759586,0.0,-2.155108058781724,-0.2564296757143513,0.0,0.0,0.0,2.471581001080793,0,0,0,0,0,0,2.7298318165465885,5.339345796230258,-11.383379366351424,-0.0263022497192243,0.3856929444926843,-0.1783036421186363
data/sensor_images/image_1360.png,surface,0.0,0.0,1.9444375073924267,-24.77458117077292,3.4035515239725944,0.0,3.308244670375146,-0.6203545905510857,0.0,0.0,0.0,-2.450851335754339,0,0,0,0,0,0,1.951894114978028,-6.503666233894143,-13.120159021606314,-0.1354347919452053,0.1623989701828835,-0.2012119348402237
data/sensor_images/image_1361.png,surface,0.0,0.0,2.632674515465311,3.8849528536688376,19.5227234386376,0.0,-1.010002952854669,3.294534531344846,0.0,0.0,0.0,-4.682174904084057,0,0,0,0,0,0,5.557825002052898,1.3666751043385694,-12.4473187827521,-0.151483963555619,0.2651782013260023,-0.1356521219134067
data/sensor_images/image_1362.png,surface,0.0,0.0,2.2378121263698523,18.10446242763985,16.06767207842207,0.0,-3.987704957013885,1.270198748031381,0.0,0.0,0.0,-2.630090843166524,0,0,0,0,0,0,3.9595571208147993,6.37942367622483,-13.218166032219504,-0.1184774875646283,0.3253375357340673,-0.0440545205874441
data/sensor_images/image_1363.png,surface,0.0,0.0,0.6160087250663091,-5.772578465994508,-13.086219347046748,0.0,2.051497388110965,-3.6380373808685182,0.0,0.0,0.0,0.744752922796577,0,0,0,0,0,0,-3.779041884790005,-0.8384924361991178,-15.136883601127094,-0.1759048715837917,0.2611871346009397,-0.2338390256769272
data/sensor_images/image_1365.png,surface,0.0,0.0,0.7938449062999569,-15.920571207322991,-2.0880195298044195,0.0,-1.5248406470085485,-0.6249811076704155,0.0,0.0,0.0,-0.8526134241902872,0,0,0,0,0,0,-0.507665287054094,-3.7058745974750087,-15.553912625898205,-0.1303598785817307,0.2532560745554277,-0.1561858417555897
data/sensor_images/image_1367.png,surface,0.0,0.0,2.541024065015676,-18.33986718882367,-1.7648544578386496,0.0,3.5389542264911023,3.2498072411356613,0.0,0.0,0.0,0.5268392264004245,0,0,0,0,0,0,0.6259140655480004,-5.15747991666812,-12.3214652113639,-0.2102626569515931,0.1548412041079716,-0.3194023849975742
data/sensor_images/image_1368.png,surface,0.0,0.0,2.2954609273400526,-24.48279828896092,4.085942918735189,0.0,-4.231328584095073,1.2022829492576832,0.0,0.0,0.0,-3.5808270657359023,0,0,0,0,0,0,0.6635869272423061,-6.822099155027462,-12.687108709407624,-0.1599772320910544,0.2686236937846148,-0.2357132642081622
data/sensor_images/image_1370.png,surface,0.0,0.0,1.5420159448369095,5.97417487930265,11.545183129392502,0.0,4.183755589347112,2.510791713297573,0.0,0.0,0.0,3.711732761199391,0,0,0,0,0,0,3.568293824700321,2.854330743180062,-15.846741380105836,-0.0805556102588245,0.2717451925955185,-0.2170450386634607
data/sensor_images/image_1371.png,surface,0.0,0.0,2.245746475303108,-11.401106119757136,-13.738793469191934,0.0,-4.749321664020392,-0.5768374894329503,0.0,0.0,0.0,2.5958131961383053,0,0,0,0,0,0,-5.25055029873368,-2.732420165810693,-13.783921556790077,-0.1886482839876314,0.2763036104851412,-0.2626228701741675
data/sensor_images/image_1376.png,surface,0.0,0.0,2.12931598750392,-4.038516073330156,18.48481967108885,0.0,4.940858702490042,-0.5672102267100484,0.0,0.0,0.0,-1.5195254105236602,0,0,0,0,0,0,6.500217398513554,-0.1558697502037938,-14.32821848968554,-0.0671553621774498,0.2298890282236865,-0.1241048089097826
data/sensor_images/image_1377.png,surface,0.0,0.0,2.156381052936558,-13.59887228722812,-20.039529685607448,0.0,0.327641955873836,4.934873290674608,0.0,0.0,0.0,2.026064400315695,0,0,0,0,0,0,-6.831926123205533,-3.894459521918774,-13.114790729612604,-0.2572048187271671,0.2284337774995934,-0.2308948582645961
data/sensor_images/image_1378.png,surface,0.0,0.0,2.933205037878057,-16.086204797141544,16.741555929773558,0.0,-0.1982880561400187,3.333435547491986,0.0,0.0,0.0,3.765285200372322,0,0,0,0,0,0,5.33271013265869,-5.80435708019095,-12.07911268022945,-0.1660044033152795,0.1614497183467596,-0.3737294784307195
data/sensor_images/image_1379.png,surface,0.0,0.0,1.7451369253004916,9.026172202690358,2.12392828754502,0.0,-0.0526501870291966,-4.394126399951179,0.0,0.0,0.0,1.1473452398954134,0,0,0,0,0,0,0.6061934415649997,4.447979026536574,-15.58199354799371,-0.097029139373052,0.3038325509059232,-0.203064034613924
data/sensor_images/image_1381.png,surface,0.0,0.0,1.6479521826942625,18.51241148327838,-15.668196861878643,0.0,-2.3987064936124587,-0.2319456212475591,0.0,0.0,0.0,-4.461088243333054,0,0,0,0,0,0,-4.752048403165325,7.269620278139712,-14.40083957772065,-0.1132663356945058,0.3411790319613274,0.0284302225376221
data/sensor_images/image_1383.png,surface,0.0,0.0,1.3380910578777956,0.0038546635045839,-0.8275616514114429,0.0,1.5268895507536588,0.4993524131951484,0.0,0.0,0.0,2.1504586207103067,0,0,0,0,0,0,0.125985461625458,0.8185923558680852,-16.365574682335573,-0.1182807915958856,0.2747710789523,-0.2278076746351084
data/sensor_images/image_1384.png,surface,0.0,0.0,0.5891556523440782,-11.490104482624044,-0.84749347714466,0.0,3.1449223413739245,-0.1326698380031121,0.0,0.0,0.0,2.539077736222996,0,0,0,0,0,0,-0.2072691182104007,-2.7882599053856887,-16.571786270972545,-0.1287071960401749,0.2337098097801059,-0.2904318257127152
data/sensor_images/image_1385.png,surface,0.0,0.0,1.8903895941134368,-1.0290017776219171,-9.798051703452076,0.0,1.0380861741932192,0.6178419790826098,0.0,0.0,0.0,-4.982292876740724,0,0,0,0,0,0,-2.749700735769044,0.3895296940352674,-15.798156454452087,-0.1418617910222408,0.2619024269295277,-0.0695754182181791
data/sensor_images/image_1386.png,surface,0.0,0.0,1.2032204566955065,16.98637285090092,6.810379999029441,0.0,0.9275233967143406,0.0344608554014927,0.0,0.0,0.0,3.2231777131876864,0,0,0,0,0,0,2.3013053846689893,6.5934782110185735,-15.080517235850516,-0.0977191214911552,0.3183727608244143,-0.1698250656508818
data/sensor_images/image_1387.png,surface,0.0,0.0,2.370009051047591,15.89165601849281,-9.485542215929945,0.0,1.2863387460312643,1.0038644382814583,0.0,0.0,0.0,2.5813968767544795,0,0,0,0,0,0,-2.9608137819791445,5.003594223092833,-13.4740518004882,-0.1469388695372739,0.2905469342914015,-0.1464060280281863
data/sensor_images/image_1389.png,surface,0.0,0.0,2.612762153188523,14.530390763772632,-18.756791452244656,0.0,-4.392739555577655,-1.7110703336314546,0.0,0.0,0.0,-0.6661937102999627,0,0,0,0,0,0,-6.065538339896761,5.944530350193769,-12.832853952786705,-0.1032548614061024,0.3777796560259633,0.0159020625481828
data/sensor_images/image_1390.png,surface,0.0,0.0,2.40227432087652,8.973265995177558,16.977238764592016,0.0,3.4147836645075142,0.7639599586427394,0.0,0.0,0.0,-3.509725239092819,0,0,0,0,0,0,6.514714091221909,4.456074382862515,-14.105367867759558,-0.1162601207061193,0.2614237126941127,-0.1010722386344952
data/sensor_images/image_1391.png,surface,0.0,0.0,1.4414868650205426,-7.817283902342321,10.880503221135251,0.0,-0.4184529364511391,-0.7981735061773366,0.0,0.0,0.0,-1.9835534575276883,0,0,0,0,0,0,3.834948846845992,-1.0607454275814605,-15.89751472535479,-0.0846483509841769,0.2794524691739689,-0.1433635104986551
data/sensor_images/image_1392.png,surface,0.0,0.0,0.930623243513073,-7.810835487475257,-12.693863923624669,0.0,-2.56449908841912,-3.891455671613023,0.0,0.0,0.0,-3.606328808613518,0,0,0,0,0,0,-3.795460653151041,-1.2409483892196178,-16.619280035576903,-0.1524412240254917,0.2789034696072202,-0.1088027778096064
data/sensor_images/image_1393.png,surface,0.0,0.0,2.637949287093708,-17.161695542191612,9.764419286977445,0.0,1.8639049084984216,-4.058010235401193,0.0,0.0,0.0,-2.914119059463092,0,0,0,0,0,0,3.903370242103762,-2.98505662544099,-12.258605054803157,-0.0131381999259691,0.2224428884144245,-0.1839652575360123
data/sensor_images/image_1395.png,surface,0.0,0.0,0.7603769547217344,15.564137228174152,-14.268521142641251,0.0,0.155363749898392,0.0957991033649466,0.0,0.0,0.0,1.1548891918901465,0,0,0,0,0,0,-5.041627760846276,5.8478332162935,-15.380361396043345,-0.1536599576839809,0.319323913037369,-0.1236676562745701
data/sensor_images/image_1396.png,surface,0.0,0.0,1.7702673962081643,-20.63308390241609,-6.510082979907985,0.0,0.278860197810392,-0.9100921268073856,0.0,0.0,0.0,-1.6393093183191096,0,0,0,0,0,0,-0.8508540974578502,-4.701402084698114,-14.232331760451562,-0.1131629725930343,0.2377692580398049,-0.1661082071048767
data/sensor_images/image_1397.png,surface,0.0,0.0,0.6007992820672783,5.955375703427347,23.21002349694962,0.0,-2.2973363311851007,1.266968865651142,0.0,0.0,0.0,4.168229015471979,0,0,0,0,0,0,7.267216606914498,2.844757619754035,-14.768351343530115,-0.0210084439272952,0.3042790612915254,-0.2325601015980118
data/sensor_images/image_1398.png,surface,0.0,0.0,0.9019920547660014,-5.141443863404413,4.481900067435567,0.0,-3.578490347796974,-0.8390741803666956,0.0,0.0,0.0,1.2628271264614916,0,0,0,0,0,0,1.1407575600983464,-1.0050733342517453,-17.019387729788484,-0.080106647121372,0.2488505024373098,-0.2761792830998081
data/sensor_images/image_1399.png,surface,0.0,0.0,0.8310158659653339,14.78559882375428,-2.595022881618364,0.0,0.3195074737605718,-0.0612670471252724,0.0,0.0,0.0,-3.1629797656269765,0,0,0,0,0,0,-1.060473560601059,6.140084723336699,-15.661234132120288,-0.1246545181610704,0.2863242680346914,-0.0040588633976587
data/sensor_images/image_1402.png,surface,0.0,0.0,2.311689501588816,17.575063280281885,15.086415251412518,0.0,-1.9801256827390348,0.9262916522436152,0.0,0.0,0.0,4.985219497057612,0,0,0,0,0,0,4.137117393047295,6.187166164970037,-13.61257187899984,-0.0825581760749806,0.3684402330893753,-0.1520622878149479
data/sensor_images/image_1405.png,surface,0.0,0.0,1.2467446129593294,-18.4412030627639,12.7020459263005,0.0,1.3426156794823647,-0.6224267451971313,0.0,0.0,0.0,-3.0344857642246925,0,0,0,0,0,0,4.927518860985574,-4.808552596990608,-15.007700549631242,-0.084855047670202,0.2197969641986606,-0.1957935883822667
data/sensor_images/image_1406.png,surface,0.0,0.0,2.3682233724673,-22.00316890250473,-8.716067420993426,0.0,2.817275032026822,-2.827823824384749,0.0,0.0,0.0,-1.5129298312289894,0,0,0,0,0,0,-2.2250427497839294,-4.272597216265702,-11.264994169413455,-0.0998252575599965,0.1927090899180795,-0.1758318175280812
data/sensor_images/image_1407.png,surface,0.0,0.0,2.699436430251783,18.867203756929253,-8.256483501307113,0.0,-4.521266558505749,0.6561914292340227,0.0,0.0,0.0,4.768939317568883,0,0,0,0,0,0,-3.4913509536042167,6.819268831406669,-13.5172825855232,-0.1115380202605377,0.4333886675292513,-0.1132048312494278
data/sensor_images/image_1408.png,surface,0.0,0.0,1.731786884581009,6.424009355793984,1.1132230736176514,0.0,-4.543348358436811,-1.3009687366815734,0.0,0.0,0.0,2.115797046349506,0,0,0,0,0,0,-0.5968050984819977,3.63039956922442,-15.884656805309378,-0.1057318272086632,0.3024256422464067,-0.1978910109350826
data/sensor_images/image_1409.png,surface,0.0,0.0,1.9041928817972409,-1.3064776234873958,-23.141154776487333,0.0,0.4652692604659004,-0.6199299000282631,0.0,0.0,0.0,-4.931524485224593,0,0,0,0,0,0,-7.085658824841375,1.6301225053140365,-14.32971989360498,-0.1457743758455018,0.2939425767381201,-0.057641768037351
data/sensor_images/image_1411.png,surface,0.0,0.0,2.678023871405474,2.2359303916472624,3.532665248506392,0.0,2.201180350384897,-0.3098649889448817,0.0,0.0,0.0,4.074699753606128,0,0,0,0,0,0,2.12056375287268,1.828370839886696,-14.432194266116865,-0.0709492860770839,0.1989769096780785,-0.2506297556221623
data/sensor_images/image_1412.png,surface,0.0,0.0,2.409325005019287,-11.058177635607706,7.702756444263905,0.0,-0.3944861889320383,4.144099250321485,0.0,0.0,0.0,0.8709564965749976,0,0,0,0,0,0,2.7016960895295545,-3.362224785182088,-13.84551095720353,-0.1384911615456516,0.2312450733213626,-0.3258810892506013
data/sensor_images/image_1413.png,surface,0.0,0.0,1.147491618495504,-6.616963344547398,17.954538622851842,0.0,-2.466883239866029,-0.6046262440362032,0.0,0.0,0.0,-1.089960712429253,0,0,0,0,0,0,5.709680371645407,-0.8971596151541457,-15.214573978388874,-0.0657678012581602,0.2727928403681943,-0.1748305247101367
data/sensor_images/image_1414.png,surface,0.0,0.0,0.6824210305137184,-17.70069730050316,16.7393803444872,0.0,-2.0318169592649515,2.29629952081756,0.0,0.0,0.0,-0.2013451225580942,0,0,0,0,0,0,5.077808213371382,-5.289772577732771,-15.059023294801568,-0.0523537278395724,0.2366360885582547,-0.193032145140379
data/sensor_images/image_1415.png,surface,0.0,0.0,1.027298366169012,-10.610839752151742,14.596518384463044,0.0,-3.163074337629677,-3.586728445446932,0.0,0.0,0.0,2.0798088972072923,0,0,0,0,0,0,5.085633822725676,-2.61226636523314,-15.291908250462368,-0.0299525028636566,0.2476467348861107,-0.3412224498460794
data/sensor_images/image_1416.png,surface,0.0,0.0,2.048915905607891,-14.33533294754244,-19.07823450057779,0.0,-0.3082989366402079,-3.8628230088285136,0.0,0.0,0.0,-3.274650703785845,0,0,0,0,0,0,-6.117908273871341,-2.925576642128948,-14.10385117225687,-0.1312685910970127,0.2749765089034372,-0.1201161297497904
data/sensor_images/image_1419.png,surface,0.0,0.0,0.6829544893772423,-1.809143131164561,-12.424542252329951,0.0,-4.192072891564859,1.742406722246093,0.0,0.0,0.0,0.9128089966840748,0,0,0,0,0,0,-4.6369901759234615,0.34577370164913,-16.215686433438613,-0.1739434634538906,0.2588425801545041,-0.2095892348458143
data/sensor_images/image_1423.png,surface,0.0,0.0,1.1146757757796428,-18.056425986268188,-9.745227835872386,0.0,-3.678932230004999,2.217066443691206,0.0,0.0,0.0,-4.725900721452013,0,0,0,0,0,0,-3.344141639782652,-4.543937088051916,-15.508038130629108,-0.1679893507569385,0.2381093970191236,-0.1598262238145801
data/sensor_images/image_1424.png,surface,0.0,0.0,2.267624275604578,13.581722096055929,10.199589222089338,0.0,-3.0940465557305683,-0.5592508180186817,0.0,0.0,0.0,0.6569776582628606,0,0,0,0,0,0,2.7328852502186,5.397651663999566,-14.444755805382874,-0.050107190560676,0.3610814313586865,-0.1838978212594619
data/sensor_images/image_1425.png,surface,0.0,0.0,1.83061950727222,-2.863478301390971,-1.0335971911234818,0.0,4.84526733796944,-0.0654907260164682,0.0,0.0,0.0,-3.453488958644063,0,0,0,0,0,0,0.2569389777147974,-0.1466604274331706,-16.46898186731061,-0.1260862780470423,0.2662509753432835,-0.1178660036649377
data/sensor_images/image_1426.png,surface,0.0,0.0,0.6354349778390764,-2.987263077592408,13.390065568675478,0.0,-2.731111562366679,2.9388221938086665,0.0,0.0,0.0,-4.949446612468876,0,0,0,0,0,0,4.794396023182165,0.5188320962414864,-16.045879868549275,-0.1139261337987345,0.2913352654846038,-0.1584084077550158
data/sensor_images/image_1427.png,surface,0.0,0.0,0.8480344546632728,-7.00856847311557,4.142092116506286,0.0,-0.8014515155282689,-4.158779444312446,0.0,0.0,0.0,-1.9781094943590365,0,0,0,0,0,0,1.5066965875978924,-1.3396222660757982,-16.56614462784567,-0.1047679985562611,0.2670832320168777,-0.1477495633002575
data/sensor_images/image_1428.png,surface,0.0,0.0,2.779443763031754,-6.201125357673741,-16.69463051773608,0.0,-1.483404852923382,-3.329057943024756,0.0,0.0,0.0,-4.742812434536575,0,0,0,0,0,0,-5.662426443579717,0.2400681717868404,-13.64594647024716,-0.1068428817286009,0.346567693319994,-0.1150445119714501
data/sensor_images/image_1429.png,surface,0.0,0.0,2.6894622234219145,-16.54891651786817,14.048795118607028,0.0,-0.4586805173384278,1.1193979885090029,0.0,0.0,0.0,-1.3151435923628654,0,0,0,0,0,0,3.6094774628677206,-5.443811609576553,-12.267952031855843,-0.2066446164003522,0.2453326248065465,-0.230198396322118
data/sensor_images/image_1431.png,surface,0.0,0.0,1.927881755020297,19.56418701200989,-7.1369507739956255,0.0,-1.004184610053822,-3.678350807752338,0.0,0.0,0.0,2.7023766042183963,0,0,0,0,0,0,-2.257452838164994,7.958629127090253,-14.81931014623294,-0.104475803475113,0.3512754009030004,-0.1234395831122356
data/sensor_images/image_1432.png,surface,0.0,0.0,1.4004732329804566,-4.02067157087049,14.901149912391698,0.0,4.32095208885938,-1.4481102737037237,0.0,0.0,0.0,4.608042146719395,0,0,0,0,0,0,5.431421644815636,-0.5325392646984565,-16.305877416766116,-0.059160547737927,0.238228918670135,-0.2584743310957991
data/sensor_images/image_1433.png,surface,0.0,0.0,2.896909864145478,17.965554134267208,-9.909251536506993,0.0,3.488849612378152,-1.654672654914316,0.0,0.0,0.0,-1.1603973903015774,0,0,0,0,0,0,-1.8306636718689044,7.873202609976044,-13.191620122924077,-0.0518264528408184,0.2656160817362098,-0.0179412729504817
data/sensor_images/image_1434.png,surface,0.0,0.0,2.77360200087776,17.579429767354732,-12.301800361861677,0.0,2.7400624493227204,-3.7272451852209554,0.0,0.0,0.0,1.6227811694685688,0,0,0,0,0,0,-3.749274772922132,7.827112554106846,-14.051500941810168,-0.053085665004565,0.320592954307757,-0.1333420591429812
data/sensor_images/image_1435.png,surface,0.0,0.0,0.5425682950407733,2.8111128419529736,7.3116262460900145,0.0,-0.5172498586967048,-3.315009270199556,0.0,0.0,0.0,4.596473919806087,0,0,0,0,0,0,2.8981814565285737,2.1005563375686584,-17.247616602363294,-0.0759031363520623,0.2928734195300482,-0.2387729596234842
data/sensor_images/image_1436.png,surface,0.0,0.0,0.8026652939665164,9.599255971983844,7.870053864548845,0.0,3.085047136355176,-2.9032839564224404,0.0,0.0,0.0,2.005347545802124,0,0,0,0,0,0,2.7718076093701454,4.444713684016298,-17.01155957620382,-0.0816789564407618,0.3254269820946426,-0.2111287373558583
data/sensor_images/image_1440.png,surface,0.0,0.0,0.95516700133734,2.825615008529622,-18.44965728486929,0.0,-4.322774462992896,-1.6599121823297216,0.0,0.0,0.0,-3.4044125253652324,0,0,0,0,0,0,-6.508759137614007,2.193579023269506,-16.471921814365377,-0.1301041282889718,0.282847188420618,-0.0166693969634908
data/sensor_images/image_1441.png,surface,0.0,0.0,1.550701391755204,14.023004237966893,20.827990841569008,0.0,2.784403503693339,-3.948991830082987,0.0,0.0,0.0,-2.5925934714119645,0,0,0,0,0,0,6.674300741062659,5.976049743883383,-14.20500878312683,-0.0943294929613904,0.2826186177187131,-0.0628667524829049
data/sensor_images/image_1442.png,surface,0.0,0.0,1.0134043960667547,9.396751264443788,6.594229467256006,0.0,-2.9753754532666314,-0.9519801007391162,0.0,0.0,0.0,-2.638820379355411,0,0,0,0,0,0,2.3272865837808223,4.487866210751134,-17.092325378745045,-0.1103110045530094,0.3077321216078208,-0.0613917005087749
data/sensor_images/image_1443.png,surface,0.0,0.0,2.51050204426375,1.7673029277754102,0.9094658941034076,0.0,4.560828578442394,1.2005822359035705,0.0,0.0,0.0,2.9481795997718274,0,0,0,0,0,0,0.9693059702292688,1.1731730407394263,-15.833879284892742,-0.1360777556509724,0.2129339014771499,-0.2364632911883546
data/sensor_images/image_1445.png,surface,0.0,0.0,1.5221313467306514,-2.865345000551124,9.761758476113007,0.0,4.458356491289522,-0.6251462247915729,0.0,0.0,0.0,-0.0451524374566494,0,0,0,0,0,0,3.717244566434201,0.6133229642563367,-16.349675807880676,-0.1196587817252846,0.2648637707659029,-0.1213947478801103
data/sensor_images/image_1449.png,surface,0.0,0.0,2.132761850643354,-22.5759749805908,8.866017246103608,0.0,4.128262951607702,1.1068488086045185,0.0,0.0,0.0,-3.202402138163569,0,0,0,0,0,0,3.596470822185453,-7.108662868086822,-14.804981959459656,-0.1279307359327048,0.1583269603374252,-0.1977013438488679
data/sensor_images/image_1451.png,surface,0.0,0.0,0.6045693924841196,-6.083097249598842,-2.8134029010977817,0.0,3.2423570253901657,-3.5238795199389665,0.0,0.0,0.0,4.13775559668553,0,0,0,0,0,0,-0.7416890898182547,-0.9852178818294208,-17.370170269590474,-0.1387120708392446,0.2632745971489004,-0.2715040547462138
data/sensor_images/image_1452.png,surface,0.0,0.0,1.4444929682311192,-13.429015038044094,-0.4688741615993561,0.0,3.432545696405234,1.6701791205492034,0.0,0.0,0.0,2.163106829218892,0,0,0,0,0,0,-0.0946289192156886,-4.103627105046314,-16.47410425797963,-0.1375827471261416,0.2019683849412445,-0.2942115260908798
data/sensor_images/image_1453.png,surface,0.0,0.0,1.4300941813164303,7.691038931300851,15.31537361064372,0.0,0.3038096131015048,-4.846191032176517,0.0,0.0,0.0,0.8732922028949597,0,0,0,0,0,0,5.456484554289282,3.3927727104907364,-15.589515022775682,-0.0427350122742958,0.3004372019052558,-0.2384298729997595
data/sensor_images/image_1454.png,surface,0.0,0.0,0.9262291670504842,7.943877424707997,-6.719633906438988,0.0,1.290393896093979,-1.4659832531562198,0.0,0.0,0.0,1.3287954266747537,0,0,0,0,0,0,-2.248423996798001,3.785587279103164,-16.7903631764007,-0.1237378995008165,0.3109375732841988,-0.1990084878072919
data/sensor_images/image_1455.png,surface,0.0,0.0,1.3055448103169094,-12.70500322552244,8.953347509240112,0.0,-1.4404000407341782,-3.3006644500732083,0.0,0.0,0.0,0.6599865292802303,0,0,0,0,0,0,3.5149211650891266,-3.211655624024304,-16.74861721924843,-0.0646802319470756,0.2259044635034757,-0.3203398746343956
data/sensor_images/image_1456.png,surface,0.0,0.0,0.6103445204744746,7.328829014560231,-12.65555089264904,0.0,3.2377630596341764,0.1882394156702317,0.0,0.0,0.0,-0.2593435168086433,0,0,0,0,0,0,-4.269505076603025,3.756889272821815,-17.082916828691946,-0.1490625537087935,0.3103360760131232,-0.0369585764530879
data/sensor_images/image_1457.png,surface,0.0,0.0,1.655358090698137,-7.398329296397786,23.30994989823041,0.0,0.8343178344123195,-0.857170227895408,0.0,0.0,0.0,-0.3560762340269363,0,0,0,0,0,0,8.328699283886833,-0.7454239723616534,-14.68227471849691,-0.052406401715359,0.2390332494244271,-0.1614146811443887
data/sensor_images/image_1458.png,surface,0.0,0.0,1.7845479309413803,-18.600019415225866,-8.84174352412067,0.0,2.0372541245083364,-3.826365214447672,0.0,0.0,0.0,2.622218498712183,0,0,0,0,0,0,-2.363526326616329,-4.759785819946542,-15.298688308772087,-0.1509303805787928,0.1976532049453085,-0.3107791971521024
data/sensor_images/image_1459.png,surface,0.0,0.0,1.7230074157615096,-4.953419651954882,-14.62532948040325,0.0,2.5177456696617826,-4.15918415563918,0.0,0.0,0.0,-2.101740913987004,0,0,0,0,0,0,-4.675258578972408,-0.095557970322218,-16.165043045019033,-0.14513225834938,0.2805975938754592,-0.0914357444461531
data/sensor_images/image_1460.png,surface,0.0,0.0,0.8549602080274714,10.019609430055798,14.58741771955174,0.0,-2.424764074209897,2.6629197358935306,0.0,0.0,0.0,3.5415224195175856,0,0,0,0,0,0,5.342707940001931,4.298359628686984,-16.81463947251807,-0.0659104127587993,0.3362631921945125,-0.2243576167941861
data/sensor_images/image_1462.png,surface,0.0,0.0,2.3979109258876834,3.936035181303069,17.55183241606978,0.0,-4.950842883723934,-0.4436781250759019,0.0,0.0,0.0,-3.0774137287802605,0,0,0,0,0,0,5.134756013466406,2.4429250387236934,-14.473191852095262,-0.0814670030754006,0.330590566048213,-0.1071335852024651
data/sensor_images/image_1463.png,surface,0.0,0.0,2.372188848457861,-4.3221047084275765,-17.607538026165834,0.0,1.3846903275184137,-1.2117252645329075,0.0,0.0,0.0,1.2071048776477316,0,0,0,0,0,0,-4.789639547944849,0.4529648872747298,-13.62207700010533,-0.1399985804546331,0.2619223168228732,-0.2293525428249737
data/sensor_images/image_1464.png,surface,0.0,0.0,1.2424109240227152,13.493229332786802,-15.82651403742804,0.0,1.495742858871444,0.7084823049370189,0.0,0.0,0.0,-2.6905277769238034,0,0,0,0,0,0,-4.846978868448178,5.588685788183771,-15.983768465556569,-0.1365235131974893,0.3015375229887185,0.0186406382278238
data/sensor_images/image_1465.png,surface,0.0,0.0,2.200069885303931,-16.63751677838934,2.05782779096176,0.0,-3.838243873313555,1.0511415441487622,0.0,0.0,0.0,3.6191510118817423,0,0,0,0,0,0,-0.3686177980189818,-5.088765278332553,-15.000462276833556,-0.1596322259719517,0.2481894382548476,-0.3423886164723916
data/sensor_images/image_1468.png,surface,0.0,0.0,1.2385464194461786,21.40940721006156,-1.7706829485864632,0.0,-4.095167990882472,1.5409357516069515,0.0,0.0,0.0,-2.561553768687792,0,0,0,0,0,0,-0.6692710228787269,8.5131320397333,-15.915530621684422,-0.1266683423733373,0.3165386771639392,0.0245787911311741
data/sensor_images/image_1469.png,surface,0.0,0.0,0.8330760767892262,-1.3742504823459871,-14.304479425603317,0.0,-2.655401530064176,2.985099149869763,0.0,0.0,0.0,-4.706094060836035,0,0,0,0,0,0,-5.139900409410699,0.3261762457684277,-17.07510193518566,-0.1338054241950664,0.2790776575567564,-0.0591309869523799
data/sensor_images/image_1470.png,surface,0.0,0.0,0.6280696622222743,-9.66682990548098,-16.54290780623333,0.0,0.3250548377195473,-3.172498366833823,0.0,0.0,0.0,-1.9736919508510573,0,0,0,0,0,0,-5.863818816401742,-2.0215894784596724,-16.80499108348946,-0.1646613948163212,0.2792556959146798,-0.0817027456099179
data/sensor_images/image_1471.png,surface,0.0,0.0,1.75932083200371,19.387974805726284,-11.064056568744936,0.0,1.0443333716795995,-3.823987092595856,0.0,0.0,0.0,4.004899803252735,0,0,0,0,0,0,-3.1794612571569525,7.851591813297423,-15.336723459396191,-0.1044818816032639,0.367205157127646,-0.128977998729436
data/sensor_images/image_1472.png,surface,0.0,0.0,1.6438407701807956,-19.201183719214857,3.278666635949946,0.0,4.531675635770785,-1.388196368705126,0.0,0.0,0.0,-4.991365504583137,0,0,0,0,0,0,2.225397952852651,-5.576124226632812,-15.938547182130636,-0.1113681106816918,0.2091419616524081,-0.1937962782078524
data/sensor_images/image_1473.png,surface,0.0,0.0,2.377845877899329,-11.548655496675488,-19.714006340555034,0.0,2.291470703803264,-1.0724241243787416,0.0,0.0,0.0,2.135096611635224,0,0,0,0,0,0,-5.286278261185296,-2.224562300462997,-13.318037079753624,-0.1983976708948744,0.1946541774704738,-0.2433044682036489
data/sensor_images/image_1474.png,surface,0.0,0.0,2.4208848394827123,-18.89424104756673,-8.818816572012949,0.0,2.1588536093614805,-2.9966989335433944,0.0,0.0,0.0,0.8293486934679448,0,0,0,0,0,0,-2.1473113050873014,-3.611624758700939,-12.79623225896219,-0.1485139387573526,0.1815311795453822,-0.3235929042028544
data/sensor_images/image_1475.png,surface,0.0,0.0,0.6749468776720542,-11.67816694331665,13.01240227480944,0.0,1.1505674443797564,-1.4023966069460163,0.0,0.0,0.0,1.301309392067295,0,0,0,0,0,0,5.427729535791276,-2.877703847618534,-17.020396918569887,-0.0388566309335805,0.2507360086169119,-0.317921836825643
data/sensor_images/image_1476.png,surface,0.0,0.0,2.9285791291480257,-1.1786715678900928,-3.643782919756843,0.0,0.9043124344467588,-4.078590632370817,0.0,0.0,0.0,2.182484293473382,0,0,0,0,0,0,-0.6495894891367955,2.940370869063863,-14.537162967595007,-0.0216702571367731,0.2794950676506802,-0.2407619694701801
data/sensor_images/image_1477.png,surface,0.0,0.0,1.1447853836879271,18.310647842660007,2.2459063911874457,0.0,-2.8884878602473174,-2.321743191032828,0.0,0.0,0.0,2.121055791839156,0,0,0,0,0,0,1.1269848579921624,7.582482465990216,-16.252963824675405,-0.10736447007024,0.3729230492312332,-0.1501611031395509
data/sensor_images/image_1478.png,surface,0.0,0.0,1.4352558123261208,18.64184111755435,11.599197385772312,0.0,-1.1491889075103336,-2.006503909648659,0.0,0.0,0.0,2.09215865169986,0,0,0,0,0,0,3.362570439491982,7.296520224985916,-15.482768808654043,-0.0582618232371121,0.3523437649189552,-0.1560237391517633
data/sensor_images/image_1479.png,surface,0.0,0.0,1.9407175788931488,6.060318338272374,-10.24649095978714,0.0,-4.556296635989862,-0.7607757596853869,0.0,0.0,0.0,2.9367619545703763,0,0,0,0,0,0,-3.994521150459072,3.1932239235940862,-16.72533984945946,-0.146391294363999,0.3399557097729496,-0.1877658491792306
data/sensor_images/image_1480.png,surface,0.0,0.0,0.5957065486977517,-16.886784207445153,-10.598817932756567,0.0,3.0832559065968503,-1.6099125398299572,0.0,0.0,0.0,0.1908650910645786,0,0,0,0,0,0,-3.2448031401724826,-4.828183497109614,-16.652427439613977,-0.1788631769359464,0.2028245819068387,-0.2839388475564539
data/sensor_images/image_1481.png,surface,0.0,0.0,2.2822104907765945,-9.744698728834331,-4.627804686697312,0.0,-2.812402524032672,-0.4298775904508786,0.0,0.0,0.0,-2.297074444296273,0,0,0,0,0,0,-2.338474423049848,-1.8870550099055683,-15.827988298138674,-0.1413957164686334,0.3245050429607638,-0.1421798248948897
data/sensor_images/image_1482.png,surface,0.0,0.0,0.9804996266448844,-6.965415482802299,15.438405011396164,0.0,1.4920211741118463,4.458763476898749,0.0,0.0,0.0,-1.0161710840071736,0,0,0,0,0,0,5.3301841069810365,-1.536267076705005,-17.139631404756695,-0.0855184825156503,0.2739317191577807,-0.1632666653334202
data/sensor_images/image_1483.png,surface,0.0,0.0,2.792497670364739,-15.869561251022596,-13.28011690561047,0.0,-3.876256429061128,-3.0347258126541523,0.0,0.0,0.0,0.4695514056395469,0,0,0,0,0,0,-4.94980094139023,-3.3301239668523785,-13.398336236358942,-0.1941253508534422,0.3481743254456301,-0.3186033421404041
data/sensor_images/image_1484.png,surface,0.0,0.0,1.116845968766947,17.11673582406055,-6.564559184352264,0.0,-3.9226500295460376,-2.836774173135096,0.0,0.0,0.0,1.2981443500997898,0,0,0,0,0,0,-2.731007924412861,6.865507598741509,-16.20261127383189,-0.1362644188895572,0.3398418427022435,-0.125899477241339
data/sensor_images/image_1485.png,surface,0.0,0.0,1.533269180953894,-6.587160542954709,-1.719119099220184,0.0,-2.7384445328632,-3.018703839551496,0.0,0.0,0.0,-2.398989790106792,0,0,0,0,0,0,-0.7723861500195908,-1.0794742284861032,-17.304485893147938,-0.1077727835478461,0.2860771247947498,-0.1237166795035498
data/sensor_images/image_1486.png,surface,0.0,0.0,1.0608128086809576,-16.533916173870267,-17.79825745292066,0.0,-1.8497286297234763,-1.287610881092215,0.0,0.0,0.0,3.424347954920659,0,0,0,0,0,0,-6.403565296958195,-5.052538234870238,-16.061075436758866,-0.1978269109425996,0.2189984900407991,-0.270722976673694
data/sensor_images/image_1490.png,surface,0.0,0.0,2.6098033591181284,-6.572758122557864,1.977014440088129,0.0,-0.6123266901506548,-2.846000266697132,0.0,0.0,0.0,-3.087789172518427,0,0,0,0,0,0,0.5521156776260809,0.6077801987518792,-15.337609057682982,-0.0314078530574834,0.2984383579791967,-0.1361633835879283
data/sensor_images/image_1493.png,surface,0.0,0.0,1.214838487256574,-8.195969646100513,4.690547250132317,0.0,0.8934459970233686,-2.832257375500712,0.0,0.0,0.0,0.2569365338521345,0,0,0,0,0,0,1.8854028340210247,-1.610911004877905,-17.136732433307017,-0.1129178310400033,0.2442026449472878,-0.2929373345791953
data/sensor_images/image_1494.png,surface,0.0,0.0,2.680732754434285,3.5294200812991328,6.6799517146323,0.0,-0.2996134028639718,-2.52651069075505,0.0,0.0,0.0,4.034322432598387,0,0,0,0,0,0,2.0172459288332463,3.5119669920043286,-16.35864719045049,0.0064839675721515,0.2982935097365444,-0.2422153092948831
data/sensor_images/image_1495.png,surface,0.0,0.0,1.548459537934663,-4.448200428440289,-16.11327532765435,0.0,-1.4850438249072355,-3.218165535162293,0.0,0.0,0.0,1.860579886462145,0,0,0,0,0,0,-5.553229094557447,-0.3849546216149058,-16.62375157495496,-0.1805844376233941,0.287069019044829,-0.2244682066783907
data/sensor_images/image_1496.png,surface,0.0,0.0,1.6634918312111189,-3.992293805839395,1.0189173632905206,0.0,-1.7378551695471844,-4.256648298330064,0.0,0.0,0.0,4.355077306322318,0,0,0,0,0,0,0.2602865389310019,0.0379246199198375,-17.705135864247364,-0.0956560477908422,0.2620428389504985,-0.2715106195282071
data/sensor_images/image_1497.png,surface,0.0,0.0,0.9799825439516944,4.04512751040466,21.70672295652012,0.0,-2.1830761274950112,1.010812178316472,0.0,0.0,0.0,0.9804762308963362,0,0,0,0,0,0,6.948441680645256,1.9971894202402856,-15.658501811748694,-0.018904262631941,0.3056561409855442,-0.2503200481911839
data/sensor_images/image_1498.png,surface,0.0,0.0,2.58480107139002,-10.868152617906697,22.58268429985844,0.0,0.7205586861001316,0.5082966942756314,0.0,0.0,0.0,-0.0409279185502438,0,0,0,0,0,0,8.254448165436111,-2.9379848753923032,-12.964527931483811,-0.0994091435250348,0.1941370360244299,-0.2218465664805528
data/sensor_images/image_1500.png,surface,0.0,0.0,2.142244364018797,-15.059686129945522,2.0203461709293715,0.0,2.952188069499372,1.89110717646374,0.0,0.0,0.0,0.6581371778021481,0,0,0,0,0,0,1.5562706336402172,-4.680219093322541,-16.162177552660726,-0.1505246149811936,0.1876899382691412,-0.3180457994875062
data/sensor_images/image_1502.png,surface,0.0,0.0,0.548443458443697,0.7194366575950502,12.28599815035288,0.0,-1.8225765890662309,-4.413596687609128,0.0,0.0,0.0,1.0914418106212675,0,0,0,0,0,0,4.314906200610662,1.1101916400635634,-17.973722970730435,-0.0706389035969599,0.2890684810844194,-0.2544138720067929
data/sensor_images/image_1503.png,surface,0.0,0.0,1.2512795437063036,5.373916498357674,22.982967630935,0.0,-0.7508793441928292,1.5564335597211554,0.0,0.0,0.0,3.6132109576561415,0,0,0,0,0,0,7.807043260685571,2.980643485054664,-16.11784590969862,-0.0511254984755027,0.3009047778938246,-0.2472279759763308
data/sensor_images/image_1505.png,surface,0.0,0.0,0.5748213446103891,9.169318979733834,23.03874302303318,0.0,-3.6087070109874775,3.098600915209299,0.0,0.0,0.0,2.86647380992426,0,0,0,0,0,0,8.045041541327388,4.553755588126367,-16.10091478262081,-0.0417376522330793,0.3361707515610319,-0.2435391471681207
data/sensor_images/image_1506.png,surface,0.0,0.0,2.9628210819777223,2.629862066177877,-10.892950501314996,0.0,1.5275308023781953,-1.6112989123831012,0.0,0.0,0.0,2.362838455141357,0,0,0,0,0,0,-2.4338183613132287,3.998571473181049,-14.280221788412494,-0.0416516777865915,0.2333190022507476,-0.2361326817154469
data/sensor_images/image_1507.png,surface,0.0,0.0,0.7368667702030847,6.969254952134322,13.903338314720118,0.0,1.7472491625122286,4.130000217136436,0.0,0.0,0.0,-2.946202661194628,0,0,0,0,0,0,5.503186450664427,3.89669273470096,-17.228268862783683,-0.119340328519787,0.3021916165135774,-0.0860179872817883
data/sensor_images/image_1508.png,surface,0.0,0.0,1.6274922216175525,9.758624286517216,-0.1337878908344604,0.0,3.4959843543683777,-2.4759108483593826,0.0,0.0,0.0,-0.641335016503108,0,0,0,0,0,0,0.2916024253606051,5.16138444703417,-17.510604297671016,-0.1198758904680993,0.3000430099385231,-0.0592391942889646
data/sensor_images/image_1509.png,surface,0.0,0.0,2.596798727665632,9.306846863635874,-5.936373037880618,0.0,-0.4563980582088973,-3.0061627426243107,0.0,0.0,0.0,-1.687056549511916,0,0,0,0,0,0,-2.1436035476062347,5.72694501963514,-16.070941563939908,-0.0523811944128587,0.329256501634298,-0.0258866101238597
data/sensor_images/image_1510.png,surface,0.0,0.0,1.5538759694337032,0.1870309255726488,-22.687159123877063,0.0,-0.6441156019762657,-1.4131912163864535,0.0,0.0,0.0,0.6360649276868848,0,0,0,0,0,0,-8.307205833986693,1.6301930749490443,-15.95473218392417,-0.1807103364839779,0.3058905079117566,-0.1899162215479805
data/sensor_images/image_1511.png,surface,0.0,0.0,1.121880750480546,12.486464262651548,-13.728351052934125,0.0,2.213958766045203,0.4258491787912257,0.0,0.0,0.0,0.8429344446897229,0,0,0,0,0,0,-4.819428954170371,5.144386938166185,-16.356103009255673,-0.1594398884210204,0.3339829308025207,-0.1529960819826983
data/sensor_images/image_1513.png,surface,0.0,0.0,2.5597221671750483,15.011356625895624,-9.405799714842733,0.0,0.7697268246776938,-3.1133069096359134,0.0,0.0,0.0,0.6628799847920517,0,0,0,0,0,0,-2.7626654446118115,7.177541227747831,-15.035626169073408,-0.0603554754378017,0.3606996749823298,-0.165681990205378
data/sensor_images/image_1514.png,surface,0.0,0.0,0.6122285580435931,11.445402293273457,-4.029130680000407,0.0,1.2407690767579258,3.1399174101243528,0.0,0.0,0.0,4.976319913999914,0,0,0,0,0,0,-1.5585623576983196,5.136227608081907,-17.749350575285114,-0.1439528873624806,0.3189593216825138,-0.1583151857794155
data/sensor_images/image_1515.png,surface,0.0,0.0,1.7219445677211809,-9.167929182170832,2.4538412347171765,0.0,1.4071480057714585,-4.279424056717642,0.0,0.0,0.0,1.2178266269140572,0,0,0,0,0,0,0.4581858609169905,-2.177078057110162,-17.285562646277537,-0.1177806914232855,0.2270219005154089,-0.2948091540136355
data/sensor_images/image_1516.png,surface,0.0,0.0,0.983764924618664,-7.192990972892017,23.524352644389563,0.0,4.379806183175424,1.2854906899440235,0.0,0.0,0.0,3.5651291890260133,0,0,0,0,0,0,8.44628146020801,-1.207681381445145,-15.870330150806389,0.0040255328849324,0.2441305610407989,-0.3093108762156205
data/sensor_images/image_1518.png,surface,0.0,0.0,2.4638861938862844,-1.9765504074973832,-1.7589581813799255,0.0,0.2227680511803941,-3.586242321303321,0.0,0.0,0.0,-3.2590456985123417,0,0,0,0,0,0,-0.5365295201350162,1.8888948552870648,-17.342553388423415,-0.0639370993983194,0.2970962343972307,-0.092232704229605
data/sensor_images/image_1520.png,surface,0.0,0.0,1.5373948665470711,-17.29683422702055,-2.8057296629996165,0.0,-0.8654699359807393,-2.452459587016182,0.0,0.0,0.0,-1.246832033783428,0,0,0,0,0,0,-1.0389171434655795,-4.63585685192909,-16.620366378307278,-0.1242665968999393,0.2544627664735679,-0.1608816031571696
data/sensor_images/image_1521.png,surface,0.0,0.0,1.8637569437014587,2.796328244309385,19.215878097476228,0.0,-1.144473239283493,4.3441315175781945,0.0,0.0,0.0,-4.322744821768181,0,0,0,0,0,0,7.28453442953889,1.7332924652359218,-16.284478481541143,-0.1224058631627011,0.3019759639935708,-0.1262943800656904
data/sensor_images/image_1522.png,surface,0.0,0.0,0.9322093318158544,-8.576938607624177,5.477314666402076,0.0,0.3036553352619364,-0.0193073172858657,0.0,0.0,0.0,1.7063756074614842,0,0,0,0,0,0,2.244797282638617,-2.1797301544059504,-18.37361132100627,-0.0898353163730579,0.2311882276768689,-0.2937149388741154
data/sensor_images/image_1525.png,surface,0.0,0.0,0.955259493631105,22.10513035827042,-6.749287367326887,0.0,-0.2193397972361242,-3.597934160123783,0.0,0.0,0.0,-4.976486713178407,0,0,0,0,0,0,-2.4644158040956707,9.389610818424003,-16.572261719578414,-0.1153979363370625,0.3010404189207407,0.0308567493023198
data/sensor_images/image_1528.png,surface,0.0,0.0,1.4716785660050034,7.226136161911047,21.10268220541964,0.0,-2.4176773130596807,2.264154985294026,0.0,0.0,0.0,-3.9054674725007232,0,0,0,0,0,0,7.504738706954731,3.941443600481452,-16.401753485203365,-0.1002879271989725,0.3033817660337937,-0.1005613097171407
data/sensor_images/image_1529.png,surface,0.0,0.0,0.5786709081058443,11.643507398523802,21.63465370641463,0.0,4.182832655999833,-2.394892563512748,0.0,0.0,0.0,4.776347189142076,0,0,0,0,0,0,7.444858937899218,5.106685994461889,-16.386891138823806,-0.043901530857372,0.332815853371575,-0.1932143454711055
data/sensor_images/image_1530.png,surface,0.0,0.0,2.154114924314298,-11.28770941184064,15.14863869379402,0.0,-0.5377608214606228,1.5658920766126267,0.0,0.0,0.0,2.189232106228122,0,0,0,0,0,0,5.551579921852012,-3.943830966512749,-15.616387693343633,-0.0932271627573441,0.2421972852214769,-0.3610851725348769
data/sensor_images/image_1531.png,surface,0.0,0.0,1.0944165769253251,-8.090158193574116,13.84335173454562,0.0,0.4020050290728353,3.8016733145852095,0.0,0.0,0.0,-2.687229644957071,0,0,0,0,0,0,4.920737480832846,-1.844397788881751,-16.931908674617883,-0.0863713916773897,0.2615714332551527,-0.1760903619450473
data/sensor_images/image_1532.png,surface,0.0,0.0,0.8748139780151314,-7.023411048705819,-10.396593948048494,0.0,1.6035610556545807,-0.272658817947453,0.0,0.0,0.0,2.862584142794379,0,0,0,0,0,0,-3.343022289881217,-1.5686210906317264,-17.912634179721962,-0.170499750812131,0.2527503236536311,-0.2458883636430387
data/sensor_images/image_1533.png,surface,0.0,0.0,2.5523428507890067,-24.650539665473588,0.0943962914939391,0.0,2.500811246759228,-0.2578056583322682,0.0,0.0,0.0,0.6885938689973035,0,0,0,0,0,0,1.502983424176838,-7.142942220566676,-12.883248059971647,-0.172983908415458,0.0314920547901393,-0.3071506873584487
data/sensor_images/image_1534.png,surface,0.0,0.0,1.7606035219413816,-20.971490304232425,5.296015176177935,0.0,-0.2803755551689267,-2.0191027537922985,0.0,0.0,0.0,-0.5356727334126976,0,0,0,0,0,0,2.642644250250836,-5.922975222390021,-16.100054756460583,-0.0928625578772945,0.2480708604445607,-0.215269808906508
data/sensor_images/image_1535.png,surface,0.0,0.0,1.6198243907656629,-4.851857798596022,10.569825928537997,0.0,-4.091959305187301,2.3791127703183936,0.0,0.0,0.0,-3.5954936641595947,0,0,0,0,0,0,3.600892078598753,-0.7424985221758238,-17.803562755739023,-0.1153553453961238,0.2869511448686078,-0.140577336587886
data/sensor_images/image_1536.png,surface,0.0,0.0,2.387105593811813,9.975500664715227,3.2455004705046875,0.0,-2.078799561997941,2.286282602071086,0.0,0.0,0.0,-3.72921847338287,0,0,0,0,0,0,0.6753176400969501,4.320200067562976,-16.657668210415864,-0.1848313374881321,0.3280019534283347,-0.0545830248172679
data/sensor_images/image_1537.png,surface,0.0,0.0,1.6767230264148012,-3.9041765217117774,10.972610316572302,0.0,3.95891038541892,0.3936432966784978,0.0,0.0,0.0,-4.362007705544788,0,0,0,0,0,0,4.297862824958893,-0.2005158851339408,-18.064814831916813,-0.1103011455039691,0.2488259043275719,-0.1433263206534891
data/sensor_images/image_1538.png,surface,0.0,0.0,2.0295996246723487,21.393433568662367,-10.946833999807852,0.0,0.8618617089977768,-0.9276207659564196,0.0,0.0,0.0,-4.069343026906199,0,0,0,0,0,0,-3.2137597948572165,9.350938954072232,-15.94013278816636,-0.0880432293600169,0.3055492010440647,0.0312441977508053
data/sensor_images/image_1539.png,surface,0.0,0.0,1.5156014802214617,-19.00399322778088,4.535734435986466,0.0,-1.85763961808055,-0.7544912719147562,0.0,0.0,0.0,3.5463450609057734,0,0,0,0,0,0,1.3794352698396888,-6.182707693385924,-17.123003058503325,-0.0850185458610637,0.209179882122297,-0.3498961682460962
data/sensor_images/image_1540.png,surface,0.0,0.0,2.7188056878993776,21.812394527257048,8.034383957708318,0.0,3.02552771815739,1.5731249297665286,0.0,0.0,0.0,0.080664879424086,0,0,0,0,0,0,3.765954393546469,8.465370852368514,-14.114846088434703,-0.1322706989068426,0.2293526188869068,-0.0135097895502888
data/sensor_images/image_1541.png,surface,0.0,0.0,1.9139140980090057,-12.149579905909194,6.422604362114675,0.0,-0.9488596822517164,2.3644754756068616,0.0,0.0,0.0,0.0570834622195883,0,0,0,0,0,0,2.709600207995286,-3.60511001765888,-16.862626196111552,-0.151312464401861,0.2769455046544578,-0.1894122157093805
data/sensor_images/image_1542.png,surface,0.0,0.0,2.75627763146571,5.078690413135189,-9.053351193437612,0.0,-3.4965628650634604,0.6525242017286119,0.0,0.0,0.0,-1.6303459650643557,0,0,0,0,0,0,-4.397262073836824,3.1927614745274058,-15.712805666107991,-0.1483268590008983,0.4030586418505471,-0.0423838813608213
data/sensor_images/image_1543.png,surface,0.0,0.0,2.747073924000685,-8.6885539573255,2.413293796756661,0.0,-0.4787847288197593,-2.921054700021435,0.0,0.0,0.0,0.5890701523425363,0,0,0,0,0,0,1.0842412038126492,-0.2475555173403145,-14.526500260556077,-0.0408573270565545,0.2644277973884366,-0.2788767100538055
data/sensor_images/image_1545.png,surface,0.0,0.0,1.870128219626996,1.7937665149411957,-13.763691933552389,0.0,-0.5545888383296187,4.555069944139009,0.0,0.0,0.0,-1.5206598440465902,0,0,0,0,0,0,-5.227672299823871,1.8481577532489253,-17.493098371982718,-0.1609660658553681,0.2992528090852587,-0.0486659604571602
data/sensor_images/image_1546.png,surface,0.0,0.0,2.135548987348871,13.025745152631702,-18.527495293850183,0.0,-4.530873912629478,0.7512481964500614,0.0,0.0,0.0,-1.9297455845084324,0,0,0,0,0,0,-6.270687255730519,6.255209030713255,-16.180303475431362,-0.1472751187447291,0.3692780207380145,0.0149721640634759
data/sensor_images/image_1547.png,surface,0.0,0.0,1.0552121412609452,-4.288740218321024,6.062811855429134,0.0,1.6848039266850967,-4.400480146904277,0.0,0.0,0.0,-3.7481024957146847,0,0,0,0,0,0,2.8340095567480943,-0.1209782448017853,-19.218639445357915,-0.1080712642696523,0.2785110063573672,-0.1309887766664254
data/sensor_images/image_1548.png,surface,0.0,0.0,2.79781839449879,5.66125510875828,-6.794913027678746,0.0,-2.1150836004951667,2.006921634031864,0.0,0.0,0.0,-2.136745745415676,0,0,0,0,0,0,-3.831344288346216,1.856225260857956,-15.37975824349004,-0.2116554712991425,0.3734169956427134,-0.0357992310077642
data/sensor_images/image_1549.png,surface,0.0,0.0,2.649339803008486,18.290606272453747,-10.241389630490628,0.0,1.9042997366745,3.7070370919133793,0.0,0.0,0.0,4.198141155661135,0,0,0,0,0,0,-2.688158264754315,6.175063188917468,-14.62595166455258,-0.1657111831470557,0.3521430435616894,-0.1205464717181226
data/sensor_images/image_1552.png,surface,0.0,0.0,0.9863178789537556,-7.270276523488732,-19.51614086322361,0.0,1.957317001562075,-1.3328834769751543,0.0,0.0,0.0,-0.0881420056919504,0,0,0,0,0,0,-6.717126709985304,-1.7875885097251618,-17.388567791617177,-0.2192814214472254,0.2651581615386885,-0.2093560406061408
data/sensor_images/image_1553.png,surface,0.0,0.0,2.791743537281366,-20.084926555939024,-8.583484225524595,0.0,2.283071425509604,-1.140402465070087,0.0,0.0,0.0,-4.516445523026666,0,0,0,0,0,0,-0.1486241967090866,-4.305535947079962,-12.581845714785324,-0.1219889586713995,0.1576858354568623,-0.1446192349673152
data/sensor_images/image_1557.png,surface,0.0,0.0,1.140936825963082,6.38331133310331,-4.282396315997733,0.0,-1.935621318474577,-3.6295393771923137,0.0,0.0,0.0,-1.694880762123805,0,0,0,0,0,0,-1.690538300701317,3.732809655046092,-18.6839763209152,-0.1265942599802724,0.2987569910773781,-0.0693106506326802
data/sensor_images/image_1560.png,surface,0.0,0.0,1.247176445272295,14.602178268088144,-10.11573844312866,0.0,-0.2669411574188052,-1.86443079700878,0.0,0.0,0.0,1.3861701449834252,0,0,0,0,0,0,-3.5320296141330405,6.571787233670063,-17.267826021159998,-0.1409550531460639,0.3539676196521216,-0.150886306874821
data/sensor_images/image_1561.png,surface,0.0,0.0,1.2521557829373968,5.8008544632701495,-15.279792342676457,0.0,1.8061904613403,1.947257851519632,0.0,0.0,0.0,0.2071664609146069,0,0,0,0,0,0,-5.261012882813082,3.3001873390008414,-17.256979412978847,-0.163933760185997,0.3196670140436985,-0.1902487379832844
data/sensor_images/image_1562.png,surface,0.0,0.0,2.706080971222462,24.25145644615255,5.986448698118837,0.0,-2.7330674883433947,-0.6361472512538537,0.0,0.0,0.0,2.5710920597860216,0,0,0,0,0,0,1.869043548598497,10.171725335888542,-14.406345215996096,-0.0746847144113739,0.4434562369494194,-0.0937576550361464
data/sensor_images/image_1563.png,surface,0.0,0.0,0.9423251340859268,-3.979712983570721,-17.10082225185752,0.0,-1.0072445909762346,-2.569595112095345,0.0,0.0,0.0,0.2501551338006642,0,0,0,0,0,0,-6.140635908120913,-0.780099872850047,-18.014580567694992,-0.1962363193601696,0.2887847897337732,-0.222911535974123
data/sensor_images/image_1564.png,surface,0.0,0.0,2.5823933488368085,21.33821050332855,11.19992616761442,0.0,1.28402493056034,-1.732690221651405,0.0,0.0,0.0,-4.533923738270054,0,0,0,0,0,0,4.265893483790627,9.182915043686767,-15.445303876058468,-0.0873392006834793,0.291869117097267,0.0109986162653326
data/sensor_images/image_1565.png,surface,0.0,0.0,1.6939193321324115,13.152325107249592,17.474547568277046,0.0,-0.4549355162605772,4.804799550545335,0.0,0.0,0.0,-0.6441360160223706,0,0,0,0,0,0,6.466743716435135,6.142986913826201,-16.57170981711955,-0.112774641449719,0.3214179028845376,-0.0783889104861112
data/sensor_images/image_1567.png,surface,0.0,0.0,1.9605780928977703,-3.7822159835576463,24.43898672309806,0.0,0.6083463636133467,-3.565699539388225,0.0,0.0,0.0,-3.439020834373073,0,0,0,0,0,0,9.13672973615896,0.8377298776770477,-16.015925217582428,-0.0418225448178413,0.2494568941531084,-0.1240961786878469
data/sensor_images/image_1569.png,surface,0.0,0.0,1.7872216957776623,-9.685160602735987,2.1552352144392373,0.0,0.2703710267417188,0.1158280371084772,0.0,0.0,0.0,-1.583971310229686,0,0,0,0,0,0,1.5064653165692654,-2.602217925043345,-18.25760596282893,-0.1396381853743636,0.2585280306514652,-0.1314866774462754
data/sensor_images/image_1570.png,surface,0.0,0.0,2.034189555421653,-16.966435560209238,13.161507372994176,0.0,1.687880428006497,-2.855249903733955,0.0,0.0,0.0,4.928202518568156,0,0,0,0,0,0,5.659106984575776,-4.65439927012997,-16.787489893970104,-0.0047629343581187,0.1861363996916085,-0.3306555386937465
data/sensor_images/image_1572.png,surface,0.0,0.0,2.5405931728246,0.4938543192134954,23.07428371081427,0.0,-3.4699869750736307,-1.1400775031207682,0.0,0.0,0.0,0.9515699098938244,0,0,0,0,0,0,6.56586386587145,1.2070923970357277,-13.51845131993548,0.0071748233931702,0.3357939005425011,-0.2660147034886274
data/sensor_images/image_1573.png,surface,0.0,0.0,2.0469170052114065,-5.728497278388252,-2.701221566582152,0.0,-0.3170633634290203,3.163483103433299,0.0,0.0,0.0,3.073124378096857,0,0,0,0,0,0,-0.9166651599228968,-1.7986447923043136,-18.65275210669763,-0.1900126793635867,0.267442482854232,-0.2621496059376502
data/sensor_images/image_1574.png,surface,0.0,0.0,1.051598756546141,18.45675673661931,2.288371295759328,0.0,3.254354169175373,-2.9961312230939314,0.0,0.0,0.0,0.4124811420559133,0,0,0,0,0,0,1.1319198041949163,7.891142969316641,-17.363043355899446,-0.1302619260240833,0.3875744717124598,-0.1508890432608611
data/sensor_images/image_1576.png,surface,0.0,0.0,1.5054443295818705,8.929882504968214,0.1625859307170702,0.0,-0.0743248123647359,-1.2765362439407562,0.0,0.0,0.0,-0.8291686780257335,0,0,0,0,0,0,-0.4008967916858675,4.816170866511025,-18.24632094073073,-0.1062090046235822,0.3103692577043027,-0.0446039463675213
data/sensor_images/image_1577.png,surface,0.0,0.0,2.4237183411654617,13.730529180582804,-1.861526054591801,0.0,1.5449157296402605,-2.4537578734781293,0.0,0.0,0.0,-0.6792716803614649,0,0,0,0,0,0,-0.2021596523237745,7.072048152935941,-16.363941015530095,-0.0979163485302412,0.3137403459112442,-0.0259311058516853
data/sensor_images/image_1578.png,surface,0.0,0.0,2.7604561107251846,-18.92728542741768,3.3779479694329893,0.0,3.2369872931329406,-0.4327575104865898,0.0,0.0,0.0,-3.630477502320635,0,0,0,0,0,0,3.293129700902531,-5.433505049233566,-14.81882864926423,-0.1381346401942662,0.098312958978754,-0.1376468520401577
data/sensor_images/image_1579.png,surface,0.0,0.0,0.5613308887481021,12.93537525800336,14.304832711290889,0.0,2.8697155774361045,4.011844035015133,0.0,0.0,0.0,4.286529686170379,0,0,0,0,0,0,5.696751970606493,5.903644080047216,-18.009075297563875,-0.0837155231011964,0.3463154984626428,-0.1986692292627012
data/sensor_images/image_1580.png,surface,0.0,0.0,2.983545370279963,21.214365617801608,11.951273515695442,0.0,0.3494265200729825,0.4741235204920456,0.0,0.0,0.0,0.0371690485016396,0,0,0,0,0,0,3.9039915981643385,6.946740827602566,-13.183682465697268,-0.0995974343028466,0.2876941711926109,-0.1505505734390372
data/sensor_images/image_1581.png,surface,0.0,0.0,1.7286550601759032,17.349280957907563,-5.682463327537254,0.0,1.2913666163620876,4.0504098178661465,0.0,0.0,0.0,0.4539395005906987,0,0,0,0,0,0,-2.168898031601657,7.308665960940331,-17.393284572590257,-0.1370909568626895,0.3505158461489069,-0.1445559249312558
data/sensor_images/image_1582.png,surface,0.0,0.0,0.8293600451426176,8.941905796197354,-22.60608316353104,0.0,-1.6043557787073306,1.1512954132585684,0.0,0.0,0.0,-0.073872777241192,0,0,0,0,0,0,-8.465332404260526,5.159831025746769,-17.160895652412353,-0.1374355284193775,0.2921095408540571,0.0171339346093297
data/sensor_images/image_1583.png,surface,0.0,0.0,1.913604222174209,5.238828470785014,2.703048933631663,0.0,2.8684049041006703,-1.6549418563234646,0.0,0.0,0.0,0.4920153994774043,0,0,0,0,0,0,1.5302847268887194,3.4019577090150963,-18.063741065282763,-0.1070692998247395,0.2884889999690861,-0.2108304242276331
data/sensor_images/image_1584.png,surface,0.0,0.0,1.6463333681513288,-9.400325103861018,21.82301040297445,0.0,-1.9738672590854272,2.8552226821090074,0.0,0.0,0.0,0.7835319426373788,0,0,0,0,0,0,7.658400702953551,-3.195815625750427,-16.326691771218407,-0.0104855209284622,0.2533388450865695,-0.3218329797443446
data/sensor_images/image_1585.png,surface,0.0,0.0,0.6233038588906861,-19.5042789016544,-5.189958167204654,0.0,-1.0744223813176452,3.4631333938678286,0.0,0.0,0.0,-3.022319623387385,0,0,0,0,0,0,-1.7584573063745426,-6.085206887179022,-18.192431151616667,-0.1580981667026891,0.2410628890606259,-0.1809068550734989
data/sensor_images/image_1586.png,surface,0.0,0.0,1.9440607300720367,21.818093818955788,3.58587333624435,0.0,-0.1629584072207981,1.469176411696185,0.0,0.0,0.0,2.797063106039576,0,0,0,0,0,0,0.95987750861524,8.313447614379067,-17.283482275774634,-0.1219656294866233,0.3581907248423998,-0.1281549606337642
data/sensor_images/image_1587.png,surface,0.0,0.0,2.8289279076760563,-7.92204854449185,-6.448580885778741,0.0,2.421315252493383,-4.005417215462593,0.0,0.0,0.0,2.5883022365686745,0,0,0,0,0,0,-1.358986773830787,0.2903432824236063,-14.985478997474017,-0.0514395140675318,0.2547793314509048,-0.28787698092977
data/sensor_images/image_1588.png,surface,0.0,0.0,1.6815765450912277,-0.6997262916948233,-17.293415259566245,0.0,1.4802128618103398,-0.7660909308011905,0.0,0.0,0.0,4.255023404418083,0,0,0,0,0,0,-6.278192837891847,0.6699224385995521,-17.65532659865719,-0.1608987810604362,0.262163999386053,-0.197281234807994
data/sensor_images/image_1589.png,surface,0.0,0.0,1.0730066843428143,1.934208525968267,3.188938158762138,0.0,-0.7758635541465725,-2.8260982513308868,0.0,0.0,0.0,3.230319585317682,0,0,0,0,0,0,0.8087481399781389,1.718217315931992,-19.2630639370578,-0.0862182961928052,0.3029470631679281,-0.2330124069364639
data/sensor_images/image_1590.png,surface,0.0,0.0,2.1773511750436554,-4.714894479034956,21.285622303292104,0.0,-2.040584768400085,4.100596122695489,0.0,0.0,0.0,-3.1474630012725524,0,0,0,0,0,0,7.658577027647329,-0.9999181047120996,-16.327644221311804,-0.1246460132782812,0.2757160473271565,-0.1780787809878836
data/sensor_images/image_1594.png,surface,0.0,0.0,2.461386220102895,0.2363664962678629,20.447792078283925,0.0,2.362529569811069,3.706137581522996,0.0,0.0,0.0,2.4496560739080344,0,0,0,0,0,0,8.40850233927119,0.4145584632201499,-16.78481376937872,-0.0641770969887681,0.2570679191238299,-0.2933488973181914
data/sensor_images/image_1595.png,surface,0.0,0.0,0.6228438869236008,8.460191172184505,12.074530501752715,0.0,-1.0982980443332402,-4.536124458757469,0.0,0.0,0.0,-0.6563568989611337,0,0,0,0,0,0,4.821348327077738,4.623964234215724,-18.655596582146043,-0.1338900849377327,0.3170455454257216,-0.0833271349463017
data/sensor_images/image_1596.png,surface,0.0,0.0,2.3312221513266738,-15.581762330103087,-14.572213177787267,0.0,-3.12052991129744,1.5470280686788542,0.0,0.0,0.0,-4.86026948002718,0,0,0,0,0,0,-5.348644840934416,-4.821322059128951,-17.05956585875697,-0.2267399172124384,0.3304255898018843,-0.1583260306920013
data/sensor_images/image_1597.png,surface,0.0,0.0,0.8699402976153974,4.0386738891362,2.685068495436129,0.0,4.248697038337429,0.8946528575351878,0.0,0.0,0.0,3.2707241181642264,0,0,0,0,0,0,1.148522999415394,2.533909467899824,-19.791277084027183,-0.107502086400693,0.3155476479070255,-0.2465674826404411
data/sensor_images/image_1598.png,surface,0.0,0.0,1.0442946831189537,1.0710258536121309,-17.459708606978648,0.0,3.300496522753088,2.6926674969334585,0.0,0.0,0.0,-2.3779572672467464,0,0,0,0,0,0,-6.001379173115015,1.6526640336890512,-18.486436376316984,-0.1835653050924522,0.3158130204550135,-0.0548421782491373
data/sensor_images/image_1599.png,surface,0.0,0.0,2.653270975177946,-13.50235285569187,1.5934341403531018,0.0,-0.0232047402642495,-1.8449854851214984,0.0,0.0,0.0,1.8154936804555497,0,0,0,0,0,0,1.0947663471875837,-1.544500590940313,-15.391445877817285,0.0016582514432227,0.2444725073346401,-0.3092980098985722
data/sensor_images/image_1600.png,surface,0.0,0.0,0.8098128591094187,-8.52296287539726,-22.66325898888394,0.0,1.4646264572837742,3.0427089545201427,0.0,0.0,0.0,-2.231991075987371,0,0,0,0,0,0,-8.52974909189093,-2.0608758973777563,-17.773454418018737,-0.1884597415674152,0.2836512179001026,-0.0624090319651451
data/sensor_images/image_1602.png,surface,0.0,0.0,1.4247680833949363,3.584480111672532,-15.760263478326335,0.0,-4.0381182637063056,2.1799366634465067,0.0,0.0,0.0,1.526843656858805,0,0,0,0,0,0,-5.756558481051814,2.451356422450508,-18.20644885372233,-0.1732742951068425,0.3319116373634578,-0.1789258693476333
data/sensor_images/image_1603.png,surface,0.0,0.0,2.775026420121152,-14.467942314511388,18.5668430480125,0.0,-4.056045361201107,-1.283752677229826,0.0,0.0,0.0,0.2341640590522589,0,0,0,0,0,0,5.648596396539581,-2.720260057306616,-11.37242148123497,-0.0050417814219647,0.2939660044375938,-0.3704552396087024
data/sensor_images/image_1605.png,surface,0.0,0.0,2.0423374260470046,-0.0847710278118477,19.43733289443289,0.0,-2.2039279976704544,2.36276646552746,0.0,0.0,0.0,4.18892789453167,0,0,0,0,0,0,6.998059320381334,0.284336499456751,-16.9343787796607,-0.0607118429592815,0.324098556760855,-0.3048338657069399
data/sensor_images/image_1606.png,surface,0.0,0.0,1.0072694095799113,1.7633234822827313,-21.338636257942458,0.0,-2.149449322773112,-3.978050693356639,0.0,0.0,0.0,1.8104706670438853,0,0,0,0,0,0,-7.834813445373972,1.828278404020476,-17.704105869254448,-0.1984735663245672,0.3070436816895997,-0.1952419403251889
data/sensor_images/image_1607.png,surface,0.0,0.0,1.2220223663762448,14.673967075384642,6.243309915781958,0.0,1.0082780159972862,3.0360727057636696,0.0,0.0,0.0,-4.151812180534254,0,0,0,0,0,0,2.0119514410720245,6.642061291221033,-18.453068656876155,-0.1351349390127244,0.309659519609599,-0.0340561086159075
data/sensor_images/image_1609.png,surface,0.0,0.0,1.868066443422296,0.5089541910785373,16.439438219429846,0.0,-2.1754745736592893,-3.803133523481919,0.0,0.0,0.0,4.941001395196928,0,0,0,0,0,0,6.531685258304139,1.0745806696794704,-17.872428359884115,-0.0189945662209428,0.3126417329202077,-0.2665598032553136
data/sensor_images/image_1611.png,surface,0.0,0.0,1.988804892764664,24.179811665254725,2.9536046082730265,0.0,0.1251817623104667,0.3738450543094341,0.0,0.0,0.0,-0.6581273847592417,0,0,0,0,0,0,0.8818591040092397,9.866624089960744,-16.565890399169902,-0.1538059891695169,0.3232817400423162,0.0211968343832568
data/sensor_images/image_1613.png,surface,0.0,0.0,1.5213381884920858,-17.85346850870053,-9.172780624255571,0.0,-1.900791691502158,2.9758327583086936,0.0,0.0,0.0,1.111778397504095,0,0,0,0,0,0,-3.0130294357572454,-6.161065131257923,-18.46691610863224,-0.1819566000028601,0.2353535949068036,-0.3187898513009966
data/sensor_images/image_1614.png,surface,0.0,0.0,1.0018003506203317,4.031502807114127,-5.978159290060481,0.0,-0.030444253997372,-1.251307267175044,0.0,0.0,0.0,3.597856778294524,0,0,0,0,0,0,-1.914694883309728,2.9624843777409424,-20.19342087829121,-0.1391690468780569,0.3246733069980163,-0.2249842347370401
data/sensor_images/image_1616.png,surface,0.0,0.0,0.7450914791529359,-5.36555484950282,-8.04299391393208,0.0,1.5142725811484563,2.0381130317407994,0.0,0.0,0.0,4.245250023830664,0,0,0,0,0,0,-3.078946160495861,-1.2723628809176557,-20.29269604175505,-0.1735950512385116,0.2607107004533973,-0.2495406615646158
data/sensor_images/image_1617.png,surface,0.0,0.0,2.362094384758949,-15.047467709876758,-1.2554768234154172,0.0,-0.7620265810599149,1.9623727340188968,0.0,0.0,0.0,2.0921222221393894,0,0,0,0,0,0,-0.6643219867346096,-5.523031290453831,-17.199795136550044,-0.2273358181242824,0.2335940971977643,-0.3161268320970107
data/sensor_images/image_1618.png,surface,0.0,0.0,0.5365432500143852,-2.0045823110145697,-5.317885854729071,0.0,0.0525807099062722,-2.769252001977512,0.0,0.0,0.0,4.533457608647854,0,0,0,0,0,0,-2.1781643829705866,0.1761632532890915,-20.333951043098008,-0.1256063381352799,0.2846064697051744,-0.2680563358721888
data/sensor_images/image_1619.png,surface,0.0,0.0,1.3294770869746213,-13.26629592024628,14.426474358275604,0.0,3.6712036234510528,1.923082390679648,0.0,0.0,0.0,1.006962224950044,0,0,0,0,0,0,5.859437253098979,-4.140807915493343,-17.708369395445743,-0.0527478579363088,0.2132135392621126,-0.3405461104931576
data/sensor_images/image_1620.png,surface,0.0,0.0,2.810851280402894,-3.1092420239566345,-22.2956061043072,0.0,-2.370679592724838,1.335885215749738,0.0,0.0,0.0,2.931752491471454,0,0,0,0,0,0,-9.378935115072473,-0.9317262795470762,-15.626585118702652,-0.2515693999079926,0.371121142801586,-0.1868498571564781
data/sensor_images/image_1621.png,surface,0.0,0.0,0.9687982918250484,4.84376736647389,-2.675776584077478,0.0,3.7318724651591006,0.6239111017702609,0.0,0.0,0.0,3.620201572295441,0,0,0,0,0,0,-0.9398481472300928,3.1090710660791085,-19.80462733953705,-0.1430917656156783,0.3194182812759248,-0.2192533254665131
data/sensor_images/image_1622.png,surface,0.0,0.0,1.8087888598364816,22.54333433957784,2.984428522044719,0.0,-0.565350934339503,3.0718629863857814,0.0,0.0,0.0,-2.493504215434452,0,0,0,0,0,0,0.9595817254535316,9.405659659467997,-17.145799792664715,-0.1409221029254127,0.3132119911416773,0.0235700525955016
data/sensor_images/image_1623.png,surface,0.0,0.0,0.8731124740559013,-16.85618244375911,7.816172798764105,0.0,0.4011236231555791,-3.936326786139134,0.0,0.0,0.0,2.608381718458588,0,0,0,0,0,0,3.536779498491012,-5.546795390068573,-19.253046636998853,-0.0698390262712608,0.2096601708406692,-0.351300263583246
data/sensor_images/image_1624.png,surface,0.0,0.0,2.874421012049061,-11.6082792429206,18.08280338422656,0.0,0.8209982022198754,-1.040842801902621,0.0,0.0,0.0,3.976812219803282,0,0,0,0,0,0,7.598278449531159,-1.9502312555178585,-15.894074619042543,0.0167186965411857,0.1740007320490535,-0.3123667600598479
data/sensor_images/image_1627.png,surface,0.0,0.0,2.379864644118656,13.728652198645008,3.262464844589616,0.0,1.8246047711337523,2.7556225341509943,0.0,0.0,0.0,0.4678412034366328,0,0,0,0,0,0,1.081568644592008,5.457489404058294,-17.890094631931007,-0.1098527196007244,0.3191644971009092,-0.1930310239015739
data/sensor_images/image_1628.png,surface,0.0,0.0,1.9183806123465503,8.409824361232278,-16.65233807311588,0.0,-0.1103818966225356,-0.2466162660923335,0.0,0.0,0.0,-4.79414280115094,0,0,0,0,0,0,-6.374705411809162,4.838530649588188,-18.54539038525336,-0.1323327140494455,0.3201348942685292,-0.0143066637549031
data/sensor_images/image_1629.png,surface,0.0,0.0,1.054130699085732,-9.461327288254578,0.8377815199024283,0.0,1.6269840441979595,2.4708732109881533,0.0,0.0,0.0,2.979327388952374,0,0,0,0,0,0,0.0598534892356873,-2.8830068669198425,-19.9757152230022,-0.1330769341940641,0.2419046348502112,-0.2875388926575666
data/sensor_images/image_1631.png,surface,0.0,0.0,1.123111877380866,-10.044217821947852,-9.847296779586989,0.0,-4.192684645026523,-2.182401165868621,0.0,0.0,0.0,-0.4171266066270904,0,0,0,0,0,0,-3.9771602626013953,-2.465714567938461,-19.231100530317285,-0.154644825631264,0.2936951937012664,-0.1160053412017256
data/sensor_images/image_1633.png,surface,0.0,0.0,2.8869373935020306,20.513314903255168,10.252755818472997,0.0,-0.5163165436046063,1.0161908202823895,0.0,0.0,0.0,3.4482319816181946,0,0,0,0,0,0,2.8186342773524555,7.031191466276352,-14.4314007162386,-0.1240627372448905,0.3896672401195427,-0.163493721103476
data/sensor_images/image_1634.png,surface,0.0,0.0,2.4421882391046665,-12.02762077939111,-17.272632196163652,0.0,-2.2431839552379222,1.6258412077226927,0.0,0.0,0.0,2.1943736167546204,0,0,0,0,0,0,-6.808988152359436,-3.991534383860408,-17.10984915892115,-0.2714816794198099,0.3026857181309005,-0.2383185590252283
data/sensor_images/image_1635.png,surface,0.0,0.0,2.758652176308179,5.260716580517496,-1.9129334837074847,0.0,4.298881652954418,1.8326504098804688,0.0,0.0,0.0,2.394561006652732,0,0,0,0,0,0,0.3290128412190034,1.8697044507882137,-17.737785806450084,-0.1557819728965925,0.2195368150611681,-0.2239516924460819
data/sensor_images/image_1636.png,surface,0.0,0.0,0.985196143318088,21.6244843312631,1.0208669232526124,0.0,3.1750832855796904,3.2723849784133536,0.0,0.0,0.0,2.116773522004726,0,0,0,0,0,0,0.2249126924843146,9.232986425530376,-18.333605244002072,-0.1213887550406689,0.3643062034326301,-0.115452518981155
data/sensor_images/image_1637.png,surface,0.0,0.0,2.786473446104732,-21.431386437467804,-6.261541270951197,0.0,0.4360181204031214,-2.58800574861993,0.0,0.0,0.0,-4.799076403424082,0,0,0,0,0,0,-1.1951716714582143,-3.4754083312142843,-13.0576528320501,-0.0547664544487027,0.2611248090650236,-0.2029027014734765
data/sensor_images/image_1638.png,surface,0.0,0.0,0.7117049475311792,13.84546836520752,19.20943510837421,0.0,-3.3533021035225308,1.8696098423548984,0.0,0.0,0.0,1.9850089916316875,0,0,0,0,0,0,7.771428039301774,6.471303544789283,-18.127726126687783,-0.0547892167957135,0.3807720380746056,-0.2199333210872893
data/sensor_images/image_1639.png,surface,0.0,0.0,2.860467202651012,17.28091607113481,-13.605527819685092,0.0,-1.7811623123580342,2.3122721972089018,0.0,0.0,0.0,-3.328969886643568,0,0,0,0,0,0,-5.375600787173103,6.009992160494028,-15.047818879884574,-0.1866778694349101,0.3850647210960333,0.0420519968820999
data/sensor_images/image_1640.png,surface,0.0,0.0,0.8530391351454548,-0.7442052469573736,-24.08099084092756,0.0,1.8302403571902688,-1.300337285353352,0.0,0.0,0.0,2.494545121475098,0,0,0,0,0,0,-8.889657862994365,1.1414306343026477,-17.60862535824748,-0.2199275861543491,0.2921433966872824,-0.1822198067331806
data/sensor_images/image_1641.png,surface,0.0,0.0,1.4038247395413577,-17.535288566413683,-8.242235559642577,0.0,4.267518294451252,1.5091708314636407,0.0,0.0,0.0,1.8376322703548824,0,0,0,0,0,0,-2.540551757180547,-6.006458109856036,-18.678396698975995,-0.1864741375962342,0.2105201545715054,-0.3149673654223491
data/sensor_images/image_1643.png,surface,0.0,0.0,1.3246425514031306,7.307793319665363,3.860497939721007,0.0,-1.7090961988735442,1.8445519759912727,0.0,0.0,0.0,-3.8168508002772006,0,0,0,0,0,0,1.5398428774577662,4.234639057466504,-19.628524138724607,-0.1408513245388698,0.3308753168625972,-0.0795667820245507
data/sensor_images/image_1645.png,surface,0.0,0.0,2.598679960423678,-8.966736523993102,14.092569458023457,0.0,-1.2240896916870982,-2.305446962794162,0.0,0.0,0.0,3.187567053617471,0,0,0,0,0,0,4.771674436564294,-0.8916116622280346,-16.655674328494868,0.0276094055750223,0.2766189047616001,-0.2984096151875769
data/sensor_images/image_1646.png,surface,0.0,0.0,1.926183448056375,-8.796283135293345,19.56500951183204,0.0,3.771081156352232,1.8551984517027025,0.0,0.0,0.0,2.1463222183027595,0,0,0,0,0,0,8.191352998217674,-2.7840835222366174,-17.914940225091605,-0.0447275814059035,0.2239064478315917,-0.3103740760330146
data/sensor_images/image_1647.png,surface,0.0,0.0,1.865187621423977,24.20485161161514,4.378473974968369,0.0,0.6107255240568761,4.458286564444792,0.0,0.0,0.0,1.415126497126491,0,0,0,0,0,0,1.2355931636430288,10.06725206571552,-16.809428494721573,-0.1295163256784732,0.3714292984699359,-0.1167698341960013
data/sensor_images/image_1649.png,surface,0.0,0.0,2.7583126891725205,-4.416503117987823,16.993775692555552,0.0,-3.266137313586673,2.4325914230910346,0.0,0.0,0.0,0.8578178165807158,0,0,0,0,0,0,5.11634381351921,-1.7007744317036768,-15.07253951900164,-0.106521055459669,0.3138532193041572,-0.3310439855434589
data/sensor_images/image_1651.png,surface,0.0,0.0,1.5282806280397407,3.0728319639375603,-5.752558440743154,0.0,-2.9094383087176108,3.0770428132385663,0.0,0.0,0.0,3.558639970363448,0,0,0,0,0,0,-2.091590987443594,1.8387172265040088,-20.439476967816773,-0.1495032276592517,0.3448203388424281,-0.2321722329353505
data/sensor_images/image_1652.png,surface,0.0,0.0,1.898748185666276,-10.156146995262002,-6.660294576734073,0.0,0.8635178581327834,3.3323051627116285,0.0,0.0,0.0,1.6250185639226302,0,0,0,0,0,0,-2.5717532031265664,-3.1717662628506784,-18.74167149144485,-0.1994582305995154,0.2414505085149743,-0.2750860248388167
data/sensor_images/image_1653.png,surface,0.0,0.0,0.761166743624496,-4.531903058060432,-16.78887114335686,0.0,1.7378297949900343,3.3179844095523108,0.0,0.0,0.0,-0.8842802847151399,0,0,0,0,0,0,-6.718488398807327,-0.76941380936557,-19.71377636139302,-0.166350924509736,0.3006924164617812,-0.0809808634716513
data/sensor_images/image_1654.png,surface,0.0,0.0,0.7785857385992935,22.38974487570022,2.9128246148193737,0.0,0.876948366251261,4.813484127824743,0.0,0.0,0.0,0.9253629348856762,0,0,0,0,0,0,0.8099116760754144,9.705395943868158,-18.83936579881152,-0.1102797100086265,0.3678203772525393,-0.1240135143733403
data/sensor_images/image_1655.png,surface,0.0,0.0,2.8182132290293165,10.853642544000058,-4.819814677714311,0.0,-2.513715819759444,-0.998772798306672,0.0,0.0,0.0,-2.356175762320106,0,0,0,0,0,0,-2.9634349855603355,6.389607212020252,-18.03885736461094,-0.0710818757815345,0.3932178395458862,-0.0105624610001485
data/sensor_images/image_1656.png,surface,0.0,0.0,1.0463893465861234,-11.010357245928176,17.24103154052845,0.0,-3.0822207263466903,2.1622789507273903,0.0,0.0,0.0,4.649615079977265,0,0,0,0,0,0,7.34942245304716,-3.209863519673503,-18.189365499509524,-0.035441971015328,0.2707131405043363,-0.3548248385789281
data/sensor_images/image_1657.png,surface,0.0,0.0,1.1757028629690551,10.088130476559408,19.39994274398439,0.0,1.0201107038610016,2.065142467524004,0.0,0.0,0.0,-4.095884721298199,0,0,0,0,0,0,7.55221925385331,5.301105132143287,-18.266567791180297,-0.116395251164372,0.3117246162788798,-0.0843649223773615
data/sensor_images/image_1660.png,surface,0.0,0.0,1.8893320862962533,13.0625864753792,6.889963028942854,0.0,-4.5275184331208695,0.6512269443571588,0.0,0.0,0.0,4.1335982333212655,0,0,0,0,0,0,2.847650554291908,6.256365521508948,-19.2976436879884,-0.0845970003762986,0.3788340375306012,-0.1804724187771612
data/sensor_images/image_1661.png,surface,0.0,0.0,1.4135728375999217,-3.8471489277849975,-0.7437417162755472,0.0,0.5209341174804996,-3.6672569127769226,0.0,0.0,0.0,2.290509201210406,0,0,0,0,0,0,0.0765485648774944,-0.4285332640928949,-20.632099089949072,-0.1042714645063154,0.2866629886303763,-0.2739564414888344
data/sensor_images/image_1662.png,surface,0.0,0.0,1.5130381645787965,-7.017893548246167,6.78566946513645,0.0,0.5013767389187318,-1.3929747506599912,0.0,0.0,0.0,3.3847165989204004,0,0,0,0,0,0,3.185814281498889,-1.4634752335348793,-19.8589499517321,-0.0509550728283226,0.270284069995819,-0.3037907752190359
data/sensor_images/image_1663.png,surface,0.0,0.0,0.92199718370524,-1.3722352810932683,-4.914219376989821,0.0,0.9289756796837664,2.0123367683970006,0.0,0.0,0.0,3.231742492578606,0,0,0,0,0,0,-2.294463939097928,0.1069566050575666,-21.34245007960171,-0.1470931672510119,0.2927076599191931,-0.2520086607957785
data/sensor_images/image_1664.png,surface,0.0,0.0,1.7425427953619397,-12.147863071965803,14.97057638211569,0.0,-1.7744568095221327,-0.8868328847141509,0.0,0.0,0.0,-3.0931006158092176,0,0,0,0,0,0,6.140962190918904,-2.8921843506665823,-18.14099863356536,-0.0868091764459497,0.31272273169172,-0.1991202556828648
data/sensor_images/image_1665.png,surface,0.0,0.0,1.55739029565877,6.285605035572369,-22.6539926691906,0.0,-4.690026838497157,-0.3989594148000719,0.0,0.0,0.0,-2.616366486127641,0,0,0,0,0,0,-9.093238105771784,3.4138959476817305,-18.33500864100162,-0.1479988358346017,0.3442585659281429,-0.013274898969677
data/sensor_images/image_1666.png,surface,0.0,0.0,2.850209364847341,-24.516397995049967,-5.01709396432057,0.0,2.381746855677339,-2.4717672764522294,0.0,0.0,0.0,-0.778960165725123,0,0,0,0,0,0,-0.5561148076316708,-5.895488303529612,-12.557386882243287,-0.1320800591514207,0.2200019155235416,-0.2057170992321951
data/sensor_images/image_1667.png,surface,0.0,0.0,0.824468077505107,0.649183103982717,1.805993508839928,0.0,0.7858483512149261,3.6069163098839927,0.0,0.0,0.0,-2.5076620711597,0,0,0,0,0,0,0.9614428305454956,1.2178352784802455,-20.81012980013304,-0.1332113051562689,0.2984999784607863,-0.0861582074912327
data/sensor_images/image_1670.png,surface,0.0,0.0,0.7449044350631602,-0.5159516217228112,5.922962139254417,0.0,-0.6595742495485308,-0.4151259713805486,0.0,0.0,0.0,4.313505858166433,0,0,0,0,0,0,2.6716228647910416,0.8541943147745286,-20.67066768308284,-0.0929442513191113,0.3089169993411841,-0.2655368383649303
data/sensor_images/image_1671.png,surface,0.0,0.0,2.302796322300123,13.981274472973968,-1.159257502331397,0.0,-2.088499559014444,1.2181819006650676,0.0,0.0,0.0,-1.7292890425380971,0,0,0,0,0,0,-1.3591978378282548,6.139535939049379,-18.56303590266129,-0.1550954020281475,0.3596581503054037,0.006534159445604
data/sensor_images/image_1673.png,surface,0.0,0.0,1.33058245399581,-8.755342056001094,21.85147847725959,0.0,0.8032261492502741,3.4203632963230124,0.0,0.0,0.0,2.479627338214112,0,0,0,0,0,0,8.892350866050199,-3.127812102316401,-18.884950090075865,-0.022014353428508,0.2553743345863497,-0.3324783501739682
data/sensor_images/image_1674.png,surface,0.0,0.0,1.9234085693793848,10.095642010371431,-14.742840427056148,0.0,-4.338403431518223,0.5726712298568534,0.0,0.0,0.0,0.7231678400763011,0,0,0,0,0,0,-6.324212578776535,4.936747134325093,-18.594099922409487,-0.175329793807006,0.3638151030071815,-0.1348708682305499
data/sensor_images/image_1675.png,surface,0.0,0.0,0.7240753363170875,13.308785730620215,-14.816231190511967,0.0,-0.7605079722819381,-0.9728131387298846,0.0,0.0,0.0,1.0181618080381325,0,0,0,0,0,0,-5.506266127272701,6.319829967503075,-19.319511349423184,-0.1555270885848304,0.3611475667372525,-0.1454019287508718
data/sensor_images/image_1677.png,surface,0.0,0.0,1.122078621276264,9.930126037561536,-17.207582904442184,0.0,-2.853562186273924,0.5516694493604137,0.0,0.0,0.0,-3.824558445347371,0,0,0,0,0,0,-6.163302450747343,5.132760280467588,-19.15356189445428,-0.1282128926845041,0.3409250284355891,0.013759668945057
data/sensor_images/image_1678.png,surface,0.0,0.0,2.21342006971824,-19.2706240795928,7.941102462128235,0.0,3.329635220382635,3.5908438330284933,0.0,0.0,0.0,-2.741465727254746,0,0,0,0,0,0,3.862990336588565,-7.1962939620709605,-18.23098771304653,-0.1735913676696589,0.2233806167688627,-0.1994785359921137
data/sensor_images/image_1679.png,surface,0.0,0.0,0.6392194427701445,-6.138841201634283,-20.265834617306787,0.0,1.8286347159536551,1.9443168994345992,0.0,0.0,0.0,-2.109951115051416,0,0,0,0,0,0,-7.810049569195983,-1.2987825690779364,-19.44385849120537,-0.1689848868113231,0.3024862032727921,-0.0647865245577005
data/sensor_images/image_1680.png,surface,0.0,0.0,1.708072492173094,7.990912115314914,-11.016029235944323,0.0,-2.313008535482985,3.79885139565144,0.0,0.0,0.0,-1.2989133385430538,0,0,0,0,0,0,-4.393516800944273,4.549881044367666,-19.51159378306704,-0.1471728578868585,0.3218906764268892,0.0017664507832936
data/sensor_images/image_1681.png,surface,0.0,0.0,1.8846146018364007,-13.610919025005488,19.078586424352057,0.0,-1.1520681462405364,-2.482165741494661,0.0,0.0,0.0,2.2633572444686854,0,0,0,0,0,0,7.03469761644413,-3.844364613611092,-17.826596424297914,0.0027578930277137,0.2330412020933937,-0.3447816519188307
data/sensor_images/image_1682.png,surface,0.0,0.0,2.8281365741540325,8.900853372035693,8.832894901822016,0.0,1.447901634459666,3.2838036671773594,0.0,0.0,0.0,2.3667056020324555,0,0,0,0,0,0,4.141048718939058,3.4335622912171355,-17.774275787053178,-0.1471808544430004,0.3005302321824585,-0.2413544563735532
data/sensor_images/image_1684.png,surface,0.0,0.0,0.5164826682566317,-0.7898053547008062,11.696385092612596,0.0,2.755613083866049,-0.5690766661492827,0.0,0.0,0.0,-3.575140360199464,0,0,0,0,0,0,4.415086082351911,0.5928261246303671,-20.62761283052016,-0.1004718686391527,0.3011417877303477,-0.1219942794031409
data/sensor_images/image_1685.png,surface,0.0,0.0,1.9525775873810696,4.636076840994563,-0.592319959041184,0.0,3.7009952018603887,3.1260711631591613,0.0,0.0,0.0,-3.5615991659004544,0,0,0,0,0,0,0.2192561857761152,2.8658955674712905,-20.357529334663617,-0.1425890054665564,0.2979700281342698,-0.0826368748768525
data/sensor_images/image_1686.png,surface,0.0,0.0,1.499470528777722,15.865366153212916,-9.678661673791607,0.0,1.7193928137067724,2.604522116754661,0.0,0.0,0.0,1.6670459666688986,0,0,0,0,0,0,-4.26736060372444,7.426493842775219,-19.32511316676002,-0.1512124119022292,0.3415665953231374,-0.1244751167233255
data/sensor_images/image_1687.png,surface,0.0,0.0,1.840640309985379,-2.8423557245442206,8.815796067722802,0.0,-1.8454391372628856,-3.640604158252346,0.0,0.0,0.0,-0.8598547215892491,0,0,0,0,0,0,3.649770198338997,0.7687847923880563,-19.41580639353163,-0.0963509679839619,0.311208400903272,-0.1407547658153858
data/sensor_images/image_1688.png,surface,0.0,0.0,2.1240001562030235,11.781592374271208,8.963725760890256,0.0,-1.9147911663497847,-0.686663020896611,0.0,0.0,0.0,0.9561200845450156,0,0,0,0,0,0,3.16919195625204,6.205640724405908,-18.91214960898903,-0.0689969821453106,0.3565656201594444,-0.1925833760548932
data/sensor_images/image_1689.png,surface,0.0,0.0,1.1859418336624754,6.411281925183177,-3.693209640244362,0.0,1.6266165772230945,-1.3911705691512823,0.0,0.0,0.0,4.069791344499993,0,0,0,0,0,0,-1.453253118405305,3.763873391051973,-20.74623569535056,-0.1171760398740006,0.3081647433136976,-0.1984214642146287
data/sensor_images/image_1690.png,surface,0.0,0.0,2.4028768740960995,21.80062328949388,-11.551998989445952,0.0,0.6744430193736534,-1.3369662067609551,0.0,0.0,0.0,1.82880611357265,0,0,0,0,0,0,-4.214234704787857,10.233197211838592,-18.14201702870194,-0.0542152794889758,0.3518949101415725,-0.1095076167784008
data/sensor_images/image_1691.png,surface,0.0,0.0,2.801298771630076,3.843787810969064,19.10569762435393,0.0,-2.7161886396711936,0.3695795071796336,0.0,0.0,0.0,1.4107318091572116,0,0,0,0,0,0,5.540537133904511,2.580187770658121,-15.181862287396784,-0.048853569668022,0.3690477044918204,-0.2585605810695301
data/sensor_images/image_1692.png,surface,0.0,0.0,2.7219651914065213,14.53247678289222,-9.962165309952,0.0,-2.382075146632733,2.02427550858798,0.0,0.0,0.0,-2.386950237033832,0,0,0,0,0,0,-4.472630134066089,6.453219932755526,-17.43374857389051,-0.1672184703199137,0.3776190924092609,0.0287937668143423
data/sensor_images/image_1695.png,surface,0.0,0.0,1.712981325385004,22.9771672045136,-6.582198336739331,0.0,0.2753419706868015,2.3944998433986178,0.0,0.0,0.0,-2.9527860076094283,0,0,0,0,0,0,-2.415065664664715,9.9345822385975,-17.90654475369426,-0.1499241336222606,0.3364011463318211,0.0458978190425153
data/sensor_images/image_1697.png,surface,0.0,0.0,2.431825289987903,-6.665409019849297,-15.070880960937371,0.0,-1.473410346396973,-0.1253660868352081,0.0,0.0,0.0,-1.840584192608152,0,0,0,0,0,0,-6.240196205940443,-1.2767604424536607,-18.91549155656616,-0.1686655234389938,0.3789430679874768,-0.106896989431716
data/sensor_images/image_1699.png,surface,0.0,0.0,0.5945696130613043,5.976643317767827,-14.92270759043778,0.0,0.2208882578712648,2.4795309450385536,0.0,0.0,0.0,-2.3785269836739253,0,0,0,0,0,0,-5.61614948995181,3.798709285397453,-21.020340124966207,-0.1542403950537592,0.3263528630998394,-0.0396979650074241
data/sensor_images/image_1700.png,surface,0.0,0.0,1.6939002420546798,1.4604835719863458,-10.390499420159555,0.0,0.7837619352481323,2.800126738364757,0.0,0.0,0.0,-3.706863700786172,0,0,0,0,0,0,-3.845424682363213,1.3139430355556705,-20.253038658946306,-0.1746080724111275,0.3214337974310792,-0.0724388727996602
data/sensor_images/image_1703.png,surface,0.0,0.0,0.8589419106067613,-5.189253387250417,-8.655575925350457,0.0,0.9998897918472748,-1.6063345785610137,0.0,0.0,0.0,-2.012571593977804,0,0,0,0,0,0,-3.4031022802475874,-0.7766035756047669,-20.67302472838919,-0.1316829349649305,0.2869341888074158,-0.0990050195054307
data/sensor_images/image_1705.png,surface,0.0,0.0,2.727780851211238,12.587658339919669,13.112602791077885,0.0,-2.3331816279598203,0.7410096047497589,0.0,0.0,0.0,2.31208924195219,0,0,0,0,0,0,3.9251184731713695,5.397037294639585,-16.256224159592797,-0.0908289142709586,0.4072589794726469,-0.1948985824673405
data/sensor_images/image_1707.png,surface,0.0,0.0,2.600712475893026,-5.109816573675283,-4.972914232491874,0.0,4.392644994854102,0.5999801790368525,0.0,0.0,0.0,-1.3494806507147272,0,0,0,0,0,0,-0.1062077270342294,-1.4391634535486315,-18.05105619529326,-0.1657020857834568,0.2090369636845192,-0.0950807324952613
data/sensor_images/image_1709.png,surface,0.0,0.0,2.988477604979123,13.862228822201535,-19.513301263067344,0.0,1.2796595745242625,1.9778287348963808,0.0,0.0,0.0,-4.7188583030259865,0,0,0,0,0,0,-5.953202567566098,4.541549221521475,-14.29350073295697,-0.2319161869931055,0.2902434744381899,0.0469058032408251
data/sensor_images/image_1710.png,surface,0.0,0.0,0.9084359258843052,17.947041215759448,-12.366345446027854,0.0,-0.1377558143156015,-0.3760595626299913,0.0,0.0,0.0,-0.2258722249836955,0,0,0,0,0,0,-5.163000378017516,8.5409802162646,-19.29081086030581,-0.1119587023311158,0.3242728974113996,0.0380897503027818
data/sensor_images/image_1711.png,surface,0.0,0.0,2.7434840564994154,4.51235780063906,14.553909550230394,0.0,2.209091473657065,-3.613336569927008,0.0,0.0,0.0,2.288554555775666,0,0,0,0,0,0,6.640743835373448,3.906193236867528,-18.274769213040663,-0.0030140028908486,0.2753021059571813,-0.2536063733433679
data/sensor_images/image_1712.png,surface,0.0,0.0,0.6424508847373243,14.110201309104248,20.48584609529642,0.0,-1.5029415866062708,4.378895591055518,0.0,0.0,0.0,2.300678544993784,0,0,0,0,0,0,8.21437843167309,6.8298874206937645,-18.754280137237167,-0.0672679061893896,0.3744568444281851,-0.21992697052794
data/sensor_images/image_1713.png,surface,0.0,0.0,2.1826616162056256,6.56837955204482,22.42143577076143,0.0,1.959519984919924,-3.724655582178879,0.0,0.0,0.0,-1.7471212752816068,0,0,0,0,0,0,9.535310952457433,4.760108922566656,-17.88058671989077,-0.0766784904788992,0.2733247222496614,-0.0801767116682529
data/sensor_images/image_1714.png,surface,0.0,0.0,2.1728945122232144,17.564261409091007,-14.99065509045071,0.0,2.2381210949712664,-2.5890744171455355,0.0,0.0,0.0,0.7904358504484907,0,0,0,0,0,0,-5.9059956896866925,8.547971720861874,-18.14128188821747,-0.1129501485428798,0.3558702101952656,-0.1086006562989276
data/sensor_images/image_1715.png,surface,0.0,0.0,2.789234873596899,14.857118367256234,19.68970561167584,0.0,1.3466334856903528,-3.929335475719348,0.0,0.0,0.0,-2.1867219747659283,0,0,0,0,0,0,8.349206179470263,8.93438143825314,-17.156243184669655,-0.0618731331233504,0.2836173753138795,-0.0388959244898881
data/sensor_images/image_1716.png,surface,0.0,0.0,1.069688809667492,-12.208557984723548,-9.801415453800464,0.0,0.6977290833676467,-4.517390354528796,0.0,0.0,0.0,-0.9203935888586344,0,0,0,0,0,0,-3.785547145142375,-3.914481122553074,-20.280572856213546,-0.1660321587820935,0.2847959061298926,-0.1398784993110441
data/sensor_images/image_1717.png,surface,0.0,0.0,0.9290810117859214,-6.840654898124271,-21.796441728282822,0.0,-0.8676185413428869,1.1614157787826207,0.0,0.0,0.0,-2.8985159284327047,0,0,0,0,0,0,-8.370100128190304,-1.56869525560264,-19.517703411230627,-0.1900782265679199,0.3089415289695473,-0.0725898230156231
data/sensor_images/image_1718.png,surface,0.0,0.0,1.7837784958748355,-23.94620459907579,-7.393810349795126,0.0,1.8868938049608968,-3.878299676743576,0.0,0.0,0.0,-0.5712614835448093,0,0,0,0,0,0,-2.583688151513651,-7.9935258473123,-17.771015872208338,-0.1664237352778607,0.2454889544606748,-0.2004402600228203
data/sensor_images/image_1719.png,surface,0.0,0.0,2.881429355210499,-7.035544861604724,19.47981901552541,0.0,2.7096144750300746,3.6235937104638407,0.0,0.0,0.0,0.3099587174048324,0,0,0,0,0,0,8.36856021802156,-2.2996181371743805,-16.801485350891234,-0.1435479719149447,0.2115310225234339,-0.1869543800174053
data/sensor_images/image_1720.png,surface,0.0,0.0,1.1971650487224303,13.115242799126433,-16.92834829356056,0.0,-3.8500218811561657,1.5982719708652262,0.0,0.0,0.0,-2.8673454942871834,0,0,0,0,0,0,-7.014623453019846,6.433990488355954,-19.322099625300165,-0.1457053047362316,0.344970377199128,0.0012401533093385
data/sensor_images/image_1721.png,surface,0.0,0.0,2.4916623867031995,13.40099096469725,-17.119332814264265,0.0,-1.2760921601596535,2.425876912114543,0.0,0.0,0.0,-4.194700269406199,0,0,0,0,0,0,-6.639849340485198,5.950651024715096,-17.914504306241664,-0.1689357222831386,0.3820722666179601,0.0368194638951745
data/sensor_images/image_1722.png,surface,0.0,0.0,1.2998553810638622,7.1496656012795645,16.7443003389908,0.0,-1.9138376777592576,4.474781322942457,0.0,0.0,0.0,0.1655977555637893,0,0,0,0,0,0,6.857380088524253,4.342707673048573,-19.818717646206363,-0.1034117341672315,0.3077464839125373,-0.1109874894367438
data/sensor_images/image_1723.png,surface,0.0,0.0,1.1378045785220643,3.531677992163033,16.50866242639143,0.0,-1.5934932769162125,-2.923870612987924,0.0,0.0,0.0,1.5174280322050038,0,0,0,0,0,0,6.861392156322824,2.507709551478656,-20.09325617892061,-0.0436989674957934,0.3226184224397329,-0.2632297228131132
data/sensor_images/image_1724.png,surface,0.0,0.0,2.2102642669811647,8.378425862114154,-6.477503646857624,0.0,4.297468134706199,1.903102757024855,0.0,0.0,0.0,1.8609453371761155,0,0,0,0,0,0,-1.8986730509267864,4.45401010670224,-19.408779395781583,-0.1525005597824155,0.3226971055777522,-0.1868493683400273
data/sensor_images/image_1726.png,surface,0.0,0.0,0.5326583849922313,-10.172673412494,-6.29493283046834,0.0,0.0760336148367449,-1.362867904320025,0.0,0.0,0.0,3.323594678486621,0,0,0,0,0,0,-2.324879401698249,-2.677396470478272,-21.018280571756147,-0.1728200511719497,0.2605950877917469,-0.2795317172920421
data/sensor_images/image_1729.png,surface,0.0,0.0,1.4725182477078655,-1.7656953843283525,1.048580444786556,0.0,1.207611740229688,2.5850231768407905,0.0,0.0,0.0,-3.831144685735687,0,0,0,0,0,0,0.6484922970645985,0.4385386979114288,-21.470291176609937,-0.1579501636887049,0.300765433297746,-0.1142742864007749
data/sensor_images/image_1730.png,surface,0.0,0.0,2.4632943254280857,18.29111587443273,9.627587890236398,0.0,2.776898392178312,-0.9327938414800588,0.0,0.0,0.0,4.803678335677869,0,0,0,0,0,0,4.730368193959389,8.74620352880316,-18.20846218587347,-0.0604915139989906,0.3283023893896226,-0.1662269704907871
data/sensor_images/image_1731.png,surface,0.0,0.0,1.3898018233547875,-0.5384745835105001,-15.925718632588447,0.0,-3.1708733464869905,-1.608040857985835,0.0,0.0,0.0,-3.1760576903901905,0,0,0,0,0,0,-6.005246685262997,1.4293373269634533,-20.444486762461832,-0.1557206852720486,0.3313460392330973,-0.0537202995035302
data/sensor_images/image_1732.png,surface,0.0,0.0,1.860070234793364,-14.960971066765318,16.96707166173089,0.0,-0.1948078276280394,-1.0757304085161348,0.0,0.0,0.0,2.9794763295565474,0,0,0,0,0,0,7.176987111505466,-4.035460262342128,-18.42708677926236,0.0160631968611061,0.2400787777841465,-0.350136595898239
data/sensor_images/image_1734.png,surface,0.0,0.0,1.6201292499827775,-15.251986287885243,5.091097069348948,0.0,-2.354342900851338,-3.59254446692181,0.0,0.0,0.0,1.2074223171941316,0,0,0,0,0,0,2.28116386209255,-4.950422901269369,-20.244445562053656,-0.101258019439281,0.2434810724669237,-0.3452104501867391
data/sensor_images/image_1735.png,surface,0.0,0.0,1.7140438797679236,19.61064782947763,-1.186684703532779,0.0,2.9840848907190134,-0.8172872339369591,0.0,0.0,0.0,4.653322092297056,0,0,0,0,0,0,0.2363639210348666,9.661131255376828,-19.71235311559196,-0.1258149991019317,0.3700170428327889,-0.1334070687710921
data/sensor_images/image_1738.png,surface,0.0,0.0,1.2264810089861706,10.17700562114884,10.522135906737931,0.0,2.125466263307312,0.9866017594130811,0.0,0.0,0.0,2.8172941268143923,0,0,0,0,0,0,4.5246936168544885,4.94360995540224,-20.66207633756413,-0.082693547417317,0.3324641606086677,-0.2178727020135549
data/sensor_images/image_1740.png,surface,0.0,0.0,1.1826706987473128,11.62979069530216,8.554261201977269,0.0,0.3712278662233689,4.044619193231873,0.0,0.0,0.0,-1.7403997754755829,0,0,0,0,0,0,3.5320473138188966,6.422175451391862,-20.704716964490142,-0.1276230411605977,0.3149448658688404,-0.0486761667442036
data/sensor_images/image_1742.png,surface,0.0,0.0,2.579217580214692,-10.923062726846153,-17.8243473708475,0.0,-0.7085748260440331,3.9748957680729458,0.0,0.0,0.0,2.786836393776541,0,0,0,0,0,0,-7.105444922860896,-4.058963758241995,-18.505891957561577,-0.3051578709178164,0.3069655244204213,-0.255131376111548
data/sensor_images/image_1743.png,surface,0.0,0.0,2.8765494680332435,20.83678556202261,-2.244804272140985,0.0,1.241878254204439,1.4614704020954927,0.0,0.0,0.0,1.94011497400637,0,0,0,0,0,0,-0.233950031226049,7.679288417839666,-16.664266663327158,-0.1936614722316796,0.3247619215480326,-0.138919516105038
data/sensor_images/image_1744.png,surface,0.0,0.0,1.4106602856034178,-1.5742822313848883,23.9441963549844,0.0,4.142671837862459,-1.7093450838132564,0.0,0.0,0.0,-3.693906790645215,0,0,0,0,0,0,10.403845468072802,0.6817349612357513,-18.65433070295064,-0.0654775523482453,0.3034887842318956,-0.1755031035695888
data/sensor_images/image_1746.png,surface,0.0,0.0,2.6471436179895216,7.135078018006322,3.6571641112375337,0.0,-3.3954049533815835,0.0429599812024437,0.0,0.0,0.0,3.1393890880168023,0,0,0,0,0,0,0.0889957342305494,3.990918015850628,-18.67962527957447,-0.0834191886072622,0.4186849293465358,-0.2162115211934895
data/sensor_images/image_1747.png,surface,0.0,0.0,1.934510771041964,19.769589030699382,15.368266202529869,0.0,1.646421394224355,2.0756005495526546,0.0,0.0,0.0,-3.278902641302277,0,0,0,0,0,0,6.418441341276801,9.005853096488577,-18.420699764928536,-0.128995119135055,0.3183785217170731,-0.03186564152835
data/sensor_images/image_1748.png,surface,0.0,0.0,0.8689361142782686,-14.586830489745209,19.48134654159089,0.0,3.2675843249598016,-1.5599724586320205,0.0,0.0,0.0,-2.4395862215040154,0,0,0,0,0,0,8.396355121178834,-4.619321887791849,-19.3133054809992,-0.0722025687768221,0.2682959003746107,-0.2063179312075264
data/sensor_images/image_1749.png,surface,0.0,0.0,2.26037134404213,3.745283363197976,-11.235627655183064,0.0,1.2557889441686476,-2.716443991763265,0.0,0.0,0.0,4.715812859199682,0,0,0,0,0,0,-4.223288700058074,3.725788343014996,-19.931669408330844,-0.1189004310051772,0.3220221067128697,-0.2141297659246294
data/sensor_images/image_1750.png,surface,0.0,0.0,2.8619696475828333,0.0158336372520235,3.651509920766047,0.0,-3.4293968877697893,-1.1913166813597194,0.0,0.0,0.0,-0.3435676762458106,0,0,0,0,0,0,0.6317883484893253,2.002222194010663,-17.683062989590066,-0.0882384519490153,0.3918176040445872,-0.1033250646751719
data/sensor_images/image_1753.png,surface,0.0,0.0,0.5563086654604046,1.6707639590392669,-22.594459814970623,0.0,4.537874210951715,0.9178750246483816,0.0,0.0,0.0,-2.616682860608618,0,0,0,0,0,0,-9.872348539553878,2.0819860146790803,-20.292072727547897,-0.1549701922276901,0.296181662101334,-0.0204172257970187
data/sensor_images/image_1755.png,surface,0.0,0.0,2.782521815983405,-10.174219154200827,12.307228293688748,0.0,4.587753640276893,-1.830558320617352,0.0,0.0,0.0,-1.327464466713193,0,0,0,0,0,0,6.527623177844205,-2.512861030678972,-18.215337558195944,-0.0962152670910319,0.1833134458468591,-0.1606638943370766
data/sensor_images/image_1756.png,surface,0.0,0.0,2.3059069860295627,-3.3540751690153874,-22.19334118148241,0.0,3.230103154973531,-0.248598952326963,0.0,0.0,0.0,-2.211391392729332,0,0,0,0,0,0,-7.397608382216975,0.1313119659027921,-17.78524081708699,-0.1798034765639313,0.2882840672024842,-0.0417134750226851
data/sensor_images/image_1757.png,surface,0.0,0.0,2.998463957764199,9.379300316014213,13.659627443720664,0.0,1.20850425261536,2.5797420317932214,0.0,0.0,0.0,1.6478502983320906,0,0,0,0,0,0,6.275012614806109,3.175956908381641,-17.24155108404756,-0.174735873065924,0.2854131037282927,-0.2614361082964997
data/sensor_images/image_1758.png,surface,0.0,0.0,2.068246500671626,-0.8275713843680547,-7.718838590145065,0.0,4.693045861308828,1.2203895090313928,0.0,0.0,0.0,-4.894527706843007,0,0,0,0,0,0,-2.8221794095623745,0.5695106666682043,-20.65774695374365,-0.1570723598086293,0.2850755630721159,-0.087063087210069
data/sensor_images/image_1759.png,surface,0.0,0.0,2.7055749553210275,-16.025532760796327,-6.001767432471181,0.0,-4.025574637774773,-1.6036246349447796,0.0,0.0,0.0,-0.5711511926168864,0,0,0,0,0,0,-3.4502227012758424,-4.829735808605483,-17.167640771485257,-0.182597761903361,0.3550425248832887,-0.1709977369047291
data/sensor_images/image_1761.png,surface,0.0,0.0,1.846522276020552,14.838420298964296,-9.68499633506534,0.0,-0.7633152435153435,-0.7445054127333551,0.0,0.0,0.0,-2.10428844623038,0,0,0,0,0,0,-4.485954371945927,8.258282032692664,-19.901671832278108,-0.117573122260844,0.3436156327626106,0.0192824800700023
data/sensor_images/image_1762.png,surface,0.0,0.0,0.7261263631894759,-16.35028321134057,15.48081142447223,0.0,-0.9194465674635892,4.436916800207533,0.0,0.0,0.0,-0.8552354578161037,0,0,0,0,0,0,6.957007678399982,-5.095429050759926,-19.770256572725057,-0.1055824480659602,0.2837183376174502,-0.2319776078510751
data/sensor_images/image_1763.png,surface,0.0,0.0,0.8270826040028254,0.6865316265880554,16.63853237012811,0.0,-4.254250575467786,-0.959874230023418,0.0,0.0,0.0,1.6470543304426597,0,0,0,0,0,0,7.066067494791112,1.7912762601212435,-20.588985627128764,-0.0592548758373839,0.3255279129059157,-0.2756817904937226
data/sensor_images/image_1764.png,surface,0.0,0.0,2.538704783616217,-14.757315256302071,11.53091376911866,0.0,3.8756518693299618,-2.534840936776225,0.0,0.0,0.0,4.145180466020527,0,0,0,0,0,0,5.374324824068955,-4.528436728149294,-19.36540938966149,-0.0350442386307046,0.1540159905106594,-0.3264919659611607
data/sensor_images/image_1765.png,surface,0.0,0.0,1.4234347261475224,10.4094077592252,12.317810883635978,0.0,2.343851647109957,-4.321508416357066,0.0,0.0,0.0,1.1142871791053066,0,0,0,0,0,0,5.515452484230194,5.631636747339507,-19.80659069870716,-0.093904155710109,0.3494933472350789,-0.2395488300813616
data/sensor_images/image_1767.png,surface,0.0,0.0,1.2292790689120388,-20.857736590337367,11.651734520241346,0.0,1.026738041502506,-1.973173022934669,0.0,0.0,0.0,-4.2336386346256525,0,0,0,0,0,0,5.700910527578225,-7.089301503932527,-19.7112019292626,-0.0724286256932783,0.259544219241717,-0.2279902005566473
data/sensor_images/image_1768.png,surface,0.0,0.0,2.728823086844785,-5.717982206699462,12.467891260763713,0.0,1.199000681129723,4.731062460590682,0.0,0.0,0.0,-2.274867639504776,0,0,0,0,0,0,5.511668532736324,-2.442896605091563,-19.030157799645668,-0.1944950083152344,0.2584778263648871,-0.1647888464784621
data/sensor_images/image_1769.png,surface,0.0,0.0,2.7899909259979347,16.835479647198042,1.790850126697555,0.0,-3.663512845777576,2.703593080536698,0.0,0.0,0.0,2.266641839224704,0,0,0,0,0,0,0.1837520437313015,7.000578437149369,-17.676857723260035,-0.1505460346375696,0.3933722089804547,-0.157487394413383
data/sensor_images/image_1770.png,surface,0.0,0.0,2.889263351691741,-5.949541850108539,18.29991026019493,0.0,0.8200892404193656,-1.977057386753908,0.0,0.0,0.0,3.5517085061113534,0,0,0,0,0,0,8.087096770096359,0.4184685500426506,-17.49713973577586,0.0929927150236101,0.2172663562262887,-0.2782282624907765
data/sensor_images/image_1771.png,surface,0.0,0.0,2.8215918874615658,20.89462856981997,-0.8207769372004717,0.0,-2.70172389205438,-2.248315709180021,0.0,0.0,0.0,-0.7539613216861785,0,0,0,0,0,0,-1.4450887944538828,10.384936209264596,-17.273486141590496,-0.0658066634195984,0.3763693193207604,0.0315002192452225
data/sensor_images/image_1772.png,surface,0.0,0.0,1.9100425603748907,-7.57347028061533,-10.945304799301937,0.0,-0.4680088675552492,-3.4148726754392675,0.0,0.0,0.0,-0.1844927120917674,0,0,0,0,0,0,-4.351075964639219,-1.9186027384411315,-20.40943606062165,-0.1636904044064749,0.2944720296926267,-0.2746525837242554
data/sensor_images/image_1773.png,surface,0.0,0.0,2.004699745347273,2.045349280577003,-21.604350037377564,0.0,4.014509908392483,0.2009357956664868,0.0,0.0,0.0,-2.2517407867895223,0,0,0,0,0,0,-8.23060365761514,1.9795739404099464,-19.26119565429764,-0.1603826692984144,0.288764352342921,-0.0210076949514984
data/sensor_images/image_1774.png,surface,0.0,0.0,2.905619231143782,-19.343479268848352,-9.457591412145996,0.0,0.0369028866798561,1.3386982666929146,0.0,0.0,0.0,-1.9695705545885624,0,0,0,0,0,0,-2.836268564563212,-8.317041035934295,-17.651143286820524,-0.3072385378362842,0.2792145121358795,-0.1622130042140133
data/sensor_images/image_1775.png,surface,0.0,0.0,1.4315864762780213,-10.187441202099343,-2.8453754864353646,0.0,4.130287744823443,-2.727729361306958,0.0,0.0,0.0,0.2076523425354093,0,0,0,0,0,0,-1.1336490038675389,-3.4710630622806646,-21.30579686680219,-0.1388539515433797,0.2562661420217508,-0.291973190836491
data/sensor_images/image_1776.png,surface,0.0,0.0,2.077092459165605,-9.371317728303744,4.779108132167474,0.0,0.0181610190318538,-4.820843024770577,0.0,0.0,0.0,-3.703249510407872,0,0,0,0,0,0,2.547904835909198,-1.8618638359414583,-20.61877353524692,-0.097156298925352,0.2975433476034155,-0.1574315962889907
data/sensor_images/image_1777.png,surface,0.0,0.0,1.5992957050734802,-18.71052361198783,-6.076916564566154,0.0,-0.1043515179013006,2.1530637164632944,0.0,0.0,0.0,-1.129543722241506,0,0,0,0,0,0,-1.5323567429099263,-6.6854674959074245,-20.63211116342624,-0.2281839921332049,0.2767774770824254,-0.176436181075802
data/sensor_images/image_1778.png,surface,0.0,0.0,1.36180442227913,-3.966557059628792,7.058708277007534,0.0,-1.1684225112526552,-0.3177593935182969,0.0,0.0,0.0,-2.470644260912742,0,0,0,0,0,0,3.2179338423083443,-0.2525307749205383,-21.752014415151177,-0.1192559241677199,0.3214494301693237,-0.1301651065774726
data/sensor_images/image_1781.png,surface,0.0,0.0,1.662765282249478,-6.913512661092619,18.95432210011981,0.0,2.038945001196492,3.967561088677634,0.0,0.0,0.0,-1.6597543911224024,0,0,0,0,0,0,8.250620847080821,-2.02186349462852,-20.29438974803049,-0.0881662660744853,0.2722453404735361,-0.1883461090747805
data/sensor_images/image_1782.png,surface,0.0,0.0,0.6353221177543809,-19.649117129002235,-15.0648050542475,0.0,1.2598864755982764,4.051599886538073,0.0,0.0,0.0,-1.4917596243305975,0,0,0,0,0,0,-5.896320351139931,-6.9481580983984825,-20.454212584372417,-0.1924347595491774,0.2562276506027374,-0.1396420764937018
data/sensor_images/image_1783.png,surface,0.0,0.0,0.8887218309346221,-3.5022227081570327,14.579985707117196,0.0,3.912831333884928,0.3100409431908506,0.0,0.0,0.0,-3.4733418648537464,0,0,0,0,0,0,6.741198649249872,-0.3466543906655861,-21.624791056533034,-0.1019610563044083,0.3052441346868996,-0.1466113938715165
data/sensor_images/image_1784.png,surface,0.0,0.0,1.851858641910065,-17.69798652388975,2.0948488245733308,0.0,-0.9679651521109354,-3.189914608850163,0.0,0.0,0.0,-0.149748084342626,0,0,0,0,0,0,1.3200406579070454,-5.912467224906451,-19.92105825674661,-0.112912200518155,0.2353211185915954,-0.34484401257962
data/sensor_images/image_1787.png,surface,0.0,0.0,2.062979007712207,-15.761463598886593,-17.542046304949153,0.0,-1.2039288623566624,-0.1730129576337694,0.0,0.0,0.0,-2.9546043099206587,0,0,0,0,0,0,-7.643796727855552,-5.204683813808972,-19.199942455401786,-0.1938308973099672,0.3370141343220569,-0.159959626815595
data/sensor_images/image_1788.png,surface,0.0,0.0,2.6292310720062337,9.446314960939404,3.7835757322185497,0.0,-0.7911653270594137,-2.11097909078003,0.0,0.0,0.0,-3.3462163457669414,0,0,0,0,0,0,1.445768726969551,6.923856986565728,-19.996327501098072,-0.0478857204964315,0.3554597375046938,-0.0427479902336058
data/sensor_images/image_1791.png,surface,0.0,0.0,0.9089844726924764,20.93753241516035,-10.056183215228684,0.0,1.7319615033330351,2.441085292037652,0.0,0.0,0.0,2.97546638943298,0,0,0,0,0,0,-4.019419277152739,9.802530496520822,-20.43846341184762,-0.1564477937220627,0.3802854206071381,-0.0946721198897708
data/sensor_images/image_1792.png,surface,0.0,0.0,2.928257441913839,2.131386999632581,24.66437566060168,0.0,-2.9364986322443585,3.3927685568152803,0.0,0.0,0.0,-1.310621819290709,0,0,0,0,0,0,8.535481876783804,0.799956704080258,-13.96022060425646,-0.170438309950747,0.3419147221862992,-0.1736647908103171
data/sensor_images/image_1793.png,surface,0.0,0.0,1.8187242369320429,-4.511924253483583,13.439674219781184,0.0,3.725288032748364,0.1143303082948067,0.0,0.0,0.0,-2.431691404734214,0,0,0,0,0,0,6.32221518490973,-0.6826526210517527,-21.632326467658743,-0.1155194857351672,0.2721897813567486,-0.1404738866487871
data/sensor_images/image_1796.png,surface,0.0,0.0,0.7216585167371607,8.078131702965043,-5.055053569182072,0.0,-1.8848102962429465,2.1947894707006763,0.0,0.0,0.0,-3.807236154398322,0,0,0,0,0,0,-1.832952968192078,4.757509104741477,-22.28199217049686,-0.1482123054873293,0.3497835718040301,-0.0574528514675837
data/sensor_images/image_1800.png,surface,0.0,0.0,2.958846357123556,9.76593973895841,-16.624998646626903,0.0,-2.075834144924401,-1.8335437617301265,0.0,0.0,0.0,-3.353029328590789,0,0,0,0,0,0,-7.2619844067572785,6.843124500375451,-18.73037010383044,-0.0864540277154593,0.4206968265513912,0.0028679499891359
data/sensor_images/image_1801.png,surface,0.0,0.0,1.5221067141163622,16.034693010859318,11.661015853232117,0.0,-2.011020466955108,-2.8161723097366766,0.0,0.0,0.0,0.739482076282501,0,0,0,0,0,0,4.919918291829905,8.51177202170983,-20.44072895170294,-0.0721475060758127,0.3824903226697602,-0.1745669725467027
data/sensor_images/image_1803.png,surface,0.0,0.0,2.343227854335701,10.337375126833278,-15.88053121571883,0.0,-1.0568599752674452,-0.8328147456122721,0.0,0.0,0.0,-3.388267971500624,0,0,0,0,0,0,-6.803266463500457,6.410743006231572,-19.470761627496163,-0.1171812491922563,0.3776520269272753,0.0035929837913097
data/sensor_images/image_1804.png,surface,0.0,0.0,1.0629960913217174,17.31388743036208,17.92143578476933,0.0,1.6675490126657928,0.2580868324587036,0.0,0.0,0.0,-1.32078949741795,0,0,0,0,0,0,7.9878071247385725,8.611363421611262,-19.9566850050755,-0.1210356296620917,0.3408481162475114,-0.0579797130344095
data/sensor_images/image_1806.png,surface,0.0,0.0,2.3470634673061097,-14.67282787487169,12.21470468751185,0.0,3.134319595838011,-3.5908436567298283,0.0,0.0,0.0,2.716113902250531,0,0,0,0,0,0,5.913177405278387,-4.459433602628926,-19.56538818345694,-0.0521672224715888,0.2064984575816622,-0.3361914578301591
data/sensor_images/image_1807.png,surface,0.0,0.0,2.517861962781609,-16.911163843446783,-13.391128253693926,0.0,0.1064890608698414,-4.436680695479717,0.0,0.0,0.0,3.0544492572169464,0,0,0,0,0,0,-5.35092444434475,-3.694720881773627,-17.178001178195522,-0.1329803565765235,0.233111785360414,-0.3038277124965883
data/sensor_images/image_1811.png,surface,0.0,0.0,1.4620817811307265,-10.937754073134045,-12.721172512927064,0.0,-1.4743180636462556,0.5047423211339684,0.0,0.0,0.0,-3.5999406144039057,0,0,0,0,0,0,-5.191369494498984,-3.50881443457743,-21.361812893202096,-0.1653975201369917,0.3278884866972981,-0.1275854353800283
data/sensor_images/image_1812.png,surface,0.0,0.0,2.752787314169857,-5.566878152278399,11.594667964791544,0.0,-3.3334003147154725,3.5462036463488142,0.0,0.0,0.0,-2.3398624028319515,0,0,0,0,0,0,4.439925137436845,-2.4379793281979363,-19.12025357173412,-0.1773515857701131,0.3073975587181827,-0.1585916948044524
data/sensor_images/image_1813.png,surface,0.0,0.0,1.5033511650854332,12.34386011626087,2.33211396436142,0.0,3.844713104844301,2.228594451563392,0.0,0.0,0.0,1.5437769935915586,0,0,0,0,0,0,1.8051500447974496,6.524316101061077,-21.36467038741876,-0.119289808239644,0.3596712008631148,-0.1948641494700458
data/sensor_images/image_1814.png,surface,0.0,0.0,2.397537299851507,20.74091782152114,12.494012851255649,0.0,0.7500647752964491,2.8755133040432224,0.0,0.0,0.0,3.878877343477813,0,0,0,0,0,0,4.920216309874689,8.456758283058962,-18.800437711610684,-0.1332942531094826,0.3440236748879063,-0.1610959077827238
data/sensor_images/image_1815.png,surface,0.0,0.0,0.6434676220210966,14.79367124106058,8.834653713441973,0.0,0.5505038216409802,0.3696496848312282,0.0,0.0,0.0,-0.928269149830145,0,0,0,0,0,0,3.9291943898737,7.521364021409004,-21.2263681077403,-0.1394571487993697,0.3136344633673837,-0.0326636838016754
data/sensor_images/image_1816.png,surface,0.0,0.0,1.9697368686618109,-13.093010394429786,-11.892108887279024,0.0,0.5194983971901019,4.858420199116721,0.0,0.0,0.0,4.187114865455921,0,0,0,0,0,0,-5.0822006064377,-5.292895097616236,-21.11114473857219,-0.2370407893886404,0.2613444262158896,-0.2852635309865727
data/sensor_images/image_1817.png,surface,0.0,0.0,2.885109784981581,-13.389940392001105,11.153920206414004,0.0,0.4084955765854933,3.38647979791006,0.0,0.0,0.0,-2.8956891023610765,0,0,0,0,0,0,5.527401866217077,-5.9597873827954,-19.335264068883266,-0.2096658389133653,0.2460653612134766,-0.2045353208803963
data/sensor_images/image_1818.png,surface,0.0,0.0,2.960960095422457,-4.306617644284159,0.016495256631965,0.0,-4.688334011228772,0.524802519441263,0.0,0.0,0.0,-4.025325712402611,0,0,0,0,0,0,-0.9735988716897204,-0.4751458864983549,-19.70553849233584,-0.1655346335557313,0.4044314835313859,-0.1359902783071318
data/sensor_images/image_1819.png,surface,0.0,0.0,1.9460097057714585,8.225784304045277,-4.175545339700587,0.0,-1.170074636581275,1.4885295957855962,0.0,0.0,0.0,0.274436747989756,0,0,0,0,0,0,-1.4153884126631178,4.679301234548936,-21.510909727309503,-0.1656056003218488,0.3726620676258545,-0.1966637607227215
data/sensor_images/image_1820.png,surface,0.0,0.0,0.5357973652868697,6.058707875116662,19.16393070332168,0.0,-2.3561188769413213,1.914193891319809,0.0,0.0,0.0,-0.260363104226168,0,0,0,0,0,0,8.671026050694909,4.283062696508473,-20.70169621615345,-0.1005631688040175,0.3215967374379097,-0.1038332313343009
data/sensor_images/image_1821.png,surface,0.0,0.0,2.599739107436742,-22.302032319543542,-5.872470588832476,0.0,3.234594013822284,0.1511757018933506,0.0,0.0,0.0,-2.921792136469745,0,0,0,0,0,0,-0.2756024788884978,-8.45238214882798,-18.18787002407324,-0.2059625479354963,0.1257935607619458,-0.1617658422682421
data/sensor_images/image_1822.png,surface,0.0,0.0,2.336787964031134,-14.146401998826848,-19.679861885803778,0.0,1.2693367984439528,-4.567999199909162,0.0,0.0,0.0,-2.062602913750493,0,0,0,0,0,0,-7.792322124774392,-3.928426116014389,-18.64494748482684,-0.1563531424583084,0.2768324816592956,-0.1188741099651815
data/sensor_images/image_1823.png,surface,0.0,0.0,0.5617029568469025,8.72103419004049,-17.646014234218562,0.0,-2.9471020346722354,-3.2709826512598217,0.0,0.0,0.0,2.1944353787903106,0,0,0,0,0,0,-7.3281659539827375,4.955350810475052,-21.47301970317495,-0.1760730196614771,0.3462075004371691,-0.1568377599642703
data/sensor_images/image_1824.png,surface,0.0,0.0,2.391654716666857,-9.464345492167723,9.122572687300217,0.0,-0.4248145492274717,-3.865795789389241,0.0,0.0,0.0,2.6073407216355173,0,0,0,0,0,0,4.211691145497192,-2.0902920741409337,-20.15093114922166,-0.0536928564193215,0.273908576146557,-0.3282313721524197
data/sensor_images/image_1825.png,surface,0.0,0.0,2.298745834011047,-24.72406230915921,2.3653473581277784,0.0,3.929421402352992,0.2552631224866857,0.0,0.0,0.0,-4.262658161583075,0,0,0,0,0,0,2.1134198936897937,-9.618592498333744,-19.204495608150346,-0.1826068642041395,0.1681348492861513,-0.2016694809211958
data/sensor_images/image_1826.png,surface,0.0,0.0,0.7414819856128938,7.8530749073080734,-23.4559595140254,0.0,1.269148183619677,-1.338149010330197,0.0,0.0,0.0,1.0328698788249395,0,0,0,0,0,0,-10.158280230431878,5.076934575649274,-20.74224213614033,-0.2091338250882483,0.3481878708930729,-0.1390769380989427
data/sensor_images/image_1828.png,surface,0.0,0.0,1.872189943699043,18.16739839448942,9.17133136539646,0.0,-3.1441446428804425,1.9361786680864583,0.0,0.0,0.0,0.6524517776816303,0,0,0,0,0,0,3.9222221655244,8.862444502628136,-20.003008127755496,-0.0962847156049751,0.4080640113723984,-0.1592713403286712
data/sensor_images/image_1829.png,surface,0.0,0.0,2.7371374115244853,-11.409812860389676,-12.5911941132043,0.0,-0.4922676457830684,-1.2107370057922058,0.0,0.0,0.0,3.093370258105299,0,0,0,0,0,0,-5.093812147179316,-2.0134672255738666,-18.730476396571888,-0.1430101136449015,0.3040074074931769,-0.2940459223524548
data/sensor_images/image_1830.png,surface,0.0,0.0,1.6078055985864033,-21.85447963800987,-3.451733547952621,0.0,1.765000876139648,3.055545783190171,0.0,0.0,0.0,-3.742643899458238,0,0,0,0,0,0,-1.044236727695993,-8.72021412837992,-21.10462428968224,-0.1926417302119247,0.2389403800543117,-0.1994717412045899
data/sensor_images/image_1831.png,surface,0.0,0.0,1.8978939000402129,-9.967586960422144,3.251603582941714,0.0,-3.8353249997953394,2.077352872317181,0.0,0.0,0.0,3.034448496223879,0,0,0,0,0,0,1.5071587046364918,-3.72627462419426,-21.159919108064955,-0.1473268395431262,0.2923824348982577,-0.3234202400199318
data/sensor_images/image_1832.png,surface,0.0,0.0,1.877366103172617,-14.389862909516305,-10.052823771120128,0.0,4.262401349800957,-0.590600066079728,0.0,0.0,0.0,-4.837732426853847,0,0,0,0,0,0,-3.383299049007612,-4.585405170003053,-21.45485836564032,-0.1799746262433735,0.2456359699908477,-0.144835618176797
data/sensor_images/image_1833.png,surface,0.0,0.0,1.798439841447432,2.0248502291851005,-15.265769326408815,0.0,-0.4076050216691716,-1.3065749224253471,0.0,0.0,0.0,2.5025215157193683,0,0,0,0,0,0,-6.496093399711143,2.7836079905481963,-21.44907798160677,-0.1674733437861004,0.349794692511635,-0.2289459630869688
data/sensor_images/image_1835.png,surface,0.0,0.0,2.8665732989305783,21.496484076735072,3.406310100149456,0.0,-0.0442543309936904,4.175550900732607,0.0,0.0,0.0,3.433473133639488,0,0,0,0,0,0,1.0876495174970724,8.213933219602033,-16.791664583882863,-0.2052309785547659,0.3731260152144448,-0.1371503260591004
data/sensor_images/image_1836.png,surface,0.0,0.0,2.787304971550556,8.839773919727183,5.018584782365558,0.0,2.65447085243517,3.627344651589621,0.0,0.0,0.0,-2.399044207078638,0,0,0,0,0,0,2.723297013545947,4.728022040963457,-19.9969496563704,-0.1870838801526314,0.2721893476481732,-0.0717208571690627
data/sensor_images/image_1837.png,surface,0.0,0.0,0.991129108882366,-22.912023307650813,1.6304297404788013,0.0,4.095311902550668,1.9515299650173457,0.0,0.0,0.0,0.1450916485664031,0,0,0,0,0,0,1.7971153096722094,-8.573312503831469,-20.784546280547453,-0.144181512710163,0.2458201716344081,-0.2155858736945162
data/sensor_images/image_1838.png,surface,0.0,0.0,2.669999624920731,20.477760330561537,9.566945237943411,0.0,3.208230620275621,2.922583319506165,0.0,0.0,0.0,4.55511273783263,0,0,0,0,0,0,4.854096142640314,8.655169750621056,-18.36717730969664,-0.1403607464386558,0.3252174857116497,-0.1830973740235831
data/sensor_images/image_1839.png,surface,0.0,0.0,1.2943870512762066,-4.9382996312048,15.655368572679135,0.0,2.6695899736824305,-3.629278214166264,0.0,0.0,0.0,-0.7529780592623805,0,0,0,0,0,0,7.291037582521575,-0.5451394176907434,-20.83354616847175,-0.1146049456871549,0.2954604004043198,-0.1571299280579154
data/sensor_images/image_1840.png,surface,0.0,0.0,0.5320287554164833,16.36989725368437,-16.08356177932426,0.0,-3.6732729583211934,2.7731881643855014,0.0,0.0,0.0,0.8364897803934115,0,0,0,0,0,0,-6.904633645842855,8.389997870055044,-20.76659224650342,-0.1547042760635661,0.354687565694118,-0.1035198719810078
data/sensor_images/image_1841.png,surface,0.0,0.0,1.8328106962180108,-11.311590290292116,-7.129575744215803,0.0,-0.1646855700673744,1.299944595477034,0.0,0.0,0.0,-1.1171540654961278,0,0,0,0,0,0,-2.8135659283533445,-4.309788070305388,-21.139622935358087,-0.1966806824650217,0.3007207192924491,-0.1283481822549983
data/sensor_images/image_1842.png,surface,0.0,0.0,0.73568290108852,2.5873604489897875,-23.42426504572881,0.0,1.344099776801165,3.683299171382135,0.0,0.0,0.0,-2.762890411029751,0,0,0,0,0,0,-9.97302012564524,2.1378256784936456,-20.853103458201826,-0.1497882161339584,0.304849930768419,-0.0072385806513622
data/sensor_images/image_1843.png,surface,0.0,0.0,1.7482705986977949,-16.763712160191115,6.886016616124233,0.0,-0.0265995503105753,-3.865361139949338,0.0,0.0,0.0,4.446412036225015,0,0,0,0,0,0,3.197083413325534,-5.715395735422857,-20.834628625060063,-0.0568922593189984,0.2286995286457381,-0.3453934128378301
data/sensor_images/image_1844.png,surface,0.0,0.0,2.3494385663272164,-12.456573111283667,17.08463871737486,0.0,0.608417374765112,2.931381708051476,0.0,0.0,0.0,1.6477155264750063,0,0,0,0,0,0,7.671657586392627,-5.611712876458869,-19.68250942549258,-0.0866779975135602,0.2184722165384429,-0.3418779601447042
data/sensor_images/image_1845.png,surface,0.0,0.0,2.6144377029441435,2.2188035532752126,-11.612854084748948,0.0,4.561142261123786,-1.2716735991413148,0.0,0.0,0.0,0.7333623700845004,0,0,0,0,0,0,-3.376871528587372,2.473825789801646,-19.79723504915064,-0.1485288034870953,0.2646036217897763,-0.215551072597686
data/sensor_images/image_1846.png,surface,0.0,0.0,1.307033426954446,3.976836788467792,7.001973735609704,0.0,-0.0022058289050299,2.96056281711586,0.0,0.0,0.0,-1.83703114489548,0,0,0,0,0,0,3.2848398970556665,2.8604201213066407,-23.14676340324781,-0.1252904789210845,0.3236956038375511,-0.0773622487440956
data/sensor_images/image_1849.png,surface,0.0,0.0,2.03905358764475,13.658279138906307,-10.331908238845717,0.0,-4.209903396940953,2.0463223806424664,0.0,0.0,0.0,-3.071173926281721,0,0,0,0,0,0,-4.484251866749522,6.965373192114059,-20.942226221450536,-0.1465645648531112,0.3820061619847953,0.0044350776293743
data/sensor_images/image_1850.png,surface,0.0,0.0,1.373924359521707,-10.873260065397329,-10.267711003556258,0.0,-3.158709070096092,-1.0173959986044872,0.0,0.0,0.0,2.098257674373468,0,0,0,0,0,0,-4.287689461975994,-3.639051908620852,-22.371057157192247,-0.1875270274581579,0.2913676476596458,-0.2905642771537841
data/sensor_images/image_1851.png,surface,0.0,0.0,1.871880109005801,-2.584281304221622,1.9566074829382727,0.0,-1.4698484779005458,-3.805047410287043,0.0,0.0,0.0,-0.3264369835649026,0,0,0,0,0,0,1.5868654757928056,0.2053682440717876,-21.95192935077313,-0.0953577281620829,0.3310204638740097,-0.2922174434205623
data/sensor_images/image_1853.png,surface,0.0,0.0,1.0780879451069512,-13.37310668047122,13.131813533065296,0.0,-1.3147251579616035,-4.68266820981188,0.0,0.0,0.0,-1.0121102533211013,0,0,0,0,0,0,6.49134831070924,-4.523928690578524,-20.86866633075818,-0.0843534861159259,0.291357563204868,-0.1976682602633553
data/sensor_images/image_1854.png,surface,0.0,0.0,2.590964305119164,-19.021255083364323,5.568454916784512,0.0,-2.1752535764902503,2.6749880928758265,0.0,0.0,0.0,-0.8614395391283578,0,0,0,0,0,0,2.4395912542149074,-7.49311149163313,-18.52631525836255,-0.2139935271177227,0.2989373334476041,-0.2398119473618292
data/sensor_images/image_1855.png,surface,0.0,0.0,2.49398458489606,-16.293859325708762,-14.089785605167528,0.0,-2.154386792424649,-1.4121568619169218,0.0,0.0,0.0,0.1809826492438659,0,0,0,0,0,0,-6.245750193193397,-4.954163255701094,-18.564840816514643,-0.222874874491237,0.3131576035878279,-0.3240844893766976
data/sensor_images/image_1857.png,surface,0.0,0.0,1.695969923752539,16.81241726067737,-12.474245290611991,0.0,1.0792539674286077,-1.2482403658765124,0.0,0.0,0.0,1.069469934173517,0,0,0,0,0,0,-5.106999117478429,8.389335773952332,-20.077787608502693,-0.1034891312567632,0.3547466108326887,-0.1311226374556953
data/sensor_images/image_1860.png,surface,0.0,0.0,1.1228103942712546,4.159613230865777,-4.799671551806054,0.0,-1.7198366512730914,3.4137804828754343,0.0,0.0,0.0,-3.910330498712295,0,0,0,0,0,0,-1.9262033588556504,3.177749668341784,-22.89659714018895,-0.1645135761050351,0.3344670446628355,-0.0622532280134209
data/sensor_images/image_1861.png,surface,0.0,0.0,0.5154942801408455,10.122849014667548,0.4242216795426742,0.0,-3.25995242724804,2.099501709575045,0.0,0.0,0.0,-0.7342313347797012,0,0,0,0,0,0,0.7156933930948655,5.928652620009628,-23.39556444647417,-0.1377419841091512,0.3338355967270315,-0.0500710764260745
data/sensor_images/image_1862.png,surface,0.0,0.0,2.799516889371888,-0.0916869023500589,-5.8829688664201445,0.0,-1.7984006505657688,2.39007571830705,0.0,0.0,0.0,-1.059164607326065,0,0,0,0,0,0,-3.3260897475400286,-0.1528152951331109,-19.945599423907137,-0.2412619786910163,0.387977241752467,-0.071767496687791
data/sensor_images/image_1864.png,surface,0.0,0.0,2.4545794954727933,-21.182025187806584,2.740367331912072,0.0,-2.5166845995049183,-3.339765142633883,0.0,0.0,0.0,-4.096558374408393,0,0,0,0,0,0,1.5028079136566035,-6.19548390500701,-18.277341601090704,-0.1129714416981807,0.2961666919723295,-0.2289315600329636
data/sensor_images/image_1865.png,surface,0.0,0.0,0.6852838670162591,-6.217771958449105,12.366387527303552,0.0,-2.0481984702784635,0.9699886366274288,0.0,0.0,0.0,2.4349974650017767,0,0,0,0,0,0,5.915926878177143,-1.4544412850421256,-22.18869482310789,-0.0809607446903624,0.3056794912912054,-0.3219735112417519
data/sensor_images/image_1866.png,surface,0.0,0.0,2.707276083263946,2.587977952058255,15.546366862152077,0.0,2.8858356744997367,3.4527861986998327,0.0,0.0,0.0,2.4793047296195203,0,0,0,0,0,0,7.645257854831571,1.4578458456823158,-20.640289472427483,-0.1054109995896044,0.2508872971673276,-0.2801088091355844
data/sensor_images/image_1867.png,surface,0.0,0.0,0.8668364987498438,-4.052785399497028,21.1766743761756,0.0,-1.3259951968961226,2.9276795070789268,0.0,0.0,0.0,-3.6768018558484417,0,0,0,0,0,0,9.510798712568288,-0.6389788995785864,-20.88123811794668,-0.0854724097539342,0.3043740622947476,-0.1599874903730481
data/sensor_images/image_1869.png,surface,0.0,0.0,2.4118006524637003,14.933149388925424,12.04423992371021,0.0,-0.6500226618722613,-2.983514217152738,0.0,0.0,0.0,0.4743392817775982,0,0,0,0,0,0,5.70987272375263,8.53795621633209,-20.4408951153668,-0.0264606364695119,0.3714091146888925,-0.1769592535941055
data/sensor_images/image_1870.png,surface,0.0,0.0,2.3470455238692907,-6.99939488779217,13.56045218562956,0.0,0.4517416429948374,4.833018607885296,0.0,0.0,0.0,-3.810627422064952,0,0,0,0,0,0,6.71234382144358,-2.277657385047556,-21.384925496057026,-0.174544399174518,0.2927612337438856,-0.1951830804432034
data/sensor_images/image_1871.png,surface,0.0,0.0,2.21799420271714,4.740628410222188,-3.325877556977096,0.0,-4.068319321523493,1.217121053195818,0.0,0.0,0.0,1.7247981221915074,0,0,0,0,0,0,-2.0896406147862066,3.0725842294074788,-22.26269294221974,-0.1506272555389433,0.3720704415859842,-0.2151462557802143
data/sensor_images/image_1872.png,surface,0.0,0.0,1.0062542768069391,-18.13904202962659,13.988369182082726,0.0,-0.8847553843584435,3.460894924001523,0.0,0.0,0.0,1.1968541702709032,0,0,0,0,0,0,6.516744036749698,-7.18390900164389,-21.514473276811376,-0.04013501130938,0.2226715115528157,-0.3814656348137234
data/sensor_images/image_1873.png,surface,0.0,0.0,2.144477370007179,8.436263487474145,3.0936859370017924,0.0,0.7350347904166901,-1.3411418113442122,0.0,0.0,0.0,1.1801214730294562,0,0,0,0,0,0,1.8257192808522165,6.129747805369692,-22.163509450808448,-0.0730573216806002,0.336037252029676,-0.2113124825708859
data/sensor_images/image_1874.png,surface,0.0,0.0,0.7714758510907134,-4.590503791488163,12.845226357285702,0.0,0.6988090807904379,1.9309987178221657,0.0,0.0,0.0,-1.933882316582664,0,0,0,0,0,0,6.562449786068594,-1.0617694029593676,-23.18296653981169,-0.0948547683709591,0.3082083715355777,-0.1629121695138955
data/sensor_images/image_1875.png,surface,0.0,0.0,2.6490436362983347,-6.344724771433294,-9.09337098367797,0.0,-2.701477589923392,3.50317658791105,0.0,0.0,0.0,-1.1601006437339976,0,0,0,0,0,0,-4.041721428878431,-2.5531551923589944,-20.63686555192025,-0.2152365406092256,0.369654193072005,-0.099033305663144
data/sensor_images/image_1876.png,surface,0.0,0.0,1.000926801691373,-23.82099346048304,-2.227865542742292,0.0,0.3001963956598701,-4.629050252046891,0.0,0.0,0.0,3.015339651891141,0,0,0,0,0,0,-0.332823649584385,-9.27520779067917,-21.33703764717954,-0.1524233091998082,0.1920558596628265,-0.3651843977467545
data/sensor_images/image_1877.png,surface,0.0,0.0,1.5990133279041547,-18.166886582669783,14.346951162120329,0.0,-4.308973900073727,0.308599298912379,0.0,0.0,0.0,-4.54768349037899,0,0,0,0,0,0,6.514468037686637,-6.710544968456984,-21.03176421124345,-0.0909675115797413,0.2878039910989011,-0.2376115383151266
data/sensor_images/image_1878.png,surface,0.0,0.0,2.7651112460316147,-3.6535368703830864,10.972501144179502,0.0,1.6806113962523883,-4.496223179829824,0.0,0.0,0.0,-4.504482311818871,0,0,0,0,0,0,5.458580660649018,1.1862480725090032,-21.32269712056713,0.005040685685125,0.2396207092666936,-0.1197074190628463
data/sensor_images/image_1879.png,surface,0.0,0.0,2.4885683289384737,8.907607763592996,-5.284939387111332,0.0,0.95648697669827,3.844140829845622,0.0,0.0,0.0,2.9690550554759474,0,0,0,0,0,0,-1.860184173797892,4.769809687351496,-21.260472306571025,-0.1937689518331639,0.358312931101109,-0.1970130964250724
data/sensor_images/image_1880.png,surface,0.0,0.0,0.5953056231919969,-18.002660448461622,-0.2451730912788635,0.0,2.874227742661541,1.0694512557638132,0.0,0.0,0.0,-2.4374348952289893,0,0,0,0,0,0,0.6257659410180139,-6.926623012736109,-22.58302220385412,-0.145089990083938,0.2710003016349207,-0.1962702077158743
data/sensor_images/image_1881.png,surface,0.0,0.0,1.7212654174215918,-18.203980277849645,10.500021264389456,0.0,-2.26906387285312,1.6713706751117654,0.0,0.0,0.0,0.6745642344660805,0,0,0,0,0,0,4.498846123988024,-7.69147433511366,-20.79902672394004,-0.0869729786991778,0.243964498437991,-0.3703835582310675
data/sensor_images/image_1882.png,surface,0.0,0.0,1.812865344533414,8.367628737023976,2.589785083523996,0.0,-4.109749254386126,2.1393869596440145,0.0,0.0,0.0,-3.1290753311133788,0,0,0,0,0,0,1.0811574117462248,4.693125934930243,-22.509186403229865,-0.1237368804993245,0.3543810588849447,-0.073506005893363
data/sensor_images/image_1883.png,surface,0.0,0.0,2.588208007119051,-11.065315795555325,-16.12308836188819,0.0,4.960226039928653,-0.3985939709756156,0.0,0.0,0.0,1.2355639356555406,0,0,0,0,0,0,-5.547936766162965,-3.868573476506923,-19.21850743133789,-0.1985847071696092,0.2201388431766326,-0.2565954069582971
data/sensor_images/image_1884.png,surface,0.0,0.0,1.9924130313277209,17.446426026076974,6.102231023291956,0.0,0.7637213470407505,-3.337947185667565,0.0,0.0,0.0,2.205299393174556,0,0,0,0,0,0,3.3776688311733984,9.045205734557426,-20.858534266935315,-0.0567379005699621,0.3697034095293269,-0.167661868693224
data/sensor_images/image_1886.png,surface,0.0,0.0,1.54932711082533,10.988763029800372,18.271355901452708,0.0,-1.4833391956703534,1.385419376814485,0.0,0.0,0.0,-2.0703132914446742,0,0,0,0,0,0,7.946009606264191,6.328067806518476,-21.1501010961215,-0.1387545951830507,0.3377563547475574,-0.0558666071635884
data/sensor_images/image_1887.png,surface,0.0,0.0,2.150500931843039,-2.270254464354796,-23.26896269901989,0.0,-2.204101917833212,-1.4839410178624657,0.0,0.0,0.0,-1.9518797760877904,0,0,0,0,0,0,-10.53077434406626,0.4860721283370297,-20.294515312597056,-0.1487194751380401,0.3540976059123504,-0.052601116704217
data/sensor_images/image_1889.png,surface,0.0,0.0,1.4602107537120508,13.33628025667664,6.395416727232105,0.0,-3.6287374846725298,-0.3435878209630695,0.0,0.0,0.0,-0.2647561529596256,0,0,0,0,0,0,3.150056358053948,7.405590945065724,-21.854125848178285,-0.1254736089100883,0.3754541804489215,-0.0398682249271695
data/sensor_images/image_1890.png,surface,0.0,0.0,2.961483151408886,12.251896470164237,20.598415367797266,0.0,1.3427239182685928,-2.37320194491462,0.0,0.0,0.0,0.1783773354205928,0,0,0,0,0,0,9.269428742958496,7.527124779344039,-18.34805374587554,0.0372877629230067,0.2972903326211945,-0.1836388723037673
data/sensor_images/image_1891.png,surface,0.0,0.0,1.8721521312588465,-9.500600985279084,15.86720438608751,0.0,1.4427174007044046,3.46615632061883,0.0,0.0,0.0,-1.4733252898293223,0,0,0,0,0,0,7.958487272801912,-3.1585996509071714,-21.53521511520523,-0.1273646534347804,0.2839025304338778,-0.1914311640949971
data/sensor_images/image_1892.png,surface,0.0,0.0,1.659385128811636,-6.497983455893571,11.35330135846792,0.0,3.0393330631041624,-3.500138691632597,0.0,0.0,0.0,-1.4659409903384724,0,0,0,0,0,0,6.193273828287835,-1.32151543588723,-22.07792570952556,-0.0994760713581264,0.299121961500412,-0.153793181775594
data/sensor_images/image_1894.png,surface,0.0,0.0,1.948348651375965,23.70044569465356,6.4963586324901,0.0,0.7997349659202739,-2.149755450326139,0.0,0.0,0.0,-1.5570799095747545,0,0,0,0,0,0,2.5728514338755284,12.233021656346686,-20.60556237054292,-0.1233474300815223,0.3259131420535152,0.014130767146802
data/sensor_images/image_1897.png,surface,0.0,0.0,2.9454224896222927,3.700461988933562,19.289350899038908,0.0,2.1948759126224573,0.0740351191193862,0.0,0.0,0.0,1.2962878380401897,0,0,0,0,0,0,10.143890110955487,3.192484678553077,-19.724082451023744,-0.0458497606857519,0.2344639464511036,-0.25706153026948
data/sensor_images/image_1898.png,surface,0.0,0.0,1.736270839780059,10.42824536614941,1.4257173031420778,0.0,-4.654595307425824,-0.725501048007712,0.0,0.0,0.0,-3.1776453283186514,0,0,0,0,0,0,0.94837950607237,6.30256729644435,-22.52904054132655,-0.1323709562717955,0.3707534126595542,-0.0407746350413979
data/sensor_images/image_1899.png,surface,0.0,0.0,2.450471647222902,-15.680559343223242,8.751739435476509,0.0,0.5563314841743401,-0.6767056455623165,0.0,0.0,0.0,-3.766838584138826,0,0,0,0,0,0,4.465171953214432,-5.319473995343882,-20.433323671553627,-0.0719853171990148,0.2490487868631688,-0.1909121354454938
data/sensor_images/image_1900.png,surface,0.0,0.0,1.7657459091721324,12.984850408409358,-14.987862467157344,0.0,1.843134994162835,0.7149360810814006,0.0,0.0,0.0,0.9277155857486532,0,0,0,0,0,0,-6.0202494789875525,6.887011138097406,-21.05622422397695,-0.1673499407075607,0.3598342480430285,-0.1512682133255374
data/sensor_images/image_1901.png,surface,0.0,0.0,1.0798289231439748,1.8752549549427424,21.78241496441936,0.0,-1.9202911671578595,-2.472718656059255,0.0,0.0,0.0,-0.1084096051860274,0,0,0,0,0,0,10.076054909990876,1.912490876955468,-21.28111094423549,-0.0136639886084793,0.3242187136769983,-0.2510256841075304
data/sensor_images/image_1903.png,surface,0.0,0.0,2.7032674823219662,0.3812913919782222,20.69006683154902,0.0,-0.8913547188479036,-3.982496421640328,0.0,0.0,0.0,-1.0285395238768658,0,0,0,0,0,0,9.732383440137982,3.1027548138747365,-19.031103084023314,-0.0403514502199773,0.2979410448246329,-0.1355791384549943
data/sensor_images/image_1905.png,surface,0.0,0.0,2.7124557942658027,9.400150873321753,0.3183333142876828,0.0,2.9906345200833977,3.264014712925549,0.0,0.0,0.0,-2.5151584026159703,0,0,0,0,0,0,0.8987848206522544,4.600515279012225,-21.01897233012066,-0.1777943662111946,0.2779027832978284,-0.0394894760697385
data/sensor_images/image_1906.png,surface,0.0,0.0,0.9925349279161138,-12.887509012486092,-18.001853319246937,0.0,4.454331310888476,-1.4393991810930191,0.0,0.0,0.0,-4.02482836937284,0,0,0,0,0,0,-7.593206993695216,-4.797023548358459,-22.55432352012586,-0.1634997651765897,0.2933915808466833,-0.1115251652480123
data/sensor_images/image_1908.png,surface,0.0,0.0,2.827538106741608,8.418121785571529,-15.211243993049235,0.0,2.1131364643798163,3.3822305813348827,0.0,0.0,0.0,-2.571980055495154,0,0,0,0,0,0,-5.767151437753117,3.895952929127696,-19.335215270257624,-0.2338680264750454,0.3147233837551403,0.0090556103868309
data/sensor_images/image_1909.png,surface,0.0,0.0,1.9112329269294448,-5.59591592706042,2.37393998896218,0.0,-0.2033390022759514,-2.5236933314686887,0.0,0.0,0.0,-4.495014994546009,0,0,0,0,0,0,1.852906094897736,-0.5700274656915101,-23.30828394931547,-0.0877950172093365,0.3295765994245439,-0.1443032073251152
data/sensor_images/image_1910.png,surface,0.0,0.0,1.029071267609969,-18.26615078776169,14.0326429494828,0.0,3.057464956651569,-1.6851640620117188,0.0,0.0,0.0,1.6895819790062552,0,0,0,0,0,0,6.921561878686769,-6.851883774540466,-21.454158414862164,-0.0418142470169148,0.214441353575756,-0.3699039458039238
data/sensor_images/image_1911.png,surface,0.0,0.0,1.1623848802367684,-8.743331896080345,-5.130999946718148,0.0,-0.0119934839314887,-4.558041256852988,0.0,0.0,0.0,3.1690790054583537,0,0,0,0,0,0,-1.3831292257093624,-2.501100030045301,-23.61392439813876,-0.1424586374961023,0.2916656818988683,-0.2854159486883533
data/sensor_images/image_1912.png,surface,0.0,0.0,2.196426905153822,-6.637635681050214,23.00798910935967,0.0,2.148901650886024,-2.4512955586635994,0.0,0.0,0.0,-4.514232287614028,0,0,0,0,0,0,11.790178594606724,-1.025771296707456,-20.4828342541433,-0.03879041302335,0.2734615117682248,-0.180184435559134
data/sensor_images/image_1913.png,surface,0.0,0.0,2.367599122015738,-1.1719978666855095,15.15418173706958,0.0,-3.617342116440162,0.8677611063029846,0.0,0.0,0.0,-4.1106238053428426,0,0,0,0,0,0,6.076427751417045,0.3524731250861253,-21.50338742750912,-0.1066080912699683,0.3547323610398061,-0.1480066490362399
data/sensor_images/image_1914.png,surface,0.0,0.0,1.97938058912881,-2.338677092958942,-3.616265397526668,0.0,4.723710052393034,1.292664959242581,0.0,0.0,0.0,2.6904727606422103,0,0,0,0,0,0,-0.7552185601159438,0.4674574183393124,-22.74104126445273,-0.1703289272856487,0.2879743738326858,-0.254101608988353
data/sensor_images/image_1915.png,surface,0.0,0.0,1.203564459637682,-8.07428703754275,19.826756165126348,0.0,-0.7765279394414656,-1.487506773776713,0.0,0.0,0.0,-2.6509947594730585,0,0,0,0,0,0,9.030798513560391,-2.1333011610872434,-22.46813824808516,-0.0579353891130896,0.3003887096293652,-0.1767842109763809
data/sensor_images/image_1916.png,surface,0.0,0.0,0.9669270067138503,12.247474415609329,-4.46245266668927,0.0,-3.654402201621417,-3.175509467797299,0.0,0.0,0.0,2.575934224359165,0,0,0,0,0,0,-1.678933324692051,6.994906692761955,-23.122984609209634,-0.1400764516466615,0.3776330289457172,-0.1806630764597303
data/sensor_images/image_1917.png,surface,0.0,0.0,2.136616558009464,5.29376018077575,19.13580427167615,0.0,-4.1572560110279575,2.568635973037717,0.0,0.0,0.0,1.0513477710702457,0,0,0,0,0,0,8.89992568786674,3.394514526184356,-20.35469750527122,-0.0765747816240265,0.377126778136391,-0.2567176942268864
data/sensor_images/image_1919.png,surface,0.0,0.0,0.9069474066827417,-15.736677395661856,-15.555412458285444,0.0,-3.719881228858812,-3.072993367629897,0.0,0.0,0.0,-1.490604090533524,0,0,0,0,0,0,-5.732420228548652,-6.068318336359731,-22.65668706975179,-0.2104039864456541,0.317713913306317,-0.1739611483897693
data/sensor_images/image_1920.png,surface,0.0,0.0,0.8278531895006556,16.994365366946152,-18.165958817375,0.0,0.1104184520119586,-2.091063366348749,0.0,0.0,0.0,2.075208513270669,0,0,0,0,0,0,-7.827820172699095,9.15487757405733,-21.665270843787365,-0.1708302727761574,0.3583670124622146,-0.1007746503139535
data/sensor_images/image_1921.png,surface,0.0,0.0,2.34711143970452,-0.531884194387896,-17.651177201936445,0.0,0.9143903867928872,-3.3803299745449618,0.0,0.0,0.0,3.1359198941059248,0,0,0,0,0,0,-7.853584383738193,1.9252164339530125,-21.97667400661148,-0.1356083538793071,0.3263215887052734,-0.2131070733191589
data/sensor_images/image_1922.png,surface,0.0,0.0,2.279778902382612,-24.000013930904306,2.43716478010724,0.0,-1.3100104810651485,1.413660177467455,0.0,0.0,0.0,1.2533453129493122,0,0,0,0,0,0,0.7322729301826219,-10.653177348000074,-20.28381716604512,-0.2016900352670022,0.2214008200783982,-0.3964197511106855
data/sensor_images/image_1923.png,surface,0.0,0.0,2.8186862775393884,-21.982422486266795,2.165479089784553,0.0,3.1700145950234897,-1.1784909816545963,0.0,0.0,0.0,0.441906034816629,0,0,0,0,0,0,3.1249271098882025,-7.754002403350369,-18.17106081131112,-0.1434814158441036,0.1144854603364117,-0.3440777923125335
data/sensor_images/image_1927.png,surface,0.0,0.0,1.058763788641809,-2.6082025195090184,20.57574440828697,0.0,-2.653940922652594,3.998681815909182,0.0,0.0,0.0,-1.5808703548515437,0,0,0,0,0,0,9.627358808967264,-0.345146374972496,-23.028904362110985,-0.0831553759174113,0.2939362803504216,-0.1310104854634211
data/sensor_images/image_1928.png,surface,0.0,0.0,1.6349223249849183,0.1889027344490801,14.22713608173425,0.0,2.3728596812741216,0.9729119381826612,0.0,0.0,0.0,3.720141492351116,0,0,0,0,0,0,7.024279895642985,0.6586563799231201,-23.18224578780338,-0.0521833834792132,0.2975297237107642,-0.2777246026310087
data/sensor_images/image_1929.png,surface,0.0,0.0,2.914544007909038,14.62337660453259,-17.21660398760107,0.0,2.347782557920025,1.9273351374748613,0.0,0.0,0.0,0.2967268697402394,0,0,0,0,0,0,-5.813535060993425,6.474033226601899,-17.213985945150828,-0.1855591419172007,0.3767598546960878,-0.1367250651608462
data/sensor_images/image_1930.png,surface,0.0,0.0,2.8872059762932114,-1.3929980771241914,24.251142462495768,0.0,-4.219299155947015,-1.2888043198369854,0.0,0.0,0.0,-2.159003871133144,0,0,0,0,0,0,8.814531320598709,1.399465845816001,-15.863079796030322,-0.0385275369649071,0.4017692627990726,-0.1555159223822606
data/sensor_images/image_1932.png,surface,0.0,0.0,1.6216721756201875,23.50434394877717,5.444356172832403,0.0,3.823060737323796,-0.4640099375246763,0.0,0.0,0.0,0.6845766574707044,0,0,0,0,0,0,3.3954570569641644,12.218006467394714,-21.416887370147336,-0.1025888142950851,0.4041735806042707,-0.1214478405586231
data/sensor_images/image_1936.png,surface,0.0,0.0,1.7933167385192563,8.97506376409021,-9.332900334003964,0.0,-1.521731437288404,-2.0329536677513,0.0,0.0,0.0,-0.1665336413312683,0,0,0,0,0,0,-4.0705693970112655,6.070108253164988,-23.01217301079741,-0.14010179688045,0.3874459837352537,-0.2038198842607657
data/sensor_images/image_1937.png,surface,0.0,0.0,1.9313825640189093,-7.183227365945254,-6.195111371639275,0.0,3.95717055030096,2.413376222929984,0.0,0.0,0.0,-2.2954545090199465,0,0,0,0,0,0,-2.023310819863452,-2.3131971048596403,-23.562712530130693,-0.1903620828631993,0.2875825027408291,-0.1283758360601589
data/sensor_images/image_1938.png,surface,0.0,0.0,1.880729624029626,-2.396289176377078,6.929913119760709,0.0,-3.0222625705447945,2.110910008817641,0.0,0.0,0.0,-3.136149495774622,0,0,0,0,0,0,3.3588985660134054,-0.0570651782947984,-23.34346408530235,-0.1699699129414152,0.341688576794227,-0.1500931666222567
data/sensor_images/image_1940.png,surface,0.0,0.0,0.8660512045541853,8.179621794268009,20.51493357417728,0.0,3.7242910669563583,1.1642398110215368,0.0,0.0,0.0,2.7830339498176784,0,0,0,0,0,0,9.83290789847132,4.846335539387525,-21.661838833557933,-0.0530842370339048,0.3605986217921263,-0.259347657364827
data/sensor_images/image_1942.png,surface,0.0,0.0,0.7808201305167052,-5.528794674617253,-7.721229482526662,0.0,-2.242441088666625,-0.0641096938165302,0.0,0.0,0.0,1.2878909031591217,0,0,0,0,0,0,-3.091266765650686,-1.4782247611956685,-24.41064416419346,-0.1666787178375759,0.3070527785122166,-0.2521780116937474
data/sensor_images/image_1943.png,surface,0.0,0.0,0.8486703944366407,9.369717853631975,8.468164802311469,0.0,3.120110012357905,-2.433166261548048,0.0,0.0,0.0,2.7047687438836725,0,0,0,0,0,0,4.3743845397494505,5.619046482199895,-23.543237387529665,-0.0923006945043637,0.363030909762986,-0.2151584931856771
data/sensor_images/image_1945.png,surface,0.0,0.0,0.5985262636391386,7.654514499203211,-3.5615787862952724,0.0,2.757570971040609,0.5185414735720871,0.0,0.0,0.0,3.156767592798893,0,0,0,0,0,0,-1.3178248377661177,4.679291131967588,-24.60279705969568,-0.1454728634378173,0.3569462916413059,-0.2051026105370725
data/sensor_images/image_1946.png,surface,0.0,0.0,2.6443296241677063,5.380268321750251,22.336249677047984,0.0,3.373228358525927,-3.594810349666657,0.0,0.0,0.0,1.9542873755422887,0,0,0,0,0,0,10.806615150801887,4.047178823984428,-20.17321690368913,0.0147755616679045,0.2818198752781326,-0.260099116141343
data/sensor_images/image_1947.png,surface,0.0,0.0,2.7292709774888264,3.035093616582895,-20.59190844373716,0.0,4.976422686832216,0.028952584449857,0.0,0.0,0.0,-3.366578854511172,0,0,0,0,0,0,-7.7297067333169345,2.64415168728004,-19.08631613787682,-0.1675242739878511,0.3017278476671271,-0.0009110476344439
data/sensor_images/image_1948.png,surface,0.0,0.0,0.8064090306164144,0.7271609740831293,-2.948154603716896,0.0,0.690604445975763,-2.659871644853852,0.0,0.0,0.0,3.16223115373281,0,0,0,0,0,0,-0.8406957406509445,1.6133335438004193,-24.65668220482268,-0.1282728957674987,0.3238995216720396,-0.2290134170688951
data/sensor_images/image_1949.png,surface,0.0,0.0,1.6539218805147864,6.4404608150251725,-16.227742705454652,0.0,-3.4353728048961383,-3.261098754055243,0.0,0.0,0.0,2.322237678144829,0,0,0,0,0,0,-6.638429653541442,4.65360630056933,-21.88449165038928,-0.184163731193235,0.3730233010018943,-0.1900321858634984
data/sensor_images/image_1950.png,surface,0.0,0.0,1.4829615689596605,-8.703407140425035,-0.3734016892040322,0.0,1.54189587754208,-4.63437320745023,0.0,0.0,0.0,0.7930577119783475,0,0,0,0,0,0,0.4901279839036041,-2.7854489037112464,-23.43834982981306,-0.1404283439713426,0.2904456445530797,-0.3019787346390208
data/sensor_images/image_1951.png,surface,0.0,0.0,0.8153847145014038,5.771236404934783,13.471545703559377,0.0,3.230076636124418,1.0817375247590324,0.0,0.0,0.0,-3.745415125877379,0,0,0,0,0,0,6.800823427644135,4.060669861786036,-22.856573422906585,-0.1365772883285087,0.3250828100686765,-0.0942662791874053
data/sensor_images/image_1952.png,surface,0.0,0.0,2.6609816525265173,-13.70807106589898,16.1309846508058,0.0,0.2016142164033529,1.7563980628176692,0.0,0.0,0.0,-1.1490723595272403,0,0,0,0,0,0,7.954970880756772,-6.486897159292647,-19.998460530950773,-0.1840716796691701,0.2564805692007672,-0.2323562849029721
data/sensor_images/image_1953.png,surface,0.0,0.0,2.6601686708153567,-4.309322764639445,6.082071163371344,0.0,4.118711636789775,-2.459014974749843,0.0,0.0,0.0,-1.0157732603664271,0,0,0,0,0,0,4.569052571266068,-0.4054596608724443,-21.83956580564696,-0.0912314271522252,0.2347949699765668,-0.1411657952963455
data/sensor_images/image_1955.png,surface,0.0,0.0,0.9164145064110948,-2.028342056014351,-18.05779351423153,0.0,1.4529730325583945,-0.3958581539624083,0.0,0.0,0.0,2.7185859961143564,0,0,0,0,0,0,-7.958591769481362,0.2406074847548894,-23.562416252636645,-0.2004482203141938,0.3114956194269285,-0.186625114909065
data/sensor_images/image_1956.png,surface,0.0,0.0,1.1590741064477392,4.377207301758237,-6.658879534371002,0.0,1.1172423373480818,2.537316623276634,0.0,0.0,0.0,2.1071602851034434,0,0,0,0,0,0,-2.182738696319488,3.067965241720901,-23.99072756423162,-0.1614335578985248,0.3496012907355337,-0.2133907069069718
data/sensor_images/image_1958.png,surface,0.0,0.0,2.5811713905960074,-14.479618856428578,-19.442764849707235,0.0,-0.4861931029523066,2.9941989466336905,0.0,0.0,0.0,0.7375771804353617,0,0,0,0,0,0,-9.207539954371152,-6.4823180299449765,-19.773291410613776,-0.2909099025276886,0.2916701678447513,-0.2277345361104016
data/sensor_images/image_1959.png,surface,0.0,0.0,1.6690464994558294,1.5614428635701212,-22.139734334533816,0.0,-1.833605928093842,2.92544900624229,0.0,0.0,0.0,3.5050406474789515,0,0,0,0,0,0,-10.316420339267651,1.51279210570905,-22.226951870349588,-0.218497781241283,0.3483428709780841,-0.1983005963113088
data/sensor_images/image_1960.png,surface,0.0,0.0,0.8761155839549233,-2.983722694959862,18.223399335939824,0.0,2.1270754605799467,1.0751955619163005,0.0,0.0,0.0,-3.21134197997848,0,0,0,0,0,0,8.876121093704416,-0.3662242885264233,-22.83100064370297,-0.0833027731914052,0.3208596927861263,-0.1499044342261743
data/sensor_images/image_1961.png,surface,0.0,0.0,0.5252379369126619,2.1517473526521487,15.241512479672172,0.0,4.2264691746421645,-0.7978015618205088,0.0,0.0,0.0,-3.740924083545616,0,0,0,0,0,0,7.557904533034431,2.204623020200516,-23.9256996378833,-0.1018768106021621,0.3349439751526042,-0.1297563401511029
data/sensor_images/image_1962.png,surface,0.0,0.0,1.1962765303073029,-11.028561872922964,-16.56762968041426,0.0,2.8226861872685034,2.413176688215524,0.0,0.0,0.0,0.6067091382845513,0,0,0,0,0,0,-6.818375839258374,-4.198730572771018,-22.607701357948795,-0.2178385513775558,0.2764145907221293,-0.2675209920694595
data/sensor_images/image_1963.png,surface,0.0,0.0,2.9353263987207656,7.451954728893669,4.955260615850343,0.0,-2.816576163092909,-0.8807673548553285,0.0,0.0,0.0,1.8111330824376424,0,0,0,0,0,0,1.1885043111628133,5.451800805614474,-20.12749353202068,-0.0524870125885244,0.4601439188868109,-0.2177004952858486
data/sensor_images/image_1964.png,surface,0.0,0.0,0.5792271637416377,-3.193533328997972,-2.4942922332822337,0.0,-1.9276124326003967,-0.9102027399673972,0.0,0.0,0.0,0.5532367294980514,0,0,0,0,0,0,-0.7863590106988181,-0.3239345321374169,-25.02281463733709,-0.1282094588704883,0.3284645400794086,-0.273206624764399
data/sensor_images/image_1969.png,surface,0.0,0.0,1.6387460695006388,12.657960990206286,-19.21882675064884,0.0,2.4766813028332058,3.1941303827736856,0.0,0.0,0.0,-1.9724428975843848,0,0,0,0,0,0,-7.689224082102101,7.095795058248498,-21.85735840391128,-0.1654417396348542,0.3621516839636531,0.0240237921728591
data/sensor_images/image_1971.png,surface,0.0,0.0,1.3463146491786169,-12.19319082141542,1.9337559277902616,0.0,1.7609463457086258,-3.572817156729836,0.0,0.0,0.0,0.645769060694386,0,0,0,0,0,0,1.289963037977153,-4.573691177419195,-23.43331633379892,-0.1196255685201033,0.2709075982833245,-0.3306820905128117
data/sensor_images/image_1972.png,surface,0.0,0.0,1.2702653418780137,2.2148189706407986,20.592628468724133,0.0,1.0468815725935154,-0.4370926865392872,0.0,0.0,0.0,-4.687753230047461,0,0,0,0,0,0,10.623953518790673,2.4291062920783384,-23.09364419702612,-0.0822169260758153,0.3265427577505264,-0.1348513842932427
data/sensor_images/image_1973.png,surface,0.0,0.0,2.2722506864379124,-21.41820119928853,11.036510842320672,0.0,-0.5110124103392357,2.3536743062572274,0.0,0.0,0.0,2.525987666471336,0,0,0,0,0,0,4.633072713279848,-9.634637582603371,-20.82172181684114,-0.1227300856799971,0.1892838888678969,-0.3843627409642299
data/sensor_images/image_1974.png,surface,0.0,0.0,2.678133953706956,16.764355038563245,17.784448274441058,0.0,4.05636170076885,2.2584016887458813,0.0,0.0,0.0,-2.797902255057468,0,0,0,0,0,0,8.597704728019737,9.1172162819775,-20.301078399086222,-0.1194065129700872,0.2844851520640508,-0.0541062075647478
data/sensor_images/image_1975.png,surface,0.0,0.0,1.523291458321871,6.726990396928204,-8.448154571846139,0.0,0.6046095319112467,4.957040904049792,0.0,0.0,0.0,-0.4454322818890199,0,0,0,0,0,0,-3.486866812370736,4.947347853013485,-23.926987739382653,-0.1479948689593103,0.3463392490253254,-0.0550442943807566
data/sensor_images/image_1976.png,surface,0.0,0.0,2.540552755714566,22.646277560282865,-0.2601779424216192,0.0,3.0157071093307257,-1.5382921522729134,0.0,0.0,0.0,-1.2575942403662257,0,0,0,0,0,0,0.7706815083448603,12.361628527442512,-20.293710061970888,-0.096631616771932,0.3070086813517068,0.019790072730502
data/sensor_images/image_1977.png,surface,0.0,0.0,0.5288731015980122,-16.015518472310223,-12.136067322177311,0.0,-2.9153260930038725,-0.9334259180580794,0.0,0.0,0.0,2.2363700928173653,0,0,0,0,0,0,-4.890271014657814,-6.293217151796649,-22.79245207288771,-0.1968462867214301,0.2436970469975768,-0.3000751472396754
data/sensor_images/image_1978.png,surface,0.0,0.0,2.4692441831309653,-5.259858411634243,-19.08993299849569,0.0,2.462282249082117,2.9110883514512875,0.0,0.0,0.0,-2.4647728350135347,0,0,0,0,0,0,-7.293036025375236,-1.88996718532175,-20.946373775234857,-0.2380733545318515,0.3244299102939842,-0.0649958447092783
data/sensor_images/image_1979.png,surface,0.0,0.0,1.81488452239998,0.1288003846712707,22.680423603419754,0.0,3.668251505481872,0.4239121916360535,0.0,0.0,0.0,1.014314972353958,0,0,0,0,0,0,10.848023818355934,1.2611809422586304,-21.45762603244662,-0.0293963113004726,0.2939009476069156,-0.2780327593944285
data/sensor_images/image_1980.png,surface,0.0,0.0,2.5843222622034,5.731489617577041,10.593861542898502,0.0,-1.380800323238622,4.5985494337706605,0.0,0.0,0.0,4.141551768046236,0,0,0,0,0,0,5.516091396612669,2.7845146655396604,-22.195904988681285,-0.141215536941337,0.3600234653452557,-0.2455670085377054
data/sensor_images/image_1981.png,surface,0.0,0.0,1.0601015704428511,16.218451269799573,-6.520466263340963,0.0,-2.1566770992966737,3.461149989540236,0.0,0.0,0.0,-0.5175828434905805,0,0,0,0,0,0,-2.5337634290344004,9.229904201652843,-23.40151978806405,-0.1280202152951778,0.3420036391819465,0.0087956126907939
data/sensor_images/image_1982.png,surface,0.0,0.0,1.4418572381424304,0.7034256014140556,21.62198285028146,0.0,4.419795257251062,1.2318837090678891,0.0,0.0,0.0,2.352264965143026,0,0,0,0,0,0,10.805108479907004,1.1410252961550902,-22.12484507359954,-0.0323160822220672,0.311063969766627,-0.2659311146053879
data/sensor_images/image_1984.png,surface,0.0,0.0,2.62105098016334,-11.906099376543978,6.531636892221462,0.0,2.355363887197803,1.4582761583240549,0.0,0.0,0.0,-3.886362071430297,0,0,0,0,0,0,4.971934304896276,-5.174540447785326,-22.200401589336494,-0.1747214207571059,0.2470249710164291,-0.2030686196935072
data/sensor_images/image_1985.png,surface,0.0,0.0,1.6957914353140326,-5.656397958232224,-1.5698376540049035,0.0,-4.326246829925097,1.3999508332569546,0.0,0.0,0.0,4.320615330661896,0,0,0,0,0,0,-0.7356510474226639,-1.7491017796478818,-24.80252017342889,-0.1504215055393363,0.3116404254401164,-0.2916313675049444
data/sensor_images/image_1986.png,surface,0.0,0.0,2.6159000972088995,-2.1490993574834585,18.62242916760849,0.0,-0.6682927241213525,-1.354966172456539,0.0,0.0,0.0,3.350333514305888,0,0,0,0,0,0,8.645858212218961,1.8241512837938227,-20.036397310993944,0.0376376105313111,0.3301726551802493,-0.2822425831732723
data/sensor_images/image_1989.png,surface,0.0,0.0,2.7617779341678883,-16.432039240003203,4.606278272526695,0.0,-1.1492351187233083,2.430721102007512,0.0,0.0,0.0,4.731116387359851,0,0,0,0,0,0,2.1377098209579537,-7.876080082722448,-22.047546233551174,-0.2197756338304435,0.2628664857589075,-0.373855401571127
data/sensor_images/image_1990.png,surface,0.0,0.0,1.4640697685429416,-17.733323699697753,-12.39892765462147,0.0,-2.7046698712219763,0.6515075591149422,0.0,0.0,0.0,-0.2140945701330086,0,0,0,0,0,0,-5.676771847504735,-7.270209424150006,-22.617623260656423,-0.1844586794013591,0.2997893614584523,-0.1678210409143228
data/sensor_images/image_1991.png,surface,0.0,0.0,2.8887065807992727,16.827188748232704,15.592855357131103,0.0,3.825898131462195,-3.114852390932949,0.0,0.0,0.0,1.3571789743605986,0,0,0,0,0,0,8.258800842802145,9.62759166835643,-20.584243889767365,-0.0272040999390966,0.3208287541057545,-0.169217210337332
data/sensor_images/image_1992.png,surface,0.0,0.0,2.4133545364956284,2.898572691349417,10.049675499849508,0.0,1.2703164075035174,3.5977337013662747,0.0,0.0,0.0,-4.280905137365191,0,0,0,0,0,0,5.828186580596136,1.9511457542109103,-23.10166910385818,-0.1798985488268488,0.3138178702688944,-0.1399180878518107
data/sensor_images/image_1993.png,surface,0.0,0.0,1.8137567996598096,-1.178704749277073,-16.902176573044503,0.0,3.436780791466857,2.3016536069573155,0.0,0.0,0.0,4.214318343177876,0,0,0,0,0,0,-7.510287190521702,0.4101686670707519,-22.922335473120324,-0.2145069374847528,0.2966516935690944,-0.1987578437176237
data/sensor_images/image_1994.png,surface,0.0,0.0,2.9776080064894703,-5.488326019535686,18.219313675743585,0.0,4.546219980837802,1.3567274555059967,0.0,0.0,0.0,2.9704560272490896,0,0,0,0,0,0,10.288957893806815,-1.6707177890581684,-20.94027312515056,-0.0594210348315217,0.200416161284113,-0.3265722871941476
data/sensor_images/image_1996.png,surface,0.0,0.0,0.98651723122498,-7.226834053693544,-20.633390407488204,0.0,-1.0463090698949502,-2.7198993957074658,0.0,0.0,0.0,1.9308944204787155,0,0,0,0,0,0,-9.05600621525059,-1.809352006455455,-23.01452108157829,-0.2103621206368521,0.2974857288449074,-0.2327330539477121
data/sensor_images/image_1997.png,surface,0.0,0.0,0.7850918971651526,9.483272518716896,21.62183595735769,0.0,3.7783757785259007,-1.753228730624005,0.0,0.0,0.0,-0.8732418041214816,0,0,0,0,0,0,10.456199272814088,6.079606231724315,-22.141388651827228,-0.1163134782929655,0.3352500869180453,-0.0871436308113376
data/sensor_images/image_1998.png,surface,0.0,0.0,1.1552894106031513,9.88247362876633,-15.385348290439968,0.0,3.535867078915568,-1.3258520143955224,0.0,0.0,0.0,4.093613355670811,0,0,0,0,0,0,-6.60951622726883,6.00419082579222,-22.775767926832035,-0.1827258131754741,0.3526584098105677,-0.1623007497081071
data/sensor_images/image_1999.png,surface,0.0,0.0,2.338755583653993,-13.985701750385871,17.94676728722091,0.0,1.467555979467537,3.292433919164712,0.0,0.0,0.0,2.073727849235051,0,0,0,0,0,0,9.156704351436572,-6.035172881414112,-20.84847777282561,-0.0898536083129054,0.2199935631016303,-0.3721570312552076
data/sensor_images/image_2000.png,surface,0.0,0.0,1.8761170498884383,17.84999720944327,-8.384007377590297,0.0,-0.5996863472402368,0.73354723579664,0.0,0.0,0.0,3.9035850756907937,0,0,0,0,0,0,-3.1722668373736607,9.19459499097126,-22.11185552551997,-0.1757100268759694,0.4063892196978786,-0.1136724729215143
data/sensor_images/image_2001.png,surface,0.0,0.0,1.4928783338470386,-6.296711295342934,17.058917112643332,0.0,-4.3622425969675565,-1.197207603254136,0.0,0.0,0.0,-3.608711886547511,0,0,0,0,0,0,8.739505125600878,-1.5556698780620517,-23.402359533288703,-0.0845664646485028,0.3344445064848242,-0.1764920365289796
data/sensor_images/image_2003.png,surface,0.0,0.0,0.5594685686759668,14.126899631663417,-16.209236763801258,0.0,-2.258544205238504,-4.165573649186729,0.0,0.0,0.0,4.765032809555914,0,0,0,0,0,0,-6.749717316794515,7.723253424440203,-22.52552797759543,-0.1665590234492594,0.3860723877462134,-0.1489060673938181
data/sensor_images/image_2005.png,surface,0.0,0.0,2.3706699532242466,-21.15143719868021,-5.077975111799962,0.0,1.7302274199533176,0.0673829556274978,0.0,0.0,0.0,3.634124056443952,0,0,0,0,0,0,-0.2373984008094565,-8.629864245984475,-21.395587411276427,-0.2051119334521703,0.1705649196923747,-0.33537912259414
data/sensor_images/image_2007.png,surface,0.0,0.0,1.472557861331207,-4.228437901555654,-9.564534908194837,0.0,-1.929212085969864,-0.2281979839265571,0.0,0.0,0.0,3.037292622417437,0,0,0,0,0,0,-4.194517312434059,-0.974807754798216,-23.83632619960631,-0.1747338280691044,0.3352303567098629,-0.2548757291504091
data/sensor_images/image_2008.png,surface,0.0,0.0,0.5940004539120314,-9.124836483372214,-20.96244888951604,0.0,-1.4020145185050652,2.8123494462465746,0.0,0.0,0.0,-2.37190390927236,0,0,0,0,0,0,-9.21797013863911,-3.2234746694623064,-23.165559530805314,-0.1820968195318709,0.3064724937504396,-0.0965949648698695
data/sensor_images/image_2009.png,surface,0.0,0.0,0.5294693479518107,17.88976799601273,-0.703503078853235,0.0,-4.090382708149519,-1.4221594358921197,0.0,0.0,0.0,-4.723997767807372,0,0,0,0,0,0,0.0126923292772362,9.952664214091516,-23.4492754734367,-0.1441401244686794,0.3531304883310668,0.0085082568262766
data/sensor_images/image_2010.png,surface,0.0,0.0,2.990669679087111,-21.83443745442428,-10.351199031195728,0.0,-4.768699546380988,1.3719632615994526,0.0,0.0,0.0,-4.491996399623279,0,0,0,0,0,0,-6.171856383667626,-9.490483895035348,-19.71722234381615,-0.2593416662377451,0.3502827236174846,-0.1987840272107596
data/sensor_images/image_2012.png,surface,0.0,0.0,1.4300619099298,10.241888596710703,-17.840420845804996,0.0,0.3400076464760171,-1.3193951164099902,0.0,0.0,0.0,-4.433427211865164,0,0,0,0,0,0,-8.113062120337045,6.551976042295589,-22.32162025274954,-0.1290325260293678,0.3231605722244263,0.0048531104332008
data/sensor_images/image_2013.png,surface,0.0,0.0,0.9904302364099458,-13.549159805326036,-3.0869075746661747,0.0,3.621582631981332,-2.973276904443515,0.0,0.0,0.0,-0.560921194038495,0,0,0,0,0,0,-0.535134194855634,-5.336133415709165,-24.24706717247705,-0.1657020877131831,0.3041187945873848,-0.1797378969628653
data/sensor_images/image_2014.png,surface,0.0,0.0,2.5179806127213658,16.915998614489286,-8.564816531670424,0.0,1.8979009188497933,3.731757053152586,0.0,0.0,0.0,3.662594830771543,0,0,0,0,0,0,-3.648044266305423,7.466580992917597,-20.84463544122389,-0.1745102440356834,0.3621938936695434,-0.1289841201126139
data/sensor_images/image_2015.png,surface,0.0,0.0,2.2643817988253696,8.36292676148334,-12.686293261699282,0.0,1.14426820750136,0.8182936178952881,0.0,0.0,0.0,-4.141829726166089,0,0,0,0,0,0,-5.034096028862046,5.1288445229916375,-22.30755259616683,-0.1672402244756363,0.3237630377044209,-0.0120331156004935
data/sensor_images/image_2017.png,surface,0.0,0.0,2.4280666826005906,6.2453549892159845,-15.599884292319892,0.0,-3.2450707022140097,-0.3980497301726565,0.0,0.0,0.0,-2.4221211053347327,0,0,0,0,0,0,-7.330141296254839,4.612105200289411,-22.16774739357835,-0.1325274100930976,0.3949482125641518,-0.0290607656124697
data/sensor_images/image_2018.png,surface,0.0,0.0,0.7787068628767747,-2.797071968194319,-15.766115137299408,0.0,1.6984739928144017,-1.0509899411181394,0.0,0.0,0.0,-4.55011654887659,0,0,0,0,0,0,-6.508571570510839,0.1369420593382198,-24.00625096227764,-0.1596340218958083,0.3303955993551795,-0.0712378399936686
data/sensor_images/image_2019.png,surface,0.0,0.0,2.8715817004600828,13.99136461689904,13.683243989559166,0.0,1.6148639277650831,-2.7476722345123736,0.0,0.0,0.0,1.7758550285873491,0,0,0,0,0,0,7.529506019310173,8.769318684883526,-21.167146407279887,-0.002159317347113,0.3359524338049929,-0.2056296191802497
data/sensor_images/image_2020.png,surface,0.0,0.0,1.3318402098887645,-0.842687440836976,23.05604822083223,0.0,-1.1021628748447596,4.62844980411095,0.0,0.0,0.0,0.3298078890881575,0,0,0,0,0,0,11.779686023515843,1.1802949717846811,-21.95330816758989,-0.0962992996458848,0.3365901238865268,-0.1547241669643927
data/sensor_images/image_2021.png,surface,0.0,0.0,1.6277569383162778,12.807784532411077,7.28765039232186,0.0,-4.314969498064047,-0.143399219993278,0.0,0.0,0.0,3.578792936459511,0,0,0,0,0,0,3.6082208144797696,7.149111793840118,-23.32654134374168,-0.0911160473854422,0.3831620543752344,-0.1757040859120082
data/sensor_images/image_2022.png,surface,0.0,0.0,0.5124522641843836,-13.394608202981251,10.026508710408748,0.0,-1.2296012413471955,-0.1613999044395091,0.0,0.0,0.0,2.400000128268557,0,0,0,0,0,0,5.394231235669709,-5.066988208690574,-23.806061982473672,-0.0682492457040026,0.2844343400120071,-0.3474970114029104
data/sensor_images/image_2024.png,surface,0.0,0.0,1.270420635575593,6.169842807800726,-8.945647605233562,0.0,-1.4901327092534162,-0.8711147130619178,0.0,0.0,0.0,2.203635027789021,0,0,0,0,0,0,-3.9580717753666974,3.974405006051075,-24.51122357173785,-0.1416934110439767,0.3603255224992702,-0.1897975079918979
data/sensor_images/image_2026.png,surface,0.0,0.0,2.8165019926491857,5.1552886081362335,-17.657718724764926,0.0,2.301370664235975,3.885851732977938,0.0,0.0,0.0,1.6672775596285927,0,0,0,0,0,0,-7.171379306997143,2.705970068782595,-19.734951899381453,-0.2219400490584404,0.3369556536593805,-0.1584439602678582
data/sensor_images/image_2027.png,surface,0.0,0.0,0.890555958038909,4.715383847785505,-22.29198976325545,0.0,3.035542408292269,0.3786069614012133,0.0,0.0,0.0,-4.66361758338609,0,0,0,0,0,0,-9.7778777716325,3.586525248130691,-22.685109712843264,-0.1612769413806143,0.3290132968525568,-0.0266888279259505
data/sensor_images/image_2029.png,surface,0.0,0.0,1.7505973271063868,-0.8140957265403774,-19.798469034917435,0.0,-3.308906679590796,0.1071428804189763,0.0,0.0,0.0,-1.6203585564386502,0,0,0,0,0,0,-9.359514883128623,1.0151638599475867,-22.86337313326586,-0.1688626304773663,0.3739878499663729,-0.0621201130491728
data/sensor_images/image_2030.png,surface,0.0,0.0,2.811140435141552,2.3037343673634774,0.8585526588700838,0.0,2.286112692535677,3.815698601073493,0.0,0.0,0.0,-0.074024524169638,0,0,0,0,0,0,1.1846576925766283,1.3724155829566371,-21.8624598279086,-0.1905120123807396,0.2851100666941101,-0.108682919192606
data/sensor_images/image_2031.png,surface,0.0,0.0,2.5558876254660645,22.66055415794385,7.539834530215827,0.0,-3.5519109065403303,-2.2230722876002127,0.0,0.0,0.0,-0.6373156873748513,0,0,0,0,0,0,3.1094066633473707,12.617692902717694,-20.276963225448384,-0.0857297507877847,0.3850042145074613,0.0263413608626095
data/sensor_images/image_2032.png,surface,0.0,0.0,1.6074500766477222,-10.251407219980631,16.509449402791468,0.0,1.2993424958041704,-2.344315565381207,0.0,0.0,0.0,2.88630015464458,0,0,0,0,0,0,8.379844233501075,-3.5360734522475425,-23.348482627474432,-0.0163020144135546,0.2549885662401803,-0.3352198845894805
data/sensor_images/image_2033.png,surface,0.0,0.0,0.72177942678686,-1.5743884642692625,-12.541690581679989,0.0,0.7674765311759473,1.3196419124681684,0.0,0.0,0.0,-3.529945152830376,0,0,0,0,0,0,-5.906207361019237,0.4429564334858247,-25.13089616338058,-0.1563925840460014,0.3135613201065847,-0.0647344182511916
data/sensor_images/image_2034.png,surface,0.0,0.0,0.5754936372050641,-6.573053743082716,2.235613887753148,0.0,0.7433007988160558,1.877041429205476,0.0,0.0,0.0,-4.14300628563859,0,0,0,0,0,0,1.5935281822483196,-1.9035156053281632,-24.86573305701987,-0.1384847503964761,0.3126463217709947,-0.1417812528165579
data/sensor_images/image_2035.png,surface,0.0,0.0,2.6855770245851893,11.626354844905064,1.8516576255943813,0.0,-2.7576686945334195,-3.0154313194626545,0.0,0.0,0.0,1.1659608292509995,0,0,0,0,0,0,0.8605149426220811,7.597442612856341,-21.86502858622068,-0.0501311821655656,0.4034732733458537,-0.1715924579624673
data/sensor_images/image_2036.png,surface,0.0,0.0,1.685712293645922,16.403538778121845,11.181486247803344,0.0,-4.252229687941504,1.183322213635059,0.0,0.0,0.0,1.728756894218173,0,0,0,0,0,0,5.024933046138244,8.635520715026134,-22.600557991597444,-0.0867188389955776,0.3787917849153981,-0.1629764403491913
data/sensor_images/image_2037.png,surface,0.0,0.0,2.159237269819379,1.6848941993565325,20.329609530308108,0.0,3.9635917272338648,2.9518417442723,0.0,0.0,0.0,-2.874117071436733,0,0,0,0,0,0,10.678694417616994,1.9367562630059267,-22.19098648619377,-0.1045465568130685,0.2961162380432081,-0.1274497770574158
data/sensor_images/image_2039.png,surface,0.0,0.0,1.2616474787117429,5.82907272780389,22.25821322983893,0.0,1.2285284019671066,3.606698265896982,0.0,0.0,0.0,-1.3351072599003055,0,0,0,0,0,0,11.198034192418042,4.257372360384811,-22.12523752722157,-0.1032210740490444,0.3223048991398006,-0.1230777188089905
data/sensor_images/image_2040.png,surface,0.0,0.0,2.7394075459783687,10.290152735816642,-15.125361028047433,0.0,0.6614143585820041,4.268743555342083,0.0,0.0,0.0,-2.827379877619051,0,0,0,0,0,0,-6.323848429459487,4.58571032785518,-20.659760441626087,-0.2022545379205426,0.3535168455079666,0.0246343691073402
data/sensor_images/image_2041.png,surface,0.0,0.0,0.5688310985692209,11.673913872743126,4.265410635164007,0.0,-3.831324829836728,0.8334175694372328,0.0,0.0,0.0,2.832656676715964,0,0,0,0,0,0,2.360269707626247,6.567233066058708,-24.41233042821074,-0.1111152257043408,0.3629606652168004,-0.1840037211471498
data/sensor_images/image_2042.png,surface,0.0,0.0,1.1998141968353313,-24.566872100620643,-1.683412865694361,0.0,1.2197553249574813,3.4058708052069075,0.0,0.0,0.0,3.3545728825015466,0,0,0,0,0,0,0.1116920317500127,-10.70130269783052,-22.459520390390544,-0.1735800348361951,0.1939411155208612,-0.377276173387792
data/sensor_images/image_2043.png,surface,0.0,0.0,2.52941598774906,4.7241267450619135,-6.8987692048434,0.0,-0.7711584984920611,4.416588310681659,0.0,0.0,0.0,2.5435085950253944,0,0,0,0,0,0,-3.30021724273461,2.20552079703137,-22.808565833017973,-0.1972887177771399,0.3518813692090081,-0.2065232713617081
data/sensor_images/image_2045.png,surface,0.0,0.0,2.8620884883939657,9.744643177410866,-18.7707118997798,0.0,1.5481272964432236,4.350388886148074,0.0,0.0,0.0,-3.910921738466391,0,0,0,0,0,0,-7.241249241476858,4.359726542637331,-19.8381245718649,-0.2188776877706735,0.3435755018762211,0.0357716255004024
data/sensor_images/image_2046.png,surface,0.0,0.0,1.2575281811597587,19.305539311888783,-1.8879779441302955,0.0,1.7427166313815503,1.8339765554644405,0.0,0.0,0.0,-0.0159476306396317,0,0,0,0,0,0,-0.232475071054642,10.388850560777083,-23.201902150452742,-0.1339992294006012,0.3570707686074023,0.0137004143584892
data/sensor_images/image_2047.png,surface,0.0,0.0,2.450588964040341,7.51697179871274,16.809659786896155,0.0,-3.6860997771813824,2.466039909110523,0.0,0.0,0.0,4.178298530793619,0,0,0,0,0,0,7.74682410883309,4.274503330127468,-21.200458630931887,-0.0865586219669363,0.3784427332994018,-0.2449941645602199
data/sensor_images/image_2049.png,surface,0.0,0.0,1.817515037779387,24.73304744122057,0.4419696403425129,0.0,4.732511376933101,0.0074522429717719,0.0,0.0,0.0,-0.635334911507571,0,0,0,0,0,0,0.6293317934316763,12.774420127298615,-21.21112147694366,-0.1275244635515183,0.3304097584847413,0.0363567266224973
data/sensor_images/image_2050.png,surface,0.0,0.0,1.1314907240950538,-2.882000306147813,9.105939432094976,0.0,-2.58389312908482,-0.6218400054618929,0.0,0.0,0.0,4.912638451409405,0,0,0,0,0,0,4.647360354019387,-0.2973815460677287,-24.69438717527232,-0.0756413036664931,0.3155073465480526,-0.2930790518204482
data/sensor_images/image_2051.png,surface,0.0,0.0,0.5974057884929542,14.094136716377214,-2.382349277185185,0.0,3.993520756701241,-1.6482131216743467,0.0,0.0,0.0,-4.264613818005102,0,0,0,0,0,0,-1.201171560969576,8.2118410562859,-24.12323016402224,-0.1546556044518017,0.3155634389175817,-0.0056982135026157
data/sensor_images/image_2052.png,surface,0.0,0.0,2.3991326569595226,11.298099647142536,-10.487659402544136,0.0,2.26338475375788,-0.9011529663746588,0.0,0.0,0.0,-0.2797396747468808,0,0,0,0,0,0,-3.83900793145962,6.964391177706332,-21.70263127797801,-0.1219306021220088,0.311253588109498,-0.0076967600955112
data/sensor_images/image_2053.png,surface,0.0,0.0,0.8471134610961674,9.612497591435597,7.276527946240041,0.0,-0.0996781435872066,-2.533683152657648,0.0,0.0,0.0,4.616430651710585,0,0,0,0,0,0,4.267178914860726,5.785537722951688,-24.28193290713341,-0.0981379418436346,0.3773351434330239,-0.223035728512439
data/sensor_images/image_2056.png,surface,0.0,0.0,1.5421266823841298,6.802437235249417,-20.839911353350747,0.0,-2.3212259343060047,0.2539028149866469,0.0,0.0,0.0,4.248142541797611,0,0,0,0,0,0,-9.468845129789331,4.63120903376325,-23.014522183472465,-0.2106132158209494,0.3851050244975488,-0.1671254847935653
data/sensor_images/image_2057.png,surface,0.0,0.0,2.764997487331408,14.529993019385834,-12.528117085184586,0.0,-2.0012645172412102,-3.396248605912346,0.0,0.0,0.0,0.6449921575212505,0,0,0,0,0,0,-5.4027529373407495,8.57871995891093,-21.20866294144696,-0.1178726076167372,0.4425852552429559,-0.1546175415597761
data/sensor_images/image_2058.png,surface,0.0,0.0,1.5648694030546548,0.3533567765199744,23.191439492371813,0.0,0.1026530705526249,-4.152045016139368,0.0,0.0,0.0,1.7713347441369454,0,0,0,0,0,0,12.267210134374675,1.2646641652633015,-22.666299171638183,-0.0123001212104981,0.3197718528624948,-0.2883112436539505
data/sensor_images/image_2059.png,surface,0.0,0.0,2.781860781559057,20.572336895623625,-4.76642913992348,0.0,1.1923176017365016,3.727142494507503,0.0,0.0,0.0,-3.4671588285709354,0,0,0,0,0,0,-1.6200807468049097,9.512803499782644,-20.74590334340206,-0.1791648252819002,0.332363471244408,0.0389719176880523
data/sensor_images/image_2060.png,surface,0.0,0.0,2.513502149251784,-9.739896306625312,-13.917081471366869,0.0,-0.1037976942980312,-2.89900639233561,0.0,0.0,0.0,2.7621432763183984,0,0,0,0,0,0,-5.718494206762538,-2.2542228703322333,-22.179580352964347,-0.1552543619939748,0.3099575513925571,-0.2927424267122668
data/sensor_images/image_2061.png,surface,0.0,0.0,1.2209458301712606,-14.790001260110094,-12.543257976029643,0.0,-1.9127895167208453,2.0461183410739583,0.0,0.0,0.0,3.976949336447257,0,0,0,0,0,0,-5.297156893114798,-5.7375686231261085,-23.46924095030407,-0.2132190667006752,0.2719192069215182,-0.2987051749557363
data/sensor_images/image_2062.png,surface,0.0,0.0,1.2952225476283306,-5.252786047380316,15.714665336168483,0.0,4.88124038614812,0.6889075418240725,0.0,0.0,0.0,-1.1889945039662542,0,0,0,0,0,0,8.484731437380843,-1.1752928534226674,-24.07662741957409,-0.0950250826316676,0.3042739499517254,-0.1696535665041392
data/sensor_images/image_2063.png,surface,0.0,0.0,1.4246105615035638,2.878719065156447,-24.204496080866114,0.0,0.6303024520365544,2.042313737407099,0.0,0.0,0.0,0.0705805200185132,0,0,0,0,0,0,-10.912619363526153,2.8009571569077107,-22.71878547680959,-0.1514910959511062,0.3414911551955259,-0.0215195952195595
data/sensor_images/image_2064.png,surface,0.0,0.0,2.0141179790502552,-14.378238716845765,-10.07293239415953,0.0,2.7467454258840647,0.7355534488722162,0.0,0.0,0.0,-3.2882008576780053,0,0,0,0,0,0,-3.4021547956001497,-5.8660367876660455,-23.649942313356853,-0.1998506189211926,0.264065847473971,-0.1603033956017705
data/sensor_images/image_2065.png,surface,0.0,0.0,2.185156292853277,2.4798924504760125,-5.446419154846195,0.0,-2.293151595389977,0.7946484291869019,0.0,0.0,0.0,-4.958603513982992,0,0,0,0,0,0,-3.184603361359036,2.181097708267416,-25.035948367709448,-0.157092647962376,0.376336198153726,-0.0859816304485929
data/sensor_images/image_2066.png,surface,0.0,0.0,2.930574589265509,4.595453934250962,0.0306387367625677,0.0,1.1034176551797732,-0.0932806198706532,0.0,0.0,0.0,-0.3997340118743278,0,0,0,0,0,0,1.7615234858793047,3.8747472043113182,-22.56546890755599,-0.1260806075094343,0.2534229869873196,-0.075520580976509
data/sensor_images/image_2068.png,surface,0.0,0.0,2.0296793035642486,6.484566804831004,-2.1598793928226607,0.0,-2.968451801464883,-1.6450084480628595,0.0,0.0,0.0,3.2655595359221365,0,0,0,0,0,0,-1.2422436672525712,4.896281703242069,-24.72985413971985,-0.1237679445873662,0.3543196013828039,-0.202041739926503
data/sensor_images/image_2069.png,surface,0.0,0.0,0.6155969487477773,21.61251530323451,9.332716194976882,0.0,-0.0576326483786607,0.1827214875934948,0.0,0.0,0.0,0.1221807259075795,0,0,0,0,0,0,4.071615413434284,11.167325250932688,-23.63740614816367,-0.1069675795736786,0.3975438005676328,-0.1234089274793221
data/sensor_images/image_2070.png,surface,0.0,0.0,1.8632690509817529,24.139878221001364,-1.7531974463510525,0.0,-1.2888647010818983,-0.193921384185206,0.0,0.0,0.0,0.9314766240688056,0,0,0,0,0,0,-1.0071424991752198,12.499926499047843,-21.521388657824524,-0.1167294191461935,0.4100082998189068,-0.0813926021802501
data/sensor_images/image_2071.png,surface,0.0,0.0,1.50910055318194,-3.449053741806034,8.068144988454662,0.0,4.758192886577119,-0.2188893244817879,0.0,0.0,0.0,-0.9936573614758988,0,0,0,0,0,0,4.990662441011902,-0.2344680123116027,-25.232541615941,-0.1253644507340074,0.3142654121956018,-0.1481893099628777
data/sensor_images/image_2072.png,surface,0.0,0.0,1.8619468135797888,-9.83707399573536,15.167422021684594,0.0,-4.908285521481746,0.5312825902267351,0.0,0.0,0.0,-0.971800813350172,0,0,0,0,0,0,7.509496766891207,-3.085913333349149,-23.13262418052396,-0.1092295956334756,0.3359727509173409,-0.2066055647292697
data/sensor_images/image_2073.png,surface,0.0,0.0,0.6004409331497924,-7.115751946438765,12.559887525030652,0.0,-0.8726065594306074,0.4424145026077811,0.0,0.0,0.0,1.433106556379097,0,0,0,0,0,0,6.646833226258114,-2.567401471797792,-24.119860576758327,-0.0678362480932364,0.2990403720255166,-0.3160469750058766
data/sensor_images/image_2074.png,surface,0.0,0.0,2.989405518567943,14.879556448482198,18.21917636808697,0.0,2.10058898709888,-1.4849807504038908,0.0,0.0,0.0,1.7138200289612948,0,0,0,0,0,0,9.506887517313732,8.811223755650508,-20.70418032998185,-0.0143480630312665,0.3029045280746471,-0.2122574961637538
data/sensor_images/image_2075.png,surface,0.0,0.0,0.642395926049002,-3.1422355211347623,-3.785002905293509,0.0,0.0782759075252093,-2.9918200510365285,0.0,0.0,0.0,1.63276093727292,0,0,0,0,0,0,-1.3033208118084358,-0.3055788790364198,-25.95004170814037,-0.1492459822113848,0.3155005988922787,-0.2678778681969901
data/sensor_images/image_2076.png,surface,0.0,0.0,1.181699835833233,-23.60365873300405,-6.9732532027043375,0.0,-0.3626344765653226,2.122799376359508,0.0,0.0,0.0,-0.9008222839256376,0,0,0,0,0,0,-2.2013570338184083,-10.06377284814912,-23.22169187831137,-0.2122076238312253,0.270319754002091,-0.2201918392670512
data/sensor_images/image_2077.png,surface,0.0,0.0,0.6803100723449937,-19.409490818504448,-12.839139744043145,0.0,-1.806060935948384,-3.637464172113697,0.0,0.0,0.0,-4.910990323410113,0,0,0,0,0,0,-5.466831925028692,-8.08497006335197,-24.408666331122856,-0.1772677634176497,0.2823495864440157,-0.1841443063639111
data/sensor_images/image_2078.png,surface,0.0,0.0,1.8690277650106768,-7.112698144381847,-1.919772340290762,0.0,-2.5484540026929188,0.364559284635968,0.0,0.0,0.0,4.48334787354373,0,0,0,0,0,0,-1.3308327002368818,-2.4949034761097524,-25.488553715557973,-0.1671235754127736,0.3231132047417221,-0.2842686384037228
data/sensor_images/image_2079.png,surface,0.0,0.0,1.3795457413853909,9.198458851728294,-21.223848076571525,0.0,1.1652257574316325,-2.590613034337728,0.0,0.0,0.0,3.877776619799562,0,0,0,0,0,0,-9.89867355301494,5.994273572981293,-23.537109458958,-0.1642654741906018,0.3725240886504518,-0.1466800264673776
data/sensor_images/image_2080.png,surface,0.0,0.0,1.4382496071317905,-7.010795972767351,-19.49434995536968,0.0,3.293721055528562,3.087446199040644,0.0,0.0,0.0,-3.331448857389713,0,0,0,0,0,0,-9.108321929134236,-2.270772936807766,-24.174293854708075,-0.200148295603843,0.301292899610276,-0.0870305985186543
data/sensor_images/image_2081.png,surface,0.0,0.0,2.4729188021448474,5.954644049705853,-10.964899342900264,0.0,-3.369982468440687,-1.0437120582074195,0.0,0.0,0.0,-3.031724181646034,0,0,0,0,0,0,-5.73811414479733,5.077984934770687,-24.37661789425633,-0.1461136663906263,0.3908145568210259,-0.0474455886971641
data/sensor_images/image_2082.png,surface,0.0,0.0,2.760050288923297,6.05228835345254,-18.28710434060001,0.0,-1.7120221788603798,-1.7075482016949568,0.0,0.0,0.0,2.338454524095221,0,0,0,0,0,0,-8.819675334954482,5.196308439459455,-22.4351659810591,-0.1371231186342427,0.414463720185512,-0.1875895181755355
data/sensor_images/image_2083.png,surface,0.0,0.0,0.9142424577896606,9.884171040693753,6.975952973715459,0.0,-2.111900929939289,1.2936830312009755,0.0,0.0,0.0,-3.893354071203184,0,0,0,0,0,0,3.6345688236786535,6.272810404014145,-24.32279096899529,-0.1474975202882984,0.3456847019986633,-0.0689541550438448
data/sensor_images/image_2084.png,surface,0.0,0.0,1.1974423501498923,1.0117997533002043,-12.122326092553658,0.0,3.2416763832672792,-3.1042009886665114,0.0,0.0,0.0,1.464408669302513,0,0,0,0,0,0,-5.057245564377445,2.1330312492008847,-24.82371069717048,-0.1894500154501339,0.3405138736070497,-0.213984338769505
data/sensor_images/image_2085.png,surface,0.0,0.0,1.681821550491462,18.58757540947303,10.387336867193566,0.0,-3.3834035454498905,-0.9565559298110756,0.0,0.0,0.0,2.8174004813045626,0,0,0,0,0,0,5.292242311292467,9.947251307106098,-22.3184625828746,-0.0942254407180488,0.4187725346784434,-0.1717905215210134
data/sensor_images/image_2086.png,surface,0.0,0.0,0.7822041753549707,-11.811180649132233,1.4658238729556874,0.0,2.4417124691846364,0.4818128341354031,0.0,0.0,0.0,1.5486805688322465,0,0,0,0,0,0,1.4083446196844964,-4.651591040122795,-24.708261331963023,-0.1298863945569163,0.2734443873855799,-0.3369012027654284
data/sensor_images/image_2087.png,surface,0.0,0.0,1.466345205129007,-14.690164482489257,-6.864037572553951,0.0,-3.0094979370350528,3.720801196578715,0.0,0.0,0.0,0.6090036564280528,0,0,0,0,0,0,-2.7119419610451603,-6.401919598702485,-24.159913242325125,-0.1652965496229988,0.2523037667529257,-0.3263887254899277
data/sensor_images/image_2088.png,surface,0.0,0.0,1.2552201140372112,14.821356409277804,-20.295755541993387,0.0,-0.8360214374155073,-2.969732808062476,0.0,0.0,0.0,-4.030077456138335,0,0,0,0,0,0,-9.037381876126474,8.781528890800825,-22.77184114845629,-0.1251761886985594,0.3376455941520604,0.0505815205773347
data/sensor_images/image_2089.png,surface,0.0,0.0,2.804940842583582,-18.05510025605805,17.096686511519447,0.0,1.5726146817844076,4.361308496001108,0.0,0.0,0.0,-1.6428844506229447,0,0,0,0,0,0,8.753482111310737,-8.387968212217615,-20.36618084605128,-0.1932437800904784,0.2203624962400674,-0.2398297429329725
data/sensor_images/image_2090.png,surface,0.0,0.0,0.9963353010887444,20.06289607711434,2.9036882763404703,0.0,3.646400159507065,-1.7666808923528277,0.0,0.0,0.0,-3.058066220817465,0,0,0,0,0,0,1.811143722096818,10.996371065600837,-23.44611094197572,-0.145656619248248,0.3558345167142372,0.0159028307423693
data/sensor_images/image_2091.png,surface,0.0,0.0,2.303028495183452,-19.873617306384023,0.7150634241408554,0.0,-2.3736599121534034,3.9286070775499313,0.0,0.0,0.0,2.718163294148693,0,0,0,0,0,0,0.4083703329757667,-9.5247780208464,-22.45096496500621,-0.1731503729851711,0.2376619728143255,-0.3784801446816176
data/sensor_images/image_2093.png,surface,0.0,0.0,2.064145946905147,-7.256613705467634,-5.402391179188714,0.0,-0.4917319913758633,2.827046285279751,0.0,0.0,0.0,-0.7347174691961165,0,0,0,0,0,0,-2.667218412465888,-2.4757192476900456,-24.26386397230697,-0.1985524143512609,0.3226099570824365,-0.1267318558912273
data/sensor_images/image_2094.png,surface,0.0,0.0,1.9549768203512017,-2.8707050097055538,5.610027328633257,0.0,-2.8785669464172368,-3.2133391000518845,0.0,0.0,0.0,2.978092595972587,0,0,0,0,0,0,3.3367091325474245,-0.0525691261266978,-25.210599592173832,-0.0679393142923306,0.3353720378499947,-0.2948765087805131
data/sensor_images/image_2095.png,surface,0.0,0.0,1.6468107317737706,0.4216353712923527,-14.211862999780426,0.0,-0.133817109251542,-4.993785102777199,0.0,0.0,0.0,-1.0076859153819138,0,0,0,0,0,0,-6.384174994610692,1.692054512362955,-24.30408023965228,-0.1621845113331436,0.3431478762863162,-0.0741029876931569
data/sensor_images/image_2096.png,surface,0.0,0.0,2.5422682554548195,2.859349392734305,-14.24467955774356,0.0,0.0566231891175747,-1.432760086908837,0.0,0.0,0.0,-1.1862296838276731,0,0,0,0,0,0,-6.526785923168421,4.199344775319831,-23.28931644745009,-0.0974718661168164,0.3442997210159409,-0.0645334994170313
data/sensor_images/image_2097.png,surface,0.0,0.0,1.0567929859454752,-17.24335734390181,2.9692696863069106,0.0,1.385782092153887,3.3562690493115555,0.0,0.0,0.0,-4.479185070135221,0,0,0,0,0,0,2.4124577036100927,-7.107813307605647,-24.62567906372317,-0.1526417054668973,0.2909504766458002,-0.21282533789996
data/sensor_images/image_2099.png,surface,0.0,0.0,2.9560440035579787,17.710955018810704,4.076112711599083,0.0,4.3648359958133485,-0.6070794549013006,0.0,0.0,0.0,-2.4404763520664217,0,0,0,0,0,0,3.5442890930157094,10.385442645721376,-21.928645723500463,-0.0813258315011556,0.2896535707839498,-0.0248958871447966
data/sensor_images/image_2100.png,surface,0.0,0.0,0.958154473220585,-2.901936673733647,11.817689000307125,0.0,0.1672265655934305,-2.5738542964374616,0.0,0.0,0.0,1.135053168151522,0,0,0,0,0,0,6.5568855713531065,0.0274132565802411,-24.85831307937618,-0.0730194683622913,0.3214077753843213,-0.3030704645113908
data/sensor_images/image_2102.png,surface,0.0,0.0,1.2327644582711788,-8.651016236021782,13.151416405935716,0.0,-4.369176198780417,0.4412089968305851,0.0,0.0,0.0,0.8114314497702129,0,0,0,0,0,0,6.871278549226616,-3.0415750272598245,-24.35029800253185,-0.0659604785628927,0.3139913911963866,-0.3207088070149818
data/sensor_images/image_2103.png,surface,0.0,0.0,0.8095151487527109,-3.940396137158761,-24.218876629738286,0.0,1.0593259604665093,2.8645720992842967,0.0,0.0,0.0,0.680656241278756,0,0,0,0,0,0,-11.401513250075991,-0.6238500648349137,-23.45732394935141,-0.2319337738107365,0.3023676227694442,-0.1948685072026964
data/sensor_images/image_2104.png,surface,0.0,0.0,2.628982452231355,-9.631469825614284,-7.000330322090312,0.0,-0.8402756669273965,-4.51287353134927,0.0,0.0,0.0,2.948540904244189,0,0,0,0,0,0,-3.1308992303431538,-1.5504649034999978,-22.838900756990345,-0.1085268913873304,0.3054364415985097,-0.3041828835719647
data/sensor_images/image_2105.png,surface,0.0,0.0,1.944197103929079,22.779191580511725,-4.69010887731986,0.0,3.346518147093384,3.363714582851716,0.0,0.0,0.0,-0.9653973670932734,0,0,0,0,0,0,-1.965133127726956,11.83774629349869,-22.588190074630965,-0.1152080104125825,0.3315638080848434,0.0353907489111545
data/sensor_images/image_2106.png,surface,0.0,0.0,1.94707315877574,-0.548465722996477,17.130545958463948,0.0,3.437674521952069,-1.399662689667557,0.0,0.0,0.0,0.473704678309109,0,0,0,0,0,0,9.277688497673036,1.0828264453404466,-23.648754381579828,-0.0671742498962827,0.3133952161526629,-0.2910402673359971
data/sensor_images/image_2107.png,surface,0.0,0.0,1.8633368431616912,22.867931138953928,-4.662400089434791,0.0,0.9265487066519468,4.37175498663669,0.0,0.0,0.0,-3.38090746803183,0,0,0,0,0,0,-2.104073485511529,11.794540538822377,-22.144325032841945,-0.150910958473887,0.3445522147511388,0.0513533959855864
data/sensor_images/image_2109.png,surface,0.0,0.0,1.9215829139654377,-0.2482926567230089,-5.42691664484482,0.0,-1.5615932449009795,3.486774641835857,0.0,0.0,0.0,4.166124939837975,0,0,0,0,0,0,-2.7647139728712524,0.3528039536026169,-24.99352323123907,-0.1777878711784056,0.3263196786952452,-0.2276428646933591
data/sensor_images/image_2110.png,surface,0.0,0.0,0.7284725360885378,24.53849898145039,-2.3078823547857703,0.0,-0.3773302996674721,-0.2662105991960379,0.0,0.0,0.0,-1.261160276842015,0,0,0,0,0,0,-0.7727980348562078,13.141103923632365,-22.86189537567145,-0.1488178361923517,0.338522231716059,0.0399562903656006
data/sensor_images/image_2112.png,surface,0.0,0.0,0.6286429201488137,3.9270727037436144,-20.870979775077178,0.0,-2.6726726890616823,-1.228925788651505,0.0,0.0,0.0,1.52348142198798,0,0,0,0,0,0,-9.592811523311406,3.017264141273189,-23.72672773160533,-0.2117667746308092,0.3308630435315156,-0.1805828195468909
data/sensor_images/image_2113.png,surface,0.0,0.0,0.9728777924292236,-19.65857829359018,11.417307926395813,0.0,-1.9858147260844008,-2.9135112953315367,0.0,0.0,0.0,2.3634667944688195,0,0,0,0,0,0,6.473291392726755,-7.993983267895971,-23.220558429556327,-0.0650284994971877,0.237653328089623,-0.4023448598887688
data/sensor_images/image_2114.png,surface,0.0,0.0,1.235544492735412,-11.569864356152696,5.599066763408855,0.0,-2.9918029445939363,-1.4052345675417128,0.0,0.0,0.0,-2.537476396334003,0,0,0,0,0,0,3.687892023485564,-4.302916001907043,-24.892548981141143,-0.1129285168291081,0.3215579891106653,-0.2000871091640816
data/sensor_images/image_2116.png,surface,0.0,0.0,2.530255722400806,-18.288984501653538,-7.769159128651056,0.0,2.7263180191146126,2.1032834195790966,0.0,0.0,0.0,-3.917617228782354,0,0,0,0,0,0,-2.8659629569414244,-8.995621370726262,-22.704792289774826,-0.2321650045892737,0.2353462417277824,-0.1689947796702385
data/sensor_images/image_2117.png,surface,0.0,0.0,1.2193766115043725,12.71941655216736,21.26720196655317,0.0,1.0880508790459305,-2.386621765775669,0.0,0.0,0.0,-3.306618364008782,0,0,0,0,0,0,10.933455779353952,7.8710006396948975,-22.27772413445723,-0.1121025780535538,0.3588090477070365,-0.0787076230182638
data/sensor_images/image_2118.png,surface,0.0,0.0,0.6848947553047018,-22.58659772317352,4.384878999512235,0.0,3.3430908487569058,1.125745288038286,0.0,0.0,0.0,4.128462326660394,0,0,0,0,0,0,2.344271593668907,-10.31266170092386,-23.64164365540845,-0.0996616710538004,0.1884261512920274,-0.3493877910910691
data/sensor_images/image_2120.png,surface,0.0,0.0,0.873533798462346,12.68972181809359,-19.68100185928525,0.0,0.1030605233487547,0.1877226068787757,0.0,0.0,0.0,1.055998607877182,0,0,0,0,0,0,-8.645599681982306,6.985086754682627,-23.071341952224834,-0.1943275309934463,0.3745235843545213,-0.116431384756427
data/sensor_images/image_2121.png,surface,0.0,0.0,1.485479751156059,-10.62851495683362,10.074416965161475,0.0,0.6493312623121351,-0.2044812824056172,0.0,0.0,0.0,2.0666622033280504,0,0,0,0,0,0,6.469301965949944,-3.722029875208628,-24.81107355832273,-0.0714339878073069,0.2700672057256512,-0.3285315841542681
data/sensor_images/image_2122.png,surface,0.0,0.0,0.992035584340089,21.95303384432717,-5.950206667836698,0.0,4.572098016364071,-0.6991361949817284,0.0,0.0,0.0,-2.708250916128047,0,0,0,0,0,0,-2.4481008488834384,12.126809294712414,-22.934177513752545,-0.1391895159768809,0.3289435748672286,0.0352684313656853
data/sensor_images/image_2123.png,surface,0.0,0.0,1.0875558987187444,2.9424322023867164,-1.4410547487625305,0.0,-0.0215275387179542,2.4431258017950785,0.0,0.0,0.0,-2.638313163318461,0,0,0,0,0,0,-0.332113530343914,2.6209742432497247,-25.83075221446128,-0.1484305740893978,0.3334418104187459,-0.0856543621032084
data/sensor_images/image_2125.png,surface,0.0,0.0,1.2468384930363012,13.111313578620951,13.22285743283915,0.0,-1.1708445515975958,-1.3383717699911952,0.0,0.0,0.0,-4.249719979859071,0,0,0,0,0,0,6.532246678470709,7.868287890640644,-24.21366144346329,-0.1236271685906301,0.3592298983869755,-0.0720046492854222
data/sensor_images/image_2126.png,surface,0.0,0.0,1.76214682155776,-2.258902075551387,-1.0012741928766284,0.0,2.512027364560346,-2.820586210001092,0.0,0.0,0.0,-1.1121226828199735,0,0,0,0,0,0,0.6138767647977096,0.1590017786044316,-25.32727745944015,-0.1289011253204082,0.3180170929250679,-0.1349440752445831
data/sensor_images/image_2127.png,surface,0.0,0.0,2.9283676792106617,-10.186103365310617,15.462155217558973,0.0,-3.592880912424972,0.2700930373977115,0.0,0.0,0.0,3.6899741798220127,0,0,0,0,0,0,6.010647991361154,-3.548714227997757,-19.67136304376179,-0.0510953139168732,0.3685554871302021,-0.3600171867538033
data/sensor_images/image_2128.png,surface,0.0,0.0,2.479976104690707,0.9050965828257204,12.028255743051712,0.0,1.8331963899463424,3.926742247494449,0.0,0.0,0.0,2.8036227157534954,0,0,0,0,0,0,6.5108028815192895,0.6896428863847845,-23.986473580748616,-0.1278772519475565,0.2830476435466296,-0.2747467140734582
data/sensor_images/image_2129.png,surface,0.0,0.0,0.931301758650386,1.1379316246810247,-1.3635139080251113,0.0,0.5948496114035794,-2.5616366320858712,0.0,0.0,0.0,-1.7842289121690902,0,0,0,0,0,0,-0.2058806979069812,2.295067448049932,-26.093756853196776,-0.1449877874156912,0.3344234517061854,-0.1076970263247737
data/sensor_images/image_2130.png,surface,0.0,0.0,2.5071267260270806,2.39683499484076,18.31974957547777,0.0,4.726783646925064,0.5353931317462307,0.0,0.0,0.0,0.2194984064128489,0,0,0,0,0,0,10.189314153643537,2.376747441556162,-22.59673131991225,-0.0328640629650003,0.2894028869010667,-0.2723971244297302
data/sensor_images/image_2133.png,surface,0.0,0.0,1.5867668338110568,16.832405989164496,-15.431953229968734,0.0,1.0947425802221116,-1.1407386045625136,0.0,0.0,0.0,0.1483892763736882,0,0,0,0,0,0,-6.971705114365214,9.289074432837634,-22.738940964101207,-0.1354630595822835,0.3878878474712112,-0.1008708519308948
data/sensor_images/image_2134.png,surface,0.0,0.0,2.667746706409887,2.831214432834588,-6.410502559449819,0.0,2.6025204910792845,2.164210925704384,0.0,0.0,0.0,3.1764612451445657,0,0,0,0,0,0,-2.032778391964356,1.46185827828423,-23.67600226121372,-0.221403670848624,0.2983609291990391,-0.2257782246715706
data/sensor_images/image_2137.png,surface,0.0,0.0,1.474440371224448,3.204527084260896,-11.053236771137676,0.0,-2.785006731136728,0.6990091959434491,0.0,0.0,0.0,0.1912630707798035,0,0,0,0,0,0,-5.769905984471339,2.954747634957642,-26.14774276782612,-0.1677019149560011,0.3608981649250851,-0.2108269588870994
data/sensor_images/image_2138.png,surface,0.0,0.0,2.596196474151171,-8.733228712615407,17.094203860749758,0.0,-2.580421474143173,3.734349425667023,0.0,0.0,0.0,-1.880819511103391,0,0,0,0,0,0,8.075577411178026,-4.010930554553771,-21.992360847162253,-0.1648173625930837,0.3052491703723082,-0.1789314806753988
data/sensor_images/image_2139.png,surface,0.0,0.0,2.519280699521556,-21.01833872141869,-0.410196506337321,0.0,-2.408714068687748,4.3053687239165415,0.0,0.0,0.0,3.97453117884686,0,0,0,0,0,0,-0.1597169798912987,-10.01808872120331,-22.954377939753645,-0.2440727189266482,0.2464633910675951,-0.3735037959091324
data/sensor_images/image_2140.png,surface,0.0,0.0,1.11376493179601,6.884114150504323,-2.4742225623836136,0.0,-1.8994801684238865,0.2426826824360733,0.0,0.0,0.0,-4.090215943065965,0,0,0,0,0,0,-1.3193212634115687,4.629272171998775,-25.66839206420106,-0.1269996422943689,0.3528163052698188,-0.0727833986261189
data/sensor_images/image_2141.png,surface,0.0,0.0,2.590684726540284,-9.143623837499732,15.192268113419756,0.0,-2.287332995469156,-2.9303397993865,0.0,0.0,0.0,-4.539863972515864,0,0,0,0,0,0,7.337783876547313,-2.04339648493842,-21.96941119931408,-0.0489965459323775,0.352808064677369,-0.1853447742911338
data/sensor_images/image_2142.png,surface,0.0,0.0,2.864392679884038,17.00692220743046,-1.2914391675231944,0.0,2.855251317069686,-3.7081225593793903,0.0,0.0,0.0,-2.3480933958347263,0,0,0,0,0,0,0.0718913061696694,10.64653522316597,-23.101709236476427,-0.0537855909459459,0.3276795085084623,0.0143705527224853
data/sensor_images/image_2143.png,surface,0.0,0.0,2.6944236465687075,7.7765038865047105,11.348314355018848,0.0,0.4537496883859003,2.119955885965344,0.0,0.0,0.0,-3.86944543602185,0,0,0,0,0,0,6.629909913868719,3.970455989203927,-23.29303331449245,-0.1807146384522012,0.3423276663311733,-0.1093108377377118
data/sensor_images/image_2144.png,surface,0.0,0.0,1.4532200692824755,-11.722161152497376,6.105843597268077,0.0,1.0154212721807911,4.414659195355108,0.0,0.0,0.0,-4.106831609887066,0,0,0,0,0,0,3.961376033624084,-4.700131545802992,-25.507705563432143,-0.1417530364460336,0.3249337546036661,-0.2038412369311075
data/sensor_images/image_2145.png,surface,0.0,0.0,1.8529044889488493,-13.683447825717806,-5.564803646672259,0.0,-2.3212309575946777,0.4453993380475763,0.0,0.0,0.0,-3.167269528120744,0,0,0,0,0,0,-2.523582800901244,-5.743997918719572,-24.61664250286711,-0.1568884025800614,0.3402313042448932,-0.1826413277156913
data/sensor_images/image_2146.png,surface,0.0,0.0,2.614901605753749,-13.262522907252595,-11.419457422320033,0.0,2.9715531009370224,2.6547389785063373,0.0,0.0,0.0,3.0462012006679924,0,0,0,0,0,0,-4.445847106181997,-6.680265744599955,-23.358705351979765,-0.2577654610598859,0.2453160181939284,-0.2944547622080694
data/sensor_images/image_2147.png,surface,0.0,0.0,2.2910010688614246,-7.853027334085567,-10.419603617793026,0.0,-0.3060295714693432,-4.137420001337804,0.0,0.0,0.0,-0.395224715158406,0,0,0,0,0,0,-4.363808300484904,-2.092499263369204,-23.897428641704607,-0.1430983152089567,0.31345730577317,-0.2914209857537621
data/sensor_images/image_2148.png,surface,0.0,0.0,2.272762350320396,12.302607315245709,13.631770780188022,0.0,1.2818264393476948,-4.433293805489562,0.0,0.0,0.0,1.8156106539449564,0,0,0,0,0,0,7.380007125476819,7.8099672566733584,-23.46852637685454,-0.0537065893009025,0.3595234918232152,-0.2015182970978361
data/sensor_images/image_2149.png,surface,0.0,0.0,1.2131286527606124,-20.46331397877704,7.497667013092458,0.0,2.4779897938617896,2.641510053662214,0.0,0.0,0.0,-3.2224542291040503,0,0,0,0,0,0,4.974675815016883,-9.44368469083817,-24.308761654191592,-0.1203546802310042,0.2764016560905349,-0.2531489972181848
data/sensor_images/image_2150.png,surface,0.0,0.0,2.0270047248516887,15.64210799224704,1.021469507210556,0.0,1.9979750622175785,0.6580797245540514,0.0,0.0,0.0,0.1195756351559893,0,0,0,0,0,0,1.5231636964276598,8.822693071483547,-24.26553814114344,-0.1180676732981294,0.375084470041673,-0.175122606081329
data/sensor_images/image_2151.png,surface,0.0,0.0,0.6361527893723675,-7.108296527906423,-5.134734988723088,0.0,2.8788791491804964,-1.998946770546718,0.0,0.0,0.0,3.0317142230322585,0,0,0,0,0,0,-2.0389164034062475,-2.5844178007093945,-26.87439158536346,-0.1515202364843548,0.2983151961628796,-0.2950149186791435
data/sensor_images/image_2152.png,surface,0.0,0.0,1.242868498904524,-0.2747897202861729,-20.14275333717829,0.0,0.6322407037742472,1.712475450636027,0.0,0.0,0.0,-2.606748019112902,0,0,0,0,0,0,-9.10571117928786,1.0753906469174006,-24.775286916687115,-0.189471112781169,0.3429582803719349,-0.0584018431633035
data/sensor_images/image_2153.png,surface,0.0,0.0,1.0069721654766195,-18.69398895077502,9.801297631248836,0.0,3.8329460553227337,2.6650184599639,0.0,0.0,0.0,-4.186252424219054,0,0,0,0,0,0,6.005458844285386,-8.070069052717818,-24.671375015989568,-0.1213596794253949,0.273081356808441,-0.2428584855205755
data/sensor_images/image_2154.png,surface,0.0,0.0,1.467536435742111,10.070259082857236,-7.485022751239188,0.0,-1.814420437112736,-0.2604116096729726,0.0,0.0,0.0,0.5730120148023481,0,0,0,0,0,0,-3.850001673302299,6.204006384484567,-25.375281425371256,-0.1333679380622617,0.3767845099479841,-0.1786107111287037
data/sensor_images/image_2155.png,surface,0.0,0.0,2.345573965619693,8.545671080336248,21.30514636086505,0.0,-0.3200414777988819,1.2605835726108197,0.0,0.0,0.0,4.14509348716259,0,0,0,0,0,0,10.334690779303422,4.617200293503781,-23.21266078540023,-0.0913962167631691,0.3560401592540405,-0.2534383626334263
data/sensor_images/image_2156.png,surface,0.0,0.0,1.151352819432459,-12.780698266626324,-2.627507868032313,0.0,3.724168588305736,2.570099789795365,0.0,0.0,0.0,1.8123724542177069,0,0,0,0,0,0,-0.1346828757445148,-5.186585583207608,-25.986424712052475,-0.154670902907255,0.2845897550241012,-0.3248814734729776
data/sensor_images/image_2157.png,surface,0.0,0.0,0.947287728277438,-15.97892962865057,-14.38811157819918,0.0,-0.7737931129967839,3.958432023175605,0.0,0.0,0.0,0.4256637306306832,0,0,0,0,0,0,-6.717326868134984,-7.185791159139411,-25.30095707119605,-0.1959948661683518,0.2544750608876706,-0.3183307766927002
data/sensor_images/image_2158.png,surface,0.0,0.0,2.60508918830602,-0.5489889609649408,-11.812625641921764,0.0,3.4305555275913284,1.807500894600876,0.0,0.0,0.0,1.7032556386873798,0,0,0,0,0,0,-5.525622710455895,-0.064825000952554,-23.33462741498332,-0.1875663993264394,0.2676638935050928,-0.2006440042689299
data/sensor_images/image_2159.png,surface,0.0,0.0,2.787744909866007,-0.2696212048412332,16.26323657596659,0.0,1.1351685919942152,4.66812827950393,0.0,0.0,0.0,-4.152064482350736,0,0,0,0,0,0,9.183396822916636,-0.1278242302227563,-23.50427875666759,-0.1637405187909746,0.2873832536201089,-0.1477841365729582
data/sensor_images/image_2160.png,surface,0.0,0.0,1.6155414908236816,-6.9348513027257965,-20.812363424217708,0.0,-0.4011879121971053,-3.155840827791066,0.0,0.0,0.0,-2.0873913654248035,0,0,0,0,0,0,-9.840653508934189,-1.9187775604626407,-24.683009815931584,-0.174546794434281,0.3380344129819828,-0.095593733276798
data/sensor_images/image_2161.png,surface,0.0,0.0,1.111244429639607,-12.243012517894403,-3.731617774832334,0.0,1.6764183700640256,-3.218513661255779,0.0,0.0,0.0,-2.950379666434885,0,0,0,0,0,0,-1.0222483875274486,-4.836815890648413,-25.91017274332912,-0.1386070181147799,0.3092785706750419,-0.1692896308952527
data/sensor_images/image_2162.png,surface,0.0,0.0,1.130914754506052,7.130562457879746,20.33172680095124,0.0,0.0199089417345458,-1.4752805300916356,0.0,0.0,0.0,2.743919014259565,0,0,0,0,0,0,10.573906039839372,4.885720575030909,-24.710300803334786,-0.0371570194615921,0.3506645570678625,-0.2305683593231984
data/sensor_images/image_2163.png,surface,0.0,0.0,1.5404497193507871,-4.117185010007415,-14.532198230541807,0.0,3.46169351091311,0.8046339561973432,0.0,0.0,0.0,4.376313243093037,0,0,0,0,0,0,-7.010959012341417,-1.0850483854911528,-25.76882049401373,-0.2020667215930091,0.307696884388924,-0.2375627193044582
data/sensor_images/image_2164.png,surface,0.0,0.0,2.506107343923609,-24.78376217086896,-3.369951135915126,0.0,-1.1683403778780608,-1.9117598459723315,0.0,0.0,0.0,-2.0352850644523466,0,0,0,0,0,0,-1.0820018025915663,-9.07136833892853,-20.438123409735308,-0.1274565254800527,0.2864852973024966,-0.2376168303721986
data/sensor_images/image_2165.png,surface,0.0,0.0,1.903704202092504,-1.0556745589220002,-12.446703835549922,0.0,-1.2208348595730312,1.5021414582755563,0.0,0.0,0.0,-3.5643125338748605,0,0,0,0,0,0,-6.397613795763675,0.2396924788770923,-25.62849824642135,-0.1774741930446193,0.350543557347181,-0.0692399746294133
data/sensor_images/image_2166.png,surface,0.0,0.0,1.943339867148642,1.684268013861209,7.939407797255174,0.0,-0.0302011640890871,-3.635927003093312,0.0,0.0,0.0,-1.807895959504216,0,0,0,0,0,0,4.487027571246063,2.719895025819904,-25.565086236885907,-0.0910163173488762,0.3287069236603473,-0.0889339935155356
data/sensor_images/image_2167.png,surface,0.0,0.0,2.9453932890944667,-11.472626829678942,-11.477876715285271,0.0,3.9056660372221854,1.6323013204078674,0.0,0.0,0.0,-2.116826722171572,0,0,0,0,0,0,-3.576860266112693,-5.326718133457888,-22.07640410379012,-0.2582083625668656,0.2194345599760313,-0.1091317117157803
data/sensor_images/image_2168.png,surface,0.0,0.0,0.6941879921548904,-7.587165113028471,-19.81983961666561,0.0,2.613830547241254,2.8966798469321566,0.0,0.0,0.0,-3.208369711567697,0,0,0,0,0,0,-9.078996826881758,-2.415300587088048,-25.0434984009914,-0.1793173635347338,0.3141194732270651,-0.1035275428316927
data/sensor_images/image_2169.png,surface,0.0,0.0,1.6875334832772209,-17.708033059072132,17.10727335647498,0.0,4.423667127435221,-0.1734229371428681,0.0,0.0,0.0,3.635182373609263,0,0,0,0,0,0,9.348610749557356,-7.764462536524484,-23.76705365099952,-0.0367684425253534,0.2113107211664985,-0.3640570530342778
data/sensor_images/image_2170.png,surface,0.0,0.0,1.6985057377889523,19.879771283119645,4.505061859026886,0.0,-1.2923272677820838,2.2612842075459336,0.0,0.0,0.0,-3.90280400578391,0,0,0,0,0,0,2.166149030725098,11.075812962204733,-24.70977102665159,-0.1495679264767468,0.3586402608299568,-0.0054423337264992
data/sensor_images/image_2171.png,surface,0.0,0.0,1.8849349394219352,13.883373359932358,-12.063971279427822,0.0,-1.6241911921605725,-0.5848335074030401,0.0,0.0,0.0,4.85083356435789,0,0,0,0,0,0,-5.57064893469218,8.350443840132579,-24.72686713847932,-0.1486116005813131,0.4251662332033873,-0.1411209871925843
data/sensor_images/image_2172.png,surface,0.0,0.0,0.9198505934071534,21.60387451672269,-2.9009435484475485,0.0,-2.6836228160257383,-3.2387006608156934,0.0,0.0,0.0,0.1522981771985438,0,0,0,0,0,0,-1.6331504780164023,11.75820973376114,-24.6527467313292,-0.1335181998627756,0.3962136359773569,-0.1002024877510872
data/sensor_images/image_2173.png,surface,0.0,0.0,0.9223053709975456,-17.598451653617754,-8.181003472210376,0.0,-3.2152859477491305,-3.8017392671102734,0.0,0.0,0.0,2.3228562360090823,0,0,0,0,0,0,-3.302572624548154,-7.403853515420227,-25.23846449954313,-0.1832592978288295,0.2439838651138793,-0.3338266009138112
data/sensor_images/image_2174.png,surface,0.0,0.0,1.5386214023770337,20.44572973517442,2.579846333781452,0.0,-0.4186196125797371,0.703322963711237,0.0,0.0,0.0,3.243038135877552,0,0,0,0,0,0,1.098108569958372,10.981563240490829,-24.51447254508453,-0.1333082338553942,0.4033912064875012,-0.1340762145699551
data/sensor_images/image_2175.png,surface,0.0,0.0,2.0155431407286915,-15.378185158505753,10.545148517358696,0.0,-2.1847356711182253,1.7945720701495569,0.0,0.0,0.0,0.7242118238335982,0,0,0,0,0,0,5.428034083076514,-6.691171035073956,-23.089185039940613,-0.0995760560250879,0.2731212848685005,-0.3888914112679471
data/sensor_images/image_2176.png,surface,0.0,0.0,1.257006312585237,-12.180289517354618,-4.854108849276877,0.0,0.4283660894139806,3.578714468626879,0.0,0.0,0.0,2.2595252709394096,0,0,0,0,0,0,-2.487212551707876,-4.951790718899924,-25.71642681050555,-0.17514898226862,0.2737374373482159,-0.3235365726898233
data/sensor_images/image_2177.png,surface,0.0,0.0,1.74379801029108,15.67068703132804,15.194218544702789,0.0,-0.1019242273060182,-3.2623424303589004,0.0,0.0,0.0,-3.679178159724911,0,0,0,0,0,0,7.487053787368702,9.483770750950644,-23.62653961255464,-0.1116787400809234,0.3359913044347428,-0.043189507326533
data/sensor_images/image_2178.png,surface,0.0,0.0,2.9668931858297505,-15.967135561842996,5.296727032028888,0.0,1.4199045892693387,-0.6704168710406048,0.0,0.0,0.0,1.0173312006423512,0,0,0,0,0,0,4.486380243184842,-5.4668087726106025,-21.12309378576994,-0.0726124104083654,0.1384883601048148,-0.3400530597714336
data/sensor_images/image_2179.png,surface,0.0,0.0,0.5760775434745675,-0.2571864511785157,-15.406659371721313,0.0,-1.3389432300557214,-0.3833150826930002,0.0,0.0,0.0,-3.1713777939290377,0,0,0,0,0,0,-6.991239900169283,1.4777207473889362,-25.41807706912264,-0.1685797278580188,0.3456690356209304,-0.0720506520999769
data/sensor_images/image_2180.png,surface,0.0,0.0,1.6646682145637537,1.0202681259937207,-0.5313002148609112,0.0,0.7461838635335323,2.025810400177856,0.0,0.0,0.0,2.078611758657426,0,0,0,0,0,0,0.0658939044224561,1.0171838986118584,-26.13377649482824,-0.1511521890589505,0.3132755766569763,-0.2488521685070398
data/sensor_images/image_2181.png,surface,0.0,0.0,1.6847617433564637,-13.96145495002256,-4.803250530615312,0.0,-1.397691207676529,-4.436903969478262,0.0,0.0,0.0,-0.3729460797614168,0,0,0,0,0,0,-1.6838915661841616,-5.614499118096373,-24.7167008936212,-0.1516008482638426,0.2709583831810846,-0.3498043178178245
data/sensor_images/image_2182.png,surface,0.0,0.0,2.229515971801364,-23.778938136104504,-1.1639833689054568,0.0,-2.3976202713031447,0.6072018218883349,0.0,0.0,0.0,4.593950819766551,0,0,0,0,0,0,-0.8900593713661114,-11.018727072421932,-23.078378619903464,-0.1864593484517556,0.2302244481219165,-0.3754401675268664
data/sensor_images/image_2183.png,surface,0.0,0.0,1.166000288218541,-2.555084073835717,4.782326944017454,0.0,-0.6104576417609868,-4.117955159539396,0.0,0.0,0.0,-3.5976297720435846,0,0,0,0,0,0,3.179774567854141,0.2821188556468903,-26.8041273681503,-0.1122025322705281,0.3452264132029068,-0.1412621542709621
data/sensor_images/image_2184.png,surface,0.0,0.0,2.4998351686732736,8.721280387823738,3.3026757791400763,0.0,2.7091537901738296,-3.1966998400068,0.0,0.0,0.0,3.487270809969342,0,0,0,0,0,0,2.360321444646941,6.376209815113372,-25.18869214596265,-0.0508543661242262,0.3402671522830588,-0.211944290867477
data/sensor_images/image_2185.png,surface,0.0,0.0,1.5024835500662144,-16.026475934216254,13.336942426685177,0.0,-1.9679924642946407,3.5656296741521527,0.0,0.0,0.0,1.4226458146389902,0,0,0,0,0,0,7.235278310289919,-7.200252687430055,-24.414261545940214,-0.0769090748111842,0.2357228487981175,-0.3806607326440961
data/sensor_images/image_2186.png,surface,0.0,0.0,0.7379059815470652,0.4041032926241016,-19.896755165036524,0.0,2.583268360105594,0.8046211033302857,0.0,0.0,0.0,-2.531719647551438,0,0,0,0,0,0,-9.519194973396688,1.5694420001863103,-25.23325809687816,-0.1783513442882978,0.3526844310518688,-0.0631161734360858
data/sensor_images/image_2187.png,surface,0.0,0.0,2.075151247654896,13.671053997864634,14.104812477271292,0.0,-3.484513180761636,-2.4873882597910324,0.0,0.0,0.0,0.0089293752052723,0,0,0,0,0,0,7.306414211753829,8.530401378978711,-23.33408507946198,-0.072145516247761,0.410250536096132,-0.1966170721026503
data/sensor_images/image_2189.png,surface,0.0,0.0,2.29200548407104,-9.373615836905357,17.081295019681523,0.0,-0.170032677470866,3.576286384972003,0.0,0.0,0.0,-0.7297712204178044,0,0,0,0,0,0,8.809040215643932,-4.069434612326775,-22.789082139824814,-0.131866695641491,0.30078307829099,-0.1966421180802259
data/sensor_images/image_2190.png,surface,0.0,0.0,0.5303507444013948,12.966116459845727,16.072627836712154,0.0,-0.2529363349938917,0.4977081928820598,0.0,0.0,0.0,4.9573390873476,0,0,0,0,0,0,8.458835610241563,7.672322805310555,-24.23224451647443,-0.0950539619511302,0.4007804289691058,-0.20211716282173
data/sensor_images/image_2191.png,surface,0.0,0.0,1.9916755058994788,2.629559941291417,-17.827487587298354,0.0,-2.005050844164028,4.074237107287693,0.0,0.0,0.0,-3.89478901353514,0,0,0,0,0,0,-8.766322647958743,2.1497814084355,-24.127679160275942,-0.2011796367116525,0.3599199222652097,-0.0423074061039628
data/sensor_images/image_2192.png,surface,0.0,0.0,2.6772299487171507,19.590231269951737,2.629356026972142,0.0,4.907238003472574,0.393881721520034,0.0,0.0,0.0,2.857176230662631,0,0,0,0,0,0,2.6595460438698995,10.738592297768363,-22.995383581730923,-0.0872584009036439,0.3283295415899517,-0.1496584282673335
data/sensor_images/image_2193.png,surface,0.0,0.0,2.246021068154859,2.7571641467153007,0.0298899145186151,0.0,1.4607199560036157,2.603892419198414,0.0,0.0,0.0,4.513989973058795,0,0,0,0,0,0,0.4311119013158392,1.894609048363228,-26.154874513770668,-0.1710709913909136,0.3222831654871057,-0.2576835907784526
data/sensor_images/image_2194.png,surface,0.0,0.0,2.0608593868475475,2.6605928156819907,16.9695823409128,0.0,2.1474450234761204,-3.557853443117441,0.0,0.0,0.0,-3.837741045193241,0,0,0,0,0,0,9.433408165453452,3.4297978829073217,-24.135369638966225,-0.069977481702858,0.3277446554434337,-0.1298938513850084
data/sensor_images/image_2195.png,surface,0.0,0.0,1.579477813218358,6.755940273222504,-14.730190203453695,0.0,-1.6898827164971844,3.314500106864984,0.0,0.0,0.0,4.639250357662219,0,0,0,0,0,0,-6.900858248735869,4.322830516714609,-24.96868275596362,-0.1835588452049771,0.3725639658263455,-0.1722362021671717
data/sensor_images/image_2196.png,surface,0.0,0.0,1.3404887922668938,-8.17154731362938,-20.475433986357647,0.0,-3.845014094205928,1.852801660237112,0.0,0.0,0.0,4.74697792096061,0,0,0,0,0,0,-10.187808301533057,-3.100562304005877,-24.61803307297187,-0.2362137365748293,0.3009738896274601,-0.2279330880087639
data/sensor_images/image_2197.png,surface,0.0,0.0,1.4257388023604485,3.3690011077569,11.33087113681372,0.0,-0.4189757918478875,1.509688845514486,0.0,0.0,0.0,2.158145640421555,0,0,0,0,0,0,5.775363767688669,2.249258729213401,-25.440146919734207,-0.0845434676000523,0.349960713301374,-0.2715369538189137
data/sensor_images/image_2198.png,surface,0.0,0.0,1.4375660499543623,-21.40001368145947,-4.694210925077735,0.0,-3.081223202019566,2.8772654247822462,0.0,0.0,0.0,-0.0691465067746026,0,0,0,0,0,0,-1.7393335411253892,-9.320443411954784,-24.55354566509145,-0.1797021574479726,0.2919962039422572,-0.2157596051889588
data/sensor_images/image_2199.png,surface,0.0,0.0,1.8247090735740064,-7.697490645166411,-15.94521705384,0.0,-0.7722900440757172,-1.754201140462421,0.0,0.0,0.0,2.297604617650265,0,0,0,0,0,0,-7.672664694826129,-2.321802011978036,-24.996523849409424,-0.1836704758711657,0.321233714290611,-0.2492458643045857
data/sensor_images/image_2200.png,surface,0.0,0.0,0.8583252026675512,9.525930434958676,-18.078295949553315,0.0,-1.368658693875672,-2.7821238068234417,0.0,0.0,0.0,-1.037453076706317,0,0,0,0,0,0,-8.55242029045928,6.144054284370317,-24.792731631446017,-0.1460977572304663,0.3484338257844507,0.0076760783097124
data/sensor_images/image_2201.png,surface,0.0,0.0,2.704704837834781,2.7865744689378324,-4.6145446812960405,0.0,3.396217191877298,0.4317620424913721,0.0,0.0,0.0,-3.0442163722250006,0,0,0,0,0,0,-0.743166997658006,2.4656854529407,-24.623829527344967,-0.1523955720420772,0.2828762198959825,-0.0815219926373419
data/sensor_images/image_2202.png,surface,0.0,0.0,2.0646888607640363,-5.837607888666922,21.81996326861886,0.0,-3.22257490775288,-1.4087853545448554,0.0,0.0,0.0,3.630520447378391,0,0,0,0,0,0,10.943634843457293,-1.5339534680378095,-22.866459367416216,0.0178421099540482,0.3415135744201928,-0.3304297886940365
data/sensor_images/image_2203.png,surface,0.0,0.0,1.4360905695727435,-2.342094773451413,18.3066869341846,0.0,-3.555271336431954,-0.4203657763431732,0.0,0.0,0.0,1.4253872582966478,0,0,0,0,0,0,9.955475721687518,-0.1868052279191505,-24.885779601816967,-0.0257976673849476,0.3491685016933077,-0.2978526922353784
data/sensor_images/image_2204.png,surface,0.0,0.0,2.955530410286314,-14.884625739685625,-12.075528666329044,0.0,-0.2405761075190106,-4.040128002455247,0.0,0.0,0.0,0.6914477605280256,0,0,0,0,0,0,-5.007582185982168,-4.891914757945138,-20.994494345771056,-0.1529600966483983,0.310454752410593,-0.3299710792872296
data/sensor_images/image_2205.png,surface,0.0,0.0,2.681318841563201,-10.23595635623521,4.718496829610674,0.0,-2.025554082389476,3.639533598471637,0.0,0.0,0.0,-0.6527070574792626,0,0,0,0,0,0,2.499473809000265,-5.153530692645077,-23.82859588042351,-0.2219561921804216,0.3231327121501307,-0.1880390464116501
data/sensor_images/image_2206.png,surface,0.0,0.0,2.0170404738383034,2.770182677255353,22.8069767318099,0.0,-3.6475138701222174,0.2916949637084925,0.0,0.0,0.0,3.3166787718693485,0,0,0,0,0,0,11.513331852576435,2.554696559137417,-23.08327150010104,-0.0221682644350156,0.3879929862248331,-0.2689557270524249
data/sensor_images/image_2207.png,surface,0.0,0.0,1.429372046133847,-0.6118756089829377,-13.060693827845263,0.0,0.9092784821479398,1.4967328522913763,0.0,0.0,0.0,-0.702650375367389,0,0,0,0,0,0,-6.013475425437974,0.9407046133131998,-26.426055213538408,-0.1754466092888162,0.3363231022804901,-0.062936289897674
data/sensor_images/image_2208.png,surface,0.0,0.0,1.4227346399971057,1.4984231324618766,22.764125677106108,0.0,-1.2009951126439256,-0.9139110740697866,0.0,0.0,0.0,-3.5977035488163747,0,0,0,0,0,0,11.31657030690162,2.096459061107298,-24.77882344775139,-0.0710617146759253,0.3412560414470288,-0.1185349111767569
data/sensor_images/image_2210.png,surface,0.0,0.0,1.3563024269677113,22.06940041722717,3.29496689849008,0.0,1.1601116864465222,1.208440721295753,0.0,0.0,0.0,1.9149629972399944,0,0,0,0,0,0,2.0846221527574467,11.70029642383378,-24.24953398173781,-0.116164205944886,0.3933940050388068,-0.1325797530378903
data/sensor_images/image_2212.png,surface,0.0,0.0,2.0213778056635388,10.577206225030675,-1.3650711447056794,0.0,4.407514920900674,-0.5500007037998791,0.0,0.0,0.0,-3.01056575306315,0,0,0,0,0,0,0.3654705055489733,7.33425099911093,-25.95489491056439,-0.1406649005123481,0.3395787717136395,-0.0297521955939724
data/sensor_images/image_2213.png,surface,0.0,0.0,2.3004087139037583,0.3665030800214747,-10.948663350039038,0.0,0.7640854497651652,-1.3449215451877152,0.0,0.0,0.0,-1.9125492054797668,0,0,0,0,0,0,-4.772622725111988,2.4306801771801303,-25.89415391666516,-0.1111534875327755,0.3356736544590493,-0.0975680858857386
data/sensor_images/image_2215.png,surface,0.0,0.0,1.8653687485470551,13.411309087983224,-10.615557308015925,0.0,-3.0428989311363366,-0.6119261971275238,0.0,0.0,0.0,-2.325325274464997,0,0,0,0,0,0,-5.043683912225767,8.40885189255461,-25.38163013626369,-0.1277119196584138,0.3866328981647843,0.000399866827552
data/sensor_images/image_2216.png,surface,0.0,0.0,2.4676991079092714,-8.642505215096213,-1.7096968436929063,0.0,3.783655327972852,0.877558269123931,0.0,0.0,0.0,-3.8837541239896,0,0,0,0,0,0,0.6024019909681316,-3.6181355781636624,-25.99066762479798,-0.1774374754116633,0.2652013080149483,-0.1380601157656898
data/sensor_images/image_2217.png,surface,0.0,0.0,2.104759525677836,-7.7972895780258,2.1634222633680174,0.0,4.265070660253462,-1.1593347989435798,0.0,0.0,0.0,-0.5203629936987433,0,0,0,0,0,0,2.983100710103994,-2.648249485343946,-25.98783444624277,-0.127021578284983,0.3005571516596446,-0.1601703548223693
data/sensor_images/image_2218.png,surface,0.0,0.0,2.359153281267968,-5.145510657011149,16.902977900598014,0.0,-2.948790892890959,1.925288426537555,0.0,0.0,0.0,2.529854430776882,0,0,0,0,0,0,7.999264884247713,-1.916489377609376,-24.10577264017797,-0.0957597578099379,0.3556491137651698,-0.3285642330318558
data/sensor_images/image_2220.png,surface,0.0,0.0,2.0876247325501804,18.88814282782599,-12.571553755640084,0.0,3.609868520143383,-2.8967986205720795,0.0,0.0,0.0,-4.631957799402645,0,0,0,0,0,0,-5.444923413298519,11.289309976206855,-24.21802509274553,-0.087385762191836,0.3662583038164739,0.0365504995109561
data/sensor_images/image_2221.png,surface,0.0,0.0,1.184460782728126,16.497444308721015,9.32254219624111,0.0,0.9890989390426828,-4.071660341996645,0.0,0.0,0.0,-3.8069279100389606,0,0,0,0,0,0,4.751624291138423,9.63025370515495,-25.47236437141205,-0.1034948605910612,0.3405880481537607,-0.0134285920224178
data/sensor_images/image_2222.png,surface,0.0,0.0,1.0768764707060725,-3.2284827715750013,4.082328010705162,0.0,-2.921591270221696,-2.4083963392758245,0.0,0.0,0.0,3.1972451930851182,0,0,0,0,0,0,2.723660247891156,-0.4988014621249728,-27.10834944263544,-0.0917740509526701,0.3324946724671767,-0.2802646695872201
data/sensor_images/image_2223.png,surface,0.0,0.0,1.1773431978842068,10.709514336838492,22.21063655886073,0.0,-0.4277596851135619,-2.7374891459106645,0.0,0.0,0.0,-2.347651295976493,0,0,0,0,0,0,11.599166403445878,7.020889752765266,-23.951029788371915,-0.1072292811074688,0.3465376185562366,-0.0709825336058817
data/sensor_images/image_2224.png,surface,0.0,0.0,1.4163137788116662,10.41837133978317,15.227352218340624,0.0,0.7982362183259261,-0.8598029797982535,0.0,0.0,0.0,-1.3692301794234418,0,0,0,0,0,0,8.150722352712283,6.709449116234048,-25.162139445191418,-0.1145320241960446,0.3395888834609187,-0.0631478669043213
data/sensor_images/image_2226.png,surface,0.0,0.0,1.0731536064230658,9.588575778881518,-12.0950060964772,0.0,-3.267480418387436,-0.7353471589549384,0.0,0.0,0.0,-4.357466046648675,0,0,0,0,0,0,-5.876442705915345,6.445323306011188,-26.815446216258827,-0.1292622062751076,0.3542634447762869,-0.0142040791307204
data/sensor_images/image_2227.png,surface,0.0,0.0,1.3749087382294385,14.223163666867162,-4.784097185915023,0.0,2.585964418008585,0.3180321726860599,0.0,0.0,0.0,3.959062250955313,0,0,0,0,0,0,-2.062644459459681,8.414165669920568,-25.747525981792727,-0.1549200249942441,0.3717904439232499,-0.1645444358229039
data/sensor_images/image_2228.png,surface,0.0,0.0,2.741241787784071,18.25710439103251,-3.645937053032464,0.0,3.3954377442136705,1.2421153515914594,0.0,0.0,0.0,-1.6535103039204224,0,0,0,0,0,0,-0.1026925788850068,9.826088295496897,-23.024989133985468,-0.1502245735690422,0.3046827173152241,0.0002429339037696
data/sensor_images/image_2229.png,surface,0.0,0.0,0.8365672688031642,9.48962358910072,-20.81282564762076,0.0,-1.2954158198906125,1.3312598154190334,0.0,0.0,0.0,2.4699538809546606,0,0,0,0,0,0,-10.156795640033891,5.630989450009807,-25.1282621878545,-0.1885518937134754,0.3731650135089439,-0.1509580058479378
data/sensor_images/image_2230.png,surface,0.0,0.0,1.0393101499784392,-22.166729554542368,10.503496451612651,0.0,0.5281013757714786,0.8004034724583124,0.0,0.0,0.0,-3.804008306766915,0,0,0,0,0,0,6.638112230602248,-10.40258966519562,-24.747463276958,-0.1086323616991082,0.2652189311533329,-0.2613174455354493
data/sensor_images/image_2231.png,surface,0.0,0.0,0.6517317323567773,8.262661598407487,3.5460634931380324,0.0,-4.627079475307029,0.367848966164519,0.0,0.0,0.0,-4.201923136284897,0,0,0,0,0,0,2.4387370532656147,5.666114072497566,-27.382132727007043,-0.1308050978114615,0.3649869801710811,-0.0801789212964502
data/sensor_images/image_2232.png,surface,0.0,0.0,2.2722028243781462,9.094987093952604,13.88392398387665,0.0,-1.0148429179697662,-1.8691846335798104,0.0,0.0,0.0,-2.580393299755725,0,0,0,0,0,0,7.2421471181193375,6.791504315703692,-25.409148181992293,-0.0607518479860898,0.3554821877301142,-0.0687194602859808
data/sensor_images/image_2233.png,surface,0.0,0.0,1.823526784427888,-14.16565893071708,5.008337614543998,0.0,1.73994686003524,1.4599609453233262,0.0,0.0,0.0,-4.638182460808617,0,0,0,0,0,0,3.614065943317512,-6.615207264430367,-26.003953972018905,-0.1381294298964713,0.2742287173328301,-0.1887155349132337
data/sensor_images/image_2234.png,surface,0.0,0.0,1.6858008517412624,-11.610906069882846,-7.262419201346592,0.0,1.850464744953775,-0.9723552825066104,0.0,0.0,0.0,-2.0861554035232857,0,0,0,0,0,0,-2.3825533684327005,-4.202773288201902,-25.94772197042971,-0.1493291945132727,0.3001974156111743,-0.1392571750153147
data/sensor_images/image_2236.png,surface,0.0,0.0,2.903356663784843,-0.2851725374775083,17.041812991100837,0.0,1.39644548589732,3.081731214019524,0.0,0.0,0.0,0.4800234834516272,0,0,0,0,0,0,9.646677939597229,0.1111678833283605,-22.52880798525516,-0.0887149730079191,0.2773859175662928,-0.2895130694951897
data/sensor_images/image_2237.png,surface,0.0,0.0,2.610193411674742,9.106180495835735,-18.46118150455354,0.0,3.3678853746815016,3.138586041560879,0.0,0.0,0.0,-2.349026886150156,0,0,0,0,0,0,-7.794643072632619,5.195830540019516,-23.28126435557055,-0.1906179969911283,0.3183512234303134,0.0298395295841811
data/sensor_images/image_2238.png,surface,0.0,0.0,2.550935270294155,1.3826706664177488,24.78725123030169,0.0,4.259505521162451,2.0613604428760985,0.0,0.0,0.0,0.4972908307651984,0,0,0,0,0,0,13.53096712244858,1.6972744049837996,-22.677891461593752,-0.0344266000182753,0.2596948836070277,-0.2761347196556763
data/sensor_images/image_2239.png,surface,0.0,0.0,2.688043688843691,5.565437319577651,15.883795943618782,0.0,2.6911617412724445,-2.24709652263608,0.0,0.0,0.0,-4.851319520079725,0,0,0,0,0,0,9.461702698725295,5.081572543903654,-24.80922376920923,-0.0711635750198742,0.2859919218467396,-0.0856314588926133
data/sensor_images/image_2240.png,surface,0.0,0.0,2.4425629023210824,21.62032107054737,12.009906908536268,0.0,1.7387526965248974,-0.0470843024862961,0.0,0.0,0.0,-2.5757421383013543,0,0,0,0,0,0,6.1270235399884,12.215446149762975,-23.14303245503675,-0.1234878491754652,0.3014201563354775,0.0028866852912721
data/sensor_images/image_2241.png,surface,0.0,0.0,0.8485939184295223,-5.8475709880722295,8.270389921881561,0.0,4.653480935956572,-1.7784097824285687,0.0,0.0,0.0,-4.067152838963829,0,0,0,0,0,0,5.25407969079162,-1.3054752295383638,-26.99464915528315,-0.1265470777414133,0.3375873423696298,-0.1601397275214892
data/sensor_images/image_2243.png,surface,0.0,0.0,2.8342961823503985,-0.4914432833802357,5.604467465109432,0.0,-0.1140607969287545,0.8511127878038388,0.0,0.0,0.0,-4.467674974799802,0,0,0,0,0,0,3.202622692593385,0.504631422088165,-24.73777698045373,-0.1799692332332289,0.343277417446731,-0.1170495796767434
data/sensor_images/image_2244.png,surface,0.0,0.0,2.2401927784474323,9.375919100287383,-6.44407033655659,0.0,1.2020469436632129,-3.1981815389376687,0.0,0.0,0.0,-2.156840274615032,0,0,0,0,0,0,-2.4364031667232102,6.756526071286811,-25.66883929668872,-0.1038153729068864,0.3467553681848256,-0.0303888820957134
data/sensor_images/image_2245.png,surface,0.0,0.0,1.23002669132019,0.5581487343920284,-13.94788597578704,0.0,-1.5074382454911843,-0.4023864696589153,0.0,0.0,0.0,4.45129913785779,0,0,0,0,0,0,-7.039086393168509,1.6281713479974114,-26.668818449586155,-0.1921647235680798,0.3543688076603714,-0.2004126411247784
data/sensor_images/image_2246.png,surface,0.0,0.0,0.5027777709765322,-2.780590234991528,-9.534346865517726,0.0,2.478201970750542,-2.723470757143916,0.0,0.0,0.0,2.8200741354707626,0,0,0,0,0,0,-4.281848501596136,-0.2713697003931219,-27.5919040054408,-0.1682335138994705,0.3409823754161982,-0.2628856402168315
data/sensor_images/image_2247.png,surface,0.0,0.0,1.714654423534345,-13.650565942234326,10.941094299571024,0.0,4.19887859218365,-0.347439897497459,0.0,0.0,0.0,0.2337478340414476,0,0,0,0,0,0,6.444084558674391,-6.090521263758879,-25.612567472820647,-0.0785796497993446,0.2426160598296222,-0.3543976414142435
data/sensor_images/image_2248.png,surface,0.0,0.0,1.9870086813430905,3.978398250650341,13.3500610498046,0.0,2.0676918681670657,-3.455876056513958,0.0,0.0,0.0,-4.688773976316883,0,0,0,0,0,0,7.192120071263825,3.8638443842332455,-26.31241541942971,-0.0876393263077199,0.3059026366293466,-0.0987140280407289
data/sensor_images/image_2249.png,surface,0.0,0.0,2.9849533079063817,-19.06685428259919,-3.660986214562074,0.0,1.9508993398569787,3.2353970748079,0.0,0.0,0.0,-0.3448519541417969,0,0,0,0,0,0,-0.698530769464338,-9.795397352368822,-22.67925364941933,-0.2939193103006654,0.2491172466882413,-0.1931431659204549
data/sensor_images/image_2250.png,surface,0.0,0.0,0.8322875926242919,7.31122456083472,-10.464837017812718,0.0,-4.3266645247719095,-0.0314082788964007,0.0,0.0,0.0,-2.0296042556589624,0,0,0,0,0,0,-4.84600179719359,5.388135126871084,-27.2156840226402,-0.142322138316934,0.3597418168954076,-0.0374345631854724
data/sensor_images/image_2251.png,surface,0.0,0.0,0.7220502437319811,8.047403496797044,1.2113717921445033,0.0,-0.5924030634705735,-1.1205780289033889,0.0,0.0,0.0,3.068000338704536,0,0,0,0,0,0,1.0510939620007052,5.906124075737289,-27.669858170818728,-0.1294475835952378,0.3680744173673264,-0.2331594943357504
data/sensor_images/image_2254.png,surface,0.0,0.0,1.3501758237708643,-1.2643111842613317,6.629199395085494,0.0,-2.045679199462205,1.9421110379452624,0.0,0.0,0.0,4.117491211316231,0,0,0,0,0,0,3.945694999585081,0.442919260276453,-27.354197072792548,-0.1199300520074986,0.3387595801916161,-0.2981560020476815
data/sensor_images/image_2255.png,surface,0.0,0.0,2.1559006317274343,-5.935599115443984,13.944314793449426,0.0,-1.8722119295795927,-3.1261316367919227,0.0,0.0,0.0,-2.977906174476721,0,0,0,0,0,0,7.911765786780153,-1.1102546543538765,-25.862327221129146,-0.0700228240594725,0.3410439287480406,-0.1581382860666743
data/sensor_images/image_2256.png,surface,0.0,0.0,2.723595966502244,17.122309942978134,4.5404406838957865,0.0,0.1670662364451035,-0.356605613841984,0.0,0.0,0.0,-1.5490228516015767,0,0,0,0,0,0,3.046190972020283,10.646573596100104,-24.45797494223757,-0.0865797576913567,0.3661695545811783,-0.0043122791610546
data/sensor_images/image_2257.png,surface,0.0,0.0,2.482904977758376,-3.180964876628192,-19.964442187882085,0.0,2.0704152830727702,4.333468107754602,0.0,0.0,0.0,-4.569508308025577,0,0,0,0,0,0,-9.799768087618958,-1.3597541253230336,-24.646297418393846,-0.2223380881706594,0.32508318793608,-0.038634372695855
data/sensor_images/image_2258.png,surface,0.0,0.0,0.7539896463100642,-14.069076860067264,16.03589074686668,0.0,4.549213092563575,0.1122859708288282,0.0,0.0,0.0,1.310203258044699,0,0,0,0,0,0,9.1639485003891,-6.063466624419709,-25.580918195720947,-0.0440893498494181,0.2783660704663189,-0.3638783939831351
data/sensor_images/image_2259.png,surface,0.0,0.0,1.6151883178575093,10.432607969786408,18.142988954038675,0.0,0.2765351570286382,1.3293273838938442,0.0,0.0,0.0,-2.997817466002677,0,0,0,0,0,0,9.844528788849278,6.76050628233805,-25.008904848284352,-0.14043959283999,0.3525670743362851,-0.0749267910410937
data/sensor_images/image_2260.png,surface,0.0,0.0,0.5949816360596873,-24.68363878898668,-1.6113247849600154,0.0,0.5346803037523392,2.69511581483328,0.0,0.0,0.0,3.884115900357706,0,0,0,0,0,0,-0.3146679876649493,-12.216435679162862,-25.555979338761457,-0.1553103530400696,0.1942940636131389,-0.3661809088623419
data/sensor_images/image_2261.png,surface,0.0,0.0,0.9215958110911002,6.839018094713881,-5.378599501594037,0.0,4.102771429424164,0.7603518182977453,0.0,0.0,0.0,4.975495619979789,0,0,0,0,0,0,-2.206450107841702,4.788750884166312,-27.35143451006624,-0.1459920167783565,0.3697353530169941,-0.2082586822749895
data/sensor_images/image_2262.png,surface,0.0,0.0,2.426777566294525,14.761009261977234,13.737649341498136,0.0,-3.467339423650499,-1.4048373925633877,0.0,0.0,0.0,4.118332042425468,0,0,0,0,0,0,6.978825877367986,9.09531178355012,-24.592733814879047,-0.0494938944343242,0.4176558729664104,-0.1867058741344451
data/sensor_images/image_2264.png,surface,0.0,0.0,1.897035123274473,5.630743964003703,-22.35538598966773,0.0,0.2297500372547395,3.5191286708899834,0.0,0.0,0.0,3.3084492516082964,0,0,0,0,0,0,-10.28632038627768,4.1124033416108166,-24.932114720631056,-0.2257660917172948,0.3882508990847774,-0.1386700346161627
data/sensor_images/image_2266.png,surface,0.0,0.0,0.8915908424872414,12.58684758549958,14.791573802846104,0.0,-3.3792341485251494,-1.119363409872935,0.0,0.0,0.0,2.815011713462612,0,0,0,0,0,0,7.962039595259176,7.755195939980702,-25.856513776005045,-0.0732519207617316,0.3921462478317664,-0.2039649170330312
data/sensor_images/image_2267.png,surface,0.0,0.0,2.7870554063793733,18.579646962443665,16.253126549596413,0.0,-1.838447864709768,1.3167479604286525,0.0,0.0,0.0,-0.0179372699945457,0,0,0,0,0,0,7.697639113276222,9.924078891843186,-21.3742171317831,-0.1593378414838967,0.3932933297663301,-0.0286155619112989
data/sensor_images/image_2268.png,surface,0.0,0.0,0.6462546185929794,-2.4004274279757376,-14.862491645701011,0.0,-3.382565640775645,-1.888318846114465,0.0,0.0,0.0,-0.4023456893383343,0,0,0,0,0,0,-7.210027875960324,0.1886681764065472,-27.32453340112951,-0.166707673389216,0.3418645699815997,-0.0795925173859056
data/sensor_images/image_2269.png,surface,0.0,0.0,2.7980864786518334,3.030467686279533,-18.742796626743907,0.0,1.0735132100289182,-1.2486214429538292,0.0,0.0,0.0,2.1033166055067003,0,0,0,0,0,0,-7.602977611405942,4.152099014022428,-23.616360163185167,-0.096494518409746,0.3268067562133183,-0.2092920020774213
data/sensor_images/image_2270.png,surface,0.0,0.0,0.7844984679017559,-1.7950522698885674,12.074367823145158,0.0,3.2787579983245494,-1.896955285778405,0.0,0.0,0.0,3.752121786999137,0,0,0,0,0,0,7.069113589709444,0.4614198616869991,-27.402711546701788,-0.0673633451396151,0.332256898693554,-0.3044983395646575
data/sensor_images/image_2271.png,surface,0.0,0.0,2.752174958355272,16.89395579581579,4.518747690517149,0.0,1.1656997617024816,-0.6971268895392472,0.0,0.0,0.0,3.963583357963282,0,0,0,0,0,0,3.5362942436475,10.212196537556212,-25.41009778133998,-0.0482732751218559,0.3317013551908314,-0.1698154999585696
data/sensor_images/image_2272.png,surface,0.0,0.0,1.4197273173759837,-9.005322759125196,-7.284559408451479,0.0,-0.7340914841091422,0.0687869622289421,0.0,0.0,0.0,1.6852778192314597,0,0,0,0,0,0,-3.6875484722164,-3.872888627657544,-27.552332197901887,-0.1828249454164618,0.3176596392989987,-0.2856525981140021
data/sensor_images/image_2273.png,surface,0.0,0.0,2.4746019745073347,-0.1247435068767111,-14.049135437554977,0.0,3.549307267426839,2.6868188212531683,0.0,0.0,0.0,-3.6419353127817433,0,0,0,0,0,0,-6.462334068846548,0.4175231287603628,-25.768151031838585,-0.1898359143513398,0.3302963207795323,-0.0643741510287041
data/sensor_images/image_2274.png,surface,0.0,0.0,1.4855940881200118,23.2409225490095,-8.488440293439064,0.0,2.5234022194408627,-3.864395077325724,0.0,0.0,0.0,0.9331212419455516,0,0,0,0,0,0,-3.982014935409529,12.825276993722378,-24.64372749164508,-0.1267510325459639,0.4068078086122563,-0.0928373133202042
data/sensor_images/image_2275.png,surface,0.0,0.0,2.332891207627259,8.102088883759942,9.57230397313748,0.0,-3.815437732767842,-2.582651398169196,0.0,0.0,0.0,1.0354606751635576,0,0,0,0,0,0,5.105710549115277,6.087865506640836,-26.01300074894197,-0.0558716458552226,0.3873816269954482,-0.2183311890922704
data/sensor_images/image_2276.png,surface,0.0,0.0,2.6309768884797355,2.9832763164569265,2.448510300641944,0.0,-4.245328153051722,-0.5165674196569648,0.0,0.0,0.0,-1.6266639251559156,0,0,0,0,0,0,0.7060827911775156,3.1691768279261243,-25.808025443141023,-0.1093034439846716,0.4062924076811806,-0.0915790791458165
data/sensor_images/image_2278.png,surface,0.0,0.0,1.505348917625494,11.027938186436629,18.04272284402133,0.0,0.2950392610070931,-1.0436613985115084,0.0,0.0,0.0,3.571265131609252,0,0,0,0,0,0,10.038181096462738,7.193883721518647,-25.665652806609703,-0.03805937083383,0.3683667241761325,-0.2198434439651042
data/sensor_images/image_2279.png,surface,0.0,0.0,1.486581600343328,1.6097750519033802,-2.995108358938922,0.0,-0.1243879641688424,2.9289478687292347,0.0,0.0,0.0,0.6022606781649555,0,0,0,0,0,0,-0.8511050922230808,1.914047250265411,-27.76671233913608,-0.1468504939179743,0.358989576370385,-0.2449939959151936
data/sensor_images/image_2280.png,surface,0.0,0.0,0.6414794071664813,-11.535384551906931,-14.216809542509878,0.0,3.1683755726499854,3.1915371314437766,0.0,0.0,0.0,3.229658317125722,0,0,0,0,0,0,-6.875554790432516,-4.88402234901146,-27.13873479061608,-0.2127758730482331,0.2816515073094927,-0.2704550737197918
data/sensor_images/image_2281.png,surface,0.0,0.0,0.5370392926929743,-6.241214572950704,-11.598024151708437,0.0,-2.3553146229876973,-2.290030880254069,0.0,0.0,0.0,-2.2492159596432404,0,0,0,0,0,0,-5.8296936972057525,-2.1770325592280315,-28.0209930218106,-0.1493581160287478,0.3186058877484656,-0.1083722175040471
data/sensor_images/image_2282.png,surface,0.0,0.0,2.358925335659104,0.749078789495833,16.32009732419808,0.0,-1.8654622991148664,0.5886245583487019,0.0,0.0,0.0,-3.385469134675083,0,0,0,0,0,0,8.850548803793306,1.461178117761903,-25.57136707481164,-0.1241821230490723,0.3630363784121985,-0.1299378066590066
data/sensor_images/image_2285.png,surface,0.0,0.0,2.678842492720924,2.143021149848632,14.23172393040249,0.0,1.1052593999915916,4.272388221829485,0.0,0.0,0.0,-4.169466633513612,0,0,0,0,0,0,8.413822914950897,1.6246652619236912,-25.46241019611608,-0.1486803317321679,0.306165957439138,-0.1456588452362187
data/sensor_images/image_2287.png,surface,0.0,0.0,1.686261120890684,7.920637565623038,14.52482319823383,0.0,2.550236243521889,0.1622004665041748,0.0,0.0,0.0,-1.815563534715716,0,0,0,0,0,0,8.41411668615778,5.379232358292529,-25.971239723957545,-0.1048603275986281,0.3434612314828842,-0.0904494740352885
data/sensor_images/image_2288.png,surface,0.0,0.0,1.3924624831347745,3.914269681838406,-21.54679726875116,0.0,-3.5643714624866734,-0.5905738636603075,0.0,0.0,0.0,-1.93157350760905,0,0,0,0,0,0,-10.798048844971284,3.2926892283598463,-26.06603607943152,-0.153133521610281,0.3588036098981088,-0.012474186910339
data/sensor_images/image_2292.png,surface,0.0,0.0,1.446510318526079,-12.296555875503325,-5.609930033595029,0.0,-2.2403334400814128,2.4627538535251565,0.0,0.0,0.0,0.6582448740846436,0,0,0,0,0,0,-2.1607912288998765,-5.47226643827579,-27.66350625774411,-0.1551623289668701,0.2936134604916107,-0.320710209853546
data/sensor_images/image_2293.png,surface,0.0,0.0,0.5482910776195835,-8.086866961411486,-6.791981037417639,0.0,1.2841642537164046,-0.15215664732995,0.0,0.0,0.0,-3.2801448818774803,0,0,0,0,0,0,-2.9020312218443984,-3.025815131075688,-28.05644043882908,-0.154046062746935,0.3210339003970756,-0.1471908746468308
data/sensor_images/image_2295.png,surface,0.0,0.0,1.36552058989076,1.957298350076241,-5.494934070594004,0.0,-0.3325302871107721,-1.9302482761930808,0.0,0.0,0.0,4.290565029090983,0,0,0,0,0,0,-2.239427270253119,2.59777050584257,-27.87020215029382,-0.1414391355303176,0.3584102097550292,-0.243049825268643
data/sensor_images/image_2296.png,surface,0.0,0.0,0.9158805018828584,-2.769066313693453,-1.7183920894051976,0.0,3.5584435939237937,3.0016256596520297,0.0,0.0,0.0,4.776259969097032,0,0,0,0,0,0,-0.3028508558991204,0.0073896821279777,-28.392572489961218,-0.1571741808506596,0.3353393982421581,-0.2722016098648303
data/sensor_images/image_2298.png,surface,0.0,0.0,2.9968290268844218,-18.280920681458884,2.6852592253192884,0.0,4.022907861965017,-1.6361372181859597,0.0,0.0,0.0,-4.98508322250553,0,0,0,0,0,0,4.741826157529061,-6.830130047696719,-22.682450566657785,-0.1018866915080202,0.125433873906654,-0.1519412405952907
data/sensor_images/image_2300.png,surface,0.0,0.0,1.712965870353894,-7.808282479115177,-5.756120754275106,0.0,-0.6037664430163118,-3.2974291543728214,0.0,0.0,0.0,2.272434099141101,0,0,0,0,0,0,-2.591046143605778,-3.027039227769916,-27.333137752858057,-0.1231460931471428,0.3217352799795356,-0.3003682050734385
data/sensor_images/image_2301.png,surface,0.0,0.0,0.6190454179535552,-11.652614413037329,-15.423350704158166,0.0,4.372306965486343,-1.933230098671615,0.0,0.0,0.0,-0.3321620813870165,0,0,0,0,0,0,-7.738909675184944,-4.719591827495107,-26.658238143032595,-0.1785625742646577,0.3137488112529689,-0.113721949590349
data/sensor_images/image_2302.png,surface,0.0,0.0,0.9861602847533866,-3.383146567186146,-15.229459340794811,0.0,-1.80442590739073,2.230301068007169,0.0,0.0,0.0,-0.6211793818529143,0,0,0,0,0,0,-7.7895403584159935,-0.3440371961243749,-27.8237748785043,-0.1651468099363754,0.339073655124946,-0.0861500077620212
data/sensor_images/image_2303.png,surface,0.0,0.0,1.072651263859437,-9.459714568000813,3.819015989130988,0.0,1.9516062021061416,3.5588513119123366,0.0,0.0,0.0,3.735107322337223,0,0,0,0,0,0,2.742120441794037,-4.499667943032769,-28.22068230889685,-0.116834925718313,0.2890264767639873,-0.3197149398860262
data/sensor_images/image_2304.png,surface,0.0,0.0,1.4687072853715546,-10.725635390762465,-14.764237654513686,0.0,-1.8263234645870243,-3.27239018494286,0.0,0.0,0.0,-1.3758391085053143,0,0,0,0,0,0,-6.999443808770108,-4.11535110857186,-26.78270328033664,-0.2099494317671669,0.3491967894218565,-0.116394749632407
data/sensor_images/image_2305.png,surface,0.0,0.0,2.56604152431265,-8.124701302903047,7.947171793630002,0.0,2.797738287311548,2.1743208658043915,0.0,0.0,0.0,0.6107863560439153,0,0,0,0,0,0,5.358656188785281,-3.89963969838446,-25.534682801081907,-0.1007134999165014,0.256235833917683,-0.3182305983800148
data/sensor_images/image_2306.png,surface,0.0,0.0,1.4980256800543927,-2.0050041974053547,-0.6735803790546235,0.0,-0.1997236346404882,-0.2130959943099981,0.0,0.0,0.0,1.214482777705431,0,0,0,0,0,0,0.3627430590203647,0.3789770309764367,-28.582579968459896,-0.1243265543296221,0.3562315373883192,-0.2722607811308558
data/sensor_images/image_2308.png,surface,0.0,0.0,1.8214747165469525,7.648373382206417,3.2460598887809096,0.0,-1.4528149833257662,-2.352866507045519,0.0,0.0,0.0,2.4975321901307765,0,0,0,0,0,0,2.072555386974728,5.788330365644372,-26.824149641696938,-0.0896594519462887,0.3794790465863352,-0.2310002345033615
data/sensor_images/image_2309.png,surface,0.0,0.0,2.159123011783356,15.69635003301998,7.741412444108882,0.0,-2.293332572240145,1.5955751109794678,0.0,0.0,0.0,-1.0025500336776516,0,0,0,0,0,0,4.100627438457511,8.877978039383056,-25.262364898942664,-0.1487322364088832,0.3645524631919729,-0.0326331679524587
data/sensor_images/image_2310.png,surface,0.0,0.0,0.9930594391690422,-3.0191618128585387,-24.624547325373943,0.0,-1.0086285033343712,-0.754865003382927,0.0,0.0,0.0,-3.653267814673818,0,0,0,0,0,0,-12.472615269077492,-0.2819399473260231,-25.90088437550933,-0.1785308337659245,0.3416438544795414,-0.0492026818143714
data/sensor_images/image_2312.png,surface,0.0,0.0,1.1166761531049627,-5.136338320489451,-18.991484411224096,0.0,0.0769549010343201,3.7539338628279664,0.0,0.0,0.0,-0.8075642643003995,0,0,0,0,0,0,-10.351915721285106,-1.5469614349542755,-26.871040453392528,-0.1587182963185194,0.3274103119245387,-0.1003010648337446
data/sensor_images/image_2313.png,surface,0.0,0.0,0.7530816618985832,5.180523931004565,0.5044301995200052,0.0,3.659712997959941,0.7427852759979803,0.0,0.0,0.0,-4.068373368594028,0,0,0,0,0,0,1.3531970968455282,4.428169697315518,-28.469871133469884,-0.1441538544352712,0.354615531225092,-0.0660437413506016
data/sensor_images/image_2314.png,surface,0.0,0.0,2.256670468959636,-2.966530793377608,-18.256447657658665,0.0,-3.169943142105825,-1.4357091158467092,0.0,0.0,0.0,1.2263705704955097,0,0,0,0,0,0,-9.535233765753592,-0.3010838835225979,-25.79185141734901,-0.2008574104323553,0.3821215484685343,-0.2238169206919045
data/sensor_images/image_2315.png,surface,0.0,0.0,1.923063803029161,-1.873280194463308,13.131004103577048,0.0,-0.8287221843371498,-3.368778210693188,0.0,0.0,0.0,-4.275160595931141,0,0,0,0,0,0,8.109221350501313,0.9444586272806432,-26.4970922990486,-0.0891614392652114,0.3611295831925034,-0.1437796146289737
data/sensor_images/image_2317.png,surface,0.0,0.0,1.5064909837856026,-10.393495053599482,13.081605685061572,0.0,0.321093335486098,0.3781048982359153,0.0,0.0,0.0,-1.841726729967092,0,0,0,0,0,0,7.97809200635183,-4.815735060761418,-26.96073936363013,-0.1295317075931443,0.3135567412335716,-0.188829915882902
data/sensor_images/image_2318.png,surface,0.0,0.0,1.151230413506312,8.618448087311275,19.24813147854155,0.0,-2.968985878048959,3.332103858889895,0.0,0.0,0.0,0.570280244491963,0,0,0,0,0,0,10.991503971834833,5.911532405003603,-25.34064780519709,-0.0531990768974161,0.3963769270659094,-0.2503419692214831
data/sensor_images/image_2319.png,surface,0.0,0.0,2.652602138712401,4.612937693176637,18.23731326290305,0.0,-0.1447117288614971,-4.609504352852261,0.0,0.0,0.0,-2.984407754817051,0,0,0,0,0,0,10.076678592452293,5.093554223140599,-24.86276566626727,-0.0249393665878769,0.3169234783546857,-0.0729687361310808
data/sensor_images/image_2320.png,surface,0.0,0.0,1.913826312121096,-18.000241370512786,-6.853705299028428,0.0,3.045637728773736,2.7388388310812464,0.0,0.0,0.0,0.5953206961293684,0,0,0,0,0,0,-2.545223717366229,-8.698974335340079,-25.82362808656927,-0.2112006908469842,0.2403143773152953,-0.327004998687306
data/sensor_images/image_2322.png,surface,0.0,0.0,2.728359372645889,-11.85310133328018,-18.38036529162605,0.0,0.3077114036722974,-1.2851431463560066,0.0,0.0,0.0,-2.6854283433310067,0,0,0,0,0,0,-7.755184624053081,-3.071497332688011,-23.48613192301577,-0.1099118156605058,0.3480470711620436,-0.1372940280014622
data/sensor_images/image_2323.png,surface,0.0,0.0,1.3695314084409111,-3.6337907149926783,3.176141309903264,0.0,-1.2684635125928532,-1.0186442362500068,0.0,0.0,0.0,-0.498194837438584,0,0,0,0,0,0,2.04236643571047,-0.3692807423197906,-27.50382918315796,-0.1346414987021771,0.3174263144140997,-0.1493422806056513
data/sensor_images/image_2324.png,surface,0.0,0.0,1.5222555028475775,23.603272742663325,-2.708340849970876,0.0,-1.030166382578041,4.039927359475329,0.0,0.0,0.0,-0.5762514250169488,0,0,0,0,0,0,-1.1902180203167825,13.666757441265064,-25.560784003883544,-0.1215050088943403,0.3561211533399387,0.0456145756543147
data/sensor_images/image_2325.png,surface,0.0,0.0,1.143611445945994,-4.296804286058392,23.73547650066222,0.0,-1.2153584647834736,0.9827389430541732,0.0,0.0,0.0,-4.618452241045556,0,0,0,0,0,0,13.095821015468587,-1.3940209576704348,-25.24930643814273,-0.0843376276944179,0.3353648832532043,-0.1724099042360224
data/sensor_images/image_2326.png,surface,0.0,0.0,0.8317687987130485,1.1423625696935464,3.1277012753543563,0.0,1.6575981211723467,-1.073067885559125,0.0,0.0,0.0,-3.867564171124912,0,0,0,0,0,0,2.638441140770568,2.0597463373467253,-28.60748967196759,-0.1297056789554105,0.3455363570213031,-0.1308765065822001
data/sensor_images/image_2327.png,surface,0.0,0.0,1.9272401959876275,11.699604114034466,1.3811026369832091,0.0,-1.9496087270630995,0.7850918562844691,0.0,0.0,0.0,2.243222889053774,0,0,0,0,0,0,0.9573035637091776,7.3339875879433105,-26.86464066076061,-0.1287624924417474,0.3963366295523918,-0.1910118022220623
data/sensor_images/image_2328.png,surface,0.0,0.0,2.80335533008868,2.363075819744389,14.407905712541268,0.0,-1.6739111650533336,-0.4755818772809437,0.0,0.0,0.0,-0.448884776833653,0,0,0,0,0,0,7.666805240539048,3.3152053398771764,-23.19405683574632,-0.0955653470434897,0.3925808285122409,-0.1287053721787767
data/sensor_images/image_2329.png,surface,0.0,0.0,2.1220057723130674,-7.299893821362652,-12.3877794968603,0.0,-0.06560950238351,-4.716219925294324,0.0,0.0,0.0,2.4780610158530347,0,0,0,0,0,0,-6.332679890272821,-2.2539192792388403,-26.82039070626994,-0.151246309540516,0.3126316824629725,-0.2669163157505791
data/sensor_images/image_2330.png,surface,0.0,0.0,2.15965105879498,17.13106759495248,-1.6683110045521643,0.0,2.878317676939676,-3.506046577867407,0.0,0.0,0.0,2.002715853527892,0,0,0,0,0,0,-0.0012935823384027,10.306523373409096,-26.257246285209472,-0.0878762546794958,0.3923820141082754,-0.1548806221347916
data/sensor_images/image_2331.png,surface,0.0,0.0,2.646059650326691,-17.24621489463271,16.034871147237002,0.0,-0.9579212655083316,0.3886874908984933,0.0,0.0,0.0,1.2457969765823362,0,0,0,0,0,0,7.187555766286813,-8.340648381738054,-22.64741653124249,-0.0744543138484218,0.2860635311553453,-0.3990580559403767
data/sensor_images/image_2332.png,surface,0.0,0.0,2.250302622868309,20.02419999870422,12.460488980775962,0.0,1.0876097499298034,0.7081883356939332,0.0,0.0,0.0,1.7474555571572503,0,0,0,0,0,0,7.435025012566244,11.30360956535424,-23.90480058826624,-0.1171004460890343,0.3793457649822357,-0.164953789847033
data/sensor_images/image_2333.png,surface,0.0,0.0,1.4398510756943868,5.460008805043596,24.343430276384755,0.0,0.6853637032114781,-2.739531747806592,0.0,0.0,0.0,-2.736207121134565,0,0,0,0,0,0,13.262217848828026,4.69522160460853,-24.526922532937988,-0.0808385100581117,0.3366789401748107,-0.104747805949813
data/sensor_images/image_2334.png,surface,0.0,0.0,2.5083127711535984,5.7979284956359205,6.721610352829448,0.0,0.4236214840362454,-3.0610929367420727,0.0,0.0,0.0,4.126286699223664,0,0,0,0,0,0,4.117519166905316,5.281680479565248,-26.8665119726852,-0.0489255929150045,0.3341754628310887,-0.2179795144273626
data/sensor_images/image_2336.png,surface,0.0,0.0,2.678672345859614,-11.040306918702232,20.76859927491337,0.0,-3.2373760460803664,1.023475321079647,0.0,0.0,0.0,4.66588590729568,0,0,0,0,0,0,9.178240251996044,-5.025478455395667,-21.00418912069804,-0.0686455579471873,0.3734044787559536,-0.3963217544569137
data/sensor_images/image_2337.png,surface,0.0,0.0,1.7728546571143835,14.000488061397396,-17.635079829258054,0.0,0.3759851781601897,3.0008219528420184,0.0,0.0,0.0,-3.642304309528929,0,0,0,0,0,0,-8.732672111737037,8.409836336615093,-25.81888330034011,-0.1505594608432818,0.3716557658493773,0.0406905898589835
data/sensor_images/image_2338.png,surface,0.0,0.0,1.8645536289698543,-13.90295516286164,-12.91002729793971,0.0,3.7698113523004095,0.4371640226216565,0.0,0.0,0.0,-0.2366759011247863,0,0,0,0,0,0,-5.322878455883084,-6.255190007152284,-26.408022814896945,-0.1931699897975858,0.2917630946269878,-0.134571163157068
data/sensor_images/image_2339.png,surface,0.0,0.0,2.8066890060212533,-6.838283048097466,5.175999390968413,0.0,2.0946161932647285,0.2788534013468837,0.0,0.0,0.0,3.063136062100844,0,0,0,0,0,0,4.864137794537518,-2.880992318113629,-26.648830909832554,-0.1211618746225909,0.2039948026421609,-0.3032786725023932
data/sensor_images/image_2341.png,surface,0.0,0.0,0.6954212119543375,6.445611897557948,-3.83771949453952,0.0,1.2625266482930495,-0.2817434301446601,0.0,0.0,0.0,-0.8210146147803066,0,0,0,0,0,0,-1.308505905197587,4.786511100840895,-28.194240903572485,-0.1353514087920432,0.348270279863243,-0.0423210105137466
data/sensor_images/image_2342.png,surface,0.0,0.0,1.132265078873187,16.72700366487121,12.395863720779522,0.0,2.9259085271308867,-0.498402657264938,0.0,0.0,0.0,2.7867930326445904,0,0,0,0,0,0,7.182596329715005,10.109721673442058,-26.54847122818189,-0.0774283731439216,0.3955289830277148,-0.1713385841301788
data/sensor_images/image_2343.png,surface,0.0,0.0,2.27691626198009,-16.39766669277442,9.709156894138706,0.0,-1.994316441016472,1.9677412668478025,0.0,0.0,0.0,0.0389482340804505,0,0,0,0,0,0,5.2565160496560175,-8.008943064340103,-24.83310531934564,-0.1648224813675412,0.2992161541862118,-0.2317599853305691
data/sensor_images/image_2345.png,surface,0.0,0.0,1.153241902314026,20.45714223043496,-1.0143284976510032,0.0,-9.609961208316803e-05,4.92838351403346,0.0,0.0,0.0,-2.1343683977040784,0,0,0,0,0,0,0.0075157062354854,12.084273358767865,-26.261317042633472,-0.1474078616657773,0.3515378812530046,0.040694002591702
data/sensor_images/image_2346.png,surface,0.0,0.0,1.159217719639416,10.932245107182036,2.888941291548327,0.0,-4.702508311006662,-1.1323237788612852,0.0,0.0,0.0,2.4549499746406127,0,0,0,0,0,0,1.5395593416589102,6.815684699851719,-28.23053605168237,-0.0921352242328993,0.380653066010809,-0.1817804445013405
data/sensor_images/image_2348.png,surface,0.0,0.0,0.6290582251552013,-3.709703708243613,23.088120549850217,0.0,0.168323423251523,4.629880837628503,0.0,0.0,0.0,2.54538171880371,0,0,0,0,0,0,13.112305364041507,-0.6524466514793017,-25.98941441280868,-0.0275725836847869,0.3272597203269133,-0.2996409557880541
data/sensor_images/image_2350.png,surface,0.0,0.0,1.5659323170596469,-1.1074164663633266,8.342104197879372,0.0,-0.3153576691398115,4.095426841115548,0.0,0.0,0.0,-3.108326154078118,0,0,0,0,0,0,5.563117199475959,0.4187400868364894,-28.465695935163723,-0.1439583090533547,0.3474016920157182,-0.1257259474316835
data/sensor_images/image_2351.png,surface,0.0,0.0,0.6832319919004763,10.410360722775645,17.526741745853013,0.0,-0.7796644391831677,-1.7811571354461702,0.0,0.0,0.0,-3.450393789918361,0,0,0,0,0,0,10.02178186448484,7.039184355801396,-26.61678725215077,-0.1163119664951459,0.366870777926907,-0.0679714485493644
data/sensor_images/image_2352.png,surface,0.0,0.0,1.6460038456807322,-5.6033971911804565,20.23880741335146,0.0,3.634301691664145,1.1868118873072109,0.0,0.0,0.0,3.79835314963859,0,0,0,0,0,0,12.026610293123444,-1.989502685522856,-25.812244876349315,-0.0269644860331216,0.2994258596190083,-0.3344441703703707
data/sensor_images/image_2354.png,surface,0.0,0.0,2.927046382637891,1.6136529481996988,15.29981057127036,0.0,3.5933140850479783,1.0642498137783716,0.0,0.0,0.0,2.0886282928150184,0,0,0,0,0,0,9.647720590845656,1.6675722234150212,-25.537321222565303,-0.0679279399744503,0.2473924306357642,-0.2544334802554726
data/sensor_images/image_2355.png,surface,0.0,0.0,2.683795452089748,-16.899130286796638,-7.56437556449845,0.0,-2.1366247620800563,-2.254423847254957,0.0,0.0,0.0,0.5984932640365503,0,0,0,0,0,0,-3.792257042139708,-7.504697757775081,-24.119598830995024,-0.1767014584927096,0.3082557582244189,-0.3608208590847849
data/sensor_images/image_2356.png,surface,0.0,0.0,2.826382971690442,20.76036112332408,-10.565900022425334,0.0,-2.4197418754162405,3.1794006090190923,0.0,0.0,0.0,-1.6820384253529044,0,0,0,0,0,0,-4.9674603550087655,10.986113266391914,-23.45111100117792,-0.1785383260394099,0.4120095670969587,0.0814262720584318
data/sensor_images/image_2357.png,surface,0.0,0.0,1.1768249207802877,8.332600186458322,-11.421825401286595,0.0,2.753151592650756,2.6178040650637016,0.0,0.0,0.0,3.5260597905174897,0,0,0,0,0,0,-5.454168767014767,5.262157179258104,-27.733733997974813,-0.1810577300044489,0.3802527975664564,-0.2019290654805904
data/sensor_images/image_2359.png,surface,0.0,0.0,2.096230910026991,7.505514857998438,16.098398388555044,0.0,-0.8891891359365972,2.369246284558318,0.0,0.0,0.0,-4.28580241620261,0,0,0,0,0,0,9.634848995219786,5.044022859888412,-26.27562189396279,-0.1418666552653647,0.380084790531381,-0.1212469855384199
data/sensor_images/image_2360.png,surface,0.0,0.0,1.0038122094201385,-13.489323027878584,-14.86689714629749,0.0,-2.9682331389333454,-0.7105122564792619,0.0,0.0,0.0,-3.6317093844494144,0,0,0,0,0,0,-7.766104882220473,-6.255275169746854,-27.677720946591347,-0.1674758031993022,0.3139433144525715,-0.1330901110315115
data/sensor_images/image_2361.png,surface,0.0,0.0,1.966205215671492,5.217528038976628,-0.1096657060265853,0.0,-2.150207081028258,-3.970691908201148,0.0,0.0,0.0,-4.1857304164478215,0,0,0,0,0,0,0.3429800713700157,4.623777712042855,-28.70199382509433,-0.1057464554403762,0.3575818181298179,-0.0528668143773651
data/sensor_images/image_2362.png,surface,0.0,0.0,0.989312086710485,2.471667505744583,-14.151662047121762,0.0,-1.4549913764614313,-0.803855624364898,0.0,0.0,0.0,0.917547571803028,0,0,0,0,0,0,-7.027398004342588,2.424451581120309,-28.336843232851,-0.1752552387405382,0.3704002372379025,-0.209827108652623
data/sensor_images/image_2363.png,surface,0.0,0.0,0.6628600661992661,1.815239932864271,-13.9397186467265,0.0,2.172811979889896,-2.74886110136714,0.0,0.0,0.0,-2.7863793441379725,0,0,0,0,0,0,-7.241245864261464,2.0289258620827035,-28.47801469335869,-0.1589649718683149,0.3460781689735483,-0.0746321516355855
data/sensor_images/image_2364.png,surface,0.0,0.0,1.6223104953242935,1.254313979665694,-3.036342104806603,0.0,-1.0307980913712165,-1.4466818947861124,0.0,0.0,0.0,1.886630101348075,0,0,0,0,0,0,-1.4236405587265566,2.01850887628827,-28.86079107360564,-0.122977411870925,0.3583197001987132,-0.2472150842566923
data/sensor_images/image_2366.png,surface,0.0,0.0,0.7353366643810517,3.0915447829935307,11.27088912038123,0.0,-2.623772198855795,-3.744464952377785,0.0,0.0,0.0,-1.3059805019233792,0,0,0,0,0,0,7.194544611173452,2.953968544705474,-27.99886909067489,-0.1078669867355469,0.3659495457818651,-0.1294148833212885
data/sensor_images/image_2367.png,surface,0.0,0.0,1.874295111941636,-0.6852430386024115,19.369339570941094,0.0,-3.06827319134585,3.398172773789636,0.0,0.0,0.0,-0.7937006282699475,0,0,0,0,0,0,10.547422456694552,0.1968693904383768,-26.12852309406432,-0.0947554700244235,0.3347255484104612,-0.1367282918652421
data/sensor_images/image_2369.png,surface,0.0,0.0,1.138104731364317,-2.022071293309067,-24.02512824993413,0.0,-3.226504973679564,0.9358059658808756,0.0,0.0,0.0,-4.315588628328064,0,0,0,0,0,0,-12.527143708522791,0.395141313689261,-26.20091383796192,-0.187319170995087,0.3466071185906242,-0.0677642580978713
data/sensor_images/image_2370.png,surface,0.0,0.0,0.9296947077788928,8.466711357008899,3.270289777888374,0.0,4.203506565671067,-1.810674802896849,0.0,0.0,0.0,-0.2866894189683435,0,0,0,0,0,0,2.2551039657828773,6.16577588300165,-29.03399160746664,-0.1331241291597109,0.3443041181714713,-0.0542595335280649
data/sensor_images/image_2371.png,surface,0.0,0.0,1.0858148741788909,16.474983204283888,5.37893699446145,0.0,-2.639838443755187,1.7659326571899094,0.0,0.0,0.0,-2.482104054985955,0,0,0,0,0,0,2.828718736798865,9.982007730930432,-26.99568298839607,-0.139591684447362,0.3608062988458146,-0.0212728142849041
data/sensor_images/image_2372.png,surface,0.0,0.0,2.7415288619388445,-4.250202993582812,-10.390921836457505,0.0,1.089010494882548,3.1025583700346058,0.0,0.0,0.0,1.1276528165990296,0,0,0,0,0,0,-4.499597055199435,-2.52087180380552,-26.23576227231689,-0.2581642359551473,0.3283408852248817,-0.2488244731410592
data/sensor_images/image_2373.png,surface,0.0,0.0,0.5796761255210181,9.61114748810323,-8.766707044230825,0.0,3.076481116806867,1.6966721076837803,0.0,0.0,0.0,-3.703399379492138,0,0,0,0,0,0,-4.0692595141439565,6.6659022242607,-28.66783402315213,-0.1492454158631184,0.3657476471782679,-0.0169206629245117
data/sensor_images/image_2374.png,surface,0.0,0.0,0.8687112680570739,-14.999061174802538,-19.337416162903263,0.0,-0.6502172908216589,-0.7797703523882933,0.0,0.0,0.0,4.884866039595899,0,0,0,0,0,0,-9.65143421841654,-7.594016806520786,-26.280672667205938,-0.2189127039910615,0.2675994392036132,-0.2925248339368381
data/sensor_images/image_2375.png,surface,0.0,0.0,1.7954246750035072,21.98961444371232,-9.122834515168789,0.0,3.8158128399502855,-1.9063065313740235,0.0,0.0,0.0,1.6929672189747027,0,0,0,0,0,0,-3.982518983233656,13.112884436878211,-25.494045633390105,-0.1244105692146075,0.402474333293937,-0.1011160738889781
data/sensor_images/image_2376.png,surface,0.0,0.0,2.2066022902155087,10.161307771065914,-0.7861962860196655,0.0,-2.6140857719835653,4.211821814096336,0.0,0.0,0.0,3.729270018594109,0,0,0,0,0,0,-0.4239711946265969,5.927420342745984,-27.52488397689506,-0.145949854803505,0.3873325249555522,-0.1970762915134878
data/sensor_images/image_2377.png,surface,0.0,0.0,1.5257992163170804,-15.495172432911858,-4.081692505310689,0.0,0.8848019072701686,2.05544282541646,0.0,0.0,0.0,4.395256660927219,0,0,0,0,0,0,-1.5216612348774152,-7.921251809050656,-28.47327755399097,-0.1878179547844796,0.2551205145264533,-0.3298890420791839
data/sensor_images/image_2378.png,surface,0.0,0.0,1.1008945828211631,-0.5372135838799527,-14.109471117808171,0.0,-3.798129886644968,-0.6295816447349036,0.0,0.0,0.0,3.464377371301543,0,0,0,0,0,0,-7.612564807848332,0.9209354526226804,-28.530493657366367,-0.1833619320910927,0.3409540836974179,-0.209951004093978
data/sensor_images/image_2379.png,surface,0.0,0.0,1.1858685749588904,6.679625495456096,7.151690905625522,0.0,0.108446913339214,3.734828480972367,0.0,0.0,0.0,2.108123378065593,0,0,0,0,0,0,4.72754630398594,4.9479124819465525,-28.478381050364348,-0.1222613756207119,0.3664675684293886,-0.2086452802124162
data/sensor_images/image_2380.png,surface,0.0,0.0,2.1234965336123173,-1.727154882345166,-7.2739359455675485,0.0,-1.093137512752711,2.7853470800046347,0.0,0.0,0.0,4.272053241817687,0,0,0,0,0,0,-3.377058456016496,-0.4380949221332407,-28.68565044160747,-0.2071124335798971,0.3642171399772047,-0.2432693172822141
data/sensor_images/image_2381.png,surface,0.0,0.0,2.2822545436618693,-7.874696077353687,8.606138267993328,0.0,0.059503586052815,4.476708895515444,0.0,0.0,0.0,1.4837389190527848,0,0,0,0,0,0,4.862298433814584,-3.9199878532116617,-27.11614044838665,-0.1261976755487188,0.2865946759426789,-0.3170708470895135
data/sensor_images/image_2382.png,surface,0.0,0.0,2.925714106461011,14.099400478506103,10.559251358527996,0.0,3.925424624520983,-2.9348498743203923,0.0,0.0,0.0,1.4831462774528346,0,0,0,0,0,0,6.242411918961073,9.304255907770653,-24.47491674489603,-0.0398097166666837,0.3352415844099283,-0.1961654876704062
data/sensor_images/image_2383.png,surface,0.0,0.0,2.2587695237536423,-5.797288739398501,-18.0206282141622,0.0,2.896482196315948,1.6449625490430335,0.0,0.0,0.0,0.4583624953679468,0,0,0,0,0,0,-8.34912260300684,-2.1444530912401865,-25.627727005343907,-0.2343584312963334,0.296780608938777,-0.2412712833944895
data/sensor_images/image_2384.png,surface,0.0,0.0,1.554788663970672,-9.617881014351669,5.355113573964393,0.0,-0.0104753546821298,3.587835400540028,0.0,0.0,0.0,-2.8234047162315,0,0,0,0,0,0,4.064689315929035,-4.296760266036712,-28.46244732840241,-0.1551378447160704,0.3324713810278096,-0.1816156623917232
data/sensor_images/image_2385.png,surface,0.0,0.0,1.1138487889813995,5.392928852376285,-6.822755396265982,0.0,2.049403172889909,2.424139743513793,0.0,0.0,0.0,0.4939108464535646,0,0,0,0,0,0,-3.140759102853628,4.167106417247547,-28.91711335603576,-0.1375568378109737,0.3544230681928024,-0.1898737541073735
data/sensor_images/image_2387.png,surface,0.0,0.0,2.316415478159769,-3.739575942688685,15.351169465553484,0.0,1.7491063861733942,-1.2165777218043796,0.0,0.0,0.0,0.9971333671872876,0,0,0,0,0,0,9.269707060093625,-0.7006428413659755,-26.62744293985748,-0.0337239011523509,0.2669638279932741,-0.2712630985934811
data/sensor_images/image_2388.png,surface,0.0,0.0,0.7914800529871588,-11.360560828993892,-12.054177923292247,0.0,0.0987023550543262,0.6072982321741535,0.0,0.0,0.0,0.1690590867691899,0,0,0,0,0,0,-5.786371826799624,-5.264103872840583,-28.42041732844526,-0.1921832094189548,0.2936544670096542,-0.2751688380380974
data/sensor_images/image_2389.png,surface,0.0,0.0,0.6495229875832702,6.677058488669535,14.731133433362876,0.0,-3.4983913645458493,-0.7160884645937408,0.0,0.0,0.0,-2.560800226290428,0,0,0,0,0,0,8.664603121549263,4.482279751974953,-27.72136197127556,-0.0973337756486897,0.3505579484378992,-0.0943499427670278
data/sensor_images/image_2390.png,surface,0.0,0.0,1.060395612390667,-10.427406617698097,4.906037820804659,0.0,-0.149013536680747,0.1990126493783984,0.0,0.0,0.0,-1.4464269228497226,0,0,0,0,0,0,3.62896623586087,-4.399723479576009,-28.29529263462916,-0.1547748845987039,0.3449814789441265,-0.1884186305683416
data/sensor_images/image_2391.png,surface,0.0,0.0,1.5481183004891068,16.406271328157402,8.054767499258608,0.0,4.364401351845732,0.1220907078663396,0.0,0.0,0.0,-2.7480533403925445,0,0,0,0,0,0,4.710237817549172,10.134846328444286,-26.655792858757884,-0.1442757070177962,0.3409749896424773,-0.0071910699083771
data/sensor_images/image_2393.png,surface,0.0,0.0,0.5228590675861393,-2.372468776150673,6.551126930113005,0.0,-2.4169451413836573,-1.9012901708401213,0.0,0.0,0.0,3.2554950258847466,0,0,0,0,0,0,4.680788989739265,0.0121567196017162,-29.34428249363425,-0.0931270297682382,0.3555296410485749,-0.3064324135554785
data/sensor_images/image_2394.png,surface,0.0,0.0,1.8463906727200228,18.717221924806207,7.4368971071711325,0.0,-1.8987681861269616,-0.2952343241042685,0.0,0.0,0.0,-0.3313823581663708,0,0,0,0,0,0,4.20309571396104,11.833209005861152,-26.734261225138333,-0.1313317422262852,0.3948330920140008,-0.0020986662707108
data/sensor_images/image_2395.png,surface,0.0,0.0,1.227186686999999,-9.43523700652565,16.6996050591971,0.0,-1.0845166202419594,-4.769719610788958,0.0,0.0,0.0,3.314163965019452,0,0,0,0,0,0,9.946390576112474,-4.074032209433474,-27.44094959144161,-0.0459888155874196,0.3069094638089309,-0.3428578834058702
data/sensor_images/image_2396.png,surface,0.0,0.0,1.3375387604419802,18.61354960209221,13.752743837102818,0.0,-2.075856511291277,-0.4687552881760361,0.0,0.0,0.0,4.681122476382429,0,0,0,0,0,0,7.480271972649643,11.272100612367428,-26.53448546954917,-0.0866567630995455,0.4212132743108522,-0.1620963964909509
data/sensor_images/image_2397.png,surface,0.0,0.0,1.583074864653072,-7.838048412989246,-0.6455544026234246,0.0,3.317218982975461,-0.6751442222476222,0.0,0.0,0.0,-3.926952022238837,0,0,0,0,0,0,0.8774041852360994,-3.0494463927033904,-29.58927281877614,-0.1389717556019991,0.3283779321652748,-0.157448581112057
data/sensor_images/image_2398.png,surface,0.0,0.0,1.650061977240839,-18.1544260388442,4.126472136538694,0.0,-3.922958264263529,-1.5725993750306808,0.0,0.0,0.0,-3.9244204381693337,0,0,0,0,0,0,2.8828702393308774,-8.349418926891863,-27.313231695244067,-0.1152272942829362,0.3222961453108124,-0.2409863210887635
data/sensor_images/image_2399.png,surface,0.0,0.0,1.5044513689437842,-10.551057906948795,-22.5370683022106,0.0,-3.1877149385011907,-3.794642775100321,0.0,0.0,0.0,0.7420452663219246,0,0,0,0,0,0,-11.38457654511254,-4.913353794105482,-26.193960865507503,-0.2596790986819775,0.3168894997789783,-0.2552858708432453
data/sensor_images/image_2400.png,surface,0.0,0.0,0.718482708372342,5.487041328083747,-2.7455433692103584,0.0,0.3125505692229121,4.421253781725701,0.0,0.0,0.0,2.8342163079364564,0,0,0,0,0,0,-1.245812309977999,4.13035849957293,-29.81666018454493,-0.1421183484640626,0.3617499388061308,-0.2065021822143014
data/sensor_images/image_2401.png,surface,0.0,0.0,0.8978592752382457,-0.0867997964256071,15.454160460973377,0.0,-2.1503654261715863,-1.8455655040085617,0.0,0.0,0.0,-1.5763952447871468,0,0,0,0,0,0,9.285440972598629,1.4103796073954464,-28.03088483979893,-0.0991064404316602,0.3618314852824004,-0.1330898862652246
data/sensor_images/image_2402.png,surface,0.0,0.0,1.7333984242470035,21.23736696930001,-3.19956520535268,0.0,-0.202566762534775,-1.433077208465374,0.0,0.0,0.0,-0.2160709482450524,0,0,0,0,0,0,-1.3956922069038713,13.031905514236676,-26.57995106666408,-0.1365796867453917,0.3658046975427884,0.0370924440701014
data/sensor_images/image_2403.png,surface,0.0,0.0,1.4663919571552058,13.815508625082012,-19.672565837279453,0.0,-2.1762668569326973,-1.8735039052813367,0.0,0.0,0.0,-0.6879823542316013,0,0,0,0,0,0,-10.216620403152223,8.97596429613386,-26.61965881984669,-0.1315636424777542,0.3774648705992172,0.0223315276130025
data/sensor_images/image_2404.png,surface,0.0,0.0,2.9917541946786588,2.5688863832793523,-18.593584790845217,0.0,2.9495035061984844,-0.5840325059873556,0.0,0.0,0.0,2.437347105258768,0,0,0,0,0,0,-7.881224945245948,2.9423073176341283,-23.144850905149475,-0.1856304283200772,0.3077401516494265,-0.1956351944931099
data/sensor_images/image_2406.png,surface,0.0,0.0,1.9571281702279824,16.175259507684924,-1.1396442634264343,0.0,-1.822852999755609,0.6008543454905648,0.0,0.0,0.0,-4.612005568629803,0,0,0,0,0,0,-0.364741487245444,9.810240427029836,-27.8727387522825,-0.1291566742628157,0.377175798298086,-0.0002746175522093
data/sensor_images/image_2407.png,surface,0.0,0.0,1.869587645367314,7.265207899074597,8.722451896463257,0.0,-1.1969535187129203,-3.32319100567227,0.0,0.0,0.0,3.3071660757091887,0,0,0,0,0,0,5.858890707826476,5.785824675748442,-28.641717260544013,-0.070681174465805,0.3753120058454251,-0.2284210508382844
data/sensor_images/image_2409.png,surface,0.0,0.0,2.191828832384509,3.555592157137212,-8.588651703870301,0.0,-3.8425509867474736,-3.0466045733137483,0.0,0.0,0.0,3.5340696587080664,0,0,0,0,0,0,-4.468309473435859,3.689133293355316,-28.440562393774947,-0.1488412155271787,0.4036820083256789,-0.2240710984170745
data/sensor_images/image_2410.png,surface,0.0,0.0,1.913575437601688,1.673949110983184,13.897175150721164,0.0,-0.177057742780704,-0.922228740024879,0.0,0.0,0.0,-1.7686574066192016,0,0,0,0,0,0,8.346108930680836,2.905115895600946,-27.273089049385085,-0.0907911263368698,0.3393807633601582,-0.1147429065656657
data/sensor_images/image_2413.png,surface,0.0,0.0,2.4574759946914986,3.9114508808941904,-17.884809071959953,0.0,-3.782264500240611,0.3298824487763131,0.0,0.0,0.0,-3.7452886349044223,0,0,0,0,0,0,-9.576787074375192,3.3122856714103706,-27.32690081637735,-0.1563835324073116,0.4050696718579748,-0.0365152306273665
data/sensor_images/image_2414.png,surface,0.0,0.0,1.041726631179333,-5.878058692621479,9.09363144360918,0.0,-1.7504047366164814,4.683125022827044,0.0,0.0,0.0,3.629847397545696,0,0,0,0,0,0,5.833565303687832,-2.51827118437318,-28.57525646414032,-0.0939742487666185,0.3297088008546541,-0.3121140579984608
data/sensor_images/image_2415.png,surface,0.0,0.0,0.9616230406296238,-5.53441562039721,17.864473589175052,0.0,-3.681309439408808,-0.9632782399524762,0.0,0.0,0.0,4.473841714579727,0,0,0,0,0,0,10.40310150957716,-1.716565729855482,-28.096276889405285,-0.0242756230997545,0.3236366673793024,-0.3351756052817831
data/sensor_images/image_2417.png,surface,0.0,0.0,1.327005873126477,4.974967637796361,-9.93961659028414,0.0,-0.0550364181612679,-3.1056818764373224,0.0,0.0,0.0,0.4318507009840715,0,0,0,0,0,0,-4.861671420274421,4.153612257191514,-28.87829364801363,-0.1601527766373418,0.3628377570690181,-0.1937390850632127
data/sensor_images/image_2418.png,surface,0.0,0.0,1.636947882863596,11.60210263512009,-1.7324902078352935,0.0,3.119458611952997,-0.542845585930086,0.0,0.0,0.0,1.525318923670067,0,0,0,0,0,0,-0.0595656796613071,7.6932559901684545,-28.93680314133072,-0.1243506912357247,0.376971076864703,-0.1745168273527345
data/sensor_images/image_2419.png,surface,0.0,0.0,0.610943316746879,-6.103945181266442,-6.311889966830512,0.0,2.327956456414149,3.982721808874409,0.0,0.0,0.0,0.6067856550798894,0,0,0,0,0,0,-2.611384202402414,-2.5649307286314267,-29.84611236312008,-0.1537981558829118,0.3177041881266105,-0.2837955129789766
data/sensor_images/image_2420.png,surface,0.0,0.0,1.557347353068952,10.12338738602065,-19.928435662114712,0.0,-1.1676908588151311,3.035121178205412,0.0,0.0,0.0,2.809883488662921,0,0,0,0,0,0,-10.860125365878496,6.120733635890866,-26.916458965211227,-0.1822165547336239,0.3755383591848831,-0.1352676506695715
data/sensor_images/image_2421.png,surface,0.0,0.0,2.8546224258668778,19.31649131170864,-2.2450166188848493,0.0,-2.792238429410408,4.101154288127778,0.0,0.0,0.0,1.6240963702875515,0,0,0,0,0,0,-0.9231575755546176,10.498468906492237,-24.468839060501463,-0.1688611332448592,0.4480900935875936,-0.1302812874655402
data/sensor_images/image_2422.png,surface,0.0,0.0,2.219171490373225,11.733011879491697,20.1187104910844,0.0,1.7410456825342773,-0.2135686035283519,0.0,0.0,0.0,-1.2951324839198295,0,0,0,0,0,0,12.18062603648643,8.165377166997033,-25.610671460535247,-0.1065453229988246,0.329226677533305,-0.079186231659066
data/sensor_images/image_2423.png,surface,0.0,0.0,2.548513744258258,1.50218912301986,24.01137737904721,0.0,0.6300984534143386,3.4407986434341304,0.0,0.0,0.0,1.6937453384686476,0,0,0,0,0,0,13.997654702815286,0.5144027858043706,-25.136808666023345,-0.0674991390972809,0.2944953428021382,-0.2985231909306219
data/sensor_images/image_2424.png,surface,0.0,0.0,2.068811785735952,-3.0824545416027127,6.295148656785502,0.0,-2.601592624524818,-3.3199927262820137,0.0,0.0,0.0,-4.652863530386295,0,0,0,0,0,0,3.676325950975173,0.489231904204048,-28.831584538038744,-0.1035998245883271,0.3651273472057946,-0.1371777587281571
data/sensor_images/image_2425.png,surface,0.0,0.0,1.962771025760056,0.7332138148464648,-8.241784477801446,0.0,-0.5709945117612584,2.315620535591417,0.0,0.0,0.0,3.01760400149586,0,0,0,0,0,0,-4.3027213551661365,0.8289610273750884,-28.46705998903789,-0.1986966676986097,0.3495800992111047,-0.233882848237174
data/sensor_images/image_2426.png,surface,0.0,0.0,2.927137386566017,20.05997762840877,-0.6310370704318838,0.0,-3.0310999667271403,-2.0128573923135367,0.0,0.0,0.0,-0.3930193339225285,0,0,0,0,0,0,-0.8460056529848061,13.053051395227136,-25.083942438096624,-0.0609160031939185,0.4261855740899577,0.0502930930826325
data/sensor_images/image_2427.png,surface,0.0,0.0,1.7242846957394211,1.732929171187844,-15.314094401165306,0.0,-0.4133282147686072,-3.821860753759284,0.0,0.0,0.0,-3.752687586070416,0,0,0,0,0,0,-8.106058953973816,2.53756411501036,-28.264056188256127,-0.1527208366930013,0.3703090063106224,-0.0684188415210628
data/sensor_images/image_2428.png,surface,0.0,0.0,2.47575490750915,11.77232918454502,-5.398293721393383,0.0,1.278682563496005,-4.176204365618676,0.0,0.0,0.0,2.3723426904639657,0,0,0,0,0,0,-2.5356039363576137,8.450358853896196,-27.42503145165272,-0.0862307610994289,0.3648936630073542,-0.172332279462067
data/sensor_images/image_2429.png,surface,0.0,0.0,1.0785274028122254,5.405093576470044,14.5740320427904,0.0,1.387221951787941,3.2003492022087827,0.0,0.0,0.0,4.958913647698491,0,0,0,0,0,0,8.708520546584937,4.178742252304582,-28.628204799589952,-0.0849150452855375,0.3683347554068797,-0.2718825439223211
data/sensor_images/image_2431.png,surface,0.0,0.0,0.953317480212889,23.55836234585598,-3.1229058911883243,0.0,0.7858707898505776,-0.3437921089098029,0.0,0.0,0.0,-0.8069681095396994,0,0,0,0,0,0,-0.8303353005525851,14.405236061901928,-26.4167699122084,-0.1571800806924627,0.3808218784863976,0.0350349503512043
data/sensor_images/image_2432.png,surface,0.0,0.0,1.355760292180179,9.652264131988796,3.229175737692323,0.0,-2.8362176199293643,2.7840361924993378,0.0,0.0,0.0,2.2055224095029846,0,0,0,0,0,0,2.3043361958470108,6.429236989124031,-29.10615045994693,-0.1332877323727077,0.3955202299919806,-0.2035673626798377
data/sensor_images/image_2433.png,surface,0.0,0.0,1.651707138832672,0.4444952148910875,-0.6551932026291936,0.0,4.900142533866735,0.6791215754274806,0.0,0.0,0.0,-2.474248805610647,0,0,0,0,0,0,0.2414577741944055,0.9907808549486924,-30.224209381956825,-0.1383546089624729,0.3251335311862856,-0.0806873130772316
data/sensor_images/image_2434.png,surface,0.0,0.0,2.723467593660612,-12.053936264575666,11.151635211286155,0.0,1.772189575854028,2.425362172459989,0.0,0.0,0.0,3.359894577478986,0,0,0,0,0,0,7.244519080896159,-6.656759297762855,-26.53272416665672,-0.152697017140593,0.2192575875418159,-0.3598198708143156
data/sensor_images/image_2436.png,surface,0.0,0.0,2.106525231895368,13.860237826656858,12.93314064317794,0.0,4.790100068277504,0.2862048863536633,0.0,0.0,0.0,-4.907477106985716,0,0,0,0,0,0,7.792604951975792,9.176401046161546,-27.614107151280223,-0.1286020728373439,0.3485595466101661,-0.0600714427340621
data/sensor_images/image_2437.png,surface,0.0,0.0,1.4623726170035007,-2.086406199979323,-19.05480766536344,0.0,-1.9595629006811504,-0.135315952196574,0.0,0.0,0.0,0.1011403562812818,0,0,0,0,0,0,-10.324175987171255,-0.5105234252852598,-27.881569947734707,-0.198732085751624,0.3512329004730169,-0.222408975920078
data/sensor_images/image_2438.png,surface,0.0,0.0,2.1740498465553726,-18.016745318392942,3.5843339699682777,0.0,1.308157572973507,-4.36146183799195,0.0,0.0,0.0,0.307436350774469,0,0,0,0,0,0,2.230963222622469,-7.758555459183748,-26.193097932563727,-0.1102992152262764,0.2373389520943332,-0.3578759014878233
data/sensor_images/image_2439.png,surface,0.0,0.0,1.51028986443083,8.57332598644883,1.6072192102047098,0.0,1.7596137720784517,1.846962783252753,0.0,0.0,0.0,2.630223874618945,0,0,0,0,0,0,1.8791028064336104,5.813414561150263,-29.745356760887724,-0.1380615166089548,0.3824113659392953,-0.2062059914705983
data/sensor_images/image_2440.png,surface,0.0,0.0,2.0201727877107167,15.540860148268106,11.220306766792287,0.0,-3.822506677266862,-2.132182816180422,0.0,0.0,0.0,0.1907215912449515,0,0,0,0,0,0,6.288842732134947,9.824035217512357,-26.481728758186662,-0.0664355703282832,0.4262155300184664,-0.1699194241177682
data/sensor_images/image_2441.png,surface,0.0,0.0,1.8395250119456263,11.10291443975422,0.7683277862911781,0.0,3.893530591952719,0.2753763051510784,0.0,0.0,0.0,0.2057731296876852,0,0,0,0,0,0,1.410112333150236,7.132946868476541,-28.796614688130223,-0.1212707186098011,0.369153135483179,-0.1906271952164125
data/sensor_images/image_2443.png,surface,0.0,0.0,0.7090061984793321,18.566665818077123,9.316967631659804,0.0,3.519676977731037,0.7774752895361287,0.0,0.0,0.0,0.8973209454440862,0,0,0,0,0,0,5.712139579449374,11.448557260466018,-28.014490587702586,-0.1061458532809031,0.430435743100686,-0.1601911047124719
data/sensor_images/image_2445.png,surface,0.0,0.0,1.9372641146056653,21.98463235775925,6.48325575920667,0.0,3.0228965195536444,0.2392906997394197,0.0,0.0,0.0,2.297788674976738,0,0,0,0,0,0,4.471963110768177,13.575434157968784,-26.705191999344784,-0.111670507408875,0.3925969582050774,-0.1406952082682808
data/sensor_images/image_2446.png,surface,0.0,0.0,0.6827785700426412,13.057970317604472,-16.50569079154403,0.0,3.4931229848387697,3.3364858702404216,0.0,0.0,0.0,-3.896084040228941,0,0,0,0,0,0,-8.588403546005376,8.620774351105279,-28.54144347384552,-0.1540740106527449,0.379722820799092,0.0079391212283369
data/sensor_images/image_2447.png,surface,0.0,0.0,1.6326389213982675,-14.56050556774938,-18.301023198668588,0.0,-0.1177115751203889,-1.9749244055854167,0.0,0.0,0.0,-3.736488470827316,0,0,0,0,0,0,-9.350002833941495,-6.601826857756027,-27.60190744220102,-0.1734898357851261,0.3369893553000588,-0.1335943403688335
data/sensor_images/image_2449.png,surface,0.0,0.0,1.9565976849271256,-3.629002925323921,16.435499863026138,0.0,4.639604993749168,-1.6406102503908422,0.0,0.0,0.0,-3.168855020620641,0,0,0,0,0,0,10.303189584068424,-0.8612806235995092,-27.84844655945411,-0.0899049054977511,0.2970451114575074,-0.1623805226903611
data/sensor_images/image_2450.png,surface,0.0,0.0,2.941657398346477,-2.016164167930627,-18.082200633458186,0.0,-1.150065565285763,-3.2094029626439284,0.0,0.0,0.0,-2.642282138428768,0,0,0,0,0,0,-9.28494430036638,1.901507104176504,-26.719478714801305,-0.1051807632217649,0.4386977433498542,-0.0896113852822544
data/sensor_images/image_2451.png,surface,0.0,0.0,1.2197020571636057,3.463377747635666,-20.26644401726324,0.0,-1.116682630737872,-0.8358804764165397,0.0,0.0,0.0,3.573692517215488,0,0,0,0,0,0,-10.894305190618772,3.4177294143091945,-28.34074274839477,-0.203015298764194,0.370575846983185,-0.1745313769924127
data/sensor_images/image_2452.png,surface,0.0,0.0,2.1247835836962783,-21.25189867487301,10.472767578792276,0.0,3.2701751121990825,3.0688925490214887,0.0,0.0,0.0,4.60098815900515,0,0,0,0,0,0,6.097091370461415,-11.33714001138828,-26.723088715006305,-0.1212318664909418,0.1762153094024385,-0.3778710001834999
data/sensor_images/image_2453.png,surface,0.0,0.0,2.836887238988517,-4.188845057944367,-6.44269070379085,0.0,-2.0834800206419164,2.481061496268744,0.0,0.0,0.0,-2.9538899680767514,0,0,0,0,0,0,-4.395282225898163,-2.414663201392253,-27.74684001740847,-0.2372156361141523,0.3987239760271518,-0.1243177221232804
data/sensor_images/image_2454.png,surface,0.0,0.0,1.373510631638207,-11.300433169609098,10.60095164198276,0.0,-0.2793282713938189,-2.720948925719154,0.0,0.0,0.0,1.2370960902534869,0,0,0,0,0,0,7.141219217322716,-5.141719962426529,-29.25581573501322,-0.0711457133846433,0.3034481658411546,-0.35439683568315
data/sensor_images/image_2455.png,surface,0.0,0.0,1.8339513688703688,3.496854307083968,3.200057484255529,0.0,-0.0105800585297042,0.4308037735614782,0.0,0.0,0.0,2.783645544024284,0,0,0,0,0,0,2.540764316311497,2.972776563581513,-29.801066260936427,-0.1438653042562938,0.3628248914867639,-0.2704967183609928
data/sensor_images/image_2457.png,surface,0.0,0.0,1.32833671239553,15.648835500415384,18.013564272872806,0.0,-1.276445952944017,4.708781468857661,0.0,0.0,0.0,-0.9370740155146732,0,0,0,0,0,0,10.28084556516546,10.476011243819803,-27.3839672065422,-0.120802865130344,0.3549225261238538,-0.0391243292184762
data/sensor_images/image_2458.png,surface,0.0,0.0,0.5223838430125398,9.443363062116124,22.32712552211076,0.0,-2.989231165023081,-2.4739199971947565,0.0,0.0,0.0,-1.707763895848966,0,0,0,0,0,0,13.439694164842509,6.836154565438311,-27.415648049604176,-0.1092693122748645,0.3791039432822864,-0.0922858248356077
data/sensor_images/image_2459.png,surface,0.0,0.0,2.9755637961102974,-0.3371561269081118,17.317418792820572,0.0,-0.5776025762606122,-1.3080408404876704,0.0,0.0,0.0,-2.3180667832203463,0,0,0,0,0,0,9.43697635868376,2.790949327988064,-24.9738438284715,-0.0046040182847943,0.375451877383624,-0.1163625607506799
data/sensor_images/image_2460.png,surface,0.0,0.0,1.515306441475983,-16.359639666984847,-2.0448858453386363,0.0,3.820321231061144,-2.339617551861572,0.0,0.0,0.0,-1.7738163290756548,0,0,0,0,0,0,-0.5013831839323442,-8.034110442741552,-29.07614397200124,-0.14305192229357,0.2879393522444343,-0.1973507707685157
data/sensor_images/image_2461.png,surface,0.0,0.0,0.7736874931481013,23.40635072962049,-1.2485361593743023,0.0,-1.878120159447266,-1.3850185009679727,0.0,0.0,0.0,-4.996764793608579,0,0,0,0,0,0,-0.0724289700200712,14.539828120107607,-27.495176909294813,-0.1371203395776037,0.3784383661987808,0.051230592887248
data/sensor_images/image_2464.png,surface,0.0,0.0,0.9211418273087844,-16.516905376332065,3.737931173607368,0.0,-2.8769071406351787,-0.8705750416256399,0.0,0.0,0.0,-0.5791030100691223,0,0,0,0,0,0,2.553568899944947,-8.17511723521001,-28.45650100326373,-0.1234760262917452,0.3179466099296924,-0.231691008949772
data/sensor_images/image_2465.png,surface,0.0,0.0,0.7962262909918384,-8.703730357948546,-7.018787679722667,0.0,0.8714755897791506,1.8956651838559213,0.0,0.0,0.0,1.0516801029517486,0,0,0,0,0,0,-3.1529820925353693,-3.805036846823167,-30.351575755548232,-0.177732428953768,0.3114657150164833,-0.3047497022987387
data/sensor_images/image_2466.png,surface,0.0,0.0,2.243934037208083,1.9269253792050287,-4.7204598040262535,0.0,-1.221536730130719,-3.6815026544073337,0.0,0.0,0.0,0.1004965493393701,0,0,0,0,0,0,-1.7541060414734189,2.8049873075854475,-28.7763689386254,-0.1213653550931213,0.3926700735882052,-0.2452371783438674
data/sensor_images/image_2467.png,surface,0.0,0.0,2.9831555368595235,2.0798378332980594,14.99045986832841,0.0,4.445464198157357,2.25525578893862,0.0,0.0,0.0,2.7060596623862443,0,0,0,0,0,0,10.061646272397985,1.6918217861198168,-27.1870026296082,-0.0865776564523307,0.2665033628432676,-0.2869728499352862
data/sensor_images/image_2468.png,surface,0.0,0.0,1.4797867055481086,20.31174097516752,-5.272575003321077,0.0,2.978408968341148,-1.4845478510706749,0.0,0.0,0.0,3.518587493583638,0,0,0,0,0,0,-1.9047471103311184,12.439427650167788,-27.512428746831343,-0.1278718136131739,0.409739616618615,-0.1147025943428527
data/sensor_images/image_2469.png,surface,0.0,0.0,2.4093465206236138,-10.073272510907804,-8.898871805696837,0.0,-0.0900427375866366,2.0022353781801248,0.0,0.0,0.0,2.3146501614151385,0,0,0,0,0,0,-4.597132061683338,-5.509213955050498,-28.05430571691805,-0.2558631598879952,0.3033797806876318,-0.3004636117243419
data/sensor_images/image_2470.png,surface,0.0,0.0,2.135600800009525,5.153285071880326,-0.6654389453497824,0.0,-0.7538414666350648,3.302458482943306,0.0,0.0,0.0,-4.825407214393506,0,0,0,0,0,0,-0.2763719019163079,3.4469186379161,-29.00095576987616,-0.1800775204698751,0.3472654109218529,-0.0617718391516692
data/sensor_images/image_2471.png,surface,0.0,0.0,1.5524037734125422,22.358582848044133,10.434308856200769,0.0,1.2197004191281562,-3.894779798830996,0.0,0.0,0.0,-0.2501074668720164,0,0,0,0,0,0,5.951979199764303,13.45947126049024,-26.61781172707722,-0.1089215189581139,0.4172473311356924,-0.1519544976827322
data/sensor_images/image_2474.png,surface,0.0,0.0,0.5731642098823604,16.800149849864063,18.452160874284395,0.0,-0.3350537838985111,-1.6418073045176405,0.0,0.0,0.0,-3.602914738441221,0,0,0,0,0,0,10.311301899556748,10.853831625533342,-27.08366814118676,-0.1421829538993818,0.367607835761008,-0.0339776521700461
data/sensor_images/image_2475.png,surface,0.0,0.0,2.880604109894534,15.641729073877656,-17.236759566192887,0.0,-0.9860680705583408,-3.070959417571081,0.0,0.0,0.0,2.881640739799675,0,0,0,0,0,0,-8.810313717096678,11.126398104943068,-26.106736800265043,-0.0933712615133254,0.4521655778273242,-0.1171432863595051
data/sensor_images/image_2476.png,surface,0.0,0.0,1.523470520123072,0.525046513059351,-3.873546462774263,0.0,-2.475859133757317,-2.144987277209585,0.0,0.0,0.0,-1.1142084192326127,0,0,0,0,0,0,-1.6748757255781297,1.5237859386069723,-30.591207691975875,-0.1354074600883887,0.377436327294304,-0.1075888832398742
data/sensor_images/image_2477.png,surface,0.0,0.0,1.9481004683225007,-9.915108827089242,-18.111644913028428,0.0,3.813265877112067,-1.64068859374764,0.0,0.0,0.0,1.5650090558557554,0,0,0,0,0,0,-8.70354573290738,-4.235946462725313,-27.708656287179323,-0.2343576509205711,0.2876340687730787,-0.2776082674815335
data/sensor_images/image_2478.png,surface,0.0,0.0,2.8518372001661434,15.031159525615225,11.975398409477826,0.0,-1.180695136377899,2.9771313908799657,0.0,0.0,0.0,4.20412970194487,0,0,0,0,0,0,6.637979291656487,7.874539055877435,-25.65267814810604,-0.1411007301996665,0.4176481071263017,-0.1982286224902388
data/sensor_images/image_2479.png,surface,0.0,0.0,1.940061537112739,-4.458699037100132,10.294730207350105,0.0,-3.283766457157817,-0.6933903894517697,0.0,0.0,0.0,2.6624528586254232,0,0,0,0,0,0,5.635042609148376,-1.7031258149587014,-29.61815391613748,-0.0521490406187572,0.3396126378044159,-0.3098392331087151
data/sensor_images/image_2480.png,surface,0.0,0.0,0.93082231965919,20.013628308259708,11.727968760862732,0.0,0.931696694126158,-2.7504401075470044,0.0,0.0,0.0,3.824373250151462,0,0,0,0,0,0,6.891936058411536,12.656305879012123,-28.102696182427337,-0.1098406651823896,0.4257207543657283,-0.152012038421004
data/sensor_images/image_2481.png,surface,0.0,0.0,2.8790339471668736,11.626554118413775,-0.8336971767656355,0.0,0.2876888649660764,1.829155747562204,0.0,0.0,0.0,-1.137334860303485,0,0,0,0,0,0,0.5718296276758843,6.214194962004221,-26.37646616438346,-0.2323003294201751,0.3555256875539214,-0.0194997930852941
data/sensor_images/image_2482.png,surface,0.0,0.0,0.9698496759735074,10.525900366118742,-9.748433391667188,0.0,-4.677561638462061,0.6577165327719703,0.0,0.0,0.0,3.369542481897156,0,0,0,0,0,0,-5.247439260473547,7.587730960498289,-29.928522593741544,-0.1864235140217993,0.3902538493860729,-0.1523465298171718
data/sensor_images/image_2483.png,surface,0.0,0.0,0.8203653587989899,15.920483682482445,-1.0359400077401482,0.0,-2.500373768250323,-3.368275200019913,0.0,0.0,0.0,0.6645052313508826,0,0,0,0,0,0,0.0375250255603609,10.013922943967604,-29.77308158791631,-0.1363261799637123,0.4145136048032181,-0.1488554735398412
data/sensor_images/image_2484.png,surface,0.0,0.0,1.406128594385032,21.74224845109064,-3.472739204396389,0.0,4.381920507599171,0.1280090921322476,0.0,0.0,0.0,-1.1619130598659155,0,0,0,0,0,0,-1.0313436459980814,13.723033874153629,-27.879283817857445,-0.1451074867227167,0.3511078558716404,0.0537068991076412
data/sensor_images/image_2485.png,surface,0.0,0.0,1.587127090063965,-2.179137220190396,-4.586674215838009,0.0,-0.8594882783427373,4.387666351245287,0.0,0.0,0.0,-4.092214685857157,0,0,0,0,0,0,-2.263758675695755,-0.1809710377286598,-30.68273873363417,-0.175261442153841,0.344090048313887,-0.1013870338478565
data/sensor_images/image_2486.png,surface,0.0,0.0,2.943431265267955,8.153250990673639,-19.620380867756825,0.0,0.8460415060734704,2.790626659847369,0.0,0.0,0.0,-4.140718409410996,0,0,0,0,0,0,-9.392033665648672,4.111018970136837,-24.783378965922388,-0.26374977454785,0.3652616951638014,0.0460285490891295
data/sensor_images/image_2487.png,surface,0.0,0.0,1.8851372831099351,-2.1377882124091325,2.86353929696237,0.0,-3.576835125209243,-1.591858167313079,0.0,0.0,0.0,-1.7652564107612214,0,0,0,0,0,0,2.280893947799981,0.0423869688096756,-30.99613806419793,-0.113212758125256,0.3797951333050015,-0.1318720116343085
data/sensor_images/image_2488.png,surface,0.0,0.0,2.514601503864325,-6.244777666815805,6.367340735341175,0.0,-1.357583274384862,-3.025433790238727,0.0,0.0,0.0,1.6869797351588218,0,0,0,0,0,0,4.458237388358538,-1.1979900690754657,-27.967470765708107,-0.0346622733635558,0.3646762373581246,-0.3258060389716756
data/sensor_images/image_2489.png,surface,0.0,0.0,2.422459327553371,21.86326183764612,5.626388463207731,0.0,-0.4943251737808751,-2.095551560348836,0.0,0.0,0.0,1.2182906213064202,0,0,0,0,0,0,3.895184077253883,14.129093595610184,-26.8325117804082,-0.0524254158203743,0.4291873735058094,-0.1110758873962114
data/sensor_images/image_2490.png,surface,0.0,0.0,1.5055656185196968,-7.337768221664807,-1.3061394469935197,0.0,2.650237414939203,-0.4799191331801697,0.0,0.0,0.0,4.037582475341788,0,0,0,0,0,0,0.2333218219449352,-3.281370633278474,-29.88277337885985,-0.1471097902813521,0.3006824929513893,-0.2973889746948485
data/sensor_images/image_2491.png,surface,0.0,0.0,0.6866230915615472,-9.396632284898391,-10.633139367018538,0.0,2.521930401084606,1.2415079621036265,0.0,0.0,0.0,4.762636888275347,0,0,0,0,0,0,-4.967016358979399,-4.252951759693985,-30.317605628013524,-0.2022581901854253,0.3049555273637602,-0.2886257768996474
data/sensor_images/image_2492.png,surface,0.0,0.0,0.7993280747193048,-9.527855853586797,-2.233776788822491,0.0,0.9307947369718476,4.840558248489657,0.0,0.0,0.0,-4.66081269345716,0,0,0,0,0,0,-0.7678628943414406,-4.404824545047596,-31.38195201935421,-0.1545172098050713,0.3325933875907396,-0.1412186293363543
data/sensor_images/image_2493.png,surface,0.0,0.0,2.9817931776480435,-20.057183736484408,-2.737101576292557,0.0,-4.922165466490009,0.7781938411365097,0.0,0.0,0.0,-2.1582811901256003,0,0,0,0,0,0,-1.8462325655786505,-10.293909565791363,-25.223620467666347,-0.2334846174673901,0.3916641704233397,-0.2549808433016408
data/sensor_images/image_2494.png,surface,0.0,0.0,2.649863157770419,-0.6430959462552576,5.681010886625342,0.0,4.326718147100945,1.5788665020181467,0.0,0.0,0.0,-3.5640147590645856,0,0,0,0,0,0,5.233138995196066,0.6640773924626616,-29.333677389362546,-0.1623646443639052,0.2828185082874052,-0.1215860194735432
data/sensor_images/image_2495.png,surface,0.0,0.0,1.3642956507867123,7.782401246963808,-5.163352567916768,0.0,2.6286272150262504,-3.924433451983288,0.0,0.0,0.0,-1.9185082906945827,0,0,0,0,0,0,-2.379039517109782,5.972291605754217,-30.39567850021871,-0.153961607541512,0.3787276138749163,-0.0513278664635177
data/sensor_images/image_2496.png,surface,0.0,0.0,2.5819507085846425,-2.211871704494788,24.28975764921412,0.0,-0.6311861817757685,-4.89486758779492,0.0,0.0,0.0,3.599321373621647,0,0,0,0,0,0,14.642718679348706,0.8298757356215869,-25.2218173895944,0.0385129798923841,0.3278228093393168,-0.2803604950725594
data/sensor_images/image_2497.png,surface,0.0,0.0,2.749668464689633,-7.0971446826336,15.92705664411632,0.0,3.112600548751201,0.8885929455511394,0.0,0.0,0.0,-3.451370222388177,0,0,0,0,0,0,11.407945065243984,-3.3061011712872324,-27.5238370134225,-0.1091023020687239,0.2797334672510359,-0.1901042408768847
data/sensor_images/image_2498.png,surface,0.0,0.0,2.8084877369080687,-11.979310937337711,15.987075509881162,0.0,-3.354334916720009,-0.7894311711546504,0.0,0.0,0.0,-3.833227183693016,0,0,0,0,0,0,7.979693771713362,-4.482340938089912,-23.95461496166361,-0.0668074124402976,0.389572030663955,-0.2361667417968623
data/sensor_images/image_2500.png,surface,0.0,0.0,0.9655497502210482,14.003528322989476,-13.258618033967045,0.0,-0.7497360136981616,-2.8547689710593693,0.0,0.0,0.0,0.4324805075527731,0,0,0,0,0,0,-6.9157879917193785,9.56695883304101,-29.05857528513657,-0.1764873665147683,0.4062922691180395,-0.1335878979202008
data/sensor_images/image_2501.png,surface,0.0,0.0,2.4836626157916943,-0.2625234543947408,-24.29803698541401,0.0,0.8318469084657262,-3.547279841216144,0.0,0.0,0.0,-0.2441846816039197,0,0,0,0,0,0,-12.551088972347303,1.0039242067326493,-26.294770310730623,-0.2163956869127866,0.4066957189051504,-0.2147438497552978
data/sensor_images/image_2502.png,surface,0.0,0.0,0.6390878939227354,-18.933227441385085,-0.6138482104837117,0.0,-2.3632068049292028,-1.4822689922885348,0.0,0.0,0.0,4.579100240261317,0,0,0,0,0,0,0.5684094520721361,-9.630890289377682,-29.346303111942795,-0.1370406094996365,0.2495601395310822,-0.3692942495560608
data/sensor_images/image_2503.png,surface,0.0,0.0,2.5163176155421927,13.713434047031637,-8.991581352682559,0.0,2.810783636696559,1.3657105958083915,0.0,0.0,0.0,2.5969374623709696,0,0,0,0,0,0,-4.183257228422431,8.102438339311727,-27.97708825066241,-0.1866016018565152,0.3620506779421027,-0.1553068963505572
data/sensor_images/image_2504.png,surface,0.0,0.0,1.9422717454110447,-0.892957036338943,4.008720489545298,0.0,0.0818935553637957,3.162740072725635,0.0,0.0,0.0,-2.8383687311234462,0,0,0,0,0,0,3.1683209537560773,0.5680593667855551,-30.284355295255068,-0.1819547972671453,0.3488473926506248,-0.1117486044291723
data/sensor_images/image_2506.png,surface,0.0,0.0,1.8742639041728009,12.310020166172867,6.743906838957036,0.0,1.0624725026439734,2.454159442718062,0.0,0.0,0.0,-1.2833667162843732,0,0,0,0,0,0,4.726940986367092,8.376326961208513,-28.65672215523877,-0.1551343441264323,0.3663727292218953,-0.0288121683783026
data/sensor_images/image_2507.png,surface,0.0,0.0,1.9937974825608449,10.586341347851135,7.006513928474395,0.0,-1.2449877639333058,-4.620995645331131,0.0,0.0,0.0,-4.71428982506372,0,0,0,0,0,0,4.820335148057239,8.12986669813825,-29.39337546730529,-0.1092094227862874,0.3723980760396292,-0.035720634081758
data/sensor_images/image_2508.png,surface,0.0,0.0,0.592553434930154,-3.098027261163076,13.157762588833434,0.0,2.549504439394999,1.6859112902029991,0.0,0.0,0.0,2.981263495359322,0,0,0,0,0,0,8.583632876663758,-0.8462366242770004,-30.500562545814336,-0.073410750843774,0.3357571577644972,-0.2840169078373072
data/sensor_images/image_2509.png,surface,0.0,0.0,0.5786394487576823,1.246822546161013,-17.879918908271225,0.0,-4.274692381496859,0.8695482905174264,0.0,0.0,0.0,-3.3309118804601887,0,0,0,0,0,0,-9.467173266145766,2.008504074504284,-30.394597024496168,-0.1622139415742378,0.3747825586156302,-0.0598708260414834
data/sensor_images/image_2510.png,surface,0.0,0.0,2.5303265097245085,-8.42022028382849,4.212541807967507,0.0,-2.855039336743026,3.1722554670534966,0.0,0.0,0.0,-2.8841157006541684,0,0,0,0,0,0,2.5849375125186898,-4.646208957609235,-28.91809497329552,-0.217530624457088,0.3728675705350679,-0.1750074175584734
data/sensor_images/image_2511.png,surface,0.0,0.0,1.2276409184468484,5.194071842626739,3.753766610186212,0.0,0.748415618832154,4.4575123076543886,0.0,0.0,0.0,-0.7993853165896567,0,0,0,0,0,0,2.902773414487932,4.457453385243785,-30.63243809918249,-0.1397096894520204,0.3487267093234138,-0.0587239611250882
data/sensor_images/image_2512.png,surface,0.0,0.0,2.518035646421487,-9.665210849945518,-4.655827713477709,0.0,2.667334929477359,-2.1315127572012864,0.0,0.0,0.0,-2.0837235413459663,0,0,0,0,0,0,-1.1477374945744654,-3.158302185187201,-28.229847451029244,-0.0947988193992886,0.2892330487421452,-0.1402144039790787
data/sensor_images/image_2513.png,surface,0.0,0.0,2.258760307824154,-7.197821595931235,-3.419779767561409,0.0,-0.4498967294894836,0.8633873478749167,0.0,0.0,0.0,3.633302480573835,0,0,0,0,0,0,-1.7927967918277643,-3.592207152758486,-29.85092521230837,-0.2101267255368065,0.3298050439291209,-0.313488945868609
data/sensor_images/image_2514.png,surface,0.0,0.0,1.9123691617879568,16.8030913903201,-17.372357719458666,0.0,2.3561966515434354,-3.662771832961779,0.0,0.0,0.0,-0.138417334325009,0,0,0,0,0,0,-8.839495278216164,11.056963522563528,-27.443134094583623,-0.1576611364781746,0.4198396188399315,-0.0975321434878377
data/sensor_images/image_2515.png,surface,0.0,0.0,0.7624023361882835,17.35301749388745,-5.041016193017003,0.0,-0.809557344031904,-4.866757438232277,0.0,0.0,0.0,-0.2094988943276146,0,0,0,0,0,0,-2.282991992576992,11.26405844163635,-29.467403633626223,-0.1503441628001497,0.426521858914424,-0.1439555877431745
data/sensor_images/image_2516.png,surface,0.0,0.0,0.6651060102048256,3.815555525445008,-21.929899368386607,0.0,-2.29511862437542,-4.044615799179799,0.0,0.0,0.0,3.5842669584679427,0,0,0,0,0,0,-12.286509435403955,3.370359593945217,-29.25650165963429,-0.1953400336552385,0.3612048235901175,-0.1560763524965101
data/sensor_images/image_2518.png,surface,0.0,0.0,2.8131297379305287,3.895948888658917,15.587469770747733,0.0,1.528575155521699,-2.180746931029624,0.0,0.0,0.0,-2.63597501304638,0,0,0,0,0,0,10.250630592835194,4.510771526784938,-28.3746160905908,-0.0366511262423543,0.300866212302488,-0.0959610610093951
data/sensor_images/image_2519.png,surface,0.0,0.0,1.065658287802938,-13.057512126670042,5.004537033555161,0.0,-2.1372961311628256,3.980266912444388,0.0,0.0,0.0,0.4857643102861955,0,0,0,0,0,0,3.868749252225709,-6.462047195573936,-29.843158954440355,-0.1029602997739848,0.2860493556179794,-0.3541720504528444
data/sensor_images/image_2520.png,surface,0.0,0.0,1.5556018697984464,1.6249386067552518,-16.272819009326017,0.0,2.1683504486928125,-3.6640218452109816,0.0,0.0,0.0,-3.6796217295462617,0,0,0,0,0,0,-8.478421881004033,2.2974094570441306,-29.25670198930245,-0.1516528418785764,0.3759681246527795,-0.0433665759613406
data/sensor_images/image_2521.png,surface,0.0,0.0,2.1042194894292416,-12.11578112012515,13.135852608722344,0.0,2.4015472748484346,-4.27205718158057,0.0,0.0,0.0,0.1123886057004845,0,0,0,0,0,0,8.319909285589576,-5.589630875052446,-27.698721686752616,-0.0522858546958829,0.2552882109105223,-0.3507310820426866
data/sensor_images/image_2522.png,surface,0.0,0.0,1.7417546481956343,-11.952957755076833,-2.565859646456761,0.0,3.071783202292941,0.6840801643909452,0.0,0.0,0.0,-0.5163957581312388,0,0,0,0,0,0,-0.2600869293944712,-5.936310431138561,-30.24919318902058,-0.1756877305134814,0.2998112473188305,-0.177017174142793
data/sensor_images/image_2523.png,surface,0.0,0.0,0.5627398850316585,18.84068069064476,0.3273628263908296,0.0,-1.960016000011731,-1.224050471501022,0.0,0.0,0.0,-4.810767362801064,0,0,0,0,0,0,0.685036015311589,12.240774151088056,-29.241627644691512,-0.1517061952915647,0.3933003632296333,0.0072615423800076
data/sensor_images/image_2524.png,surface,0.0,0.0,2.2382162619167305,-9.07016437778517,-5.871720590294921,0.0,3.796223770933657,-1.425506147158691,0.0,0.0,0.0,1.4416503536869758,0,0,0,0,0,0,-1.813862044199684,-3.92234089970142,-28.923743220911867,-0.1531254286492757,0.2721054159110193,-0.2992652712286503
data/sensor_images/image_2525.png,surface,0.0,0.0,2.7960191862812684,-1.5517898285299354,17.321578177240607,0.0,-2.7260451318103884,-1.7702863872568406,0.0,0.0,0.0,0.7355203401864738,0,0,0,0,0,0,9.253734490617177,1.5483116195992452,-24.844984983931845,-0.0040200593537431,0.3952485050793937,-0.2979973148900973
data/sensor_images/image_2526.png,surface,0.0,0.0,1.999235745458455,20.2696164005586,-11.163542829058276,0.0,0.5017171638207512,2.2624300923188643,0.0,0.0,0.0,-1.8837982640543447,0,0,0,0,0,0,-5.557104218614523,12.851017167354977,-27.47686011292823,-0.1639450922253736,0.3802255466706534,0.0605334790041148
data/sensor_images/image_2528.png,surface,0.0,0.0,2.58824560411311,13.038147824383724,-11.193013380411813,0.0,1.2377967530087453,1.499943971140796,0.0,0.0,0.0,-4.921106796040967,0,0,0,0,0,0,-5.335399234224713,7.8567009742953235,-27.93844820735529,-0.1655833184032395,0.362800993683132,0.0126346899895626
data/sensor_images/image_2529.png,surface,0.0,0.0,2.5820960090821536,0.1729285854333621,20.03698573577072,0.0,4.512013598601991,0.6909619677940187,0.0,0.0,0.0,-2.107398586922945,0,0,0,0,0,0,12.637859955940831,1.535285278405675,-27.51234882398064,-0.0970875175650188,0.2800649276398188,-0.1360592547936625
data/sensor_images/image_2531.png,surface,0.0,0.0,1.5557478678672774,16.53207642975858,-14.44119750313762,0.0,1.742061766414431,-3.476564417151353,0.0,0.0,0.0,-0.4918971137721488,0,0,0,0,0,0,-7.734002119933793,11.23308883372022,-28.930683230308187,-0.1384570146006734,0.3661679000794898,0.0445918045068902
data/sensor_images/image_2532.png,surface,0.0,0.0,2.54817445504213,-16.259218617180796,9.81609756550964,0.0,1.958360358670868,-2.986338135024323,0.0,0.0,0.0,3.764208129693349,0,0,0,0,0,0,6.941320881284743,-6.9958628716786695,-27.33802663417434,-0.0087008977887972,0.2214044471658561,-0.3716596194746721
data/sensor_images/image_2533.png,surface,0.0,0.0,2.337084917148548,20.72583301003052,7.247573989024395,0.0,-1.641172784408025,-1.2789212850439244,0.0,0.0,0.0,0.0325409366759323,0,0,0,0,0,0,3.944732563315178,13.299841087778066,-27.384867134421064,-0.0726843212407398,0.4465010579131758,-0.1219088849324608
data/sensor_images/image_2534.png,surface,0.0,0.0,2.6109700864252936,8.696339574139003,4.673794792928592,0.0,1.7126214668339037,2.216993232272961,0.0,0.0,0.0,-4.1564169485460685,0,0,0,0,0,0,4.07753071450291,5.765690283738557,-28.70895717860788,-0.1999137815891535,0.3456463625067018,-0.081283989639991
data/sensor_images/image_2535.png,surface,0.0,0.0,0.8236082722956026,3.5526973742121624,18.63239019698506,0.0,2.1887191084949125,0.2934165674973521,0.0,0.0,0.0,-2.640407559540677,0,0,0,0,0,0,11.542902821411694,3.615040532167596,-29.49414859719372,-0.1142512110090763,0.3573362949520054,-0.1358909179343427
data/sensor_images/image_2536.png,surface,0.0,0.0,1.5986676525242918,4.170039192717381,-3.99406032242096,0.0,0.1105955216957167,1.1125019334408737,0.0,0.0,0.0,-4.167476656947871,0,0,0,0,0,0,-1.6624930858467084,3.650792027673658,-31.40382390257169,-0.1810504521668315,0.3605934861787809,-0.0598896418971475
data/sensor_images/image_2537.png,surface,0.0,0.0,2.2723830436491923,14.339258850545876,-15.49338536893228,0.0,1.8216903238093816,1.1497179123572188,0.0,0.0,0.0,-2.32029388901753,0,0,0,0,0,0,-7.74225788939043,9.376710568286294,-28.028473612728696,-0.1633717892221321,0.3388164353375127,0.0375450175055528
data/sensor_images/image_2538.png,surface,0.0,0.0,2.3254031360293053,8.758026232192691,1.624234190383732,0.0,-0.0838582484860401,-1.7196810645500689,0.0,0.0,0.0,-3.07918379266118,0,0,0,0,0,0,1.727890327164066,7.738183504164743,-29.923712433629586,-0.0815873560830998,0.3822527695811143,-0.0542551897621957
data/sensor_images/image_2542.png,surface,0.0,0.0,1.372282696830322,4.325166417240024,7.76434417700233,0.0,0.4793028099608576,2.436533976850066,0.0,0.0,0.0,2.9142282386303062,0,0,0,0,0,0,5.365074173871978,3.605442698873596,-30.83175132426123,-0.1256727720048603,0.3750702662214133,-0.2730905861546143
data/sensor_images/image_2543.png,surface,0.0,0.0,1.2602714979342649,-19.43488952679533,-15.591318156114315,0.0,-1.5145042990088955,-4.017813357337714,0.0,0.0,0.0,3.539143786126417,0,0,0,0,0,0,-7.838480978475321,-9.904786847223718,-28.65989255823411,-0.2357990395957805,0.2549087006046859,-0.3350253245392453
data/sensor_images/image_2544.png,surface,0.0,0.0,0.5725233742375484,-3.380841879627823,20.169469697408545,0.0,-3.848174431995993,1.933544720781948,0.0,0.0,0.0,-0.4222225849975718,0,0,0,0,0,0,12.60492005431662,-0.4705894208258847,-28.647154449326383,-0.0802350529998283,0.3514264622327034,-0.1694221503923284
data/sensor_images/image_2545.png,surface,0.0,0.0,1.4799745365971226,-10.38563114899771,14.439210991121396,0.0,1.494537805908981,0.4592844490365681,0.0,0.0,0.0,1.3475108150362305,0,0,0,0,0,0,9.520659339450562,-5.049009853044756,-29.90979740980516,-0.0595277195013011,0.2893584757035037,-0.3607487511038968
data/sensor_images/image_2547.png,surface,0.0,0.0,1.578753427920383,-12.178696939656934,14.588545192724496,0.0,3.1155060549480007,2.8620695862381105,0.0,0.0,0.0,-2.902522307587673,0,0,0,0,0,0,9.582948592904376,-5.853647612117911,-29.31666925199428,-0.1129660412783915,0.3102477796628891,-0.2187308332020397
data/sensor_images/image_2548.png,surface,0.0,0.0,2.2718640411064923,4.063015366056115,-15.608763650373746,0.0,-0.121772559125825,1.9701249612031324,0.0,0.0,0.0,-4.899296064406766,0,0,0,0,0,0,-8.635551447079804,3.123758215949943,-29.829894168602245,-0.2040977315968729,0.3667495132913654,-0.0156678428512704
data/sensor_images/image_2549.png,surface,0.0,0.0,0.8637047698871576,-5.047034310375064,5.427905514225848,0.0,-1.7384151140586053,1.5411544300576512,0.0,0.0,0.0,-0.9076753166426704,0,0,0,0,0,0,4.010852529161482,-1.8614973521170424,-31.51043263202891,-0.1413834398217664,0.3400474187226805,-0.1434425789405385
data/sensor_images/image_2551.png,surface,0.0,0.0,2.4821332207081013,5.933776759478126,-9.56150245772165,0.0,-4.689125485107992,0.659182689887905,0.0,0.0,0.0,2.3112528650257227,0,0,0,0,0,0,-5.668272645498021,4.857558870192421,-29.91820994759601,-0.1636276871848121,0.4262123220588223,-0.1727858867881826
data/sensor_images/image_2552.png,surface,0.0,0.0,1.1215864768137112,-9.69106607345929,-20.36127195165472,0.0,-2.781003245935144,-0.934367747580261,0.0,0.0,0.0,4.027520783528741,0,0,0,0,0,0,-11.14874187513742,-4.467299832734448,-29.452800881972696,-0.2431247960294583,0.3328761691730864,-0.2579203475109641
data/sensor_images/image_2553.png,surface,0.0,0.0,2.659210963827622,6.390705194775443,1.9187056164937537,0.0,-3.5079299934667776,-1.2382499886073572,0.0,0.0,0.0,-3.775265714223721,0,0,0,0,0,0,1.2155092770887443,5.86033112262851,-29.26767612977453,-0.1044798707433386,0.4295993555042536,-0.0530348802782514
data/sensor_images/image_2554.png,surface,0.0,0.0,2.8323986599753312,-10.225453308685386,9.152295769357366,0.0,2.125513193931221,-2.2410749659354936,0.0,0.0,0.0,3.535550738223721,0,0,0,0,0,0,7.19528051470782,-3.755233762745939,-27.984897549977045,-0.0525919658427743,0.2434904060043924,-0.3335565887068929
data/sensor_images/image_2556.png,surface,0.0,0.0,0.7892512360603838,8.006736137138326,-17.517218731515026,0.0,-1.374910878831612,-3.158862346373301,0.0,0.0,0.0,1.3719041037969433,0,0,0,0,0,0,-9.71734899752049,6.370245862814481,-29.87934708468753,-0.2048474069711101,0.3878665028105026,-0.1737175664835485
data/sensor_images/image_2557.png,surface,0.0,0.0,2.1130049906962776,-19.16835382853732,7.399458019183129,0.0,0.8719368832301014,-3.298969507646947,0.0,0.0,0.0,-3.442862550067848,0,0,0,0,0,0,5.28388868962695,-8.344132931038159,-27.832588277462733,-0.0799863755503405,0.2960404486789516,-0.2345998748384578
data/sensor_images/image_2558.png,surface,0.0,0.0,1.792974971672902,-12.05148739151226,-8.866862079591215,0.0,1.8632402961347048,-0.7368164110009131,0.0,0.0,0.0,-3.251452396536909,0,0,0,0,0,0,-4.033252807974937,-5.7017670272952605,-30.37017427494528,-0.1647833452485305,0.3099709176795601,-0.1515234323334163
data/sensor_images/image_2559.png,surface,0.0,0.0,2.758943935075573,17.032020582616155,11.79278089300545,0.0,-1.7413928324259145,1.693040206786519,0.0,0.0,0.0,3.1328916864096765,0,0,0,0,0,0,6.062376558253772,9.72909511703258,-26.73551728655957,-0.1174393656955632,0.4209260483710051,-0.1663253475975663
data/sensor_images/image_2560.png,surface,0.0,0.0,2.504879763144167,-6.943142906528608,-16.02206886290377,0.0,0.4161134638596407,2.2596670699665613,0.0,0.0,0.0,3.159626204168033,0,0,0,0,0,0,-8.787944901773564,-4.241671185000941,-28.6396523059746,-0.2800401664141125,0.3280869298310747,-0.2330064185549566
data/sensor_images/image_2561.png,surface,0.0,0.0,1.754731404560602,-18.1927541836558,-16.384857622900725,0.0,-0.4341685897605711,-3.6002905811759125,0.0,0.0,0.0,-3.654847310896323,0,0,0,0,0,0,-7.981481777825829,-8.793266230669936,-28.68821376115884,-0.1882640466282552,0.3364723977878912,-0.1700191188137544
data/sensor_images/image_2562.png,surface,0.0,0.0,0.6717262721907418,-5.977974252002314,16.650949980572992,0.0,-3.433928368557764,0.142349739604665,0.0,0.0,0.0,0.8232755110863996,0,0,0,0,0,0,10.913864518658931,-2.437194207307867,-30.11763332031444,-0.040146991229423,0.3542132331853244,-0.342173949158274
data/sensor_images/image_2564.png,surface,0.0,0.0,1.621227527108083,3.624163952162788,2.265608756888072,0.0,-1.3321890220462391,0.503590605671682,0.0,0.0,0.0,3.743824985020813,0,0,0,0,0,0,1.9612524009288543,3.3918927898166293,-31.67666294581278,-0.1433218955267014,0.4113410122673524,-0.254224271298876
data/sensor_images/image_2566.png,surface,0.0,0.0,2.8578235739334823,1.102002786075397,10.841702192470082,0.0,1.5154078172603704,-2.333174267553952,0.0,0.0,0.0,2.048988004472302,0,0,0,0,0,0,7.759647536957522,2.8901073970955333,-29.528225119552346,0.0144712231962863,0.2906849628153864,-0.2541463893205534
data/sensor_images/image_2567.png,surface,0.0,0.0,2.1646145556788925,-18.109468143706387,-4.916936389080459,0.0,-2.121988228252812,1.47626315258203,0.0,0.0,0.0,1.351831094471633,0,0,0,0,0,0,-2.5152760884375027,-9.97721256818178,-28.936321824217323,-0.2337023476164353,0.3044012589405259,-0.3670253543387434
data/sensor_images/image_2568.png,surface,0.0,0.0,1.176326448011024,-14.484485738120313,15.289054839899476,0.0,1.731323557595345,4.504212154194517,0.0,0.0,0.0,-4.196795721877852,0,0,0,0,0,0,9.609352444329508,-6.985992290264743,-29.503118675374576,-0.1272401371551077,0.3155064525466469,-0.2193977192637918
data/sensor_images/image_2570.png,surface,0.0,0.0,0.7019567997819265,-6.116501881854314,2.54197683785488,0.0,-2.355271852008217,-2.308936980560739,0.0,0.0,0.0,-3.671786460018903,0,0,0,0,0,0,2.6748101585881408,-1.7897461947311952,-31.4843324370794,-0.1473935302505259,0.3566993794822263,-0.1543120392772604
data/sensor_images/image_2571.png,surface,0.0,0.0,1.1242201112406156,2.109679583918793,-20.51004297592073,0.0,0.76091046157644,-3.6745067758619823,0.0,0.0,0.0,-4.286401264722812,0,0,0,0,0,0,-11.335479536362952,2.9935276475656494,-29.43742278466311,-0.1708273889104621,0.3619517493094679,-0.0153521082876409
data/sensor_images/image_2572.png,surface,0.0,0.0,1.2969285010261236,23.32602645854726,6.867721993203482,0.0,2.20377471720107,3.218479072077861,0.0,0.0,0.0,-2.658773397288736,0,0,0,0,0,0,4.659922561176225,14.905447453163566,-28.72164325895477,-0.1765694776340393,0.385485228838939,0.0253347733856607
data/sensor_images/image_2573.png,surface,0.0,0.0,2.1048708613644806,10.064272824681035,13.521507336446422,0.0,3.0978208297869894,2.7263024437632493,0.0,0.0,0.0,4.729742890193545,0,0,0,0,0,0,9.37783920394536,7.181612614037397,-29.78272718085082,-0.1183109849985212,0.3740700362572874,-0.2387363788544377
data/sensor_images/image_2574.png,surface,0.0,0.0,0.9313843367229436,6.122823611953917,1.727655517695235,0.0,-0.840620208364503,1.193274517957707,0.0,0.0,0.0,-2.374982661900754,0,0,0,0,0,0,1.7334031380141663,4.970701887406119,-31.615805423295164,-0.1555712040345066,0.3497222618030329,-0.0673602282432512
data/sensor_images/image_2575.png,surface,0.0,0.0,2.1929592485653373,20.863140837696125,-10.875674166356548,0.0,4.830846373849106,-0.2694101483570185,0.0,0.0,0.0,3.8413439753313288,0,0,0,0,0,0,-4.955220441865627,13.147715464611284,-28.032945497683183,-0.1527003254984383,0.400341239363627,-0.1029254278780564
data/sensor_images/image_2576.png,surface,0.0,0.0,0.794123389422444,-8.47720208186779,-14.023564718813846,0.0,-0.9474162030449008,-4.599984281241143,0.0,0.0,0.0,1.333538063914208,0,0,0,0,0,0,-7.6482837515661934,-4.327518658996594,-31.43809141747624,-0.2228939116984176,0.3181244897136435,-0.2766884698882128
data/sensor_images/image_2577.png,surface,0.0,0.0,2.735315276738337,3.4428161716283574,-4.490891347722016,0.0,-0.0150496076025641,4.125685539703207,0.0,0.0,0.0,4.616942463788318,0,0,0,0,0,0,-2.1555049024871176,2.120102672576681,-29.866715731822183,-0.2195765000210619,0.3763082424078013,-0.2416206751362427
data/sensor_images/image_2579.png,surface,0.0,0.0,1.943681550222986,1.335622447649844,2.847121545417294,0.0,4.606065852159214,1.8966427505124768,0.0,0.0,0.0,-4.76072818778208,0,0,0,0,0,0,3.048923334413902,2.054347045861546,-31.55036009273876,-0.152018389613271,0.328613155880241,-0.1092941069430487
data/sensor_images/image_2580.png,surface,0.0,0.0,0.9681792244242512,-16.40815343188835,4.645756757456499,0.0,-4.505760982017193,1.7038964773666332,0.0,0.0,0.0,4.931906366052225,0,0,0,0,0,0,3.684905207028234,-8.840501153866176,-31.01637086336551,-0.1131524373878625,0.2747825922947489,-0.3804969105862946
data/sensor_images/image_2581.png,surface,0.0,0.0,2.352176626734593,-3.8630517793260895,-13.55197284944266,0.0,3.0030888439143046,2.124751260988158,0.0,0.0,0.0,-3.542428853367068,0,0,0,0,0,0,-6.246864609814936,-1.574858620471855,-30.492588866070893,-0.226184013407087,0.3455776632903913,-0.0974206337414107
data/sensor_images/image_2582.png,surface,0.0,0.0,1.0901304047039435,6.375750285390364,10.04045437284322,0.0,-0.7661303999155443,1.6379238750058438,0.0,0.0,0.0,2.274801310272321,0,0,0,0,0,0,6.366141576092735,4.823264194174919,-31.780651665094883,-0.0995777271351174,0.3772790736616083,-0.2338463899009938
data/sensor_images/image_2583.png,surface,0.0,0.0,2.4951080524499893,2.1319535837989063,11.107304112613834,0.0,-0.7640859828069221,-1.5463821034456855,0.0,0.0,0.0,3.20876966503386,0,0,0,0,0,0,7.107065736090169,3.551808088790404,-30.122024967322147,-0.0272386964385949,0.3707371060234379,-0.2606517636770632
data/sensor_images/image_2584.png,surface,0.0,0.0,2.447386467895986,-8.801268423515019,7.008469311092553,0.0,3.912037977388372,3.072603484977787,0.0,0.0,0.0,3.479407516589381,0,0,0,0,0,0,5.5905998524604765,-4.751617561436461,-30.39319361457576,-0.1494489177776835,0.2596299852955478,-0.329108542859525
data/sensor_images/image_2585.png,surface,0.0,0.0,2.848489382032916,-3.7977135065122862,-10.60997357837286,0.0,-2.2081437341796835,-3.144434884683131,0.0,0.0,0.0,4.868088344735126,0,0,0,0,0,0,-6.173300246067836,0.5387117054881192,-29.759746498585805,-0.116798162135308,0.4410956763194606,-0.2676022346493288
data/sensor_images/image_2586.png,surface,0.0,0.0,2.4567330788304376,-23.911249551845163,2.456385449476068,0.0,1.469733972046242,1.2243649187819048,0.0,0.0,0.0,4.767937025600906,0,0,0,0,0,0,2.941840180897322,-13.935466084638168,-28.231261385371308,-0.18668459895316,0.1654438941753344,-0.3880041219417104
data/sensor_images/image_2587.png,surface,0.0,0.0,1.412362963350616,-20.544321858567542,-10.729393330689652,0.0,3.2848235820300937,-3.137390931472727,0.0,0.0,0.0,-2.584303461563984,0,0,0,0,0,0,-5.088483029720736,-10.494642364935943,-29.83109643194709,-0.1854509833194113,0.2993655600844899,-0.1996009950167921
data/sensor_images/image_2588.png,surface,0.0,0.0,1.776630615947855,-16.144782450759628,3.0983097473581327,0.0,0.1993363866242225,0.1181593158962832,0.0,0.0,0.0,-4.308559634532049,0,0,0,0,0,0,3.089516390013844,-8.464530710904041,-30.611232227888628,-0.1475064600370725,0.3167895828408186,-0.2105714981496015
data/sensor_images/image_2589.png,surface,0.0,0.0,2.0671726029852446,9.329925619539631,16.21327173149718,0.0,0.0017514017204777,-2.824170136698043,0.0,0.0,0.0,-1.4474521811719665,0,0,0,0,0,0,10.494124154389334,7.620152130833877,-29.35743244358436,-0.0744775612803924,0.3554497048961779,-0.0735546070890121
data/sensor_images/image_2592.png,surface,0.0,0.0,1.3227451058604642,-13.05738909887368,8.754043141248252,0.0,1.204946717379201,-3.977499689913936,0.0,0.0,0.0,4.541186709094154,0,0,0,0,0,0,5.846868565143941,-6.49991477842686,-30.952309222345185,-0.0696787622617881,0.2692708834761808,-0.3569402843124225
data/sensor_images/image_2593.png,surface,0.0,0.0,0.8253401952722692,-15.146860580210417,-19.209837658624348,0.0,1.801420897791997,0.9679984219458752,0.0,0.0,0.0,4.674121875482896,0,0,0,0,0,0,-10.300289290742455,-7.891000547523247,-29.623041596778723,-0.2563805754608844,0.2763938151122032,-0.2806722883416609
data/sensor_images/image_2594.png,surface,0.0,0.0,0.6488035707205995,-4.066112198173841,5.114803025169588,0.0,2.4623096418351267,4.118893036812611,0.0,0.0,0.0,4.235538275461913,0,0,0,0,0,0,3.799919658935442,-1.3156028375087043,-32.17041651683752,-0.1088731828523024,0.3385764397588345,-0.2837879952800857
data/sensor_images/image_2595.png,surface,0.0,0.0,2.1500234524532926,19.12738420222984,-7.033812158442093,0.0,-2.3009601390902965,3.499047874208765,0.0,0.0,0.0,3.8547939892009193,0,0,0,0,0,0,-2.9364474176879707,12.26312338362445,-28.64887301758174,-0.1872293554617127,0.4626848029159703,-0.1323302410721415
data/sensor_images/image_2596.png,surface,0.0,0.0,1.161778422942239,0.2513410784018037,-8.035168116767252,0.0,-1.690284161766734,0.7428806397054643,0.0,0.0,0.0,1.6983367503334377,0,0,0,0,0,0,-4.200101523589537,0.9522721696240312,-32.12889967916945,-0.1810679187307245,0.3653480720102294,-0.2451990192623043
data/sensor_images/image_2597.png,surface,0.0,0.0,2.6289392460426733,19.45169078020984,15.41827921450685,0.0,-0.4908790155750068,-4.014556646224531,0.0,0.0,0.0,2.5656857316081982,0,0,0,0,0,0,8.744048551621878,13.218768699862837,-27.102769535133486,-0.0323800357935058,0.4127752257350061,-0.1578632857203267
data/sensor_images/image_2598.png,surface,0.0,0.0,2.431079621414153,3.225132034891141,-18.53760454793367,0.0,0.3206500795200423,2.1597338740688725,0.0,0.0,0.0,4.01936631932913,0,0,0,0,0,0,-10.222895599177711,2.2719735220251502,-28.94400983149073,-0.2615795869996302,0.3806279642073912,-0.1788246153287287
data/sensor_images/image_2600.png,surface,0.0,0.0,1.888203070002148,-3.797222962733205,11.350397884998884,0.0,-0.2524199877760538,-1.934526841253347,0.0,0.0,0.0,4.69147026878167,0,0,0,0,0,0,7.548425027064047,-0.6391138723690439,-30.24449801949953,-0.0478037101191872,0.3287296324756533,-0.2865291340154343
data/sensor_images/image_2601.png,surface,0.0,0.0,2.9184347400443222,-21.580957800399563,-0.3687342372859798,0.0,1.9235221583876447,-0.9582046643618878,0.0,0.0,0.0,0.5829360829392343,0,0,0,0,0,0,1.885820400729098,-9.616298796858068,-24.421053119981494,-0.1447912960864567,0.1504148205958182,-0.3551419658661575
data/sensor_images/image_2602.png,surface,0.0,0.0,2.5730773128684525,-7.355572447182197,19.565127859243585,0.0,-0.027664071990171,4.23590888011994,0.0,0.0,0.0,-1.5899779639896527,0,0,0,0,0,0,12.748923716617496,-4.256058132350094,-27.762387149869543,-0.1576873221850707,0.3197133847623146,-0.2241332552734378
data/sensor_images/image_2603.png,surface,0.0,0.0,2.680598910567776,4.424000062664121,-9.595856894889542,0.0,-3.937101100737837,2.265994746848337,0.0,0.0,0.0,3.6738778523227023,0,0,0,0,0,0,-6.140363229382053,3.4703731178216453,-30.58382637104176,-0.1942098083369346,0.4393910663844599,-0.2003232800928001
data/sensor_images/image_2604.png,surface,0.0,0.0,1.1568917488539734,-10.124670609483012,-4.464909019738849,0.0,1.107834702011005,1.2878153543346074,0.0,0.0,0.0,4.75165653788779,0,0,0,0,0,0,-1.6584523364478545,-5.383648873800075,-31.83515212092181,-0.1727071310462069,0.3060050045746633,-0.3182482032693396
data/sensor_images/image_2605.png,surface,0.0,0.0,2.3136960229158734,-3.852004813156523,2.5843257719037656,0.0,-1.6804926118894037,-0.4328307471366593,0.0,0.0,0.0,-2.1265456383597723,0,0,0,0,0,0,1.5618876350769613,-0.1295646959027225,-30.23243251603157,-0.1256479473436318,0.4095295559725157,-0.1505194093809381
data/sensor_images/image_2606.png,surface,0.0,0.0,1.349704134880886,-5.296475659634499,9.811158679297282,0.0,-0.795693091929632,-2.457668314028759,0.0,0.0,0.0,0.4400134872693995,0,0,0,0,0,0,7.049107824498921,-1.3673761636275092,-31.050464242312284,-0.0820234157370917,0.3514407336398546,-0.3284938356917365
data/sensor_images/image_2607.png,surface,0.0,0.0,2.5701566567130807,12.07074351350479,13.028994546646624,0.0,-2.316176298823832,0.4536725496300401,0.0,0.0,0.0,0.3954848985460888,0,0,0,0,0,0,7.391974001718799,7.825826335185718,-27.690177509937023,-0.091374842251761,0.4336747470608508,-0.2080454586011957
data/sensor_images/image_2608.png,surface,0.0,0.0,0.7566305411519798,-12.796496265388567,-14.361174806544604,0.0,2.9414091336113977,-4.039145103947545,0.0,0.0,0.0,-0.1242339782111834,0,0,0,0,0,0,-7.994389392174001,-6.555040956660561,-31.01917737446912,-0.2296097777380685,0.2868713141879861,-0.2896474958811609
data/sensor_images/image_2609.png,surface,0.0,0.0,2.212785245753848,-0.3697824121281999,3.633399747468912,0.0,3.655271230009474,0.9718439224882036,0.0,0.0,0.0,1.0414575340014185,0,0,0,0,0,0,3.9332367668457295,0.6302930209322666,-31.333528046102124,-0.125015428988767,0.327681359246337,-0.2767203555452279
data/sensor_images/image_2610.png,surface,0.0,0.0,2.1122607990432214,18.165594647461543,6.533969744141668,0.0,1.1518672534480074,4.176733729091193,0.0,0.0,0.0,2.46682367426299,0,0,0,0,0,0,4.650740345205715,11.669479053823697,-28.956999545298203,-0.1219616629932533,0.432518790777861,-0.156014517068344
data/sensor_images/image_2612.png,surface,0.0,0.0,2.0804036887853146,-3.3139855626867045,6.548397982505235,0.0,2.266750855715003,-2.9459902453978675,0.0,0.0,0.0,-3.7559223555025287,0,0,0,0,0,0,5.266408682980579,-0.1261592226792818,-31.70938893200876,-0.0854249156010088,0.3393818119905564,-0.1441878981393645
data/sensor_images/image_2613.png,surface,0.0,0.0,2.7772023924784275,-6.1357552869179,-9.2539456824276,0.0,-2.184939818024581,3.338996569555141,0.0,0.0,0.0,2.714627344890136,0,0,0,0,0,0,-5.502969217069735,-3.688775676322261,-29.881836110306445,-0.2712966984405501,0.3797687084268658,-0.2549471772380887
data/sensor_images/image_2614.png,surface,0.0,0.0,2.03791457467632,0.9289356853120774,22.16704205437868,0.0,1.4133298168346682,-2.0905736706556164,0.0,0.0,0.0,2.9482010192451424,0,0,0,0,0,0,14.947727038813312,2.278887939303769,-28.22810597305748,-0.0140540378324217,0.3519708908852257,-0.2725292083709809
data/sensor_images/image_2615.png,surface,0.0,0.0,0.9601075258827424,-3.931385364011016,-10.495088402708843,0.0,-2.072857371224253,-4.051017653166117,0.0,0.0,0.0,-1.113368113284483,0,0,0,0,0,0,-5.860717811401396,-1.3059648322214472,-32.79733677719836,-0.1773105386030302,0.3654386777265818,-0.1264819965009292
data/sensor_images/image_2616.png,surface,0.0,0.0,1.2654060338174118,-16.405856190048844,9.321150608297309,0.0,-3.7741467693701263,-3.1085680494594947,0.0,0.0,0.0,-0.8729603538315667,0,0,0,0,0,0,6.559496951208209,-8.578542732101912,-30.428103605220745,-0.1156378246921813,0.3331536436153856,-0.2490058618124937
data/sensor_images/image_2617.png,surface,0.0,0.0,1.3788960845315872,-22.773717754843275,-9.568287919521111,0.0,-1.508209267422543,2.320436500206557,0.0,0.0,0.0,-2.789121624938593,0,0,0,0,0,0,-4.41340705487708,-12.33400154323929,-29.535439436676924,-0.2212742974076296,0.2996267472588116,-0.2287480770863206
data/sensor_images/image_2618.png,surface,0.0,0.0,1.2779233710954072,-14.3955970732217,1.493309034647828,0.0,-1.5547041548234806,-0.4209389396711432,0.0,0.0,0.0,4.794136941115459,0,0,0,0,0,0,1.588948288658914,-7.666874928799086,-31.373433458855168,-0.1245561115240888,0.2868507553970217,-0.3527784428240218
data/sensor_images/image_2619.png,surface,0.0,0.0,2.21101870417238,6.461939770043617,7.805768047135711,0.0,-1.979422784347968,4.579590499426225,0.0,0.0,0.0,-0.0700964949276041,0,0,0,0,0,0,5.246874161451335,5.195274917134739,-30.51656281334576,-0.1695626546113759,0.3599191094024576,-0.0909082363599364
data/sensor_images/image_2620.png,surface,0.0,0.0,2.8750069509279985,1.542003556154043,-20.474296140747622,0.0,-4.533347164967744,-1.6948454066232796,0.0,0.0,0.0,4.6597597099015005,0,0,0,0,0,0,-12.498373620015643,2.430599354658801,-29.311642055290346,-0.206719303394495,0.4726214761167047,-0.2032361684465634
data/sensor_images/image_2621.png,surface,0.0,0.0,1.7597754083318429,-4.943474261955728,3.4519914912282084,0.0,-3.79494067529012,2.103389871505817,0.0,0.0,0.0,-4.874763783925059,0,0,0,0,0,0,2.991513029945522,-1.81416117435596,-31.814435527733373,-0.1570143861571494,0.3601388252060981,-0.1547713859211769
data/sensor_images/image_2622.png,surface,0.0,0.0,2.475642630425101,11.73382015903018,7.057862659080325,0.0,1.3381963076064671,0.147755860791081,0.0,0.0,0.0,3.1856032263979763,0,0,0,0,0,0,5.620556725665532,8.085605629328164,-30.30344004444812,-0.1033148551109404,0.3373650326454571,-0.2107419635462109
data/sensor_images/image_2623.png,surface,0.0,0.0,2.8609626815088003,-7.986986756519333,-22.97864758120128,0.0,-0.3961056144269265,3.4009363685069025,0.0,0.0,0.0,2.411594226633468,0,0,0,0,0,0,-13.294443640799312,-4.433689989762872,-27.35405857412952,-0.3219362050245026,0.3665239769820465,-0.2059728083949025
data/sensor_images/image_2624.png,surface,0.0,0.0,1.436111038844415,-2.464980392082541,11.296715959590664,0.0,-1.2266486718925826,4.483659680976777,0.0,0.0,0.0,2.242358285501957,0,0,0,0,0,0,7.6380940826459875,-0.7029914843904275,-31.28457798318877,-0.1013370675006727,0.3444913349014948,-0.2900619506585902
data/sensor_images/image_2625.png,surface,0.0,0.0,0.6156967443799306,-12.377266992177551,-14.296757639631895,0.0,-3.8572636929449136,-2.6586823279949536,0.0,0.0,0.0,-4.089255769095052,0,0,0,0,0,0,-7.233888014546911,-5.684410374376922,-30.97362142550537,-0.186951291090576,0.3459761610847615,-0.1444220795503063
data/sensor_images/image_2626.png,surface,0.0,0.0,2.383254011523241,4.293733994961229,-14.782991126056691,0.0,-2.9528045454925183,-2.565748731992534,0.0,0.0,0.0,0.7675570054662719,0,0,0,0,0,0,-8.703701318376595,4.272667100143052,-29.769946369052548,-0.1694967475565025,0.4299572317199414,-0.1999607937473078
data/sensor_images/image_2628.png,surface,0.0,0.0,1.2581289443043029,-11.628631620049587,12.2789594535041,0.0,-1.632904983520309,-4.214979165324355,0.0,0.0,0.0,3.9357999659937946,0,0,0,0,0,0,8.90607878974448,-5.237585873939413,-30.71751411586638,-0.0641854555514604,0.3138163150787231,-0.3657042126318157
data/sensor_images/image_2630.png,surface,0.0,0.0,2.2583203931277214,10.66156422130488,5.405788455366056,0.0,3.0412353302232416,-2.113887642545729,0.0,0.0,0.0,-2.5423440959306776,0,0,0,0,0,0,4.324458425354185,8.309264056428583,-31.0295046704292,-0.0998741033891886,0.3444027878511708,-0.0591639854558815
data/sensor_images/image_2631.png,surface,0.0,0.0,0.8910128305118438,-18.74376522228595,-11.732120330938285,0.0,0.4254967659018916,-3.953993361530757,0.0,0.0,0.0,1.7288534046988495,0,0,0,0,0,0,-5.727342425051329,-9.631719739614963,-29.865574097276937,-0.2287641438112088,0.2603471501334106,-0.3463137296107025
data/sensor_images/image_2633.png,surface,0.0,0.0,2.6515725717381544,20.092632130743752,6.323512284810289,0.0,-3.0660396555313394,-2.348301016903024,0.0,0.0,0.0,4.136808011492537,0,0,0,0,0,0,3.685040527331833,13.90069561083999,-28.606241331825977,-0.0639941356691599,0.4585102870705957,-0.1313393620159468
data/sensor_images/image_2634.png,surface,0.0,0.0,1.915871072164316,1.8246363383427904,-5.2631221865231135,0.0,4.080034979993502,2.879891255090629,0.0,0.0,0.0,-0.9625607095478586,0,0,0,0,0,0,-2.272064814203956,2.5862905590752927,-31.903572465791044,-0.1514063351887647,0.3517510480193111,-0.0783049884564934
data/sensor_images/image_2635.png,surface,0.0,0.0,1.047012462243621,-6.413471167925497,-11.901995414831964,0.0,-0.324136183056845,0.2875049481055687,0.0,0.0,0.0,0.540198755083793,0,0,0,0,0,0,-7.0240534560913845,-2.7857873796173864,-31.548737132949856,-0.2189374709589389,0.316002822705855,-0.2523737852172898
data/sensor_images/image_2636.png,surface,0.0,0.0,2.87250764004504,20.31413015762357,8.828600711987168,0.0,1.7174600812084335,-4.089501290499477,0.0,0.0,0.0,4.727953599765742,0,0,0,0,0,0,6.669152393049254,14.301138326503468,-28.221377403583933,-0.0400889527798269,0.4211541145627158,-0.1500933899326152
data/sensor_images/image_2637.png,surface,0.0,0.0,1.088203946332415,-2.118470663694332,19.457437410586845,0.0,-0.5694577634055719,2.113217389608023,0.0,0.0,0.0,-0.3534808118428909,0,0,0,0,0,0,12.817721824005476,0.1676976569119002,-30.111084080196648,-0.0915425667125775,0.3567879828415762,-0.1829398254002888
data/sensor_images/image_2638.png,surface,0.0,0.0,1.2725026008924616,-3.6012911037354107,2.4455458781723696,0.0,-1.7682255910929814,-0.9888627743073772,0.0,0.0,0.0,-1.2710781959372677,0,0,0,0,0,0,2.552226629119944,-0.5901466099474142,-33.13428837049875,-0.1269207609611553,0.3756315108783864,-0.1345207292094853
data/sensor_images/image_2639.png,surface,0.0,0.0,1.604580123529877,7.201441190415269,8.482229736125745,0.0,-3.788034299425552,-3.161382169165876,0.0,0.0,0.0,1.541046692896156,0,0,0,0,0,0,5.829213666888981,5.7387805743696685,-30.89966798248981,-0.0750900375749004,0.4045808110051453,-0.2423155160245933
data/sensor_images/image_2640.png,surface,0.0,0.0,1.801824871101372,-5.683361068591468,-1.876161368937576,0.0,-3.105189876802603,1.1196912665142984,0.0,0.0,0.0,-2.732967023489521,0,0,0,0,0,0,-0.4788402260119573,-2.110987044302346,-31.929225776095794,-0.176700115221452,0.3597886144756346,-0.1453077159603913
data/sensor_images/image_2642.png,surface,0.0,0.0,0.5005173712051607,13.115345582594893,-17.658583227503076,0.0,1.2140819352939671,1.1230331728122125,0.0,0.0,0.0,0.1210052563935217,0,0,0,0,0,0,-9.365359739597924,9.279492337785031,-30.43347531759441,-0.1932530704380044,0.4322047971129311,-0.1429886944855757
data/sensor_images/image_2643.png,surface,0.0,0.0,2.6554911492355444,10.92493338989058,0.6965411127208111,0.0,0.6611914707913328,-0.038736119067692,0.0,0.0,0.0,2.5978151532117586,0,0,0,0,0,0,1.9658215377659984,7.692796167653981,-30.62056763160259,-0.1088120356076465,0.3668717897552571,-0.1830633676033909
data/sensor_images/image_2644.png,surface,0.0,0.0,0.5593465535225581,-14.05616944601656,-6.900620490134951,0.0,3.921788530109728,1.050867962151618,0.0,0.0,0.0,-2.171344602908877,0,0,0,0,0,0,-3.40207322638396,-6.974080966087481,-31.89918222992081,-0.1814608280474809,0.3337208722756701,-0.1729272741750402
data/sensor_images/image_2648.png,surface,0.0,0.0,1.2849086254566864,10.483810492553593,-20.843639542624004,0.0,-1.7046385164759537,4.612045451454836,0.0,0.0,0.0,-4.0111462095165615,0,0,0,0,0,0,-11.051831555813102,7.652148664661129,-30.36086595695581,-0.1670290113849394,0.395188004720641,0.0164865695817822
data/sensor_images/image_2649.png,surface,0.0,0.0,0.9492674992651966,-1.2273391255619617,-21.80398954096644,0.0,0.0559333007780621,3.5669913498428607,0.0,0.0,0.0,1.217827730180324,0,0,0,0,0,0,-12.285669369931886,0.9328172753147772,-31.16641166883456,-0.243535192375681,0.3702122739412902,-0.2097429320329329
data/sensor_images/image_2651.png,surface,0.0,0.0,2.2193567423128737,18.15486178649048,16.999146396384038,0.0,2.216003095255761,4.110208074425151,0.0,0.0,0.0,2.875458222872367,0,0,0,0,0,0,10.801892783245592,11.714865584113424,-27.600675088733407,-0.1242186314133213,0.4085133568036245,-0.198066989201613
data/sensor_images/image_2652.png,surface,0.0,0.0,0.8913971288348495,23.41292584961285,0.638087652910441,0.0,-4.56199555580058,1.824669457085757,0.0,0.0,0.0,-4.60778758159495,0,0,0,0,0,0,0.8880838865572803,15.10150256068844,-29.38325082202775,-0.1560795657816062,0.3922756668951038,0.0332325288862853
data/sensor_images/image_2653.png,surface,0.0,0.0,0.919578711810469,-0.7978696609452872,-2.072916950450143,0.0,-0.5547811990238178,0.5779953576753316,0.0,0.0,0.0,-1.930620256398301,0,0,0,0,0,0,-0.2354885858441679,0.997602799244945,-33.17480442779367,-0.1700791483665421,0.3832779953250276,-0.1166513573318266
data/sensor_images/image_2654.png,surface,0.0,0.0,1.0759823045824644,-23.20089506119699,-2.5590669809956195,0.0,-0.9786457181530468,1.663119831259384,0.0,0.0,0.0,-4.3628428869411575,0,0,0,0,0,0,-0.2471137372423955,-12.911711428192168,-30.278068441457968,-0.1773209302216517,0.2985678593502847,-0.247668740765251
data/sensor_images/image_2655.png,surface,0.0,0.0,1.1965476472660832,4.952448638172098,22.691989958722715,0.0,3.1921338140630606,1.184637017402019,0.0,0.0,0.0,-2.3710052810918727,0,0,0,0,0,0,14.67200494910963,4.652037839755939,-29.64511285953381,-0.1290094890323237,0.3652164633888377,-0.1266172215235325
data/sensor_images/image_2656.png,surface,0.0,0.0,1.033991460532437,12.87783988780747,2.87068175360687,0.0,-1.9884362798853528,1.828617958427761,0.0,0.0,0.0,-1.2032665245683694,0,0,0,0,0,0,2.2328166206164,9.187123701760976,-31.82809102326197,-0.155790600258091,0.3818993546353346,-0.0351559526260368
data/sensor_images/image_2657.png,surface,0.0,0.0,2.018543088090849,16.144908263203213,-3.0775145493929035,0.0,-3.968566785495213,-2.6889164168246253,0.0,0.0,0.0,-2.941628022705581,0,0,0,0,0,0,-1.6421332069864572,11.533565931343269,-31.474220850033632,-0.1157135425839902,0.3877406467365565,-0.0044854550551679
data/sensor_images/image_2659.png,surface,0.0,0.0,2.126716478738581,14.120489268891582,-2.249996845909741,0.0,-1.8785914393965712,-3.734532532352321,0.0,0.0,0.0,-0.4741898442535408,0,0,0,0,0,0,-1.0801013936460269,10.575335789545322,-30.84274797170825,-0.1160682808322109,0.4085517454530203,-0.0028132807345397
data/sensor_images/image_2660.png,surface,0.0,0.0,2.1051205386764864,-19.84554620589265,-10.868683816812498,0.0,-2.306333417311925,-4.1076600962600045,0.0,0.0,0.0,3.978916652928588,0,0,0,0,0,0,-5.256427055571508,-9.253563188452462,-28.848155426209964,-0.1933047098972628,0.3026880448338341,-0.375532274615857
data/sensor_images/image_2661.png,surface,0.0,0.0,2.637889390460626,10.666508350634162,18.9887163626565,0.0,3.3774284042243035,0.8235383760320579,0.0,0.0,0.0,0.5445036592410499,0,0,0,0,0,0,12.836996984752629,7.49905721415487,-28.852469191693466,-0.0565299434271178,0.3332371424689835,-0.2174270155006629
data/sensor_images/image_2662.png,surface,0.0,0.0,0.5918166365944715,7.873466320126364,14.66686040751204,0.0,-3.2392568183733093,2.8088684859469586,0.0,0.0,0.0,2.298006649002467,0,0,0,0,0,0,9.361206700936313,5.937681381040441,-31.755049276034807,-0.0855767144839764,0.3865816281963202,-0.2366086820587318
data/sensor_images/image_2663.png,surface,0.0,0.0,1.8942791501682084,10.67763450232167,6.106020111392422,0.0,-3.0337034097020323,-3.2844478092595906,0.0,0.0,0.0,-1.4892905364367994,0,0,0,0,0,0,4.280360969317695,8.508466982788345,-31.268905819185346,-0.1328007682337049,0.3793041139060743,-0.0307458356345122
data/sensor_images/image_2664.png,surface,0.0,0.0,1.464853974668494,14.780579909883786,2.092725589233868,0.0,-4.054439628840565,1.4695500188890018,0.0,0.0,0.0,-3.105900416907026,0,0,0,0,0,0,1.7297531475253822,10.715707192561606,-31.43040331586804,-0.164420359805567,0.3881155411290912,-0.0143921740601151
data/sensor_images/image_2665.png,surface,0.0,0.0,2.4731616628784967,-7.310709394418659,-11.66711164019511,0.0,-1.8955291908062857,1.7425085836885217,0.0,0.0,0.0,2.694507086800148,0,0,0,0,0,0,-7.084907880498363,-4.491590988799896,-31.753128188204524,-0.2524073140152641,0.378906960311872,-0.2659381401376899
data/sensor_images/image_2666.png,surface,0.0,0.0,1.071386870490142,-11.074806981445418,-21.742002955991744,0.0,3.2183426015149896,3.585358652888018,0.0,0.0,0.0,-2.572501007004436,0,0,0,0,0,0,-12.443440124157586,-5.627112267935555,-30.63846545774442,-0.2198510432133531,0.3398113427243628,-0.1061430752607325
data/sensor_images/image_2667.png,surface,0.0,0.0,2.0223792974146004,-15.474890972606184,3.420195676716221,0.0,4.666954195786913,0.159777996658663,0.0,0.0,0.0,1.9316623741633967,0,0,0,0,0,0,3.536489272528896,-8.531239776394278,-31.1229565511221,-0.1450563414719706,0.2593578778888571,-0.364056279469956
data/sensor_images/image_2668.png,surface,0.0,0.0,1.1739835600574262,-17.995524065722403,15.399096116870426,0.0,-1.2681765343149098,-0.9014558409662256,0.0,0.0,0.0,0.4765868111520008,0,0,0,0,0,0,10.251353237804834,-9.778181739748929,-29.6940979804493,-0.0461137393501016,0.2807672602543303,-0.4093172938438447
data/sensor_images/image_2670.png,surface,0.0,0.0,1.319592462658558,-15.604071040262824,12.014490597637298,0.0,0.5235786873714406,4.737274157379914,0.0,0.0,0.0,1.6092686528426494,0,0,0,0,0,0,8.250724511156497,-8.446682105302552,-31.15296737140586,-0.0813631949233879,0.2787994651758869,-0.388770712722277
data/sensor_images/image_2672.png,surface,0.0,0.0,2.3659655696793456,-19.473868006480497,-15.840790259342738,0.0,3.573325919606193,-1.2706984191516562,0.0,0.0,0.0,-1.3843628559760282,0,0,0,0,0,0,-6.513498061077726,-9.469869120464327,-28.05759204360848,-0.209098845728421,0.2735288762240316,-0.1648277239884304
data/sensor_images/image_2674.png,surface,0.0,0.0,0.542462773760714,-18.68544010165437,9.17129498473756,0.0,1.3849746721647092,-0.9761967989460508,0.0,0.0,0.0,-2.373611280499314,0,0,0,0,0,0,7.0917459363973645,-9.72452881769941,-31.397197410519325,-0.1102121996849947,0.3182720629685192,-0.237400669875731
data/sensor_images/image_2675.png,surface,0.0,0.0,2.131106037852476,4.561437545655997,19.96885665974741,0.0,1.8660347568987887,-3.627384593375463,0.0,0.0,0.0,1.6192133263843376,0,0,0,0,0,0,12.95702764544915,4.623674678283377,-29.639230560004783,-0.0247628844692273,0.3499585590276288,-0.2665390834376552
data/sensor_images/image_2676.png,surface,0.0,0.0,1.9072516573080391,-5.226078866848981,-5.716151785756698,0.0,-1.337566111237357,-1.9597351472780624,0.0,0.0,0.0,1.427724015374543,0,0,0,0,0,0,-3.464490601426312,-2.0158335502282165,-32.754130389758586,-0.1269446596235447,0.3342956545378882,-0.2664360956620112
data/sensor_images/image_2677.png,surface,0.0,0.0,2.7634847505442104,-1.7535332380943045,-11.83195123315223,0.0,-1.7506447413182455,-3.738022859388852,0.0,0.0,0.0,0.6027925553526448,0,0,0,0,0,0,-6.856346410471289,1.3161320428312613,-30.00296848428411,-0.1505259900955717,0.4220046551780783,-0.2501578927315542
data/sensor_images/image_2678.png,surface,0.0,0.0,2.2134005668378927,16.331634011026114,-1.4862236258372832,0.0,-1.7928117891079542,-2.602509705143237,0.0,0.0,0.0,-3.5195935169850765,0,0,0,0,0,0,-0.3048222244176378,12.3146997355225,-31.29719030183202,-0.1135768486852493,0.3998098457386307,0.0108720213991944
data/sensor_images/image_2679.png,surface,0.0,0.0,1.54646243773084,6.004865753347262,-10.372996731740278,0.0,1.3239267474132972,-2.110258815421758,0.0,0.0,0.0,2.4233603747792625,0,0,0,0,0,0,-5.956387270572196,5.326789419404295,-32.97344774304763,-0.1474747316303049,0.3690245549309712,-0.2101514532570925
data/sensor_images/image_2680.png,surface,0.0,0.0,1.945490110068353,-11.43280102222934,14.396331114557878,0.0,3.8296640566806888,1.8924408418474408,0.0,0.0,0.0,4.34495206804656,0,0,0,0,0,0,10.29002866418226,-6.074916272791002,-30.84064004452196,-0.0632013880938428,0.2766373438157483,-0.3711868740451128
data/sensor_images/image_2681.png,surface,0.0,0.0,0.818036210799717,-3.4626008222964533,-15.50681935458078,0.0,1.7319091954423715,-2.829448569830619,0.0,0.0,0.0,4.232870341552058,0,0,0,0,0,0,-8.56494008078256,-0.6736194634094033,-32.518658308105,-0.2234110410675541,0.3498294878845376,-0.2615280690376237
data/sensor_images/image_2682.png,surface,0.0,0.0,0.9053753005878502,5.9875824539587015,9.879254491298369,0.0,0.2055401774317294,4.533852586388349,0.0,0.0,0.0,-4.131895901979247,0,0,0,0,0,0,7.077635606406755,4.972924990217628,-32.375105251946245,-0.1305452788826324,0.3628143342732195,-0.0909755906964412
data/sensor_images/image_2683.png,surface,0.0,0.0,1.0595923658271524,8.791661452534859,-4.532662595152982,0.0,0.2892588864445935,1.984323341135637,0.0,0.0,0.0,-0.259671952405264,0,0,0,0,0,0,-1.7872280411809458,7.016637132449073,-32.59818922301964,-0.1363597604733507,0.3886295485732789,-0.0400042636218719
data/sensor_images/image_2684.png,surface,0.0,0.0,1.707725235402849,-18.704045263130435,14.166750334389851,0.0,4.008839038524691,-1.577464017650369,0.0,0.0,0.0,-1.0784092756638142,0,0,0,0,0,0,10.030712599536344,-10.172113833390856,-29.677600198458777,-0.0903929583702922,0.2693645708663837,-0.2430618719614616
data/sensor_images/image_2686.png,surface,0.0,0.0,0.7513609714926851,-16.259633743018753,12.586193263334444,0.0,0.8846763682910016,-2.006044148898081,0.0,0.0,0.0,1.7320644379574386,0,0,0,0,0,0,9.023583041198476,-8.95933652988354,-31.089374895215865,-0.0360157264660723,0.278883993073879,-0.3912833079707599
data/sensor_images/image_2687.png,surface,0.0,0.0,1.796271115302805,13.324900759103851,-17.651251135810977,0.0,-3.1121281941954604,0.6470064093086143,0.0,0.0,0.0,1.6540765092465577,0,0,0,0,0,0,-9.793719219488136,9.968217375787436,-30.82698591103647,-0.1990095494212985,0.4490329663986444,-0.1187067475934753
data/sensor_images/image_2688.png,surface,0.0,0.0,2.244574427567409,13.090505981853456,16.982993618215133,0.0,-3.240863548173919,-0.4249172160549033,0.0,0.0,0.0,4.016197837549614,0,0,0,0,0,0,10.560979773958692,9.398973775758275,-29.16853232384112,-0.0596946455572614,0.4480068442168957,-0.2013510748124039
data/sensor_images/image_2690.png,surface,0.0,0.0,2.322382048663332,-2.936211413794424,24.14849143030229,0.0,0.9700629728818302,0.6446297875670665,0.0,0.0,0.0,0.6064348328607245,0,0,0,0,0,0,16.00792735986571,-0.8221158727210076,-28.31837773396799,-0.0439310831980152,0.2921741416021617,-0.3082946495092165
data/sensor_images/image_2691.png,surface,0.0,0.0,0.5591704192797002,12.231756830602066,-13.92966246981814,0.0,-2.364597795696812,-1.9767764237702063,0.0,0.0,0.0,-4.725026369782733,0,0,0,0,0,0,-7.684569769361477,9.147555995971343,-31.68794363860625,-0.1530629084392749,0.3913965248226403,-0.0076346735913409
data/sensor_images/image_2693.png,surface,0.0,0.0,2.882713137216058,6.8559010242355045,0.0583048283990587,0.0,-2.5433883548966785,-0.8174511400657076,0.0,0.0,0.0,-1.6803583079569415,0,0,0,0,0,0,0.4191886940060419,6.731996560888672,-30.14778814764177,-0.1144343578944717,0.4551545302051299,-0.0645743347021388
data/sensor_images/image_2694.png,surface,0.0,0.0,1.6419171515974622,-7.127005500400864,-12.158945569346296,0.0,-1.407516256370683,3.0744162636522026,0.0,0.0,0.0,4.046332782505042,0,0,0,0,0,0,-6.793867432795917,-3.4960025265099905,-32.47974312906663,-0.2222394978141476,0.3422562708457771,-0.2600878908831324
data/sensor_images/image_2695.png,surface,0.0,0.0,0.6647268934152424,3.4738939335326617,-19.594411635777945,0.0,-3.993584721841741,-2.1822872137301075,0.0,0.0,0.0,-0.7948298934158711,0,0,0,0,0,0,-11.261173225429792,3.3178374416963496,-31.75616500477536,-0.1559453958163813,0.3644007991097004,-0.0335846837965167
data/sensor_images/image_2696.png,surface,0.0,0.0,1.2067051466911864,24.39551964876391,3.0892237105015767,0.0,1.9266680933853424,3.592561371613216,0.0,0.0,0.0,-0.3659971995104749,0,0,0,0,0,0,2.3625258397288142,16.391909278845173,-29.88906175227685,-0.1530106089995289,0.3771972346318925,0.0408341259059949
data/sensor_images/image_2697.png,surface,0.0,0.0,0.8687845332463637,17.748361007490505,-15.079343559799602,0.0,1.6687235353415597,4.011971550532395,0.0,0.0,0.0,-2.5696496428340154,0,0,0,0,0,0,-8.127285035690848,12.26918362325214,-30.290478157316347,-0.1593533993035695,0.3878399957015174,0.0422269851354556
data/sensor_images/image_2699.png,surface,0.0,0.0,0.9520086181682484,17.061813552588767,2.71016562823288,0.0,-0.7117926682593062,-0.0575056852587214,0.0,0.0,0.0,1.1042281526311797,0,0,0,0,0,0,2.2542386004381525,11.752890280381632,-31.791983802276825,-0.1245796696644839,0.4201354362951227,-0.1663096143202556
data/sensor_images/image_2701.png,surface,0.0,0.0,1.5489145101571296,-22.45731755381245,-3.816745414827796,0.0,-1.115023240670402,-0.6992233393526688,0.0,0.0,0.0,2.0289275070740187,0,0,0,0,0,0,-1.1774368147131369,-12.245396737330651,-30.367343760520164,-0.1718030199020947,0.2647271055793595,-0.3965523283719406
data/sensor_images/image_2703.png,surface,0.0,0.0,0.660410216544318,13.395928648641206,9.60023264704632,0.0,-3.6449293889776655,0.730863696138444,0.0,0.0,0.0,3.399978906394807,0,0,0,0,0,0,6.5401398294411885,9.729031495435434,-31.774110226161007,-0.115474000314549,0.4091885925064157,-0.1941721979837128
data/sensor_images/image_2704.png,surface,0.0,0.0,1.9964755454416048,-15.8894016698809,-4.028906508954674,0.0,4.211539713298558,-2.292813932299449,0.0,0.0,0.0,0.9205059500560112,0,0,0,0,0,0,-1.0447655215592746,-8.534923089083767,-31.19564223758761,-0.1426247757713575,0.2467728492700051,-0.3473984351624909
data/sensor_images/image_2705.png,surface,0.0,0.0,0.8107583066129821,-8.334022309407516,3.1380535932727427,0.0,0.8975163154671063,3.189685355889788,0.0,0.0,0.0,4.391478975028962,0,0,0,0,0,0,3.1521182114872985,-4.053669638150804,-33.1529403305785,-0.1290540207910783,0.3334355673118724,-0.3388924807344705
data/sensor_images/image_2707.png,surface,0.0,0.0,1.2478481212228267,-10.97543398061965,-0.1061044438546379,0.0,2.49156154334901,-0.992232812894229,0.0,0.0,0.0,2.156141341018259,0,0,0,0,0,0,1.2801459387334182,-5.605435782678366,-33.0361554694748,-0.1434683332027268,0.3116860126187046,-0.337947208840417
data/sensor_images/image_2708.png,surface,0.0,0.0,0.7452899795201191,18.579176734265857,-3.212826550307408,0.0,3.952107186970438,0.6694321302248476,0.0,0.0,0.0,2.834776523983873,0,0,0,0,0,0,-1.047221009834935,12.587328331782526,-31.12190092892521,-0.1645544034003667,0.4399514206967699,-0.1280718107649389
data/sensor_images/image_2710.png,surface,0.0,0.0,0.7763225263738336,4.249931148610935,7.530032067871094,0.0,3.3292262552982685,2.021536006697032,0.0,0.0,0.0,3.060226397985504,0,0,0,0,0,0,5.403996205646402,3.8606799563820937,-33.54919324395212,-0.1103478845039869,0.3830088856454952,-0.2755356099870403
data/sensor_images/image_2713.png,surface,0.0,0.0,1.0913614144021118,-4.327829920323421,24.58077079253969,0.0,-3.835251260028961,1.062267805094358,0.0,0.0,0.0,2.342944219048712,0,0,0,0,0,0,15.752482212069914,-1.9304946828195573,-29.04313820379064,0.0104465432637925,0.3530324758379612,-0.3309386568620082
data/sensor_images/image_2714.png,surface,0.0,0.0,1.0582396322658174,-18.774890639033387,-3.49921932685364,0.0,2.9064154345104614,1.0385576554732183,0.0,0.0,0.0,0.0050576450099901,0,0,0,0,0,0,-0.3256222257906398,-10.087298147117378,-31.893739535414145,-0.1820936524212953,0.3132126464301498,-0.2141847563162366
data/sensor_images/image_2715.png,surface,0.0,0.0,2.1746609399408734,-22.96520464573507,7.029960895807814,0.0,-0.8178465131069244,2.2260388968311986,0.0,0.0,0.0,-2.5115876095815146,0,0,0,0,0,0,5.261519730493931,-12.93146625417842,-29.050818581210777,-0.194284248897358,0.2810093410497359,-0.2788647502879599
data/sensor_images/image_2716.png,surface,0.0,0.0,2.4844937626156507,-7.767019025331366,-19.028241310967253,0.0,-4.795031292133684,-0.3548015553044017,0.0,0.0,0.0,-0.6680016569255889,0,0,0,0,0,0,-11.994461035262322,-3.358166175736372,-29.748652092770577,-0.1976055414147155,0.4107390605141639,-0.1075884019449105
data/sensor_images/image_2717.png,surface,0.0,0.0,1.5222833958696218,-0.522610810723891,-10.258592298612196,0.0,-3.729771094872388,2.006612797325326,0.0,0.0,0.0,2.2225059651440384,0,0,0,0,0,0,-6.072792317554836,0.4809621661102344,-33.159685824019576,-0.191255772215696,0.361422838765816,-0.2383598720988679
data/sensor_images/image_2719.png,surface,0.0,0.0,2.327589028209528,-8.376862182170987,-20.4387960622506,0.0,-2.0841430621021537,-1.9290545212962424,0.0,0.0,0.0,-4.73017751546011,0,0,0,0,0,0,-11.902301489069744,-3.143197270355068,-30.883601911262502,-0.1779441892538796,0.4150042672283003,-0.0990378590940671
data/sensor_images/image_2720.png,surface,0.0,0.0,1.1729105782082383,-19.041675431417044,15.197513647204469,0.0,-4.707638411746675,-0.2570632854172873,0.0,0.0,0.0,-3.095633009749056,0,0,0,0,0,0,10.180522085064196,-10.41632796612003,-30.20575284698603,-0.0866742499971268,0.3381470637485457,-0.2788946070167907
data/sensor_images/image_2721.png,surface,0.0,0.0,2.676151847353263,16.201189838491597,13.944159909928644,0.0,1.6166111022627097,-4.526141841073351,0.0,0.0,0.0,-0.629417800728131,0,0,0,0,0,0,9.528391176872828,11.99815107957182,-28.94023218738011,-0.0858360324656071,0.3610017165804928,-0.0248354889779208
data/sensor_images/image_2722.png,surface,0.0,0.0,1.2346938400002232,16.16787067056327,6.902104036709253,0.0,2.490579478110658,0.6771190021972143,0.0,0.0,0.0,-3.102671597261677,0,0,0,0,0,0,5.073652426319027,11.562538910398366,-31.532111981391463,-0.154395466183679,0.3850769467393255,-0.0271935569012539
data/sensor_images/image_2723.png,surface,0.0,0.0,0.6281314088400181,3.705832884863225,10.1537886725539,0.0,2.381041580494338,0.8296526604957621,0.0,0.0,0.0,-4.181363291644216,0,0,0,0,0,0,7.486475320165329,3.684558934128888,-33.29104177347239,-0.1384387110400403,0.3759215109481892,-0.1177113770119843
data/sensor_images/image_2724.png,surface,0.0,0.0,1.6758565646106889,-0.4835842119674937,16.886357985622123,0.0,4.033683294611872,-1.6648435511440804,0.0,0.0,0.0,1.981919381847641,0,0,0,0,0,0,11.693518313690705,1.054560775906927,-31.1060673318994,-0.0514942291162162,0.348115136405546,-0.3122774996856894
data/sensor_images/image_2725.png,surface,0.0,0.0,1.2497633931194487,-12.44934118881647,4.9774676625184,0.0,3.036912028199612,1.3697602159823543,0.0,0.0,0.0,-3.576968432582449,0,0,0,0,0,0,4.616301795209348,-6.886609214203636,-32.4502185214125,-0.1350577914208862,0.3299317710611672,-0.219221831126132
data/sensor_images/image_2726.png,surface,0.0,0.0,1.664884406798001,-17.742901054281575,12.06206549705455,0.0,-2.8297690402059947,-3.41864154650076,0.0,0.0,0.0,-4.584705070639769,0,0,0,0,0,0,8.143441939563168,-9.410221417100091,-30.366271498643908,-0.0781048502919091,0.3266980970511879,-0.2520199360943881
data/sensor_images/image_2728.png,surface,0.0,0.0,2.967536573483759,6.073624589795193,4.509425890422828,0.0,-2.763366474752873,-3.0344986287614293,0.0,0.0,0.0,-4.529204451086152,0,0,0,0,0,0,2.4734015221927126,6.871242188004907,-30.72945561506851,-0.0443310552998871,0.4189823780024657,-0.064385277402814
data/sensor_images/image_2729.png,surface,0.0,0.0,2.936340155663031,10.980136747660822,2.285364012688164,0.0,1.544213354546676,2.74071561226364,0.0,0.0,0.0,1.807570063585329,0,0,0,0,0,0,2.8318039515174003,6.597297942623223,-29.869712576630047,-0.2082180040390793,0.3699817557266784,-0.2121003794332021
data/sensor_images/image_2731.png,surface,0.0,0.0,2.766400293198737,6.454281090034016,-13.605968634661936,0.0,-3.916864301710517,2.5652930651624124,0.0,0.0,0.0,0.1351498134547499,0,0,0,0,0,0,-8.54637132075349,5.18765906102825,-29.769032539611946,-0.1760945767288834,0.4702069206062805,-0.0232927271036908
data/sensor_images/image_2732.png,surface,0.0,0.0,1.2823399146603396,-20.665304016511435,6.225426253909343,0.0,-3.672281279928251,1.1770376142189565,0.0,0.0,0.0,3.4928392571451266,0,0,0,0,0,0,5.179618125679763,-11.21393106258214,-31.44539519281928,-0.1274539313357702,0.2803397169351015,-0.414189905651875
data/sensor_images/image_2734.png,surface,0.0,0.0,2.4126313292884656,22.503503624281247,-7.408410650337672,0.0,1.180361477290811,-1.2943670749982736,0.0,0.0,0.0,-2.038549277948729,0,0,0,0,0,0,-3.059087400735905,15.87539709235897,-29.59671293017801,-0.0757300382889939,0.3843453543230045,0.0536210041146359
data/sensor_images/image_2736.png,surface,0.0,0.0,2.3036793261522552,16.975614095503275,-8.602009151806904,0.0,-2.3140297393265703,4.326569115908915,0.0,0.0,0.0,4.569279312370925,0,0,0,0,0,0,-4.685095727513758,10.787704260371603,-29.95956098211484,-0.1907141825906459,0.4201619796476022,-0.1144354091284778
data/sensor_images/image_2737.png,surface,0.0,0.0,0.7340435679965784,-6.578511697864584,4.594478929644891,0.0,2.945632407736669,-2.636020192445435,0.0,0.0,0.0,4.3369726608941725,0,0,0,0,0,0,4.145161742130803,-2.9722904090179947,-34.106292415891055,-0.1055391849560302,0.3353063032318982,-0.3310835682920114
data/sensor_images/image_2738.png,surface,0.0,0.0,1.081452965281278,17.31575381744169,-3.731200743939127,0.0,-0.7463708049337934,-1.499367831389164,0.0,0.0,0.0,2.888561007472548,0,0,0,0,0,0,-1.779604590462165,12.220899128237614,-32.1491807580675,-0.1336626958638719,0.4168701012007401,-0.1384055811788085
data/sensor_images/image_2739.png,surface,0.0,0.0,1.0247544072323675,-7.357019709441904,-17.63091827141706,0.0,-3.964233944672862,-2.772461830717525,0.0,0.0,0.0,4.589502935152163,0,0,0,0,0,0,-10.32289214648502,-3.373378939288032,-31.995056853053462,-0.2233370776362492,0.3204249920194474,-0.2540545962955499
data/sensor_images/image_2740.png,surface,0.0,0.0,2.0644283450137744,-0.2145067284840644,-24.43387382164423,0.0,-0.4911204327848403,2.6142996889361743,0.0,0.0,0.0,-4.231645556699694,0,0,0,0,0,0,-14.236142980900318,0.4840779242182497,-29.88028309071064,-0.2343678942740868,0.3986665278644455,-0.0391288444630654
data/sensor_images/image_2741.png,surface,0.0,0.0,1.0044054318178146,18.19475267249223,4.371046247138498,0.0,-3.971506877013976,2.621986900082473,0.0,0.0,0.0,-0.6668794068930648,0,0,0,0,0,0,3.611042294422221,12.627471005349168,-31.64945499239074,-0.1257643559578292,0.4082471952496241,-0.0111656356886003
data/sensor_images/image_2742.png,surface,0.0,0.0,1.2088930003687663,-18.18733957173969,6.890506495122349,0.0,4.054835304449837,-1.637500159326282,0.0,0.0,0.0,-2.98430862473498,0,0,0,0,0,0,5.549367869558374,-9.981283431695978,-32.48564448183081,-0.1239279637679108,0.3025913089638139,-0.230642797799281
data/sensor_images/image_2744.png,surface,0.0,0.0,2.8583737250966985,22.954529832295226,-8.112230675104447,0.0,-0.7807660068278232,1.068514344182789,0.0,0.0,0.0,-1.4323522368317525,0,0,0,0,0,0,-5.0343036020916,13.589397864890689,-27.31755922037539,-0.199628840963733,0.4429802544081221,0.0965431051514825
data/sensor_images/image_2745.png,surface,0.0,0.0,2.86999933474277,0.092417274584263,-13.528853649995158,0.0,3.083164605547472,-3.5164541378163974,0.0,0.0,0.0,-2.249590100248885,0,0,0,0,0,0,-6.616960470432951,2.3920582333306,-30.64529692190801,-0.1011153662174781,0.3681765873751205,-0.0971068156258172
data/sensor_images/image_2746.png,surface,0.0,0.0,2.579116489825745,3.248252549548681,19.16416281022332,0.0,-3.707004080524643,0.2378079186520494,0.0,0.0,0.0,0.2347881370935054,0,0,0,0,0,0,11.732095332784688,3.630508273304691,-28.22620969552201,-0.0583283844553572,0.4246715574219139,-0.2855538793446928
data/sensor_images/image_2747.png,surface,0.0,0.0,1.628804905416817,-8.526250149089627,-20.03551827463438,0.0,-1.6056476662976398,2.748327363534655,0.0,0.0,0.0,-0.0705220719287824,0,0,0,0,0,0,-11.696783404933766,-4.355550414947459,-31.455955460634385,-0.1946098914061348,0.3587234612902108,-0.0946558585839253
data/sensor_images/image_2749.png,surface,0.0,0.0,1.436443240000745,4.007838916015252,-0.829956394365297,0.0,1.5931872166034842,-0.4948384841438929,0.0,0.0,0.0,-3.9689598122574177,0,0,0,0,0,0,0.5516258124267268,4.402811046899878,-33.968415324563715,-0.1513516204864285,0.3635536699019743,-0.0783226809721343
data/sensor_images/image_2750.png,surface,0.0,0.0,1.652073843498151,-3.41313800715772,-16.08741165984137,0.0,-0.0752128126071831,3.8723090358067696,0.0,0.0,0.0,-3.7528184536842657,0,0,0,0,0,0,-9.490027285040076,-1.142138128092549,-32.62245039545874,-0.2079640461045942,0.3716959014875235,-0.0813919775540712
data/sensor_images/image_2751.png,surface,0.0,0.0,0.8537596235043903,-11.649822870298475,-14.255419220127978,0.0,-3.4442765250919,-3.53096384670684,0.0,0.0,0.0,0.2072235344006037,0,0,0,0,0,0,-7.538156903198319,-5.98698356840822,-32.2475174672132,-0.2395405747540407,0.3244908087234532,-0.2738575676106307
data/sensor_images/image_2752.png,surface,0.0,0.0,1.1774611563845736,5.481260521668236,-18.052496173561,0.0,-0.4860540256502352,2.49196666718689,0.0,0.0,0.0,1.0060421687349557,0,0,0,0,0,0,-10.497318378898967,4.683944993623428,-31.779371034692684,-0.2094070714794783,0.3796738671648241,-0.188577031757261
data/sensor_images/image_2753.png,surface,0.0,0.0,0.962753265947671,12.325937924565944,-16.190166117675684,0.0,-2.700319424624901,-1.7099325013976494,0.0,0.0,0.0,-0.5372781313985842,0,0,0,0,0,0,-9.436356602139153,9.366951782921245,-31.41710205778666,-0.1697228965973636,0.3896973467104465,0.0038565570517653
data/sensor_images/image_2754.png,surface,0.0,0.0,2.7022653884769325,23.56414072999138,2.9669532602574744,0.0,-2.679325929144475,-2.5840180392083063,0.0,0.0,0.0,-4.934204001272798,0,0,0,0,0,0,2.410474803747748,16.6735211912262,-29.49646427727782,-0.0926609864230803,0.4332007146113803,0.0557017808807063
data/sensor_images/image_2755.png,surface,0.0,0.0,2.224932910160456,-0.5642643314402694,-22.81570363198843,0.0,-1.2288512441513006,3.0066099391008736,0.0,0.0,0.0,-2.3484704062042736,0,0,0,0,0,0,-13.872791608934364,0.272205613213872,-30.97552331897284,-0.2312110008683432,0.4151317577573916,-0.0449688638364515
data/sensor_images/image_2757.png,surface,0.0,0.0,1.5760237840901767,16.96136507432309,-6.963580280838635,0.0,0.8938985359929621,-2.363638186195981,0.0,0.0,0.0,1.5357788671868935,0,0,0,0,0,0,-3.6338576457407,12.404339250871756,-32.189571673636124,-0.1436939622956219,0.4170168971084029,-0.1306949139564457
data/sensor_images/image_2758.png,surface,0.0,0.0,1.3141065447229183,10.247640060780402,22.82954128492324,0.0,0.7531315431597825,-3.264508461401132,0.0,0.0,0.0,-0.0065888237323221,0,0,0,0,0,0,15.239280407748318,7.91034074653733,-29.618311269236493,-0.0522076787810352,0.4257441372723966,-0.2519034854805648
data/sensor_images/image_2761.png,surface,0.0,0.0,1.6005245403642785,-8.95743436210259,13.556719614501327,0.0,2.4256583763178874,-0.2810199141384252,0.0,0.0,0.0,4.45137522809102,0,0,0,0,0,0,9.934605909832117,-4.899973630512898,-32.70921606960592,-0.060749013433884,0.2959421778323393,-0.3340672719100641
data/sensor_images/image_2762.png,surface,0.0,0.0,1.404149335260347,-9.585646949637797,-19.754649413865888,0.0,-1.0603502625865262,-0.9659867495100262,0.0,0.0,0.0,3.080633755195185,0,0,0,0,0,0,-11.594864878639576,-4.873535856158162,-31.918646105609632,-0.238505794543358,0.3474081917135284,-0.2752594825825975
data/sensor_images/image_2763.png,surface,0.0,0.0,0.955377754191882,-22.541757124775533,-10.994323918836647,0.0,0.4068626726181822,2.029539432577037,0.0,0.0,0.0,1.4843357071594625,0,0,0,0,0,0,-5.232502654745076,-13.188245902306669,-32.0417642275595,-0.2295930912491764,0.2591296299568094,-0.3653414400573959
data/sensor_images/image_2764.png,surface,0.0,0.0,1.7207231666970142,18.838790708003923,16.414886532506063,0.0,-2.5928767127582826,-3.542697600234184,0.0,0.0,0.0,3.6476818759846967,0,0,0,0,0,0,10.821013987263935,13.185152376154074,-29.727259694807355,-0.0726519865006646,0.446165611723003,-0.1511578599035343
data/sensor_images/image_2766.png,surface,0.0,0.0,1.7694408619638955,2.540687375026102,5.596299376408567,0.0,-0.2388474318585272,0.2701869754403031,0.0,0.0,0.0,-3.700645278233488,0,0,0,0,0,0,4.600678222969849,2.87585512052,-33.43491545850197,-0.1596044169933826,0.3947189586820041,-0.1088851280720638
data/sensor_images/image_2767.png,surface,0.0,0.0,1.1259833747558603,-6.923304788699806,-8.28912944112952,0.0,0.6366561388437468,0.4543401308933012,0.0,0.0,0.0,2.021100071537125,0,0,0,0,0,0,-4.416009512716455,-3.4007534765780925,-34.59199723979643,-0.2113021615751502,0.3300315882802681,-0.2817060480804284
data/sensor_images/image_2768.png,surface,0.0,0.0,1.2316131612797898,-5.893231389654609,-23.182170841795102,0.0,-2.9185883610701127,2.3291407933903803,0.0,0.0,0.0,-2.962133638470772,0,0,0,0,0,0,-13.825243581149795,-2.6608197974167043,-31.81679498301164,-0.2014822697934716,0.3747851717714172,-0.0717692956571464
data/sensor_images/image_2769.png,surface,0.0,0.0,1.562907596153289,-5.053526438144737,-3.5756550823285345,0.0,-2.8134905544329127,4.001956934378181,0.0,0.0,0.0,-4.783801113436858,0,0,0,0,0,0,-1.1925917881913182,-2.1366548123464773,-34.22282388656782,-0.1672975506305221,0.3633902844311017,-0.131313185034078
data/sensor_images/image_2771.png,surface,0.0,0.0,2.60640730510074,5.44979251271609,-8.061724038349551,0.0,-0.8651567551739238,-1.9078446252066776,0.0,0.0,0.0,0.490829412862876,0,0,0,0,0,0,-4.793362316357364,5.261512500473975,-31.52048217257897,-0.1311331589933904,0.4177635111997927,-0.198247622117924
data/sensor_images/image_2772.png,surface,0.0,0.0,1.1966366111580418,24.16630290557692,3.991256370614529,0.0,-0.7649578411322034,-2.227709945139292,0.0,0.0,0.0,1.230178252656664,0,0,0,0,0,0,3.22716086412324,16.579641556710186,-30.944905479073075,-0.1200097226683797,0.44959958042502,-0.1092698723977346
data/sensor_images/image_2773.png,surface,0.0,0.0,1.318435627537439,14.966484239410986,16.94525184917711,0.0,4.554876395362898,-0.3164961982813963,0.0,0.0,0.0,-2.001033525675222,0,0,0,0,0,0,11.331552140490372,11.412803398412136,-30.85786112305422,-0.1540840008430729,0.3720403633147151,-0.0676636229168717
data/sensor_images/image_2774.png,surface,0.0,0.0,2.111687299412858,-5.742094090654099,-10.463741933498378,0.0,2.164825522549809,2.109457429243488,0.0,0.0,0.0,2.9398842591787657,0,0,0,0,0,0,-5.534708776417545,-2.7091052728656506,-33.04656385814681,-0.2433983198306147,0.3231182333892828,-0.2738600403215493
data/sensor_images/image_2775.png,surface,0.0,0.0,2.9871134153420864,-11.016926819916703,0.6071366531499678,0.0,-3.067033670003081,2.29354783382895,0.0,0.0,0.0,0.9548603991406556,0,0,0,0,0,0,0.8013489022063875,-6.700282647114247,-30.19277494095764,-0.241860572067101,0.4110862551587984,-0.3622253221517411
data/sensor_images/image_2776.png,surface,0.0,0.0,1.076915045377844,-24.226553077196204,-4.814865981893235,0.0,0.6318951115796968,1.29563706615859,0.0,0.0,0.0,2.0681260887398265,0,0,0,0,0,0,-1.924296298373836,-14.897475990736469,-32.1480538323125,-0.1870827060584324,0.2250469898576122,-0.374577129589157
data/sensor_images/image_2777.png,surface,0.0,0.0,1.051933957115569,-2.5155257379610654,-1.820818213394216,0.0,-0.240099911643042,-1.612976468627536,0.0,0.0,0.0,1.0765561243633224,0,0,0,0,0,0,-0.4276361613561595,-0.0265205122081342,-35.07678240004093,-0.1382907492635191,0.363009946889793,-0.2697137785924902
data/sensor_images/image_2778.png,surface,0.0,0.0,2.5507635515191605,-2.205560475356097,-18.18330300160465,0.0,-2.023897963513253,1.1838301389733858,0.0,0.0,0.0,-1.5185597460606748,0,0,0,0,0,0,-11.120541673934678,-0.5190322111338794,-31.29669457064149,-0.2129426468904895,0.4352507284171536,-0.058160569926894
data/sensor_images/image_2779.png,surface,0.0,0.0,2.4951740434427574,0.7534616410619718,12.30790745838215,0.0,1.2729062444445174,-1.8716541662810444,0.0,0.0,0.0,-4.631149142213938,0,0,0,0,0,0,9.418245093537935,2.87107139636701,-32.77674096963659,-0.068648861276836,0.325725690384115,-0.1162796476201666
data/sensor_images/image_2780.png,surface,0.0,0.0,1.3225295266058097,3.911602993116664,-18.771873414977104,0.0,-3.0098762767905707,3.8332198395035233,0.0,0.0,0.0,3.424900578569222,0,0,0,0,0,0,-11.633287498575797,3.7302349755627926,-33.03020784322653,-0.2111225108672532,0.3865221273760497,-0.1571272970437798
data/sensor_images/image_2781.png,surface,0.0,0.0,0.5368751777463796,18.348374235902103,-10.324544723444015,0.0,-4.134962257413335,-2.404290278987564,0.0,0.0,0.0,0.1032003164790005,0,0,0,0,0,0,-5.472460058792697,13.114619710222115,-32.44843363054879,-0.1460825496636238,0.4515825037463769,-0.1210863576246138
data/sensor_images/image_2782.png,surface,0.0,0.0,1.5737951204337397,13.20735423648549,-5.073154460209147,0.0,0.8576339372502156,-1.2962194932107525,0.0,0.0,0.0,-0.8075502969141946,0,0,0,0,0,0,-2.5815154864467904,10.342517539892627,-33.07044649532282,-0.1458280429904209,0.3971963444827932,-0.0116302525427569
data/sensor_images/image_2783.png,surface,0.0,0.0,1.8587091445530903,7.016579512652327,1.1899684737586995,0.0,3.359844366041622,-0.5139413270745913,0.0,0.0,0.0,-3.188318377171006,0,0,0,0,0,0,2.149594036687853,6.1656995463376045,-34.34706051716643,-0.1408220225573632,0.3713577407087251,-0.0601168355475509
data/sensor_images/image_2784.png,surface,0.0,0.0,2.4003860766481826,-8.798284943203209,18.342108136125955,0.0,-2.936803568129605,-3.903055164722737,0.0,0.0,0.0,-3.125139926104968,0,0,0,0,0,0,12.204165995898782,-3.405212021663422,-30.58375703026758,-0.0380481727175876,0.3845159675265174,-0.1940228844797244
data/sensor_images/image_2785.png,surface,0.0,0.0,2.1523676432940944,-8.411550828825154,-11.00150138225108,0.0,-2.3135287916801435,1.592657283787947,0.0,0.0,0.0,-0.3530580069589675,0,0,0,0,0,0,-6.481944388834025,-4.15853100381567,-32.26948508968812,-0.2056663851448181,0.3940597169842135,-0.1444480515693604
data/sensor_images/image_2786.png,surface,0.0,0.0,2.180316257892078,-21.97035702518536,1.8842753627452424,0.0,-2.3186165882686245,-0.8095965325139515,0.0,0.0,0.0,0.4969204399632074,0,0,0,0,0,0,1.636479557787372,-11.752102462281591,-29.93438827927469,-0.1521153714580275,0.281540753944986,-0.4180352248866627
data/sensor_images/image_2787.png,surface,0.0,0.0,2.5084515751668057,16.465957408261893,10.830541454943036,0.0,-0.501146730516736,-1.2753211069563506,0.0,0.0,0.0,-2.2167658749657457,0,0,0,0,0,0,7.274484230645159,12.656679460997475,-31.053438717609527,-0.0844009719272673,0.3940970583580107,0.0022793011130057
data/sensor_images/image_2788.png,surface,0.0,0.0,2.437179703314757,5.281798048046736,2.804910551756976,0.0,2.890337548874601,0.9435722945146356,0.0,0.0,0.0,-3.3582788518915985,0,0,0,0,0,0,3.560646707932514,5.056310901336087,-33.15525744243264,-0.1773338246957444,0.3240353747906395,-0.0778125150237635
data/sensor_images/image_2791.png,surface,0.0,0.0,2.5358389263832906,2.0127617020537767,22.649517061495228,0.0,-2.2229874719148444,0.7495568277905899,0.0,0.0,0.0,1.5469211762648882,0,0,0,0,0,0,13.63924567098934,2.0528759150606204,-28.39538747754945,-0.0378158177712162,0.4241842066094629,-0.2976543537720912
data/sensor_images/image_2792.png,surface,0.0,0.0,2.004435000078992,-11.597689086479814,12.833245725582325,0.0,3.221456091748948,-3.765453859810857,0.0,0.0,0.0,3.787002223687608,0,0,0,0,0,0,9.849402183931742,-5.686347488904444,-32.224639745087025,-0.0360191678304896,0.2798817041148414,-0.3673724852279049
data/sensor_images/image_2793.png,surface,0.0,0.0,0.5825336922944633,-21.04426067883104,4.0185532845231,0.0,-0.4451796021816058,0.3452403524103548,0.0,0.0,0.0,-4.775854003233758,0,0,0,0,0,0,3.8740063377705214,-12.314677441948266,-32.803401022663344,-0.1270140558464307,0.3167092883036305,-0.2589716172409052
data/sensor_images/image_2795.png,surface,0.0,0.0,1.4833485668605548,14.557399833436008,14.551240957433391,0.0,-0.982492266468978,3.3019441533613136,0.0,0.0,0.0,2.4112128753745488,0,0,0,0,0,0,9.664371314756515,10.629944739318258,-31.99483644882672,-0.1093004621609136,0.4138928875042162,-0.2065024423970368
data/sensor_images/image_2796.png,surface,0.0,0.0,1.2852822408725006,23.94319858802396,-2.3068069013451056,0.0,-2.3332487740226022,1.4691762050706936,0.0,0.0,0.0,3.783872106857535,0,0,0,0,0,0,-0.837354533692015,16.326754483440688,-30.95655134571785,-0.1499654094810201,0.4562795424190652,-0.089220182144324
data/sensor_images/image_2797.png,surface,0.0,0.0,1.7876208839707957,-7.274900219663783,-4.794613916057879,0.0,0.0897049594562686,-1.503400821592778,0.0,0.0,0.0,-2.4340950036796603,0,0,0,0,0,0,-2.373773585581444,-2.899456088942534,-34.0468215978656,-0.1290002703750747,0.3641322655490982,-0.1458862695372135
data/sensor_images/image_2798.png,surface,0.0,0.0,2.1789008291492764,-19.95703831011617,-5.821342033642737,0.0,1.7875351959396295,-1.9206247912392649,0.0,0.0,0.0,1.7523352670800607,0,0,0,0,0,0,-2.275336971309099,-10.699234404673522,-31.118833447684487,-0.1290024667501721,0.2340078566085797,-0.3485003115412886
data/sensor_images/image_2799.png,surface,0.0,0.0,2.812115944507536,12.17946439002641,-4.59302386297322,0.0,0.6901718082824786,-0.8347288822962287,0.0,0.0,0.0,1.9192232530139235,0,0,0,0,0,0,-1.5441957749882784,9.950376499228367,-31.636901692295663,-0.0712102871376791,0.3799581617083295,-0.1844168042525861
data/sensor_images/image_2800.png,surface,0.0,0.0,0.5650444327091015,8.768690674105395,3.135952148214068,0.0,3.378777093983461,0.4167491873726841,0.0,0.0,0.0,-1.2738148730844734,0,0,0,0,0,0,2.995886859570139,7.321048482206121,-34.78756301780446,-0.153384510179329,0.3828071872901617,-0.047098214228131
data/sensor_images/image_2801.png,surface,0.0,0.0,1.2616788080931365,15.905070786692407,1.354715737101627,0.0,0.4196664811522392,-2.6395112388733515,0.0,0.0,0.0,-0.1795858469429125,0,0,0,0,0,0,1.6347464410242285,11.290198688694163,-33.25768691047414,-0.1308843162800436,0.430863653486837,-0.1744760944226903
data/sensor_images/image_2802.png,surface,0.0,0.0,0.6011122523644272,-5.059425841550901,6.890963648012345,0.0,2.958481075110025,2.13271124149259,0.0,0.0,0.0,2.593680852245014,0,0,0,0,0,0,5.532943502234687,-2.127855682407929,-35.110080423289915,-0.1032580962108471,0.3541207132055195,-0.3263778072422845
data/sensor_images/image_2804.png,surface,0.0,0.0,2.258844522816802,-10.517104729510905,12.567644236752772,0.0,-0.1746357142308295,-1.7966665380143043,0.0,0.0,0.0,3.025574469315641,0,0,0,0,0,0,9.644488525551424,-4.51398639453378,-32.68207167601666,-0.0058564879201871,0.3342318557324914,-0.3718177151088087
data/sensor_images/image_2805.png,surface,0.0,0.0,1.176425545768682,-13.939502799175225,-17.981521730410694,0.0,-1.865947756440107,2.570198349828359,0.0,0.0,0.0,3.4978614782810773,0,0,0,0,0,0,-10.652744675787734,-8.113090958056766,-32.192558324134204,-0.2350909034359518,0.3016589015784415,-0.2809119236430796
data/sensor_images/image_2806.png,surface,0.0,0.0,2.42346040190178,-15.7560721961468,-6.503983637926687,0.0,-4.540930347965094,1.4820971668436709,0.0,0.0,0.0,-1.0116714338458124,0,0,0,0,0,0,-3.869270783488669,-9.13968333497599,-31.575615530468887,-0.2017746762895052,0.3800695189477264,-0.1900097548223645
data/sensor_images/image_2808.png,surface,0.0,0.0,2.150326336845507,-5.764295905937556,8.181415835628025,0.0,-1.956996375937651,-4.199512172867887,0.0,0.0,0.0,-1.7653551854945526,0,0,0,0,0,0,6.659490223039365,-1.6850601353297197,-33.18225943212437,-0.0845279721179395,0.3872107258776398,-0.1710764424351614
data/sensor_images/image_2809.png,surface,0.0,0.0,2.3760742831530632,3.77612896660781,3.903697481270124,0.0,-1.4179591171482238,2.3085244624632044,0.0,0.0,0.0,1.3117099921568398,0,0,0,0,0,0,3.291993752650335,3.056933006843839,-33.39184411315161,-0.1663459718244888,0.3988322415845393,-0.2679147155786838
data/sensor_images/image_2810.png,surface,0.0,0.0,0.9024432176588808,18.46293612811997,-10.70513568087949,0.0,0.6506604239342273,-2.6916479330808776,0.0,0.0,0.0,-4.20678676850693,0,0,0,0,0,0,-5.272324963202395,13.29617907786745,-32.80958633673786,-0.1337922758894811,0.4129295192439204,0.026327659754367
data/sensor_images/image_2811.png,surface,0.0,0.0,2.0011495352357827,-8.781593177334104,-15.477716978269532,0.0,-4.170937267942357,-0.759103797397751,0.0,0.0,0.0,-4.676447401681499,0,0,0,0,0,0,-9.7981947145186,-4.15127530402681,-32.96866246902353,-0.177341869933386,0.3823988462984743,-0.1073504127423964
data/sensor_images/image_2812.png,surface,0.0,0.0,1.794107328292148,15.37268560210184,-5.003155128118237,0.0,0.3804603598840342,1.775632304589212,0.0,0.0,0.0,-0.7498657067041687,0,0,0,0,0,0,-2.161608424611116,11.331129292306503,-32.79074923348301,-0.1589316186022683,0.3903463880556211,0.0167897937032593
data/sensor_images/image_2814.png,surface,0.0,0.0,2.326559548906141,2.5030910389802608,-24.21692849014172,0.0,-2.4022661231208984,2.256050056399824,0.0,0.0,0.0,-1.393274239965716,0,0,0,0,0,0,-14.672215102402246,2.73238468341312,-30.612963940090133,-0.2020704421295728,0.4238917965221162,-0.0039618341670549
data/sensor_images/image_2815.png,surface,0.0,0.0,1.585600274123316,17.2960570246862,12.861905774669252,0.0,1.296845076733893,-2.40610434067447,0.0,0.0,0.0,-3.377217169846638,0,0,0,0,0,0,9.002926859734078,12.426646646522052,-32.00082271704528,-0.1148731004146821,0.3870558546247219,-0.0188123625649119
data/sensor_images/image_2816.png,surface,0.0,0.0,1.6751702058816316,12.300386493816434,16.204374899701353,0.0,-3.279509960561391,-1.5506183263200743,0.0,0.0,0.0,-0.592831214006198,0,0,0,0,0,0,10.899893146089124,10.018799016742772,-32.06425972161099,-0.1272545503340868,0.4091727617523396,-0.0728939327139904
data/sensor_images/image_2817.png,surface,0.0,0.0,1.0230861513068863,-7.060030985763128,-16.07362088154918,0.0,-0.0174653843223174,-1.8353322940885213,0.0,0.0,0.0,-0.4919626692379575,0,0,0,0,0,0,-9.291854585925543,-3.138758910648334,-33.85948741946394,-0.2076617519745983,0.350467052319162,-0.0992597330986286
data/sensor_images/image_2818.png,surface,0.0,0.0,2.34738504536362,2.648067989853526,-8.239366197922932,0.0,0.9370777835604354,-4.6238912309107,0.0,0.0,0.0,2.966429646903027,0,0,0,0,0,0,-4.5428024715988,4.155197024030153,-33.593227344051286,-0.1269075881284162,0.4005255945281311,-0.2476471547573558
data/sensor_images/image_2819.png,surface,0.0,0.0,0.5265011076678603,4.266767989082063,-5.536282941016435,0.0,0.4010220051128395,-3.053581729905865,0.0,0.0,0.0,4.777674707531928,0,0,0,0,0,0,-2.9359764528978225,3.7156208183535817,-35.46123257634973,-0.1512542934386086,0.3916429884587917,-0.224573402190849
data/sensor_images/image_2820.png,surface,0.0,0.0,1.7430816171453951,4.600673164484479,-2.793816823104684,0.0,1.676795112239906,1.6395779267476491,0.0,0.0,0.0,4.229312750293724,0,0,0,0,0,0,-0.4565600178583124,4.0622601605149615,-34.64684764447407,-0.1687575163834347,0.3844647138368658,-0.2276087022434689
data/sensor_images/image_2821.png,surface,0.0,0.0,1.8441121556275863,11.396387140542494,-8.254912619360317,0.0,3.304005562545929,0.8025465161250441,0.0,0.0,0.0,2.9780192325860275,0,0,0,0,0,0,-4.921875955426152,8.390360409811137,-33.60923664620445,-0.1607933329782424,0.3781049151871437,-0.166552466180384
data/sensor_images/image_2823.png,surface,0.0,0.0,0.9213083996152968,-15.778055498241727,3.850058288171117,0.0,-0.036465626298939,-0.6226500176782321,0.0,0.0,0.0,0.7020323912621791,0,0,0,0,0,0,3.504649490094617,-8.952575969971322,-34.569080808584594,-0.1085427208031765,0.2879596698319485,-0.3801810242938702
data/sensor_images/image_2824.png,surface,0.0,0.0,1.369903116725038,-16.04467822736092,-15.087639524096907,0.0,-2.6634942935405816,-1.0088715137525692,0.0,0.0,0.0,-2.6149313510935257,0,0,0,0,0,0,-8.673392612715503,-9.055146708875377,-32.869010874592085,-0.1996464130685823,0.3582594099713563,-0.1954744233270905
data/sensor_images/image_2827.png,surface,0.0,0.0,1.9528328440711304,7.751514150356994,3.661991462924305,0.0,2.2283089148573643,-1.390764168290557,0.0,0.0,0.0,-1.111302506302656,0,0,0,0,0,0,3.699245346640456,6.711149073163021,-34.348375726061214,-0.1132338261001231,0.3586310693635577,-0.0678812987134736
data/sensor_images/image_2828.png,surface,0.0,0.0,0.6044224188639884,20.031658599717726,1.0320792133743637,0.0,4.506942593389525,1.8094028983515693,0.0,0.0,0.0,3.11459379630627,0,0,0,0,0,0,1.2118042730304537,14.211596516153802,-33.32048302422634,-0.1442205781175389,0.4436400942196867,-0.1278376874448812
data/sensor_images/image_2829.png,surface,0.0,0.0,2.884574505538063,3.0277939380247,0.1798988876453942,0.0,-3.654299210598553,-3.0581702066277394,0.0,0.0,0.0,0.3362788456281897,0,0,0,0,0,0,0.1281618954498079,4.272396619044626,-32.2311750837025,-0.0923371358096728,0.4563886642417266,-0.2467799637380927
data/sensor_images/image_2832.png,surface,0.0,0.0,2.106925493618045,-19.92103966795189,15.413288430808697,0.0,-4.183084300479778,-0.3278405367746614,0.0,0.0,0.0,0.4653914782714627,0,0,0,0,0,0,10.21685365755729,-10.657789710629144,-29.112297085607075,-0.0541893109774788,0.2924212217023885,-0.419707395828316
data/sensor_images/image_2833.png,surface,0.0,0.0,2.855284301785704,-18.89852512636712,-1.0734139305823005,0.0,1.3377619885975356,-3.823777743343258,0.0,0.0,0.0,-2.675865569379804,0,0,0,0,0,0,0.8971354622629846,-8.000749084344056,-28.44638520451901,-0.0930111865952621,0.3069719647205196,-0.2164188272083011
data/sensor_images/image_2834.png,surface,0.0,0.0,2.507884793599273,0.3087528454435283,23.22626268838884,0.0,2.9953437523618107,3.8866619461822793,0.0,0.0,0.0,0.4244348886857496,0,0,0,0,0,0,16.431248769155587,1.1137431859451077,-30.112239836772336,-0.0768248763380105,0.3249138652579503,-0.1943786451485776
data/sensor_images/image_2835.png,surface,0.0,0.0,1.271661036135596,-16.303726577302655,-15.461455507951094,0.0,-4.102249072655805,-2.411089749956498,0.0,0.0,0.0,-3.860294649526411,0,0,0,0,0,0,-8.887209344235876,-9.03032485064578,-32.67307399329281,-0.210049660261257,0.3457458377871223,-0.1933083478353073
data/sensor_images/image_2836.png,surface,0.0,0.0,2.3853697368444786,-12.772770296277876,7.84363067770869,0.0,-2.4535317705373094,-1.746482922032618,0.0,0.0,0.0,-4.622831117112396,0,0,0,0,0,0,5.811359480363624,-6.003033143232972,-31.931277997428364,-0.0936822299879948,0.3804190974826565,-0.2240718885002384
data/sensor_images/image_2837.png,surface,0.0,0.0,0.8040162923490286,-14.288976356602594,15.91592492919181,0.0,1.248218237544347,-4.5199951717779445,0.0,0.0,0.0,4.992311003476468,0,0,0,0,0,0,11.115912370819787,-7.717915467330775,-32.750767049634995,-0.0217331243368459,0.2951922664383203,-0.3934618613878589
data/sensor_images/image_2838.png,surface,0.0,0.0,1.7658733908432622,-12.030839076772732,21.16383561511105,0.0,1.39556842581161,-4.471638864027761,0.0,0.0,0.0,2.701651963125024,0,0,0,0,0,0,14.17758080689564,-6.251536343163577,-31.589489674269657,0.0139350802102757,0.2667502617786535,-0.3587575751109709
data/sensor_images/image_2839.png,surface,0.0,0.0,2.771930292200921,-12.726170278813182,-4.070475667231152,0.0,3.2963766947703523,-3.196322142705639,0.0,0.0,0.0,-0.278820471362641,0,0,0,0,0,0,-0.919541063267697,-5.214104515927367,-30.96855717198608,-0.1597841619682242,0.3227687989445361,-0.1704112026842686
data/sensor_images/image_2840.png,surface,0.0,0.0,1.8115509572354296,0.941732990988148,-12.588634948209943,0.0,1.4449517064511477,-0.1663318579120478,0.0,0.0,0.0,-3.259084025100117,0,0,0,0,0,0,-7.116528491218203,2.463322669249725,-34.60692307010201,-0.1667356501617155,0.3673719160181788,-0.0744320582649068
data/sensor_images/image_2841.png,surface,0.0,0.0,2.8667798235032307,-9.732404045938376,5.0423764038817005,0.0,-1.02978051692266,-1.877660281579412,0.0,0.0,0.0,-1.009901828662808,0,0,0,0,0,0,3.736710963620117,-2.669861676157409,-30.402426459953656,-0.0381391428082005,0.4172471929160573,-0.1952987774461271
data/sensor_images/image_2842.png,surface,0.0,0.0,1.4544275564466218,23.30273873829024,-4.26253593924901,0.0,-2.913882216367853,3.960691714334484,0.0,0.0,0.0,3.3322368575279206,0,0,0,0,0,0,-2.210893795316312,15.98942296322637,-31.23351660368076,-0.1637275913973515,0.4412245342784174,-0.1006061760083427
data/sensor_images/image_2844.png,surface,0.0,0.0,1.923738661526682,-0.5599419344420832,-15.82700304806085,0.0,1.382844900421672,0.4866850061242842,0.0,0.0,0.0,-2.032198279934016,0,0,0,0,0,0,-8.851719710694187,0.8044301292724416,-33.63441671952896,-0.1984563521527511,0.3566931000287385,-0.0730051327246873
data/sensor_images/image_2845.png,surface,0.0,0.0,2.901244208864073,-15.386974623207829,6.954411438955352,0.0,0.7510041492925346,0.1575222555853979,0.0,0.0,0.0,-2.575388238364841,0,0,0,0,0,0,5.973145021953338,-8.550081973981593,-30.86814574951955,-0.1624836119609726,0.2769262445257967,-0.209019081168028
data/sensor_images/image_2846.png,surface,0.0,0.0,2.269203782512787,-12.524204474124792,12.337178914190266,0.0,0.4510584417854716,1.475742210334336,0.0,0.0,0.0,0.744244051374233,0,0,0,0,0,0,9.072341164160486,-7.85667633400669,-32.40033985111823,-0.1157159198900708,0.2724661937169337,-0.3729269030996114
data/sensor_images/image_2847.png,surface,0.0,0.0,1.98703780698454,11.600063515144155,20.75118744723118,0.0,-0.6180615965594397,0.1036322445144713,0.0,0.0,0.0,-3.002665301119668,0,0,0,0,0,0,13.228058649200984,8.702323304140629,-30.746092140153685,-0.1210786599792006,0.4071587181615481,-0.07417807160967
data/sensor_images/image_2848.png,surface,0.0,0.0,0.6642727112053728,13.446621533001412,0.6004791645972688,0.0,1.940458739187792,-0.132927034430782,0.0,0.0,0.0,3.4679139821616065,0,0,0,0,0,0,0.8966384758644176,10.39676661210198,-35.14543254714847,-0.1443275882852251,0.4115541976169324,-0.1810608141652865
data/sensor_images/image_2851.png,surface,0.0,0.0,1.7778958331155543,23.355057904705845,-1.5345020361408743,0.0,3.250099794553534,-1.3663997329099948,0.0,0.0,0.0,1.095721312348089,0,0,0,0,0,0,0.4521604631407451,16.062094351815293,-31.42550019988108,-0.1108308200049453,0.4488740512124757,-0.1211068944001084
data/sensor_images/image_2853.png,surface,0.0,0.0,2.5938860108286206,0.6536946854024426,-11.944626111105215,0.0,-2.285908618021073,-2.9706538701740675,0.0,0.0,0.0,4.547741493258087,0,0,0,0,0,0,-7.140518350642523,2.7170458483559594,-32.96106155344535,-0.1583153804347592,0.4410858031096908,-0.2554474962948329
data/sensor_images/image_2854.png,surface,0.0,0.0,1.7220877759814466,11.793559249881724,-4.165118097694174,0.0,4.661249715574186,-0.8380194733977233,0.0,0.0,0.0,4.80078769211204,0,0,0,0,0,0,-1.671063428533304,9.314108700288974,-34.572958599099955,-0.154410210556396,0.3918419532877892,-0.1911023827678055
data/sensor_images/image_2855.png,surface,0.0,0.0,1.7859834417611304,-9.468647700128177,5.429942035140169,0.0,0.9028070018416324,-1.423169312628409,0.0,0.0,0.0,1.2923684507393656,0,0,0,0,0,0,4.4874414548152455,-4.744661615276544,-34.41567458059546,-0.0642572017336113,0.3111182914361825,-0.3252371537951258
data/sensor_images/image_2857.png,surface,0.0,0.0,2.588222905061616,9.151495231752875,8.368138328057851,0.0,3.0968622809114983,-2.661933973358093,0.0,0.0,0.0,-2.828530963482475,0,0,0,0,0,0,6.952367750258233,8.460652667239085,-33.604765694855985,-0.0916973177723348,0.3617829937052651,-0.077572505577109
data/sensor_images/image_2858.png,surface,0.0,0.0,1.4545775264736829,10.2625340707983,17.016253127120102,0.0,-4.304946552285256,-0.4098727959297996,0.0,0.0,0.0,-1.0969087301671188,0,0,0,0,0,0,12.058771537972437,8.442729422046373,-32.434460478490095,-0.1166516876102461,0.414368917940883,-0.0763593622324261
data/sensor_images/image_2859.png,surface,0.0,0.0,0.5691292779508186,1.9846754313330064,-18.733102689169552,0.0,2.491139042132116,-0.1983763192242025,0.0,0.0,0.0,-0.1394751230511124,0,0,0,0,0,0,-11.93268772694101,3.067518417020284,-34.36598503013683,-0.1680534466962635,0.3760845276347471,-0.0291379690778321
data/sensor_images/image_2860.png,surface,0.0,0.0,2.8107402762130373,4.848633919525458,5.086062880560811,0.0,1.9255702779707928,-2.910193600140697,0.0,0.0,0.0,4.737345610899597,0,0,0,0,0,0,4.912810686200232,5.676335868783074,-33.799995516092,-0.0270297564922861,0.3399907396691984,-0.2540319049927578
data/sensor_images/image_2861.png,surface,0.0,0.0,1.5996919172084272,-0.7075750456243143,-16.303607663199962,0.0,3.1985463426966527,0.6772799948804598,0.0,0.0,0.0,1.222069984337086,0,0,0,0,0,0,-9.537550400129923,0.8551404683736525,-34.00176831683213,-0.2107354449472639,0.3531318665289913,-0.2265330405390153
data/sensor_images/image_2864.png,surface,0.0,0.0,2.474135207054064,9.434497063855524,-1.49567509822286,0.0,-2.1772249517791256,-3.1259552038666474,0.0,0.0,0.0,-2.53886752707467,0,0,0,0,0,0,-0.7084773370780255,8.409370844944572,-33.586832814595425,-0.0941327547901532,0.3994836229427443,-0.0416900012980035
data/sensor_images/image_2865.png,surface,0.0,0.0,2.905948116599668,-0.2531881413677837,-9.130308811074231,0.0,-1.3557289081852573,-0.0510136696833451,0.0,0.0,0.0,-3.7021196586498375,0,0,0,0,0,0,-6.345799605059936,1.535417070402696,-33.439318273648304,-0.1506551907310265,0.4546003905370568,-0.0788423553347796
data/sensor_images/image_2868.png,surface,0.0,0.0,1.970555100537238,-11.898931104214006,-1.8185019453132203,0.0,2.0043826725849745,2.2077565757121107,0.0,0.0,0.0,0.0883924185627389,0,0,0,0,0,0,-0.6675848326952785,-6.786292396573287,-33.785461093064946,-0.1921920509317657,0.3075227935267985,-0.1757042686580246
data/sensor_images/image_2869.png,surface,0.0,0.0,0.5792693651191791,-7.6742701793239805,-21.612389310858887,0.0,-1.4631285985084157,4.421954708323779,0.0,0.0,0.0,-0.5289036555093984,0,0,0,0,0,0,-12.634537018751768,-3.512301471631707,-32.800907162656024,-0.1911424316602162,0.3583713567597412,-0.1119494867905037
data/sensor_images/image_2871.png,surface,0.0,0.0,0.6849699856642433,24.58200725149638,0.7971361569332873,0.0,-1.2987775253063003,2.1296544238771524,0.0,0.0,0.0,-1.990148050076564,0,0,0,0,0,0,0.9493515424506508,16.978557388894508,-32.128082989166586,-0.1527961308978068,0.3899350651629087,0.060019802732352
data/sensor_images/image_2872.png,surface,0.0,0.0,1.2142760069723877,-13.931503915556377,4.539215245259709,0.0,3.158506850364505,-3.267942966197797,0.0,0.0,0.0,2.178012379724493,0,0,0,0,0,0,3.622184027381972,-7.817291719949505,-33.66999465298295,-0.108241199955197,0.2769203810737419,-0.3601561699780224
data/sensor_images/image_2873.png,surface,0.0,0.0,2.746822104648141,-14.052307480525318,-6.154223998613607,0.0,-2.5214802867863497,1.146859733782889,0.0,0.0,0.0,-4.461039507778287,0,0,0,0,0,0,-3.4948483131143586,-8.342026566306123,-32.360370679108804,-0.2366264219876624,0.432180650290481,-0.2320459534803402
data/sensor_images/image_2874.png,surface,0.0,0.0,1.029617421120483,-0.4558370928841738,-3.426520689058001,0.0,-2.79495252265284,3.490739736962247,0.0,0.0,0.0,4.303663958408389,0,0,0,0,0,0,-1.3450785937730805,0.5158630918332094,-36.21437912857003,-0.1589438775106965,0.3843626464006363,-0.2409131471517073
data/sensor_images/image_2875.png,surface,0.0,0.0,2.456274986949184,-3.179682964979472,-8.857891496575915,0.0,2.1804391297815484,-2.546797045377674,0.0,0.0,0.0,-2.50788420389138,0,0,0,0,0,0,-4.716110282785815,-0.0236387840820637,-33.92354365072721,-0.1423341784144471,0.3465053310027723,-0.1231735221204603
data/sensor_images/image_2876.png,surface,0.0,0.0,1.4909785644757971,-4.795485618488671,0.506868186380101,0.0,-0.4391765863294363,-0.1779509787215538,0.0,0.0,0.0,2.4626555873679745,0,0,0,0,0,0,0.7796516019913422,-1.9654793960834875,-35.833569911364286,-0.1167344077842877,0.3573866442146602,-0.2880579610897172
data/sensor_images/image_2877.png,surface,0.0,0.0,1.4230166294852893,12.566581730421229,4.362107681766719,0.0,3.2318048715672463,-0.6416134861830861,0.0,0.0,0.0,3.909954548879956,0,0,0,0,0,0,3.8279922775958592,9.848854413739268,-34.61924042344166,-0.1263794810611071,0.407479705166201,-0.190394392311831
data/sensor_images/image_2878.png,surface,0.0,0.0,2.610984759961743,-13.753438990996631,12.011065563856263,0.0,2.4090682586089787,4.349831412794975,0.0,0.0,0.0,2.325124258890284,0,0,0,0,0,0,8.755245799408858,-9.127707563631066,-32.90761163909069,-0.1177232294133348,0.2463490996209517,-0.3729441982734502
data/sensor_images/image_2879.png,surface,0.0,0.0,1.531661406499838,5.03193768855149,6.500865278102717,0.0,2.010598829964338,0.2291398566892797,0.0,0.0,0.0,1.327983380743377,0,0,0,0,0,0,5.219377164626802,4.223847913841651,-35.746972066383805,-0.0950659820553763,0.3794267733089497,-0.2506162019829778
data/sensor_images/image_2880.png,surface,0.0,0.0,2.956017296616514,-5.85938997292403,12.823742198168462,0.0,-1.3060918215773498,3.5531975864675154,0.0,0.0,0.0,0.8059330267544436,0,0,0,0,0,0,8.733958407008837,-4.258224948552551,-30.970947944595213,-0.1869679984991613,0.3253105820302821,-0.3467985517387485
data/sensor_images/image_2881.png,surface,0.0,0.0,0.997122285279382,10.892222899488262,-13.400382319493673,0.0,-1.835156585551726,-1.839500239803301,0.0,0.0,0.0,0.1161126329920279,0,0,0,0,0,0,-8.175346015255409,8.321249892208199,-34.19458220599081,-0.1760329852453547,0.4154952708082648,-0.1390828376475242
data/sensor_images/image_2883.png,surface,0.0,0.0,1.1777178839205935,6.468711545213723,-14.936742816135988,0.0,0.1010185391488735,3.882914476294507,0.0,0.0,0.0,-4.018568642606018,0,0,0,0,0,0,-9.202925612631343,5.464297044074718,-34.779575215692795,-0.1685049745173271,0.3893180918064871,-0.0450117889991091
data/sensor_images/image_2884.png,surface,0.0,0.0,1.8882867701173576,17.867698519061587,9.455494572828377,0.0,0.3286175676902648,4.1518019293676085,0.0,0.0,0.0,4.734817564627349,0,0,0,0,0,0,6.953525229284792,12.845076342690149,-32.99421288186416,-0.1428114422649651,0.4337184826980738,-0.1602155948409834
data/sensor_images/image_2886.png,surface,0.0,0.0,0.6171820480368735,8.442984630027812,5.676626803543795,0.0,0.8941959042442609,-1.558575170713528,0.0,0.0,0.0,4.751956462792782,0,0,0,0,0,0,4.879111987814252,7.19899198969018,-35.15570426444282,-0.1200063633489206,0.4152615237200477,-0.2213007845050852
data/sensor_images/image_2887.png,surface,0.0,0.0,1.4319184133056797,-5.468919872861052,-21.640810722598605,0.0,-4.205947820188287,0.8030152365504485,0.0,0.0,0.0,4.772028985396199,0,0,0,0,0,0,-14.01329245412715,-2.5293645134267466,-33.69091275287035,-0.2396856079262048,0.3671939221263705,-0.2392028090911242
data/sensor_images/image_2888.png,surface,0.0,0.0,0.9482088044946014,-20.29209084660016,-3.9721868236097806,0.0,-2.067465640654542,0.2370159359211547,0.0,0.0,0.0,-1.8095613744158223,0,0,0,0,0,0,-1.7505397494969337,-12.13169348826943,-33.702021072367806,-0.1562906349100023,0.3285556559597035,-0.2347992022134701
data/sensor_images/image_2889.png,surface,0.0,0.0,1.7205081450514912,6.649192402150575,-23.095188576026235,0.0,-3.095065536068768,1.571168509047046,0.0,0.0,0.0,-0.7493789720829813,0,0,0,0,0,0,-14.304496214647418,5.778219197035051,-31.95140395803088,-0.1671979781845224,0.4195521747067298,-0.0040072081650769
data/sensor_images/image_2890.png,surface,0.0,0.0,1.1074800877945936,8.023836487853009,4.867235057549791,0.0,-0.013377234833186,3.275898113640935,0.0,0.0,0.0,-3.289595914618104,0,0,0,0,0,0,4.834537393176991,7.155293354095696,-35.41795093934999,-0.1685411195184744,0.4078745744215433,-0.0619618224103797
data/sensor_images/image_2891.png,surface,0.0,0.0,0.5971842809721832,8.365929799405382,-9.4921648591518,0.0,0.5444594590519765,0.8735680521185109,0.0,0.0,0.0,1.6303374622758584,0,0,0,0,0,0,-5.480797413793367,6.841051939728096,-35.79746718145093,-0.1632718054396136,0.4123495646663799,-0.1817636420566988
data/sensor_images/image_2893.png,surface,0.0,0.0,1.334500726318285,3.1283010841520764,-3.911069599310876,0.0,1.0604329484644923,-0.447619502676295,0.0,0.0,0.0,-3.281987325449421,0,0,0,0,0,0,-1.6276283582975508,3.4513592022599053,-36.33998787872137,-0.1413862025194964,0.3707465163774288,-0.0624225748712355
data/sensor_images/image_2894.png,surface,0.0,0.0,0.9307549766789288,0.486660102529378,-6.033966486324471,0.0,1.553564054545166,-4.292194385682651,0.0,0.0,0.0,-3.044992523295831,0,0,0,0,0,0,-3.141326338726743,1.929539449591664,-36.43800662036167,-0.1599017154751546,0.3680773601646894,-0.0923192589355468
data/sensor_images/image_2895.png,surface,0.0,0.0,2.8699338133963668,7.1078364343069,21.80643903120756,0.0,-2.258549749960024,-2.957436945534175,0.0,0.0,0.0,-1.5968573907610015,0,0,0,0,0,0,13.980143456877286,7.540537910905333,-29.531295059822035,-0.0399201901200049,0.3906979785224982,-0.08806566927968
data/sensor_images/image_2896.png,surface,0.0,0.0,1.7213979140176714,-3.982337327357402,-20.637779899000947,0.0,3.2107204292320484,1.263961553535751,0.0,0.0,0.0,0.056862972484831,0,0,0,0,0,0,-12.39426483115429,-1.35448435130095,-33.176091066596875,-0.1907138649147969,0.3684957331387762,-0.0573671550428274
data/sensor_images/image_2897.png,surface,0.0,0.0,1.9073962404141425,24.22329470996773,1.043564211220843,0.0,2.546809604168882,-0.6992579763711874,0.0,0.0,0.0,-2.047129879011212,0,0,0,0,0,0,1.4227122035488704,17.673391943313884,-31.832463530644944,-0.1270205407346156,0.3810907120328543,0.0405592647867724
data/sensor_images/image_2898.png,surface,0.0,0.0,2.9055588707239552,12.847592299432222,-2.0100319591055404,0.0,1.735611028412228,-0.8672819186149462,0.0,0.0,0.0,3.117232464269833,0,0,0,0,0,0,0.9048678865696034,10.225813620020896,-32.756998818086934,-0.0692073587290895,0.3617567403216147,-0.1988209674242171
data/sensor_images/image_2899.png,surface,0.0,0.0,0.7953860011043821,10.725229242758164,22.02737232296733,0.0,-2.529260634870664,-2.408603760707946,0.0,0.0,0.0,-2.1322043342910044,0,0,0,0,0,0,15.0658598766367,8.491686627993452,-32.04912176691286,-0.118436928176785,0.400475967175364,-0.0903263080100463
data/sensor_images/image_2900.png,surface,0.0,0.0,0.955673378242588,6.357461513048655,-2.360945585408263,0.0,0.2603628462612505,-2.351592288272274,0.0,0.0,0.0,-4.329050820557755,0,0,0,0,0,0,-0.6761614535505969,5.930243684034688,-36.205793285064736,-0.136344344184872,0.3860514002344647,-0.0703294378665334
data/sensor_images/image_2901.png,surface,0.0,0.0,2.275511956910048,7.153906597608144,21.57023589339434,0.0,-1.7519936624362744,-0.2536176624974668,0.0,0.0,0.0,-3.0139575505025915,0,0,0,0,0,0,14.208996021003005,6.606002394426145,-30.476170173755698,-0.1052841797660825,0.4334765963097806,-0.1108669864948476
data/sensor_images/image_2902.png,surface,0.0,0.0,1.9019705783478345,-11.29364364225851,-19.07561074827508,0.0,-3.213582890440817,2.56344744554252,0.0,0.0,0.0,2.992868003872741,0,0,0,0,0,0,-12.17573844733926,-6.610842221187565,-32.8521912530139,-0.247965957950926,0.3436627719810854,-0.2897960081861525
data/sensor_images/image_2903.png,surface,0.0,0.0,1.5381796703284123,7.662064985945911,-14.37575718223298,0.0,-3.00518995231709,-3.902256815114266,0.0,0.0,0.0,0.0441776303769261,0,0,0,0,0,0,-8.808290860144165,6.626689090669556,-34.31374830448613,-0.2020782711813002,0.4279048558294112,-0.167037600940776
data/sensor_images/image_2904.png,surface,0.0,0.0,0.7803875828886968,3.881063297018106,24.18699822148893,0.0,0.7497879020847389,1.9953629068474108,0.0,0.0,0.0,-1.4886604732068132,0,0,0,0,0,0,16.679467801623264,4.066350628968516,-32.82186970896356,-0.0940898769880109,0.36737674181446,-0.1428183293143541
data/sensor_images/image_2905.png,surface,0.0,0.0,1.959900211319944,8.923407774010956,-13.80093075621593,0.0,3.979010767633226,2.150889658091711,0.0,0.0,0.0,1.2215781083226185,0,0,0,0,0,0,-7.966333122123507,7.334303316437245,-34.60711602525904,-0.1683793827006873,0.4210737461770892,-0.1738684497283228
data/sensor_images/image_2907.png,surface,0.0,0.0,2.1776655822638893,-17.530639492352513,-13.643434285938604,0.0,2.139931890853709,-0.0230912103767855,0.0,0.0,0.0,1.8236427309729084,0,0,0,0,0,0,-6.734605897570576,-10.303903685984071,-32.696494341322506,-0.2493373131627219,0.2561197279276354,-0.3119056657707795
data/sensor_images/image_2908.png,surface,0.0,0.0,1.251054267164987,-6.156524602978393,9.920604977708985,0.0,-3.05645042145488,-3.2018037291362824,0.0,0.0,0.0,-4.861395857907176,0,0,0,0,0,0,7.772704830112103,-2.63654838904044,-35.42100527305778,-0.1130587446944921,0.3721788497118094,-0.1581293595108432
data/sensor_images/image_2909.png,surface,0.0,0.0,1.506275142415329,-16.091664548331615,6.6532770466491735,0.0,4.989120042045405,0.2903479993048098,0.0,0.0,0.0,-3.1914179140764345,0,0,0,0,0,0,6.254343778379251,-9.551287264654974,-34.70103762546587,-0.1332116356430242,0.3189021208415146,-0.2373814616704756
data/sensor_images/image_2910.png,surface,0.0,0.0,1.2700410491860747,-5.079001138130563,-24.33623359956437,0.0,0.2159041866140738,-3.6851099605515767,0.0,0.0,0.0,1.814489962064501,0,0,0,0,0,0,-15.426870902659152,-1.8650472060249388,-33.54088568248718,-0.2387896410656608,0.3653247748163871,-0.2313633933700583
data/sensor_images/image_2911.png,surface,0.0,0.0,1.0023299792228155,0.3199265646623572,9.11734498048524,0.0,-0.4963804242325407,-3.837341678144003,0.0,0.0,0.0,-1.9486888679232937,0,0,0,0,0,0,7.572592785180393,2.03190217727006,-35.504826077291874,-0.1448789038881149,0.3877082110815553,-0.1219420126686167
data/sensor_images/image_2912.png,surface,0.0,0.0,1.7700348331594924,-10.244589293903926,-10.697335599134163,0.0,2.957018519315935,0.8718244066805259,0.0,0.0,0.0,-4.167114403989772,0,0,0,0,0,0,-5.816654242423772,-5.629425699500024,-35.163518581851264,-0.1989029356773524,0.3290381237516635,-0.1501270613663232
data/sensor_images/image_2913.png,surface,0.0,0.0,2.572846894030979,-13.57044998299668,2.970288431459404,0.0,-1.5604124643288655,2.23450302782498,0.0,0.0,0.0,-4.079709075381067,0,0,0,0,0,0,2.937193107280774,-8.57091214928223,-33.29275286272635,-0.2255188486209728,0.3658605686866868,-0.2230506891311419
data/sensor_images/image_2914.png,surface,0.0,0.0,0.5860807476256222,-6.483164462850282,-1.0963487469396425,0.0,0.697995907441323,0.8477914800025174,0.0,0.0,0.0,-3.978331301680381,0,0,0,0,0,0,0.178785643020149,-2.9617911015394025,-36.98840338487521,-0.1585390936902176,0.3670483427885672,-0.1476620583141515
data/sensor_images/image_2915.png,surface,0.0,0.0,1.713447631028865,-4.296011442414675,-10.47259275908223,0.0,0.6444581738923595,0.4987006159952484,0.0,0.0,0.0,-3.305001705928184,0,0,0,0,0,0,-6.229420428254904,-1.8614494677124969,-35.654208902347534,-0.1848116859885957,0.3577991457493605,-0.120479373972067
data/sensor_images/image_2916.png,surface,0.0,0.0,2.380253607906878,21.469921601161182,3.210868152068529,0.0,-3.4984311688698564,-3.442230497479825,0.0,0.0,0.0,1.8908905412018848,0,0,0,0,0,0,1.8198411567840287,15.69990000516986,-32.178804044213635,-0.0857276856935151,0.4446064911856338,-0.1235408092017249
data/sensor_images/image_2917.png,surface,0.0,0.0,2.0851357717906165,6.347485090220796,-15.32247695882472,0.0,-2.9314831482165733,-0.8623367682546313,0.0,0.0,0.0,-0.8576616082123749,0,0,0,0,0,0,-9.602143412522697,6.031394465744828,-33.91137696316388,-0.1923741033115371,0.4348111279693724,-0.0258053105514378
data/sensor_images/image_2919.png,surface,0.0,0.0,0.6430968961482653,2.475790413530706,-1.0480852132703535,0.0,-2.606835290524338,4.048693333667843,0.0,0.0,0.0,-4.537751208879296,0,0,0,0,0,0,0.4157093518281287,3.139649154306788,-36.56262053962199,-0.1704726522186987,0.3901770346265084,-0.0884722630327925
data/sensor_images/image_2920.png,surface,0.0,0.0,0.9043556240404822,-2.4890089158988387,-17.986025967502407,0.0,-4.491558675095957,2.060418765547199,0.0,0.0,0.0,1.366488599670758,0,0,0,0,0,0,-11.51012324308591,-0.6990686839104249,-35.26390831412678,-0.2070429132672209,0.3533018336881782,-0.2270951483204826
data/sensor_images/image_2921.png,surface,0.0,0.0,1.299199391112413,5.242241202935992,20.030382124030627,0.0,2.2792717015973887,1.7398202648403105,0.0,0.0,0.0,-2.427006153284524,0,0,0,0,0,0,14.679326744419026,5.01087129818081,-33.06802443090655,-0.1202501526757121,0.3784628375785512,-0.1150473328717685
data/sensor_images/image_2923.png,surface,0.0,0.0,1.7986655338454332,-2.725103845483308,11.935727650527191,0.0,0.400474237951975,2.665058229104705,0.0,0.0,0.0,-0.23867377963054,0,0,0,0,0,0,9.590867241286382,-0.6866611055976151,-34.897913063629446,-0.1324827642301013,0.3726298917443305,-0.1730661584160127
data/sensor_images/image_2924.png,surface,0.0,0.0,2.101586702881039,13.138723213236997,-2.347938455725733,0.0,-2.8300854329833296,2.745686980214567,0.0,0.0,0.0,-2.204309162146206,0,0,0,0,0,0,-0.9065705440655378,10.05502530095485,-34.631306471313124,-0.1883289456538093,0.431828288347535,-0.0049253181299721
data/sensor_images/image_2925.png,surface,0.0,0.0,1.546840967431034,-1.899002825426422,21.728790719317768,0.0,-0.7745123400947965,-1.446916471302267,0.0,0.0,0.0,-0.7666154923240498,0,0,0,0,0,0,15.485145455937408,1.1713472167614871,-32.5273044533587,-0.0730134709013827,0.372489200656363,-0.1807042186795608
data/sensor_images/image_2926.png,surface,0.0,0.0,1.54335072335942,11.51796014945359,-12.356952637285778,0.0,-0.7939796659643453,0.5631329840749215,0.0,0.0,0.0,-1.4332796650078885,0,0,0,0,0,0,-7.396708086255725,9.23103900365929,-34.15703654573482,-0.1633933369228318,0.4070584659182876,0.0223245559426255
data/sensor_images/image_2927.png,surface,0.0,0.0,2.693197033800526,-0.598314253866743,24.267212533992936,0.0,1.9098242088342416,-1.9607801330137868,0.0,0.0,0.0,1.1086554052688626,0,0,0,0,0,0,17.86090250714778,1.430538100752152,-30.5649833677679,0.0128668929269268,0.3193775206271185,-0.2950223425615916
data/sensor_images/image_2928.png,surface,0.0,0.0,2.029754788266501,2.7417685029668086,-24.52231353800796,0.0,0.3783160302777332,-0.8930758404117931,0.0,0.0,0.0,-2.393144402210078,0,0,0,0,0,0,-15.491687971643737,3.721770932464533,-33.21095457526584,-0.1322548556885764,0.3926018480066653,-0.011650756593439
data/sensor_images/image_2929.png,surface,0.0,0.0,1.1587557844099334,18.403228330377576,2.020266618572788,0.0,-1.4104368415901352,-2.7571553642928817,0.0,0.0,0.0,4.125650683363375,0,0,0,0,0,0,2.9427717772719424,13.526131870245344,-33.983541135773336,-0.1286973605172245,0.4652358626445088,-0.1391603867344125
data/sensor_images/image_2931.png,surface,0.0,0.0,1.0020615793887906,20.927737966677267,-1.4762411191224758,0.0,-1.1485919694145847,2.048691463049515,0.0,0.0,0.0,-4.355240215935443,0,0,0,0,0,0,-0.4907354683537736,15.272720879148649,-33.932199967940385,-0.1589440989868854,0.3840400234643026,0.0363899091709803
data/sensor_images/image_2932.png,surface,0.0,0.0,1.1616075122147729,-4.376785619886667,-12.927825305202555,0.0,-1.965087526393293,2.599411068563701,0.0,0.0,0.0,-2.9458738748768565,0,0,0,0,0,0,-8.012454707216042,-1.9681302824330364,-36.5255239075413,-0.1819477718350033,0.3929180281973103,-0.1132198753829678
data/sensor_images/image_2933.png,surface,0.0,0.0,2.1754055269203745,4.96713350047699,10.794813927879082,0.0,4.956223906247344,-0.1778635574983426,0.0,0.0,0.0,-1.7245066465350032,0,0,0,0,0,0,8.65962034483989,5.237193486988231,-35.32902751591453,-0.1350166059018471,0.3561944449645041,-0.0941797960077486
data/sensor_images/image_2934.png,surface,0.0,0.0,2.0944098102473374,23.094569225059782,1.7449930772155655,0.0,1.1133571591266151,-3.7949278864102096,0.0,0.0,0.0,-2.4775010138138995,0,0,0,0,0,0,2.238374829493548,17.58093925032178,-32.52817296939771,-0.1297059554521714,0.4059322705134163,0.0522824425953481
data/sensor_images/image_2935.png,surface,0.0,0.0,1.154116699449248,10.35370721289354,-1.781230792850059,0.0,0.7455119239984737,3.5297780885756507,0.0,0.0,0.0,-3.8707420723086816,0,0,0,0,0,0,-0.2771265366683826,8.422556163113853,-35.99131765174376,-0.1582644892545378,0.4027236286196184,-0.0341700163264688
data/sensor_images/image_2936.png,surface,0.0,0.0,1.8493296636058487,-1.5937332217936913,5.254680222615345,0.0,-3.120870081282697,-3.506665747367662,0.0,0.0,0.0,-3.416072906109485,0,0,0,0,0,0,4.512275846815287,0.8865524640434739,-36.07434270667355,-0.1186228334624575,0.4044939025331812,-0.1261649568824547
data/sensor_images/image_2937.png,surface,0.0,0.0,2.6515788091351347,12.369137813672086,-15.035107576365752,0.0,0.5527408561320915,-3.9001449569778255,0.0,0.0,0.0,-2.235062452160551,0,0,0,0,0,0,-8.889616247560724,11.017565519846803,-33.798585010021526,-0.0895372700598034,0.4314162150851674,0.0069801371142605
data/sensor_images/image_2938.png,surface,0.0,0.0,1.170948577221642,5.123424648856415,-7.912726458527432,0.0,-3.5959512582008566,-3.145753175773571,0.0,0.0,0.0,-1.874372525191983,0,0,0,0,0,0,-4.237002517488239,5.261985472164941,-36.94526950443004,-0.1559781413100523,0.3879175127965363,-0.0347179619312547
data/sensor_images/image_2939.png,surface,0.0,0.0,0.5622405026099853,5.896481403773633,0.8438129657576721,0.0,-2.063515607908119,1.838102776657212,0.0,0.0,0.0,1.618551465309591,0,0,0,0,0,0,1.7044383598618982,5.101354295989597,-36.94834598479232,-0.1414039952113902,0.4042311831403284,-0.2337373241647662
data/sensor_images/image_2941.png,surface,0.0,0.0,2.851807633530609,-6.728308815481816,15.885851793121487,0.0,0.2407094393444699,1.125857949773302,0.0,0.0,0.0,2.754504371528625,0,0,0,0,0,0,11.392376225825668,-4.357372689066626,-32.4899905881916,-0.1292800964351974,0.2934569454958302,-0.3737197916588881
data/sensor_images/image_2942.png,surface,0.0,0.0,0.5512811266744269,-8.967131924277975,-9.483852890737069,0.0,2.281116918776295,3.9465223599300745,0.0,0.0,0.0,-1.3015582982669436,0,0,0,0,0,0,-5.202059800985522,-4.733634842450467,-36.366647450263656,-0.171226488121048,0.3706759327511252,-0.1388248672885829
data/sensor_images/image_2944.png,surface,0.0,0.0,0.934310622373854,-7.539826057168989,0.9337695267465812,0.0,-2.3181172319845977,3.5777175118053104,0.0,0.0,0.0,0.6664634268700969,0,0,0,0,0,0,2.000664015439506,-3.84603288526192,-36.59539100776829,-0.1354578109357626,0.362812903139256,-0.3271938418164233
data/sensor_images/image_2945.png,surface,0.0,0.0,2.265771470528549,-6.591526244922028,19.905508615264743,0.0,-2.202016070772049,0.3611870963646331,0.0,0.0,0.0,2.905277469855964,0,0,0,0,0,0,12.728389019980462,-2.9407274452190832,-31.73854577765172,-0.037150405297708,0.3924074491901255,-0.3681714145009237
data/sensor_images/image_2946.png,surface,0.0,0.0,2.946716221004278,-11.807751918223229,8.114566141236237,0.0,0.746698848278666,-0.1130068362682204,0.0,0.0,0.0,-0.4698157387254875,0,0,0,0,0,0,7.480668395091194,-6.556351715587517,-32.208831161336654,-0.1237447051187693,0.2978651071092283,-0.2061017329673346
data/sensor_images/image_2947.png,surface,0.0,0.0,1.9707728521287968,-12.934526879344126,7.38123847326418,0.0,-0.0324291362560992,-1.596872942472472,0.0,0.0,0.0,3.9871605155273,0,0,0,0,0,0,6.127011800552854,-6.837449724723054,-34.881031428759414,-0.0481076844586879,0.3137187685036195,-0.3650091619980316
data/sensor_images/image_2948.png,surface,0.0,0.0,0.72124487296617,2.497835789291336,6.472042670594352,0.0,2.8860591387407686,-0.8694771438207101,0.0,0.0,0.0,-3.435478856233256,0,0,0,0,0,0,5.529625246503903,3.304462893214267,-37.05585475405985,-0.1486527212050163,0.3978065575890944,-0.125868256022614
data/sensor_images/image_2949.png,surface,0.0,0.0,1.6449916391428787,-13.843881042935951,-6.754933846291223,0.0,-0.5758563032038484,2.0965497075356354,0.0,0.0,0.0,2.0106904166887487,0,0,0,0,0,0,-3.507596577564338,-8.402446220494435,-35.51059389754052,-0.2180577257052432,0.3186252081959414,-0.3350674349432704
data/sensor_images/image_2950.png,surface,0.0,0.0,2.457676173654775,-9.634976148297104,17.71130359057178,0.0,1.202994027085156,-4.534723772840727,0.0,0.0,0.0,1.1319651433032405,0,0,0,0,0,0,13.091401524310566,-4.398028406361131,-32.242033653346034,-0.0112776081052724,0.3032951581816894,-0.3805422362344666
data/sensor_images/image_2951.png,surface,0.0,0.0,0.947721917501043,-11.046685330012677,0.7958665190488741,0.0,-1.6025153321574197,-4.0942803279274855,0.0,0.0,0.0,-4.330443050116375,0,0,0,0,0,0,1.882426385949328,-5.685433949570509,-36.96422202591017,-0.1463724915897039,0.3618206895568773,-0.1922624693137287
data/sensor_images/image_2952.png,surface,0.0,0.0,1.2396009155640342,0.0548000370394088,-20.355776808826377,0.0,-1.8767412236853096,-2.490495236994452,0.0,0.0,0.0,-1.4046274732055395,0,0,0,0,0,0,-13.224071172929312,1.2830022307477245,-35.07535322204195,-0.1783937356193958,0.3983789931361413,-0.0544087999316449
data/sensor_images/image_2953.png,surface,0.0,0.0,2.1689362512925348,-9.947739506035722,17.29670808765787,0.0,-4.210651812479697,-2.1946209744461824,0.0,0.0,0.0,2.0474979569501253,0,0,0,0,0,0,11.659326503458695,-5.245749658736491,-33.03944027462552,-0.0246539367105175,0.3528665677358067,-0.3784878573001485
data/sensor_images/image_2955.png,surface,0.0,0.0,2.3221447642282254,-5.669673641550389,-12.81093378274982,0.0,1.7961354798227065,3.76450369158303,0.0,0.0,0.0,-1.1159674106251307,0,0,0,0,0,0,-6.863603905956331,-2.556367838948621,-34.754334108747294,-0.2382339904320299,0.3789525545042796,-0.1129844443518186
data/sensor_images/image_2956.png,surface,0.0,0.0,2.4878685474414257,-7.698102032667569,-18.9263996264303,0.0,-4.08165890809063,0.7500862429414803,0.0,0.0,0.0,-4.21348065765621,0,0,0,0,0,0,-12.227754041802015,-4.0193643063297015,-33.63196336579819,-0.2034522807309349,0.4330970728885573,-0.1120838825561611
data/sensor_images/image_2957.png,surface,0.0,0.0,2.576954935832361,1.4094055662368496,12.90094304381106,0.0,0.7957277224417247,2.584510769469264,0.0,0.0,0.0,-0.4413545814219297,0,0,0,0,0,0,10.385992857868958,1.881906802842733,-33.715055932144885,-0.1839320402040174,0.3599491623672631,-0.1467856680683026
data/sensor_images/image_2958.png,surface,0.0,0.0,1.8781681430387391,9.480435742630837,-22.965405483042264,0.0,-4.065949673957076,-1.1630141923416684,0.0,0.0,0.0,1.4936066185363917,0,0,0,0,0,0,-14.842148941686066,7.892258957020989,-33.32291488680961,-0.194113040668556,0.448966437805501,-0.1276594055200805
data/sensor_images/image_2959.png,surface,0.0,0.0,1.4469873036202812,20.810688683374185,3.309241409641204,0.0,-0.860166344543147,3.192802274958653,0.0,0.0,0.0,-0.5993575721940712,0,0,0,0,0,0,2.727295708412897,16.102151585330535,-34.666880275493845,-0.1399397088066479,0.3858556025406608,0.0359850432801535
data/sensor_images/image_2960.png,surface,0.0,0.0,2.046157695260205,0.7206504781277214,-3.720128857606424,0.0,-3.617588708302767,-2.531576769026464,0.0,0.0,0.0,0.8170983755530861,0,0,0,0,0,0,-2.201394414624066,2.0465477058748034,-36.73840188391085,-0.1587243248609313,0.4058361155887369,-0.2299473800307791
data/sensor_images/image_2961.png,surface,0.0,0.0,0.9656773809745598,12.384764156119804,13.782020922075183,0.0,2.307218091253865,0.606608997088992,0.0,0.0,0.0,3.663962762183086,0,0,0,0,0,0,11.104294384848345,10.080682229993382,-34.643289811299375,-0.1128609358809867,0.4343478089880783,-0.1947008237719224
data/sensor_images/image_2962.png,surface,0.0,0.0,1.011412970581634,2.7194219730440734,7.947514597670303,0.0,-1.45843614101863,1.993464243512297,0.0,0.0,0.0,-4.311550459615949,0,0,0,0,0,0,6.767208653452226,3.242529866710273,-37.132308405958085,-0.1488013285372175,0.4126850049187958,-0.1275821480565453
data/sensor_images/image_2963.png,surface,0.0,0.0,2.546760940882409,-19.636970161529533,-4.305179269253902,0.0,0.9562577394051968,1.4992890003670851,0.0,0.0,0.0,-3.866600465833265,0,0,0,0,0,0,-0.7769357465260596,-13.169095177533356,-33.75444465964,-0.2577261937910204,0.2863747298290404,-0.2059224827075305
data/sensor_images/image_2964.png,surface,0.0,0.0,2.5431944810865423,-2.7100561217439645,-12.415490175581349,0.0,1.2535643838964927,-0.7134258327030198,0.0,0.0,0.0,-1.1063114559364815,0,0,0,0,0,0,-6.35097350451236,0.8827964868175002,-34.91200312948698,-0.1174320301357226,0.3212568604378102,-0.0924666746233714
data/sensor_images/image_2965.png,surface,0.0,0.0,1.5171565626348462,-2.1636465835872656,1.281201368415688,0.0,-2.5123329965513137,3.6148079709844616,0.0,0.0,0.0,-4.477933370025086,0,0,0,0,0,0,2.2195264558017045,0.0737109373898421,-37.63285320705847,-0.1732354383854172,0.4081617276240744,-0.1392049000755431
data/sensor_images/image_2966.png,surface,0.0,0.0,1.6685153490806444,-10.781888850915731,-3.3340701385020832,0.0,-0.1010061284997326,0.0046454402507866,0.0,0.0,0.0,1.903358820327151,0,0,0,0,0,0,-1.1776920005811184,-6.228373595661074,-36.53712686181357,-0.1675839791734735,0.3464786580918367,-0.3409372367229666
data/sensor_images/image_2967.png,surface,0.0,0.0,1.5743827832902637,2.6385698474828523,-10.25732398558291,0.0,3.044588558456085,-3.4664280632040696,0.0,0.0,0.0,2.391894436315374,0,0,0,0,0,0,-5.959365299753437,3.486966335249547,-35.97291662779423,-0.1808494254835531,0.397003466651717,-0.2292796803251772
data/sensor_images/image_2968.png,surface,0.0,0.0,1.6309594709395463,-4.856352224085292,-21.25976647144152,0.0,-2.6243351476599672,-3.707033258895216,0.0,0.0,0.0,-2.829505096187559,0,0,0,0,0,0,-14.09935496861136,-1.887106821069589,-35.012645084877015,-0.1803765198903826,0.3909167490463774,-0.0803382838569943
data/sensor_images/image_2969.png,surface,0.0,0.0,1.069478190219637,-1.5573909816122018,-5.640703259050309,0.0,-1.707343456009179,-0.036265229354652,0.0,0.0,0.0,2.229580500529358,0,0,0,0,0,0,-3.2272376351997023,0.1173959346907289,-37.84587064009054,-0.1645903582084357,0.3891960924237268,-0.2650267761594669
data/sensor_images/image_2970.png,surface,0.0,0.0,1.045721230063464,4.102504207240582,-4.48916298498535,0.0,0.8195291466716808,4.387538651002097,0.0,0.0,0.0,-4.120498876552151,0,0,0,0,0,0,-1.6872280533267183,4.29655569068388,-37.65220026906034,-0.1658960194638149,0.3994712867767585,-0.050718392658765
data/sensor_images/image_2971.png,surface,0.0,0.0,2.5819478867181727,-15.47092872556612,-18.56268001964897,0.0,0.9428498732371584,-2.043761760786361,0.0,0.0,0.0,-0.5204907354722277,0,0,0,0,0,0,-10.335089195610754,-7.3133263600978,-30.835700548721373,-0.2026129148903371,0.3705970814484401,-0.1474508614352285
data/sensor_images/image_2973.png,surface,0.0,0.0,2.939446895158561,22.031143111809108,10.786916940283504,0.0,2.42202126323206,1.858750877790672,0.0,0.0,0.0,-2.753139234408686,0,0,0,0,0,0,8.53349652130849,15.6439189561243,-31.35574033933965,-0.176655097553165,0.3417914057375858,0.0036868563869243
data/sensor_images/image_2974.png,surface,0.0,0.0,0.9005621691349801,-13.297712174618477,11.04062220914708,0.0,-1.675865983621534,0.1335381730534738,0.0,0.0,0.0,2.597142523399815,0,0,0,0,0,0,8.162506469702663,-8.080451237137309,-36.36589255483253,-0.0666277058429295,0.3113599153951971,-0.3656211670999453
data/sensor_images/image_2975.png,surface,0.0,0.0,2.808613579550502,14.44749323577684,1.18673587477753,0.0,4.3529847967748525,0.4696571788538642,0.0,0.0,0.0,1.0417926689004329,0,0,0,0,0,0,3.2406744529071254,11.5939422237368,-33.84111174307699,-0.1259959765500938,0.3711506532915019,-0.1767183543330679
data/sensor_images/image_2978.png,surface,0.0,0.0,2.1331294177247333,14.582288704627643,-13.039435679391774,0.0,-0.1688993379227593,2.555556168588536,0.0,0.0,0.0,3.6805056011382113,0,0,0,0,0,0,-7.886940994245712,10.710178632560968,-34.37688475449735,-0.1969461982291007,0.4363168403275778,-0.1137987823249913
data/sensor_images/image_2979.png,surface,0.0,0.0,2.594066818951404,-20.55344911016464,8.056451422929838,0.0,-2.67909461609338,-3.3862029525650583,0.0,0.0,0.0,0.5778587325891387,0,0,0,0,0,0,5.613826314361189,-11.255111573126724,-30.97745273885703,-0.0959773458206536,0.2881003682586502,-0.4208761429067459
data/sensor_images/image_2980.png,surface,0.0,0.0,1.8190690822011168,-5.037880792395156,-14.781455950574212,0.0,1.8252078347379888,0.3865030829237504,0.0,0.0,0.0,-3.2644418500564507,0,0,0,0,0,0,-8.56062804638909,-2.026537910675498,-36.30840275034733,-0.1975389229907664,0.3627698965755469,-0.1015964660980563
data/sensor_images/image_2981.png,surface,0.0,0.0,2.1184559783819457,-16.929586397548157,-9.330849559175787,0.0,0.0334656391094301,0.6406149583683978,0.0,0.0,0.0,2.4459972767496687,0,0,0,0,0,0,-5.7266845858939135,-11.121064379860604,-34.510955770015705,-0.2472078330494259,0.2792856788660104,-0.336845912793856
data/sensor_images/image_2982.png,surface,0.0,0.0,2.9419251978038,-3.7003871141505735,-24.640867913059434,0.0,0.6261092835509835,-0.5718736465257003,0.0,0.0,0.0,3.922697886054445,0,0,0,0,0,0,-14.759244488871664,-0.7387705952715584,-30.44372405986478,-0.2414616481058663,0.3394994040826644,-0.2107500787330692
data/sensor_images/image_2983.png,surface,0.0,0.0,2.300740684997,1.926617989844051,23.020876689185467,0.0,3.3389941932766614,3.52631259984113,0.0,0.0,0.0,-3.123248478605425,0,0,0,0,0,0,17.609945750147943,2.710133715086986,-32.76576579805456,-0.1181955867757153,0.3504565706366294,-0.1524719813706507
data/sensor_images/image_2984.png,surface,0.0,0.0,0.6961857408671688,9.218974611305963,-22.336510247451308,0.0,0.0336265518151525,-3.806848046305909,0.0,0.0,0.0,0.6732504363481997,0,0,0,0,0,0,-14.239117998902795,7.690339818431376,-34.82459517526628,-0.224856447476734,0.421054497509221,-0.1280101545481224
data/sensor_images/image_2985.png,surface,0.0,0.0,2.292011189642345,12.986224449542297,-20.14380719205404,0.0,2.584825558844346,1.892349300775304,0.0,0.0,0.0,4.730976597564123,0,0,0,0,0,0,-11.74415368615433,9.885525357321036,-33.455046933807935,-0.2136235225191625,0.4352121226318639,-0.119834771561613
data/sensor_images/image_2986.png,surface,0.0,0.0,2.934689821034862,-9.42440798624581,-13.484496648651442,0.0,1.730543098549924,-0.5258859148457117,0.0,0.0,0.0,2.574688390971339,0,0,0,0,0,0,-5.787660393970122,-4.416375367275884,-32.04710257130842,-0.2128780934171952,0.2703541798450646,-0.3037459616423994
data/sensor_images/image_2987.png,surface,0.0,0.0,1.4768235794346791,-22.30660972551045,-2.129764795258857,0.0,0.4061202043574271,3.6303068933611145,0.0,0.0,0.0,-0.3466065070653137,0,0,0,0,0,0,-0.0537127765298581,-14.2162297243361,-34.32656207725994,-0.1777200297701252,0.3164030450744278,-0.2709401235200177
data/sensor_images/image_2988.png,surface,0.0,0.0,0.6085704024369667,17.7445669150667,17.250767321670462,0.0,1.5396280638366473,-3.913001189775248,0.0,0.0,0.0,-1.9943673550495564,0,0,0,0,0,0,12.384553055531876,14.026268853353113,-34.09798222019776,-0.1566657944427716,0.3987977698741179,-0.0349410421274158
data/sensor_images/image_2989.png,surface,0.0,0.0,2.318313981945741,-15.01604509323104,10.36042840923582,0.0,-4.221263248526865,-0.9086558697882678,0.0,0.0,0.0,4.2905737862592925,0,0,0,0,0,0,7.178244037696344,-8.307152095544767,-33.99961896086043,-0.0576268907062729,0.3379687716829385,-0.4053393814527865
data/sensor_images/image_2990.png,surface,0.0,0.0,1.2728650093540854,-21.985427999599587,10.09973270082348,0.0,-0.1649843670766917,-0.0285204812932605,0.0,0.0,0.0,-2.1495357197054057,0,0,0,0,0,0,7.570875908698237,-13.787166836270467,-34.36686234786217,-0.1102198351557564,0.3114168981419225,-0.2766092446510099
data/sensor_images/image_2991.png,surface,0.0,0.0,2.7948139150442355,-2.060276885996604,1.103157202141898,0.0,-2.1749114636354903,2.072300204004833,0.0,0.0,0.0,3.109624033617622,0,0,0,0,0,0,0.8287392165724534,-1.2999503392804408,-35.71278471833617,-0.2263689474845213,0.4503977919215124,-0.3192134052386396
data/sensor_images/image_2994.png,surface,0.0,0.0,0.55919254772247,-14.922839216101544,-0.9516621055596368,0.0,-0.1336754588339561,-4.325730657621047,0.0,0.0,0.0,0.3128247120182568,0,0,0,0,0,0,0.4203120458825642,-9.321997466609668,-36.87294973574823,-0.1521860792349405,0.3106897207237048,-0.3507777030166544
data/sensor_images/image_2996.png,surface,0.0,0.0,0.9750093093265656,8.250734009458569,-22.254492468819105,0.0,0.3419178664768085,3.443610877282539,0.0,0.0,0.0,-3.991784618816409,0,0,0,0,0,0,-14.698746870138846,7.385420018062718,-34.91600148081818,-0.1699584382402533,0.3852632362009522,0.0276350589304619
data/sensor_images/image_2997.png,surface,0.0,0.0,1.992730788997561,5.149747503973768,1.1597783322930024,0.0,0.4709082349733259,1.925141707105953,0.0,0.0,0.0,-0.3366999156747816,0,0,0,0,0,0,2.089082357617029,4.848026249688457,-37.22637971628622,-0.1593371799852576,0.3995382773177441,-0.0737049222910943
data/sensor_images/image_2998.png,surface,0.0,0.0,2.36546631320197,14.13807753225409,-4.044645521518829,0.0,3.1754780075304474,-1.712142172457001,0.0,0.0,0.0,-3.4534419418678883,0,0,0,0,0,0,-1.3929738641429623,12.141005530910787,-35.7172203261702,-0.1108889609574866,0.3767075870283715,-0.001653112087153
data/sensor_images/image_3001.png,surface,0.0,0.0,0.7993589218083972,-11.251221159025068,12.821526106541484,0.0,-0.2093761857474778,3.933822802025153,0.0,0.0,0.0,-4.909211224739507,0,0,0,0,0,0,9.991389243849726,-6.676555078444914,-36.83349297920194,-0.1212022373290798,0.3538041931262932,-0.2083311998941158
data/sensor_images/image_3002.png,surface,0.0,0.0,1.1368417562891655,-11.664160593351754,-12.825407554656303,0.0,3.2686839882567864,3.209021915255406,0.0,0.0,0.0,0.3929108541272619,0,0,0,0,0,0,-7.85892620644406,-6.802680352806811,-36.69640455354276,-0.1992552463098953,0.3380467845325121,-0.2355291990934884
data/sensor_images/image_3003.png,surface,0.0,0.0,2.57105353490792,-16.58372696465632,-11.856323655585546,0.0,-0.8715121177789256,-1.873982553158847,0.0,0.0,0.0,-2.933148116882942,0,0,0,0,0,0,-7.128640523367911,-8.159524187737967,-33.807200849907964,-0.1430761276162651,0.3911618174554756,-0.1998894176234108
data/sensor_images/image_3004.png,surface,0.0,0.0,1.5826731559054386,-18.35299623102519,8.91340537964653,0.0,2.6998598337871624,-0.5389497146778669,0.0,0.0,0.0,-4.828295251994899,0,0,0,0,0,0,7.736284345387292,-11.545672929455222,-35.72940765612192,-0.1177966041741618,0.2877557816517023,-0.2479939966372322
data/sensor_images/image_3005.png,surface,0.0,0.0,0.9824106156707488,11.51947124808023,-5.379928983822744,0.0,2.120107349487681,4.362580737353483,0.0,0.0,0.0,-3.891408239465295,0,0,0,0,0,0,-2.706817888804969,9.6263360740746,-37.47389536859564,-0.1693162323731898,0.4071308482045189,-0.028752263919527
data/sensor_images/image_3006.png,surface,0.0,0.0,1.209093027983101,16.669829941169393,-3.2148769238514547,0.0,1.0940915058056475,-4.059872788023944,0.0,0.0,0.0,-3.3936414819042984,0,0,0,0,0,0,-1.9298466855530303,13.337250754911402,-36.5848763944306,-0.1366137817266127,0.3907315832016093,0.0193780502698087
data/sensor_images/image_3007.png,surface,0.0,0.0,1.374811327731953,-7.375703096453107,6.11644950041954,0.0,-3.987943601825207,-0.8647410287209057,0.0,0.0,0.0,-1.7189439051121704,0,0,0,0,0,0,5.642075995551045,-3.532802318062648,-37.93000839412194,-0.1408133378710972,0.3975931686504675,-0.1874503364988098
data/sensor_images/image_3010.png,surface,0.0,0.0,1.9236922212935808,20.03089447431084,6.287595406651032,0.0,-3.255585236217205,0.7772826515838756,0.0,0.0,0.0,-1.7494749020048683,0,0,0,0,0,0,4.677994659345615,15.14937301790809,-33.98658842934682,-0.1699031270175887,0.4319319365241064,0.020153101542402
data/sensor_images/image_3011.png,surface,0.0,0.0,2.4489520843418067,-23.14586877482074,4.684181708168842,0.0,0.5486279576200548,-4.031490188417183,0.0,0.0,0.0,2.658197871980612,0,0,0,0,0,0,3.55593853919707,-12.900733922607923,-31.795949203779927,-0.0623689448453233,0.2431806553718123,-0.4182332038659606
data/sensor_images/image_3012.png,surface,0.0,0.0,2.2387863120611726,4.768086719115733,-1.511538445379111,0.0,3.436280944707524,1.90905559519798,0.0,0.0,0.0,2.493472765750536,0,0,0,0,0,0,0.586215974399286,4.154960529730874,-37.39816293489638,-0.1699348352533924,0.3741974328522688,-0.2423535525996806
data/sensor_images/image_3014.png,surface,0.0,0.0,0.8937657220280686,14.89666095385926,20.06309661165789,0.0,1.90971383235386,3.857910286930133,0.0,0.0,0.0,-1.056678654670267,0,0,0,0,0,0,14.639561826958472,12.10107563630968,-33.624257970069614,-0.1428948714265168,0.4084737639274824,-0.0592931702540854
data/sensor_images/image_3015.png,surface,0.0,0.0,2.759699280592381,-7.417428421850607,-16.66871658671381,0.0,-1.6696982114821777,4.389291946786302,0.0,0.0,0.0,-3.2835416751254334,0,0,0,0,0,0,-11.434294563354788,-4.580200177556454,-34.90144109681668,-0.2746850825381132,0.4107569484797554,-0.0852872295054041
data/sensor_images/image_3016.png,surface,0.0,0.0,2.5640873506583626,-2.679157635450835,17.227681618582324,0.0,-0.0054104991251151,4.143265534984355,0.0,0.0,0.0,-2.828996766044365,0,0,0,0,0,0,13.518746613061188,-1.1946525415146183,-34.10867975531728,-0.1590781096073796,0.3578197507897091,-0.1920332355546155
data/sensor_images/image_3018.png,surface,0.0,0.0,0.5585676783929205,14.610552827764522,-8.149080382312043,0.0,-4.280333325086645,2.5538901581998514,0.0,0.0,0.0,0.5423068474955342,0,0,0,0,0,0,-4.81054137997932,11.713472002239104,-37.06329062761832,-0.1624369827296872,0.4526062792330211,-0.1541482880101721
data/sensor_images/image_3019.png,surface,0.0,0.0,1.7220682966488294,5.19514694367256,5.181538424902916,0.0,0.6823676867940469,4.8028564709932,0.0,0.0,0.0,-4.955624924404144,0,0,0,0,0,0,4.939241367004962,4.91317073169936,-37.61922297500636,-0.1624594210791533,0.3953973501214816,-0.0936212946757314
data/sensor_images/image_3020.png,surface,0.0,0.0,2.595849923682632,6.515504209850055,12.396320199586004,0.0,0.1147588664558673,3.013365780091277,0.0,0.0,0.0,-4.757587563997476,0,0,0,0,0,0,9.6064510544934,5.202266837903256,-35.123574397163765,-0.1996463163504192,0.3612151054047879,-0.0999095351431934
data/sensor_images/image_3021.png,surface,0.0,0.0,2.813348224906652,18.64203900447398,3.114709708325515,0.0,3.06418195969574,2.090300056268166,0.0,0.0,0.0,2.13900348687633,0,0,0,0,0,0,3.820593927280698,13.047259157253125,-32.915224277283805,-0.1723378361007007,0.3799206048763475,-0.1768883790168152
data/sensor_images/image_3022.png,surface,0.0,0.0,0.98490152743406,10.45268899935408,17.528785901156212,0.0,-0.7032619230005018,-4.912579554122578,0.0,0.0,0.0,2.7067714382589623,0,0,0,0,0,0,13.967146096889744,8.777340776305314,-35.13639916238472,-0.0644195774707075,0.4561572420589987,-0.2347450205764721
data/sensor_images/image_3023.png,surface,0.0,0.0,2.523365104847892,-8.50576754708069,17.39426084522293,0.0,-1.9440828137558872,-3.595709956222214,0.0,0.0,0.0,-0.0617048920311456,0,0,0,0,0,0,11.887714414914932,-4.097907176822998,-32.778117535537575,-0.0152640324621612,0.3282087660229116,-0.3321308631230507
data/sensor_images/image_3024.png,surface,0.0,0.0,1.5400197575795502,-15.932695312615262,10.16509095338277,0.0,-2.7232710308664334,0.5827760673120059,0.0,0.0,0.0,4.537525260590698,0,0,0,0,0,0,8.293720942959974,-9.4385133188217,-35.41145231994704,-0.1015855372836962,0.3146893187712496,-0.4208030960678272
data/sensor_images/image_3025.png,surface,0.0,0.0,2.1299288734120063,-16.515846982205762,-18.790298997920434,0.0,0.4991839474849128,0.8612643420524725,0.0,0.0,0.0,4.318145308361332,0,0,0,0,0,0,-11.302803206813987,-10.628841332865823,-33.835195652338534,-0.3138166535366173,0.2891324038514337,-0.2896005280331975
data/sensor_images/image_3026.png,surface,0.0,0.0,1.28885551267488,22.24875559533932,-1.7243247126070824,0.0,-2.8260897949785337,-0.692257967020889,0.0,0.0,0.0,-3.19596952301838,0,0,0,0,0,0,0.2477012945729115,17.056749194349614,-34.48955014615416,-0.1560331779837283,0.4213734478714288,0.05137806658459
data/sensor_images/image_3027.png,surface,0.0,0.0,0.8149297169863261,3.5455145409522952,24.55849585025366,0.0,1.5804146235015055,3.9042065819003606,0.0,0.0,0.0,3.902186982794902,0,0,0,0,0,0,18.08978780431766,3.973314990114943,-33.960772215306065,-0.039083939455924,0.4044520632668767,-0.2865700743826062
data/sensor_images/image_3028.png,surface,0.0,0.0,2.268863298828993,6.171470744864388,-10.837369469459746,0.0,2.348091211388692,0.0939245001874337,0.0,0.0,0.0,1.1177194282479164,0,0,0,0,0,0,-6.016955747002144,5.631527095769501,-36.19908437222336,-0.180136477251272,0.3773088760371607,-0.1930652127714601
data/sensor_images/image_3029.png,surface,0.0,0.0,1.2701732708506526,19.58397147947252,-4.137374516323409,0.0,-3.764390484721344,-0.9071801769114232,0.0,0.0,0.0,-1.0203257392288267,0,0,0,0,0,0,-1.9988182788128,15.588822709092709,-35.34186530740666,-0.1553730295952403,0.416109092079616,0.0198498444846651
data/sensor_images/image_3030.png,surface,0.0,0.0,0.5743080150965327,6.464118177104886,-5.8961007039048345,0.0,-0.8525973043070599,3.724176542597694,0.0,0.0,0.0,3.638848959613133,0,0,0,0,0,0,-3.2432733642086298,6.091484150467391,-38.36544830523827,-0.1795486084688528,0.4098703473426545,-0.1974239885853693
data/sensor_images/image_3032.png,surface,0.0,0.0,1.5719878820593107,-15.095626723117414,-15.264815692380694,0.0,-2.163094485910191,2.759421075301058,0.0,0.0,0.0,-2.1127288106545814,0,0,0,0,0,0,-9.288057389486356,-9.413746347025407,-35.809853137165696,-0.2315224659656024,0.3576075196839193,-0.1596978631821389
data/sensor_images/image_3035.png,surface,0.0,0.0,2.621510798972276,18.68657458788567,11.27129556964531,0.0,-2.971294989395332,3.030293333170972,0.0,0.0,0.0,-4.448996811147175,0,0,0,0,0,0,7.762971412723444,13.29395355078244,-33.40748786378544,-0.1889905739970893,0.4430111509624305,-0.0210427122868721
data/sensor_images/image_3038.png,surface,0.0,0.0,0.8005917205565432,-12.118869368806752,14.20114348558876,0.0,-4.9822032056575205,-0.0243984855108843,0.0,0.0,0.0,-3.3275521491597013,0,0,0,0,0,0,11.612711640741471,-7.135072885017223,-36.748486116796016,-0.101524313678519,0.3748791326294057,-0.2247591418476354
data/sensor_images/image_3039.png,surface,0.0,0.0,1.4677021888874835,-11.609032987075388,9.665169353461918,0.0,-1.9996000769694413,3.52469427147438,0.0,0.0,0.0,4.087095027626157,0,0,0,0,0,0,8.063691410481333,-7.0465503389119135,-36.15970850461537,-0.1117173303963662,0.3417233180940977,-0.3844718730147716
data/sensor_images/image_3040.png,surface,0.0,0.0,1.0537924354133112,2.239321006461632,19.041951970643467,0.0,-3.597937225013237,-2.8033333940570087,0.0,0.0,0.0,-3.232563756710793,0,0,0,0,0,0,14.706040974216307,3.3406705344569865,-35.82699025772326,-0.106806176897446,0.4130830893188031,-0.1438382543380144
data/sensor_images/image_3042.png,surface,0.0,0.0,2.9119643767405994,-17.888625775352534,-7.117374435067417,0.0,-3.434152380438253,3.295597309430513,0.0,0.0,0.0,-4.051522791538183,0,0,0,0,0,0,-4.614289768770815,-11.895248185276596,-34.55497611969869,-0.2902365401181717,0.3852872257977693,-0.2115862527893816
data/sensor_images/image_3044.png,surface,0.0,0.0,1.8768311714735413,-5.710204114099238,-13.692915316308422,0.0,1.2461462845574758,3.670193661417621,0.0,0.0,0.0,-3.8811998277118698,0,0,0,0,0,0,-8.544089305559933,-3.045790684167152,-37.05202453428786,-0.2223757152144226,0.3768031887188284,-0.1045393323593395
data/sensor_images/image_3047.png,surface,0.0,0.0,1.1075344421518425,13.1395921004609,-6.617005317853089,0.0,0.4634625868127752,-1.08108470385044,0.0,0.0,0.0,-2.348752368540538,0,0,0,0,0,0,-3.657359879987796,11.328317849969675,-37.229946221602745,-0.1537726107221945,0.4064713297897975,0.0055519991505476
data/sensor_images/image_3048.png,surface,0.0,0.0,2.4909923017891424,10.431701809210931,3.2391711688826974,0.0,1.865001752976832,4.462230317283965,0.0,0.0,0.0,0.3897840262246808,0,0,0,0,0,0,4.011219561831738,8.194241885605859,-36.27148296721997,-0.1731409243774743,0.3709788850223351,-0.0451920175073724
data/sensor_images/image_3049.png,surface,0.0,0.0,0.9275357808836656,-1.877283991297586,-23.060781596971665,0.0,0.6387277435539439,-4.884517141389104,0.0,0.0,0.0,-2.415845886018765,0,0,0,0,0,0,-15.507236480490633,0.1676154906090734,-35.77240440842126,-0.2026040846455541,0.3741643541236849,-0.0380755640063986
data/sensor_images/image_3050.png,surface,0.0,0.0,2.12634933726041,-10.16500088023353,3.2874566221902226,0.0,-2.04806280083655,1.62111864898607,0.0,0.0,0.0,-1.2362680132197856,0,0,0,0,0,0,3.412671901078724,-6.176647971370032,-37.269347223012375,-0.19122721910809,0.3911723528522502,-0.1942226676720048
data/sensor_images/image_3051.png,surface,0.0,0.0,2.999485477323136,-7.450614694071417,20.05744622033521,0.0,1.3159750996087314,-4.236656640184783,0.0,0.0,0.0,-2.6174764878310985,0,0,0,0,0,0,15.786466910598808,-1.7880146752164667,-31.90156159311472,0.031272755917924,0.3104218653999884,-0.1814874245926966
data/sensor_images/image_3052.png,surface,0.0,0.0,2.59450470744986,10.981039181148589,-7.457649514172097,0.0,0.0050556397626294,-2.559747686400238,0.0,0.0,0.0,3.61062584635658,0,0,0,0,0,0,-4.380567797050396,10.42920386422558,-36.5217679659553,-0.100003776730836,0.4353238131324954,-0.1845271631538469
data/sensor_images/image_3054.png,surface,0.0,0.0,2.204252955935049,-8.121761515674534,-9.289740897323863,0.0,0.2411093157920098,4.296314750807795,0.0,0.0,0.0,-0.2343452070570588,0,0,0,0,0,0,-5.650256586588647,-4.720042266016764,-36.79942310984713,-0.2304095292022374,0.381438489268027,-0.1493421890183317
data/sensor_images/image_3055.png,surface,0.0,0.0,1.971172836807324,-6.209564164906775,12.606825781902783,0.0,3.604943554414606,-0.5602759488486554,0.0,0.0,0.0,1.3960045079820924,0,0,0,0,0,0,10.73131774895941,-2.906091951973361,-35.99057233548124,-0.0787465291979532,0.329694876094546,-0.3486194356501523
data/sensor_images/image_3056.png,surface,0.0,0.0,2.1302740378461467,-6.37157250637723,14.005011177297176,0.0,2.9434633560494103,1.65162784961415,0.0,0.0,0.0,1.6044103790525943,0,0,0,0,0,0,11.307519618870646,-3.474091417148885,-36.26274357900024,-0.0807464786282553,0.3241082891845273,-0.3562154205166482
data/sensor_images/image_3057.png,surface,0.0,0.0,1.278588471517572,9.44671316308868,3.093133664606108,0.0,-2.127522186879321,3.203050950574784,0.0,0.0,0.0,4.659643601413581,0,0,0,0,0,0,3.4604209700216177,8.257214911643919,-37.53682286579091,-0.1573664807358162,0.4373550450070913,-0.2118605721313547
data/sensor_images/image_3058.png,surface,0.0,0.0,1.7624671329898025,8.028723307637277,21.87331337411452,0.0,-0.2046708878804644,-4.357324831371858,0.0,0.0,0.0,2.531501419760853,0,0,0,0,0,0,16.34814624246369,7.84291059300128,-34.40047802098356,-0.0371354625700451,0.4032469869261267,-0.2594631092290972
data/sensor_images/image_3059.png,surface,0.0,0.0,0.6911216516549512,-10.339279988386057,-17.32675616963251,0.0,-4.392717689502972,-0.0302190187671585,0.0,0.0,0.0,1.689639028971457,0,0,0,0,0,0,-10.884816186614172,-5.851140848363604,-37.030553685199656,-0.2584147227697065,0.3394183471729228,-0.303410038113046
data/sensor_images/image_3060.png,surface,0.0,0.0,1.0799671723678654,-17.783038380479375,4.796964158154,0.0,1.415873654228624,0.3867831876931871,0.0,0.0,0.0,3.779355875265072,0,0,0,0,0,0,4.338822660152584,-11.399443286460617,-36.63581563499318,-0.1175385930853364,0.2631091192325276,-0.3930928022175445
data/sensor_images/image_3062.png,surface,0.0,0.0,0.8918146794516129,-12.21851995491722,-2.681293706202699,0.0,-3.8970216814403047,2.694700629206689,0.0,0.0,0.0,4.834191737274402,0,0,0,0,0,0,-1.0444713261536274,-7.47550437787798,-38.55140386991713,-0.1733130586421331,0.3170292000954587,-0.3419069500213646
data/sensor_images/image_3064.png,surface,0.0,0.0,0.9456868548396444,19.0037997222396,0.1813314603104329,0.0,-1.96609685205268,-3.81269496594166,0.0,0.0,0.0,4.515942931866155,0,0,0,0,0,0,0.9179677579673052,14.765636677070209,-36.10647492953811,-0.1374318123586233,0.4656550873574157,-0.1435709580479728
data/sensor_images/image_3065.png,surface,0.0,0.0,1.878799194666388,6.814867507000869,0.3850042217817829,0.0,1.4161423672730065,0.6855135226505475,0.0,0.0,0.0,2.824889685893708,0,0,0,0,0,0,1.2592837490504598,6.013252251040053,-38.21928157745946,-0.1505458658053047,0.3782936530096732,-0.2303329012585907
data/sensor_images/image_3066.png,surface,0.0,0.0,1.631049364176922,4.793798982290922,-2.5737530390423635,0.0,1.5046765191927054,-0.4201293758455044,0.0,0.0,0.0,-0.3088686368086115,0,0,0,0,0,0,-0.1386875914157892,5.095414122084864,-38.09668014140525,-0.1484863294701336,0.3901605803703106,-0.072031338415495
data/sensor_images/image_3067.png,surface,0.0,0.0,2.0551533858090587,-23.217580549426703,0.5890269142031063,0.0,-2.246109395362733,2.9722011553917342,0.0,0.0,0.0,2.698101563921794,0,0,0,0,0,0,0.6055545069824767,-15.33891909141044,-34.27356868573337,-0.2030710984687219,0.2443936605912184,-0.3977114660493151
data/sensor_images/image_3069.png,surface,0.0,0.0,2.0174524407947105,9.913486769131618,10.340464320338308,0.0,4.350980469238137,-1.2015577627892886,0.0,0.0,0.0,2.609600512290528,0,0,0,0,0,0,9.27049075927414,8.898723808050715,-35.975115473122365,-0.0930970474626374,0.4195103674516601,-0.2322625592124798
data/sensor_images/image_3070.png,surface,0.0,0.0,1.063164077848162,-18.17339367763453,-16.460517587367203,0.0,4.313827411012987,0.4150119764995102,0.0,0.0,0.0,2.6466662105437733,0,0,0,0,0,0,-9.79215131794192,-11.821423154480346,-35.53934939237739,-0.2592446707618833,0.2705141869613661,-0.3164005944772501
data/sensor_images/image_3071.png,surface,0.0,0.0,1.1635175551402714,13.909432532503676,16.479195297260333,0.0,-1.7519732175252016,-2.5233905811524378,0.0,0.0,0.0,0.9202435221349514,0,0,0,0,0,0,11.972128385030324,11.257341782027016,-35.33235520192158,-0.0784963923963796,0.4370144106339183,-0.2120405710330249
data/sensor_images/image_3072.png,surface,0.0,0.0,0.993581979978274,13.9202989246082,3.1663705387131107,0.0,-3.819525294356338,-0.2158967349235617,0.0,0.0,0.0,3.05781961765844,0,0,0,0,0,0,3.272867733790408,11.57364380091705,-37.60980814549333,-0.1414113407779061,0.4503634085147008,-0.179386878102902
data/sensor_images/image_3073.png,surface,0.0,0.0,2.4420781120011386,2.598121846681813,14.07556838712084,0.0,3.224235481586913,-3.7036017256586953,0.0,0.0,0.0,4.123012336800187,0,0,0,0,0,0,11.329646868923762,3.536836032437023,-35.981162468843266,-0.0358192615854334,0.3476314465911239,-0.2583030270008273
data/sensor_images/image_3075.png,surface,0.0,0.0,0.7839925528970588,-7.147439996196562,-22.62691855540453,0.0,-2.807298027876383,-1.2145229543095477,0.0,0.0,0.0,4.729932825950801,0,0,0,0,0,0,-15.30941420440914,-3.7967076933037154,-36.00997621693921,-0.2635326400914823,0.3465259104735544,-0.2350891690709022
data/sensor_images/image_3076.png,surface,0.0,0.0,2.684293850321249,-15.3692005106531,12.79055690960934,0.0,0.0526628977729336,3.014646822988562,0.0,0.0,0.0,-2.417874380413161,0,0,0,0,0,0,10.9503029522493,-10.375203531494623,-34.052065585017935,-0.2228755017043598,0.3391719366835578,-0.2750698442848346
data/sensor_images/image_3077.png,surface,0.0,0.0,1.4892433025193474,-17.500669339357156,-12.122962792797248,0.0,4.494085005698997,1.3135125346501673,0.0,0.0,0.0,-3.905377937170885,0,0,0,0,0,0,-6.442461515441105,-10.706279885254942,-36.52590277236138,-0.2292700656575467,0.3293850577382737,-0.1792272633375412
data/sensor_images/image_3078.png,surface,0.0,0.0,2.024025405914452,-20.76776255945452,1.1055734588383763,0.0,-2.138304698114684,-3.5682595231433867,0.0,0.0,0.0,-0.7743634853982293,0,0,0,0,0,0,1.7714261267165077,-12.524244947953218,-34.5741164375901,-0.1590044175972978,0.3372392147929308,-0.2600176231813171
data/sensor_images/image_3079.png,surface,0.0,0.0,2.936542839781837,-5.20205410919229,19.12033126333245,0.0,-4.176627201371612,1.504690412710679,0.0,0.0,0.0,-3.847834511835888,0,0,0,0,0,0,12.595106434761894,-2.2639189084806794,-31.86892075515972,-0.1353708269714974,0.4148699957164117,-0.2026819700941533
data/sensor_images/image_3082.png,surface,0.0,0.0,2.769584463348104,14.88429095542802,19.371387970371536,0.0,-3.036450357100567,-1.1549199296108077,0.0,0.0,0.0,3.972573465788061,0,0,0,0,0,0,12.960263050562371,12.328588353259084,-31.631323803114967,-0.0310036657939895,0.5103118056628568,-0.1888111577535741
data/sensor_images/image_3083.png,surface,0.0,0.0,2.738681027200408,17.7958495691635,-10.62589520909666,0.0,4.632649410296092,-1.5430019685377714,0.0,0.0,0.0,2.671332272430388,0,0,0,0,0,0,-5.211398533268873,14.309867320010037,-33.82329921658585,-0.1124857673762145,0.396310665664589,-0.1364155848698691
data/sensor_images/image_3084.png,surface,0.0,0.0,1.6395939944055786,0.0593537745537521,-20.61171744945616,0.0,-3.950556117413572,-2.461751808034889,0.0,0.0,0.0,0.7067885614283078,0,0,0,0,0,0,-13.598295445697625,1.687270567150334,-35.76756967321148,-0.2352708997649125,0.4125972513143986,-0.1985725437646346
data/sensor_images/image_3085.png,surface,0.0,0.0,2.206410605498001,-1.5217359249527074,24.51787440403989,0.0,-2.6834216793817056,-2.805451867027404,0.0,0.0,0.0,1.2356983107124506,0,0,0,0,0,0,17.397150582451935,0.4869878378211484,-32.78480506703893,0.0221937921202662,0.3951993070316353,-0.3314700955607905
data/sensor_images/image_3086.png,surface,0.0,0.0,2.194518244428231,-11.110750795164998,-11.379592979130011,0.0,2.993454047039364,-0.8299966873704848,0.0,0.0,0.0,0.6309641896113005,0,0,0,0,0,0,-5.868018842106197,-6.175737018986227,-35.704980949419614,-0.205728206716804,0.2901964610071973,-0.2822136686424147
data/sensor_images/image_3087.png,surface,0.0,0.0,1.2411351682243883,4.632540441014328,13.65653228915379,0.0,3.529102393602651,2.505862424098759,0.0,0.0,0.0,-3.124705044795789,0,0,0,0,0,0,10.63522249968626,5.05964977585796,-37.35896726842463,-0.1470447100088525,0.3766177536339041,-0.1038361777101518
data/sensor_images/image_3090.png,surface,0.0,0.0,0.5901888407666167,-8.662692212209812,-21.032538366763585,0.0,-3.429974698559001,-1.2242791919673697,0.0,0.0,0.0,-4.763859264823145,0,0,0,0,0,0,-13.424678507798848,-4.630619420753009,-36.63935339483268,-0.2010018422385373,0.3731820992741295,-0.1028543612457646
data/sensor_images/image_3091.png,surface,0.0,0.0,2.55723574697481,-11.760543902959371,10.346752519613824,0.0,-2.12588098114332,0.0863072208498284,0.0,0.0,0.0,0.9396311321097048,0,0,0,0,0,0,7.5797936635996335,-6.741687386404611,-34.79634711956935,-0.083680634678699,0.3720696279963474,-0.3730478262819601
data/sensor_images/image_3092.png,surface,0.0,0.0,2.401567500009742,-0.6487980502735945,-11.93387696447416,0.0,-1.3596337361938715,-1.5865261891422813,0.0,0.0,0.0,-3.843453093027717,0,0,0,0,0,0,-7.730673862537599,1.824867650169624,-36.88058406297748,-0.1360261138029708,0.4324918081964676,-0.081608828962328
data/sensor_images/image_3093.png,surface,0.0,0.0,2.2720812241964974,-3.6336539727421258,-13.932878065343935,0.0,-1.7498632372784693,-1.8861145092537657,0.0,0.0,0.0,-1.0216909131798024,0,0,0,0,0,0,-9.022610951497796,-0.1840599601422217,-37.02084271215272,-0.1773558169368683,0.4443441723849545,-0.1164613871140217
data/sensor_images/image_3094.png,surface,0.0,0.0,2.820387089902134,-21.172894141519464,-11.13142327986752,0.0,-0.6849344693976395,4.306172790352319,0.0,0.0,0.0,-4.49303182602799,0,0,0,0,0,0,-6.450922086870568,-14.8153898101111,-34.15175021336223,-0.3144741382598378,0.3545944078183399,-0.2084145159857384
data/sensor_images/image_3095.png,surface,0.0,0.0,2.8949758527242,5.897848313180448,-15.866986256008316,0.0,-2.196021562662661,3.689713564747902,0.0,0.0,0.0,-2.3430099510168736,0,0,0,0,0,0,-10.907180614581511,4.534607285845351,-34.787176267148,-0.2317152197759438,0.4752303667871269,-0.0053142318141124
data/sensor_images/image_3096.png,surface,0.0,0.0,1.6680408997355314,-6.648606667932803,5.133872238084761,0.0,2.569489358264045,0.8672417712155054,0.0,0.0,0.0,-4.9201189164285095,0,0,0,0,0,0,5.080255210992222,-3.278594704688042,-38.29623003471959,-0.1670519084058108,0.3499255036293919,-0.1760541332411361
data/sensor_images/image_3097.png,surface,0.0,0.0,2.1870433789100314,5.944910496493834,10.468779370566626,0.0,-1.1778124319988088,-1.359742500033784,0.0,0.0,0.0,0.3767479408552372,0,0,0,0,0,0,8.384675495443782,6.137909730130506,-36.69952746176049,-0.0620201662711852,0.4234857026244493,-0.2353229539693231
data/sensor_images/image_3100.png,surface,0.0,0.0,2.1353433716984047,-9.52369354687485,-6.215591568136385,0.0,-1.2701454807905213,-1.0061274603416617,0.0,0.0,0.0,-3.0606506425038904,0,0,0,0,0,0,-3.394646527218087,-4.856852874264598,-37.61354626078653,-0.1648821879970257,0.4178379718167532,-0.1777310377390129
data/sensor_images/image_3101.png,surface,0.0,0.0,1.598729073430066,9.75655174197048,-0.4233405637811329,0.0,3.665020831788465,-1.4789688725140575,0.0,0.0,0.0,0.2357758406571184,0,0,0,0,0,0,0.8294872399287327,8.415835275838731,-38.244656443139526,-0.1422394803412743,0.4223841186546094,-0.1945880192201206
data/sensor_images/image_3102.png,surface,0.0,0.0,2.356366566077069,23.377184300816108,6.410798948808181,0.0,-2.0690630595098907,2.15327268874315,0.0,0.0,0.0,-2.752914859937209,0,0,0,0,0,0,4.904342201008006,17.391459634246985,-33.95013010827735,-0.197278101550783,0.4279504626113625,0.0463856616287442
data/sensor_images/image_3104.png,surface,0.0,0.0,0.5579532746251796,-7.024997813786694,-7.704538472647146,0.0,-1.4914389268855464,4.392689017317398,0.0,0.0,0.0,0.2250037651870045,0,0,0,0,0,0,-4.111297751664449,-3.230663410631154,-39.05601545283093,-0.1801502178798514,0.3743673877773782,-0.1369054297860943
data/sensor_images/image_3105.png,surface,0.0,0.0,2.384043170017384,-21.79260179115017,2.074933247970535,0.0,-0.6645495384663265,-0.3119544077013875,0.0,0.0,0.0,4.40216858907587,0,0,0,0,0,0,2.1386564898684823,-13.657762015849118,-34.49932568409312,-0.1327920679418185,0.2794873544676205,-0.4180436055802358
data/sensor_images/image_3106.png,surface,0.0,0.0,0.8238094277697336,10.813516777607152,13.982850467446704,0.0,-1.935635397562644,1.105416750778904,0.0,0.0,0.0,3.66449603063128,0,0,0,0,0,0,11.170740943897584,9.1717669018162,-36.56423550254664,-0.102099191110704,0.4486410346086039,-0.2234577233102653
data/sensor_images/image_3108.png,surface,0.0,0.0,1.4861669563061537,-17.169048739646428,-17.989992570587425,0.0,3.9960077609838094,-0.2756184221352801,0.0,0.0,0.0,1.6330235660284131,0,0,0,0,0,0,-10.511208006352344,-10.788376234303588,-35.27320910232865,-0.266318877219024,0.2805744304993109,-0.3213741766964657
data/sensor_images/image_3109.png,surface,0.0,0.0,2.878798717093823,13.66785043098655,-12.00931998251236,0.0,-2.9249203489892457,1.79606851177229,0.0,0.0,0.0,0.3822630561083064,0,0,0,0,0,0,-8.129124265047915,10.304052766239142,-34.665704556286165,-0.1711945014747844,0.5405149461221265,-0.1394251741410044
data/sensor_images/image_3110.png,surface,0.0,0.0,0.6599610839561858,14.28495191603015,-11.038509041881886,0.0,2.8194319302993502,-1.568288305231612,0.0,0.0,0.0,-4.624482657351651,0,0,0,0,0,0,-6.69671391082861,12.17100235399923,-37.40420457242827,-0.155216663871745,0.4087140222419445,0.0362742707201153
data/sensor_images/image_3111.png,surface,0.0,0.0,1.7572160373220156,8.196263486397793,-17.122145151891505,0.0,2.3745016914189683,0.6235569302653837,0.0,0.0,0.0,1.6710229453660546,0,0,0,0,0,0,-11.003771800330044,7.259719266325341,-36.87942985339629,-0.2064948382526794,0.4189935082819866,-0.1691622151716136
data/sensor_images/image_3112.png,surface,0.0,0.0,1.1745157162430608,-10.072022584582989,14.736022707054827,0.0,0.88638543480961,3.542895723117752,0.0,0.0,0.0,0.7806705398743565,0,0,0,0,0,0,12.181900373399689,-5.690348514081467,-36.941234894865474,-0.0604250565274611,0.3489051146000139,-0.3815699918380478
data/sensor_images/image_3113.png,surface,0.0,0.0,0.7527155728209829,-12.581003022354862,16.556999478927263,0.0,-4.218067605504118,0.5996661285821822,0.0,0.0,0.0,3.4252559484573464,0,0,0,0,0,0,12.998580563665698,-7.632483524689627,-36.29558550354952,-0.0444328104005094,0.3440237613402352,-0.377182345666786
data/sensor_images/image_3114.png,surface,0.0,0.0,1.852857483999616,20.363885411096643,-9.035665358452263,0.0,2.1967356219330485,-1.532848300575678,0.0,0.0,0.0,-0.8316769541930222,0,0,0,0,0,0,-5.623498447067757,16.148916210525766,-35.38755628303458,-0.1384464994628516,0.4053872915021475,0.0503423710097251
data/sensor_images/image_3115.png,surface,0.0,0.0,0.5157140277110748,15.086087016081382,-1.9882514519367545,0.0,-0.107992616615984,-1.4853228931529068,0.0,0.0,0.0,-2.9570449099057483,0,0,0,0,0,0,-0.0368775008623252,12.943430589352063,-37.9920439282004,-0.168442042121803,0.4189036157836275,-0.0030713271079846
data/sensor_images/image_3116.png,surface,0.0,0.0,1.0255516353475036,14.446380213576916,-13.92626276283404,0.0,-0.4920605729410374,1.617510222902389,0.0,0.0,0.0,-0.9702200145990584,0,0,0,0,0,0,-8.988039802256884,11.87073236951306,-36.80879130854753,-0.1654648367207013,0.4119781495894711,0.032672887857295
data/sensor_images/image_3117.png,surface,0.0,0.0,1.6295122017313075,-10.380426216485972,-8.571098052071807,0.0,-1.7631630492873045,3.811333126046696,0.0,0.0,0.0,1.8439641401564728,0,0,0,0,0,0,-5.063658436779287,-6.786960282912995,-38.09295165083167,-0.1968816476988608,0.3498691523719361,-0.3090145854834116
data/sensor_images/image_3119.png,surface,0.0,0.0,2.657927067099834,-7.589025395224016,8.306034408982592,0.0,-1.256828415167619,1.507249424981643,0.0,0.0,0.0,1.520324400226504,0,0,0,0,0,0,6.557527097234928,-5.586950502650649,-35.77854283680326,-0.1920901687746353,0.4073987809091285,-0.372744294929576
data/sensor_images/image_3120.png,surface,0.0,0.0,1.214751043070175,1.366580311720185,17.0866973205811,0.0,3.619318934722232,0.9390168829567144,0.0,0.0,0.0,3.0079417000906936,0,0,0,0,0,0,13.4325307207928,1.9026626036405967,-37.40836748227198,-0.0574148871324353,0.3750459575577614,-0.2792264321534161
data/sensor_images/image_3122.png,surface,0.0,0.0,2.776864782102637,3.936939555611054,8.643390012179392,0.0,-3.591066391913852,-0.1186474500075852,0.0,0.0,0.0,-1.3844688348758574,0,0,0,0,0,0,6.0035056553950215,4.807144090185869,-35.80012890636236,-0.1310022554988167,0.4729237569149132,-0.1237620840586227
data/sensor_images/image_3124.png,surface,0.0,0.0,2.061449977868878,-6.249561645076523,-20.70929449928574,0.0,0.0337199692182907,-4.155982274939996,0.0,0.0,0.0,4.097805329394026,0,0,0,0,0,0,-13.977063127238432,-2.575924853129887,-36.32948343189776,-0.2032901751438391,0.3782301112524763,-0.2627701723120782
data/sensor_images/image_3125.png,surface,0.0,0.0,1.489685054103541,17.221717995401356,-10.947198775637496,0.0,-4.187323246918773,1.9048201099075373,0.0,0.0,0.0,2.661314835010652,0,0,0,0,0,0,-7.313742335887673,13.698207643741082,-36.56013911112702,-0.1710384900665705,0.4444364817040817,-0.1170977829860583
data/sensor_images/image_3126.png,surface,0.0,0.0,0.6628492091571163,-17.73949933207554,15.178137077779844,0.0,3.574054412340413,-1.9775006743504613,0.0,0.0,0.0,2.46682731376497,0,0,0,0,0,0,12.222006480177146,-11.85827207848244,-36.51531782433492,-0.0330090827298335,0.2941507487652048,-0.4000888109161457
data/sensor_images/image_3128.png,surface,0.0,0.0,2.995271507344704,-1.8661056845144728,-19.76154705714564,0.0,-3.2035405704457904,1.010719669359539,0.0,0.0,0.0,-1.1148912065610936,0,0,0,0,0,0,-14.213039303652335,-0.1394937910128402,-34.73383663322843,-0.2247824990582157,0.4878826547378028,-0.0590060149822363
data/sensor_images/image_3129.png,surface,0.0,0.0,1.5561400877722744,-19.01257746776908,-2.8125460933176147,0.0,0.7292268859005457,0.9357684610343122,0.0,0.0,0.0,-2.448739603222724,0,0,0,0,0,0,-0.5477955014424314,-12.68754339445618,-37.64162270116365,-0.2009479754184115,0.3056991591330267,-0.2134920262269712
data/sensor_images/image_3130.png,surface,0.0,0.0,1.995747963972319,16.998474037348384,7.0129972307154205,0.0,2.2406626862448933,-1.8778412021721,0.0,0.0,0.0,-3.2227352109292564,0,0,0,0,0,0,6.284118197009901,14.359728816027165,-36.72852642413591,-0.1345968235327719,0.380881396388842,-0.0069157694284277
data/sensor_images/image_3132.png,surface,0.0,0.0,2.4643469571647545,-6.9414133536510745,14.87837832265869,0.0,-0.1965343920013344,3.192326994073066,0.0,0.0,0.0,-3.0649346941771363,0,0,0,0,0,0,11.767740242558318,-4.662902679834612,-36.34925092700544,-0.1766196141930386,0.3455414007405656,-0.2230195112756966
data/sensor_images/image_3133.png,surface,0.0,0.0,1.7626309247086769,-7.892103142068867,19.49197074900429,0.0,0.3617671016184849,-2.757244500620957,0.0,0.0,0.0,3.3811525757714147,0,0,0,0,0,0,14.920815597376462,-4.330912917735452,-35.61089676819642,0.0055104997289255,0.3249188668147604,-0.3440879290558953
data/sensor_images/image_3136.png,surface,0.0,0.0,2.673136706580688,10.15220314094663,-11.400637210913777,0.0,0.8711705678450458,-4.844820876132081,0.0,0.0,0.0,-4.229854040986148,0,0,0,0,0,0,-7.352794143635027,9.885160347078903,-36.902833376821725,-0.0772777846075562,0.4121102929578653,-0.0230527171857405
data/sensor_images/image_3137.png,surface,0.0,0.0,0.69187635371509,17.39604831166655,-3.2737394366019257,0.0,-2.818919424108482,-1.7739672092485164,0.0,0.0,0.0,2.4468800979705696,0,0,0,0,0,0,-1.308610513038214,13.931679701512309,-37.34248986591285,-0.1502827085207142,0.4632205678603704,-0.1490540286476113
data/sensor_images/image_3138.png,surface,0.0,0.0,1.975811147038128,15.351461334238069,16.34765119578957,0.0,-1.4401900969842294,-1.947653166924804,0.0,0.0,0.0,-2.378601312323561,0,0,0,0,0,0,12.155601021257372,13.264339401809051,-35.43885526846083,-0.1179106753380541,0.4101393731531385,-0.0337663956436794
data/sensor_images/image_3139.png,surface,0.0,0.0,1.722831582589957,9.117355827260765,-5.092081878385255,0.0,-2.0152956901336454,3.660965464644816,0.0,0.0,0.0,1.0063423568485907,0,0,0,0,0,0,-3.033733021055093,8.087169914818265,-38.65660431663129,-0.1751516791136505,0.4360532571027181,-0.2050617674552134
data/sensor_images/image_3140.png,surface,0.0,0.0,1.7292910448623928,19.41083557314512,11.555609366311934,0.0,-2.8963537318913857,0.0238599455186203,0.0,0.0,0.0,1.5831308112222473,0,0,0,0,0,0,8.710730960467817,15.253120599148776,-35.76088069195983,-0.1040989221551676,0.4798535472979843,-0.1493566829670433
data/sensor_images/image_3144.png,surface,0.0,0.0,1.2864538074494796,-11.119660452942794,21.85855807980157,0.0,0.5614459676277714,0.2249543212299741,0.0,0.0,0.0,-0.2628542029437186,0,0,0,0,0,0,17.27829232541248,-6.639195330370356,-35.38900559855795,-0.0717368384423112,0.3492708543244115,-0.2402958061808386
data/sensor_images/image_3146.png,surface,0.0,0.0,0.9166908147478492,-16.83545244795229,9.765212355179935,0.0,-2.925537990562642,-3.902753490569964,0.0,0.0,0.0,1.1505197115658126,0,0,0,0,0,0,7.750488123689311,-11.169829868974013,-37.47137507308639,-0.0822103887209791,0.2901540146264389,-0.3974434718948336
data/sensor_images/image_3147.png,surface,0.0,0.0,2.3985011475192124,11.82472071260018,-15.97688184383344,0.0,-2.756424410124422,-2.592688224778534,0.0,0.0,0.0,-1.814203540005388,0,0,0,0,0,0,-10.740049694517564,10.69858766566034,-36.56671397360143,-0.1393623394598064,0.4525723153992451,0.017287422721686
data/sensor_images/image_3149.png,surface,0.0,0.0,2.487677246890389,-5.661396823561168,12.865959699254294,0.0,1.6388281450589577,-1.551403843921398,0.0,0.0,0.0,0.7594217921256856,0,0,0,0,0,0,11.427034368315542,-2.2426724345128406,-36.5285726494761,-0.0577176746468798,0.3302913371890546,-0.3514167590532555
data/sensor_images/image_3150.png,surface,0.0,0.0,2.9978566819700267,-4.220382703640004,9.799203841967154,0.0,1.3780339874294087,-2.473100284800311,0.0,0.0,0.0,-0.2007091104811831,0,0,0,0,0,0,8.86214721520802,-0.60762897051251,-35.767769587211816,0.0105349253623086,0.2998035708979482,-0.3024128662031378
data/sensor_images/image_3151.png,surface,0.0,0.0,2.2084372576892006,-13.186964180249484,17.55929761074286,0.0,-0.8679188947806189,-0.8312347906260281,0.0,0.0,0.0,3.6345290745767898,0,0,0,0,0,0,13.172662820173995,-7.877426180426169,-35.32735502697373,0.0076255020404774,0.3412369447065481,-0.3747178790789527
data/sensor_images/image_3152.png,surface,0.0,0.0,1.7894381249028033,8.368946887334948,-18.549564027334103,0.0,-0.3577430354120836,-2.438829715514213,0.0,0.0,0.0,3.5299144246608414,0,0,0,0,0,0,-12.764630162223051,8.45325519659657,-37.078476206684975,-0.1960122706937046,0.437589799501582,-0.1689102834707055
data/sensor_images/image_3153.png,surface,0.0,0.0,2.2466634433281123,-17.674691295801196,16.267390832472554,0.0,-0.2207005312291257,2.04946795112665,0.0,0.0,0.0,0.4412799502231346,0,0,0,0,0,0,12.584955396080014,-12.43446654505862,-33.64560410364035,-0.0949209722231543,0.275429053775103,-0.4282603322879971
data/sensor_images/image_3154.png,surface,0.0,0.0,2.3960827338139525,-0.8714135964872513,-16.638440838413086,0.0,-0.0049303103037267,4.013127812741132,0.0,0.0,0.0,-0.9704522926585222,0,0,0,0,0,0,-11.269043508447355,0.1760165681046931,-36.451578994421965,-0.2368057566553323,0.4259815492052195,-0.0619602670856925
data/sensor_images/image_3155.png,surface,0.0,0.0,1.6510576171053466,11.189717885353597,4.048210240277106,0.0,1.504169733390582,4.199529904917846,0.0,0.0,0.0,-3.756813796456457,0,0,0,0,0,0,4.116342773515386,9.192142297840746,-38.07672384604679,-0.1511278371881528,0.407228845138443,-0.0514727920611701
data/sensor_images/image_3156.png,surface,0.0,0.0,1.0721739898411458,-16.968022793552823,5.040027320020027,0.0,-3.024847068569238,1.3218608257371174,0.0,0.0,0.0,-3.5200908911640374,0,0,0,0,0,0,4.506297215348742,-10.933636134541096,-37.81403240155511,-0.1537249486420711,0.3417311544009925,-0.2420535759161672
data/sensor_images/image_3157.png,surface,0.0,0.0,1.0452026895831374,7.4439335949239505,23.67613068970181,0.0,-2.3267699161652526,2.222029426926942,0.0,0.0,0.0,2.1349177999985267,0,0,0,0,0,0,17.40503094899587,6.354989658469341,-35.38656727782734,-0.0405144790093602,0.406847694347388,-0.2790702298321977
data/sensor_images/image_3158.png,surface,0.0,0.0,0.5546897130584425,-16.23846172233392,12.095161520332349,0.0,-1.034933868631804,3.524480544657054,0.0,0.0,0.0,2.6196505520125823,0,0,0,0,0,0,9.37592968586523,-10.584354101602056,-37.53853367574237,-0.0719384923719839,0.2805655039063254,-0.4080389353950724
data/sensor_images/image_3159.png,surface,0.0,0.0,2.396237573975756,18.78395461348984,-5.493274056785787,0.0,-2.7125927966867858,-1.0510082231465143,0.0,0.0,0.0,-2.0890525056710683,0,0,0,0,0,0,-3.4523319659188583,15.907366686995282,-36.34714336788164,-0.1236890594608705,0.4598074079597626,0.0419815152282245
data/sensor_images/image_3160.png,surface,0.0,0.0,1.373891349372937,1.857840258555296,7.650774625311006,0.0,3.2305076881087804,-1.9998550660905368,0.0,0.0,0.0,-2.758756775852155,0,0,0,0,0,0,6.651664246365392,3.0558271568396496,-38.89784815190715,-0.1389800824965487,0.3782106859115831,-0.1172717737674113
data/sensor_images/image_3162.png,surface,0.0,0.0,0.8255741150262637,-2.835240768315977,-2.343431258147279,0.0,-1.9904226860367344,-1.4560715759934992,0.0,0.0,0.0,2.9769716716738968,0,0,0,0,0,0,-0.4647060179544844,-0.9369208403641271,-40.07462505507813,-0.1450258770842291,0.3906075702576081,-0.3070221082302951
data/sensor_images/image_3163.png,surface,0.0,0.0,2.1805419266113635,15.856630007993418,14.033113239628095,0.0,-0.4237208288592627,3.4928682846385275,0.0,0.0,0.0,1.9727090067495088,0,0,0,0,0,0,10.55856690634834,11.829488144006303,-35.96639727486259,-0.1267094369660299,0.4402777213937174,-0.2044931760977545
data/sensor_images/image_3164.png,surface,0.0,0.0,0.6075657737622262,17.34167947794735,-16.24787489784021,0.0,-1.64327621399296,-2.2125164674328013,0.0,0.0,0.0,4.020725136293411,0,0,0,0,0,0,-10.503677433095095,14.143794243113726,-36.11428308577448,-0.1901098264153444,0.4470355788409909,-0.1053680898286891
data/sensor_images/image_3165.png,surface,0.0,0.0,1.9843938283400893,6.569320190185805,14.178991562782295,0.0,2.443022880244731,-4.24413189022485,0.0,0.0,0.0,2.894673352693415,0,0,0,0,0,0,11.587620479923167,6.58459245493235,-37.836482579168894,-0.057393123320086,0.3897933009681826,-0.2511604041320562
data/sensor_images/image_3166.png,surface,0.0,0.0,0.5644500703238347,-17.80886226936519,6.996422606268167,0.0,0.9933790725800712,-4.078745877765728,0.0,0.0,0.0,0.1460730879860676,0,0,0,0,0,0,5.855949060786722,-12.143237867249509,-37.8356876973598,-0.110448584950338,0.2906369110242053,-0.3733254893443826
data/sensor_images/image_3167.png,surface,0.0,0.0,2.2434112082977142,-21.274034843702943,-11.983949029869663,0.0,-3.4013691896934746,0.2494909259205718,0.0,0.0,0.0,2.503095353081429,0,0,0,0,0,0,-7.621604909635383,-13.97450418628666,-34.93957146312224,-0.2736481887053026,0.3329350200709796,-0.3788050728321167
data/sensor_images/image_3168.png,surface,0.0,0.0,2.4799302962069154,9.818537285317737,15.40422723046353,0.0,2.3522030383629846,2.281073038539801,0.0,0.0,0.0,4.461400057223527,0,0,0,0,0,0,13.043896061881208,8.387604966343886,-35.902998037726164,-0.1112154705929255,0.3937462937902606,-0.2614478211917997
data/sensor_images/image_3169.png,surface,0.0,0.0,1.5309837482798807,0.5392736355796851,-14.360185486802765,0.0,-1.685220681449876,0.2661670105650363,0.0,0.0,0.0,-3.226013680851998,0,0,0,0,0,0,-9.880942837357685,1.7742996689370931,-38.741633098774216,-0.1826546931540628,0.4206893080764465,-0.0832115777613458
data/sensor_images/image_3170.png,surface,0.0,0.0,1.3902802862688397,-3.9167011280923294,-12.797310384513304,0.0,-1.6230525442767654,2.595558765439188,0.0,0.0,0.0,-3.705452164588943,0,0,0,0,0,0,-8.429557812389668,-1.8111006516024912,-38.94709038261022,-0.1974418826335724,0.3993568204244371,-0.1149006655961922
data/sensor_images/image_3171.png,surface,0.0,0.0,1.0802894853975646,-4.253909661757049,-0.6076022394892163,0.0,-0.6874117580523463,-3.551305869053811,0.0,0.0,0.0,0.4033079353741762,0,0,0,0,0,0,0.5803515528956882,-2.0945568478748107,-39.58791733715281,-0.153370886033835,0.3683890610647665,-0.2872965340475725
data/sensor_images/image_3172.png,surface,0.0,0.0,2.634701489218433,-19.7699201688392,10.625735172319809,0.0,0.2803928695068468,1.4261656505745377,0.0,0.0,0.0,-2.0667392012049723,0,0,0,0,0,0,8.999105128292365,-13.92296431213265,-34.16206000085394,-0.2115688453359432,0.3076179603568491,-0.2841149813144699
data/sensor_images/image_3175.png,surface,0.0,0.0,2.0496388989823053,-17.958874451473296,-4.743261042618334,0.0,-2.7022906904044657,0.9341970156255756,0.0,0.0,0.0,0.9344768035010294,0,0,0,0,0,0,-2.834869390405707,-12.03225070573096,-36.15402053164426,-0.224054781320932,0.3175124924411747,-0.3967433191720251
data/sensor_images/image_3176.png,surface,0.0,0.0,0.8644699120262335,-5.30518625594864,20.299615731023515,0.0,1.2398594524410462,1.5370271558695563,0.0,0.0,0.0,4.651996168257211,0,0,0,0,0,0,15.686760607865578,-2.737898045860258,-36.59335789070233,-0.0305057256003398,0.360785034442726,-0.3662071966324657
data/sensor_images/image_3177.png,surface,0.0,0.0,0.9253552011674816,6.167995842530005,-1.8414783780059216,0.0,-3.209976181120284,3.658872026790845,0.0,0.0,0.0,1.4803335178675798,0,0,0,0,0,0,-0.6467734310285281,5.967922375105627,-39.72474295739523,-0.1452967786092319,0.4020690271985725,-0.2399380054472745
data/sensor_images/image_3178.png,surface,0.0,0.0,1.1555974541016671,15.582765784877768,19.67208104908404,0.0,-3.4513174602918326,0.9044529082082992,0.0,0.0,0.0,3.990195513631484,0,0,0,0,0,0,14.35345215615818,12.341736699207525,-35.31213866247354,-0.0711653529025401,0.4595065485116816,-0.2054778135333967
data/sensor_images/image_3179.png,surface,0.0,0.0,2.6454222881247533,-10.36241600104213,-19.98370747830084,0.0,-1.6634105486040314,4.669083995865424,0.0,0.0,0.0,2.4504344811123246,0,0,0,0,0,0,-13.601580099046185,-7.256848491149603,-35.46999418600056,-0.3196468815451315,0.3970138089930544,-0.2702166329225709
data/sensor_images/image_3180.png,surface,0.0,0.0,1.3098500213585824,0.7164616644312467,4.764908423836314,0.0,-0.1416725100175807,3.1786407476444736,0.0,0.0,0.0,3.817381744473329,0,0,0,0,0,0,4.314048804260441,1.6362742413027993,-40.12975251730831,-0.1418218157379211,0.3857757460214396,-0.2515951432909666
data/sensor_images/image_3181.png,surface,0.0,0.0,2.7223501502224368,-6.465921796719935,-4.669094244659613,0.0,1.3736395476362144,-3.189795579349356,0.0,0.0,0.0,-2.646123485301032,0,0,0,0,0,0,-2.055937069423873,-1.891807832636076,-37.111847938773,-0.1091238583419956,0.367968143768523,-0.1485557494104659
data/sensor_images/image_3182.png,surface,0.0,0.0,2.074423473736963,-9.460838114070595,-0.8499899266050153,0.0,-1.353754535048206,-0.6693094065797407,0.0,0.0,0.0,1.319956674684839,0,0,0,0,0,0,0.2026079865656256,-5.0060165287921645,-38.40620752506119,-0.1431169991701707,0.3705986439549768,-0.3431131210265766
data/sensor_images/image_3183.png,surface,0.0,0.0,2.270780046911881,-1.6840123351287388,-16.948666478303544,0.0,0.2281248226606914,0.7347175549812504,0.0,0.0,0.0,-1.3841695412844182,0,0,0,0,0,0,-11.136614003866113,-0.5859100485587555,-36.83043224432248,-0.2444941963957197,0.3740135306295469,-0.0657821797131884
data/sensor_images/image_3184.png,surface,0.0,0.0,1.2012008929376434,2.1004153504491194,23.2460165544682,0.0,-3.610164844433831,1.065384999181448,0.0,0.0,0.0,-1.9495504857809576,0,0,0,0,0,0,17.465195661893198,3.292655493842225,-34.61532279922457,-0.0967421252121355,0.4123219373391191,-0.1672017402968225
data/sensor_images/image_3185.png,surface,0.0,0.0,0.6204818271149068,5.472381856014325,-14.176721740616296,0.0,0.4341928875582337,-0.9504465261919588,0.0,0.0,0.0,1.0449288863381456,0,0,0,0,0,0,-9.46696331534279,5.2010428602619,-38.344484690460575,-0.1887117784444268,0.3998465280665035,-0.1909338193297418
data/sensor_images/image_3186.png,surface,0.0,0.0,1.6347295597123166,5.656773219341802,-22.357689229012173,0.0,4.267107585125704,-2.168667648616196,0.0,0.0,0.0,2.192811716225856,0,0,0,0,0,0,-15.144656244532529,5.596778668496491,-36.25432945896628,-0.2291795150154882,0.4132681548064889,-0.177414153825203
data/sensor_images/image_3187.png,surface,0.0,0.0,2.1015275145650696,9.536095641181118,-2.549028461715261,0.0,-4.454984533766115,-1.055950311359899,0.0,0.0,0.0,0.6741721251445911,0,0,0,0,0,0,-1.5381386664470225,8.38244402170383,-38.126569344293245,-0.1406771193539677,0.4606270501568029,-0.2115713448264924
data/sensor_images/image_3188.png,surface,0.0,0.0,1.3380749656863609,-3.985405069905141,6.675399485858092,0.0,2.8397065490879494,0.8438971763366977,0.0,0.0,0.0,-2.303085862266652,0,0,0,0,0,0,6.191851368203034,-1.464068517733669,-39.77389498044832,-0.1443711180697992,0.3674553549821769,-0.1448517936432077
data/sensor_images/image_3189.png,surface,0.0,0.0,2.881810813064144,-8.14021768582513,23.14898512848722,0.0,3.3552416201622584,0.5947185112519562,0.0,0.0,0.0,-3.2180313249355708,0,0,0,0,0,0,18.54532836009921,-4.70875842443756,-33.713241458634585,-0.1057693436669447,0.2689358763664694,-0.209366444539232
data/sensor_images/image_3191.png,surface,0.0,0.0,2.984159963303977,-8.818046301958882,7.411342047736213,0.0,-0.7487855823584287,-1.1792805508745714,0.0,0.0,0.0,-0.9610995653134022,0,0,0,0,0,0,5.309557711303211,-3.115364056602501,-34.22439885539934,-0.0530762645996031,0.4065298859057066,-0.1661802312003326
data/sensor_images/image_3192.png,surface,0.0,0.0,2.5032294637288754,-5.563977731390847,16.430086445182624,0.0,3.302497388340522,1.639820842728768,0.0,0.0,0.0,-2.464522037502782,0,0,0,0,0,0,13.522892947300422,-3.1556702917148667,-36.13928928407076,-0.1376311124846776,0.3310228281843207,-0.1847495858153585
data/sensor_images/image_3193.png,surface,0.0,0.0,1.775702039071093,5.666454605563038,-0.7902013240192942,0.0,0.1250910625640009,4.248449869681892,0.0,0.0,0.0,-3.00261751293936,0,0,0,0,0,0,0.4569807938053575,5.438107866045137,-39.59097739253822,-0.1873103770549896,0.3948628331806004,-0.0655492874048828
data/sensor_images/image_3194.png,surface,0.0,0.0,0.9108123750948444,-16.527859577841536,3.995713720897093,0.0,-3.66977498723518,-0.5224506333493094,0.0,0.0,0.0,-0.355448494849325,0,0,0,0,0,0,3.827626287192692,-10.62150472356502,-38.3771692051019,-0.1354321709201945,0.3696681189854581,-0.2521682118002176
data/sensor_images/image_3195.png,surface,0.0,0.0,2.124834894969324,11.671570278780072,-20.152564959750222,0.0,2.4630072799161304,-3.4047452750595264,0.0,0.0,0.0,1.7719594255358029,0,0,0,0,0,0,-14.095263827880837,10.48313520076438,-35.83629558429247,-0.1615932242167616,0.4345495625407556,-0.1301399975936714
data/sensor_images/image_3196.png,surface,0.0,0.0,0.8780633151027479,-12.890756591401487,-20.7246424603291,0.0,4.191887664148204,-0.0251571028730405,0.0,0.0,0.0,3.3969411547339643,0,0,0,0,0,0,-13.079519726647366,-8.24986851536051,-36.9449423986834,-0.2617466643388314,0.3226160975995314,-0.2958524362008509
data/sensor_images/image_3198.png,surface,0.0,0.0,1.733961273765157,-11.065302902637946,-12.855953340589092,0.0,2.083629270078064,-2.25689956222224,0.0,0.0,0.0,-0.2294918226303721,0,0,0,0,0,0,-7.962866733085312,-6.241425039826009,-37.43492150100316,-0.2057384247756983,0.3700178515736628,-0.1419551982703774
data/sensor_images/image_3199.png,surface,0.0,0.0,1.7366871309760994,12.311770985528508,5.558652583596042,0.0,2.89462569971068,-3.3964575508335284,0.0,0.0,0.0,-0.2116915325368964,0,0,0,0,0,0,5.506586916740167,10.24035473799288,-37.58807671893451,-0.1132249401658824,0.4551729572390972,-0.2082836177643514
data/sensor_images/image_3200.png,surface,0.0,0.0,1.1195579266404247,5.742742831784854,-5.951714529414193,0.0,-0.7022727366904289,2.7294749605397715,0.0,0.0,0.0,-1.805971343594769,0,0,0,0,0,0,-3.437993832004094,5.614790458127086,-38.91181825829532,-0.1681310287612704,0.3999638861644147,-0.0523143777965659
data/sensor_images/image_3201.png,surface,0.0,0.0,0.5574925579676551,-3.394193739803579,18.09457699560277,0.0,2.083181652340418,-2.886061389161467,0.0,0.0,0.0,1.235793994748466,0,0,0,0,0,0,14.593625571250962,-1.288598581276755,-37.42349449521944,-0.0408969435149186,0.3771414031482155,-0.328525529916123
data/sensor_images/image_3203.png,surface,0.0,0.0,1.6293717913344523,7.205280051987377,-13.01735641024769,0.0,0.1077344832553566,-1.4622964554694664,0.0,0.0,0.0,1.7404765080533728,0,0,0,0,0,0,-8.306412024254527,6.863707908310355,-38.06105414790029,-0.171489497579661,0.4337094657361509,-0.2005789135124295
data/sensor_images/image_3205.png,surface,0.0,0.0,1.794008593259158,-3.5067185331397304,-14.782278163211544,0.0,-0.1593641144837817,3.5239699014607506,0.0,0.0,0.0,0.5729301233729389,0,0,0,0,0,0,-9.668703514249602,-1.3298190190423005,-37.70442729763366,-0.2129040292460519,0.4015582449087158,-0.2644529177170275
data/sensor_images/image_3206.png,surface,0.0,0.0,0.7875008222096851,-9.082666691441188,-2.4398534587075336,0.0,2.1947424921005005,-4.421736372319365,0.0,0.0,0.0,3.604085605236092,0,0,0,0,0,0,-0.6878670947353652,-5.365469631107453,-39.36213796620358,-0.1482063582668035,0.3434324585639093,-0.335978031175141
data/sensor_images/image_3207.png,surface,0.0,0.0,2.9795618719094343,16.084489365298275,-11.895407429023663,0.0,2.2317024755021007,-3.3138160678978914,0.0,0.0,0.0,3.507994334106437,0,0,0,0,0,0,-6.855021209136563,14.227286338635391,-35.121535747239925,-0.0422227661584745,0.4264144206872147,-0.1494215978332863
data/sensor_images/image_3208.png,surface,0.0,0.0,2.35014977103033,3.597739465463461,5.637276687805006,0.0,-1.367825242732333,-2.831211316679053,0.0,0.0,0.0,1.472880270562488,0,0,0,0,0,0,5.0840714177734245,4.824458209932224,-37.62331288564699,-0.099499573488279,0.4162835784437724,-0.2665317880542915
data/sensor_images/image_3209.png,surface,0.0,0.0,1.4095878712923509,-2.002289535458017,24.80891351308136,0.0,3.916546573953343,-0.6512828865416277,0.0,0.0,0.0,2.57096523434748,0,0,0,0,0,0,19.19399950367267,-0.1491267718514592,-35.134694623840645,0.0041732964329191,0.357976898745592,-0.3253337419966979
data/sensor_images/image_3210.png,surface,0.0,0.0,2.599324520119503,-0.6150210684281098,7.618470327342891,0.0,0.1223574917280788,1.8805280060727416,0.0,0.0,0.0,2.4713084275482924,0,0,0,0,0,0,7.073072977705316,-0.4567846717267822,-37.85327822310903,-0.1821584760271195,0.3812929607323833,-0.3206532952370891
data/sensor_images/image_3211.png,surface,0.0,0.0,0.7554585950468358,-22.867705662040017,2.123216416566788,0.0,-3.385643185472043,2.0408528375518418,0.0,0.0,0.0,-4.84557551282114,0,0,0,0,0,0,2.4898479058872542,-15.449976731975765,-37.09221436687176,-0.1405873922443712,0.309954461722417,-0.2624490269866543
data/sensor_images/image_3213.png,surface,0.0,0.0,2.147183831367024,-7.955008013488797,-7.913965009423677,0.0,-1.1226899048698171,4.824340943131815,0.0,0.0,0.0,-0.6204108092190701,0,0,0,0,0,0,-4.855979453946738,-5.071918382232366,-38.1613050922697,-0.2010127075548626,0.385307496028647,-0.147694973240103
data/sensor_images/image_3214.png,surface,0.0,0.0,0.7040233820464317,-16.192146047456642,-3.8755115290238207,0.0,4.286080457213473,1.210021378037427,0.0,0.0,0.0,-1.155853604911612,0,0,0,0,0,0,-1.290396113796795,-10.728460731755488,-38.80753144477888,-0.14617774106427,0.3536165392567725,-0.2047830111839295
data/sensor_images/image_3215.png,surface,0.0,0.0,1.593615349349338,-3.781067679257816,13.362066683719355,0.0,-3.297931504051204,0.3511553701833323,0.0,0.0,0.0,2.772380975512471,0,0,0,0,0,0,10.622911814150608,-1.8010873181315403,-37.93364454215044,-0.0595912336630985,0.3772682807156271,-0.3256181870019232
data/sensor_images/image_3216.png,surface,0.0,0.0,1.9918970012748256,0.817640922059084,24.31186416502737,0.0,-0.9181149005091406,-1.1904917907432653,0.0,0.0,0.0,-4.495225754910679,0,0,0,0,0,0,18.14870825328349,2.3845518170872086,-35.14871123834454,-0.0568030688521761,0.4030677216639524,-0.1357119795429167
data/sensor_images/image_3217.png,surface,0.0,0.0,2.059332213205789,16.654857083329055,7.206509445187514,0.0,-3.575588430524507,-1.9582571492899232,0.0,0.0,0.0,4.421978494970441,0,0,0,0,0,0,5.615491391328735,14.046280466043932,-36.910399129904505,-0.1052390143657401,0.4629020662352201,-0.1616010626942766
data/sensor_images/image_3218.png,surface,0.0,0.0,2.3425166296409405,-0.2645207941626112,13.82414373513271,0.0,1.69090363561513,-0.541562966738109,0.0,0.0,0.0,3.122346577358538,0,0,0,0,0,0,12.636342807091143,1.2357065765673734,-37.57337611859243,-0.0514823459709007,0.3529809198231896,-0.3081610345351763
data/sensor_images/image_3220.png,surface,0.0,0.0,2.109221242658143,-0.7957783087783759,15.96271485368716,0.0,2.0164544178092734,3.76250603017112,0.0,0.0,0.0,3.88039037574538,0,0,0,0,0,0,12.962818701068402,-0.1285966654410864,-37.39464181590307,-0.0893915560695998,0.3594272072975213,-0.3267777435007134
data/sensor_images/image_3221.png,surface,0.0,0.0,2.551115253303136,14.90636894144368,-20.031503567737904,0.0,-0.2685536836831209,-0.1329427140685351,0.0,0.0,0.0,-0.7669825720897308,0,0,0,0,0,0,-13.043283924930858,13.02209152977004,-34.677148783421615,-0.1377427750136642,0.4539686690348446,0.0410889062729724
data/sensor_images/image_3222.png,surface,0.0,0.0,0.5513974505240897,4.522594058403198,-23.990095452783937,0.0,-2.101707703220171,3.3317438004771405,0.0,0.0,0.0,0.5892010250815645,0,0,0,0,0,0,-16.57834393160289,4.533876175665,-36.393534049722405,-0.2091564001086417,0.4032695963460674,-0.1671673295907932
data/sensor_images/image_3223.png,surface,0.0,0.0,2.8992829316379414,-21.618989408969743,8.384502235739145,0.0,3.3531120324643275,-1.1221119725015682,0.0,0.0,0.0,-1.8803558575046289,0,0,0,0,0,0,8.657728063980105,-13.781945791851308,-34.35156019025806,-0.1099838073446681,0.1700535101027919,-0.2214727391659735
data/sensor_images/image_3224.png,surface,0.0,0.0,1.5756531861700778,14.95474355964727,16.334171729239674,0.0,2.46525558450965,1.2127630657194597,0.0,0.0,0.0,-3.0647750134636977,0,0,0,0,0,0,12.584751176034915,12.534708441509368,-36.48554516390629,-0.1420549824675895,0.3901540092426549,-0.0551245998752077
data/sensor_images/image_3226.png,surface,0.0,0.0,1.724043763261315,8.652599710506992,-19.95601375586253,0.0,-0.6551452033700196,2.512958696844064,0.0,0.0,0.0,-0.1234993504780685,0,0,0,0,0,0,-13.343254149243233,7.704408302043542,-36.34868950741746,-0.1534176181936574,0.4221812544041388,-0.0028350312997049
data/sensor_images/image_3227.png,surface,0.0,0.0,2.8507417852989456,-22.10571628958743,5.45660054553563,0.0,-2.077989215132072,-3.8088173288774,0.0,0.0,0.0,-2.797334518567011,0,0,0,0,0,0,4.428270976798208,-11.411145110528382,-31.30191510916252,-0.0759126111412191,0.3590281920264437,-0.2788475044508764
data/sensor_images/image_3228.png,surface,0.0,0.0,2.797259965163327,-9.107872365664155,-7.970860248553004,0.0,3.661552195753945,0.1955330391221919,0.0,0.0,0.0,-2.4956199670758625,0,0,0,0,0,0,-2.820442004877064,-4.889770500165534,-36.13397021050752,-0.2205560327001848,0.3177122904341855,-0.1347908218570204
data/sensor_images/image_3229.png,surface,0.0,0.0,2.544297726905403,-11.091956165617194,20.644174610212406,0.0,-2.51716965794018,-0.9457045362078116,0.0,0.0,0.0,4.041798436222889,0,0,0,0,0,0,14.27526173027966,-5.534808856385011,-32.71567282140374,0.0332687083509216,0.3982493412786889,-0.4041544825638462
data/sensor_images/image_3231.png,surface,0.0,0.0,1.2149291670215812,1.4890426782086443,-8.408885475039442,0.0,-4.165457520876566,0.7854502456049746,0.0,0.0,0.0,3.876699708912149,0,0,0,0,0,0,-5.482069188191574,2.486119295672571,-39.8093046608908,-0.1894633489229774,0.4054016712969583,-0.2397425676698064
data/sensor_images/image_3233.png,surface,0.0,0.0,2.1305262063470534,12.43437631683208,-3.853165678229967,0.0,-3.775238298771452,-2.471660004065899,0.0,0.0,0.0,2.4435262107427977,0,0,0,0,0,0,-2.313908152712656,10.684753655547574,-38.49407082083823,-0.1223767243775208,0.4678132539061722,-0.1852018685923062
data/sensor_images/image_3234.png,surface,0.0,0.0,1.1148475030766842,6.572415567732821,14.47456481036236,0.0,0.0727315043937574,2.250783507409181,0.0,0.0,0.0,-0.7477418620536653,0,0,0,0,0,0,11.6637522255291,6.651225797518316,-37.96919805383878,-0.1311217854793472,0.3857243669543985,-0.0920581104771977
data/sensor_images/image_3235.png,surface,0.0,0.0,2.672803577727953,-9.476514222628069,-1.9931677780752508,0.0,0.2086184835370962,-3.387099421462861,0.0,0.0,0.0,0.2009090009207437,0,0,0,0,0,0,-0.397821958315698,-4.805294700200414,-36.27618461604024,-0.1215439193214192,0.3495932533655039,-0.3222224852832198
data/sensor_images/image_3236.png,surface,0.0,0.0,2.760336074116021,8.5411200390987,-20.15339143448561,0.0,-0.0402987847546646,-0.3112617078901035,0.0,0.0,0.0,-1.1035490108987167,0,0,0,0,0,0,-12.838994187043426,8.179833715129238,-34.54240253805219,-0.1398371058626563,0.4394168410669015,0.0065458157002555
data/sensor_images/image_3237.png,surface,0.0,0.0,2.087287951449181,24.248537747362167,1.3155657712791264,0.0,-3.273939653636216,-1.5345465170802903,0.0,0.0,0.0,3.078399251522253,0,0,0,0,0,0,1.747599264882564,19.05821920846917,-35.505166982380494,-0.1008912898511371,0.5106260596951699,-0.092174821750668
data/sensor_images/image_3238.png,surface,0.0,0.0,2.961576726237717,2.066664129792525,9.080971601574264,0.0,0.2207699294316659,3.318224996325149,0.0,0.0,0.0,2.664572606149961,0,0,0,0,0,0,7.6202870090787345,0.9135092768630972,-36.09498747107845,-0.2234017307906405,0.364818523099595,-0.3022449596538732
data/sensor_images/image_3239.png,surface,0.0,0.0,1.8788362567273,-4.905804080464918,-19.2961704387365,0.0,-0.0004365471940122,-2.922716839286746,0.0,0.0,0.0,-1.361979217773568,0,0,0,0,0,0,-13.235937800286283,-1.9853005601400784,-37.86227192640568,-0.1818598946272237,0.4058713776340414,-0.0938008551027932
data/sensor_images/image_3240.png,surface,0.0,0.0,2.645359457770593,-18.351215155325413,-10.071664319397795,0.0,-1.9493474066337129,-2.4617409910869683,0.0,0.0,0.0,3.684078355590225,0,0,0,0,0,0,-6.933197229762203,-10.435939661722363,-35.25209299124315,-0.1375136687003789,0.3790638323300052,-0.4058256462682745
data/sensor_images/image_3241.png,surface,0.0,0.0,1.2580554259979806,-10.151681074887216,-13.195657416029375,0.0,-1.5544856365690851,-4.557407135092856,0.0,0.0,0.0,-1.2765435537745362,0,0,0,0,0,0,-8.35382591429512,-6.002792310296961,-38.84981120957196,-0.2060933775039366,0.3932231350372474,-0.1526406298689495
data/sensor_images/image_3242.png,surface,0.0,0.0,2.8801687272783942,17.410138864583466,1.9192310485283937,0.0,-3.898078587966112,-0.8937479763784544,0.0,0.0,0.0,-2.370017580238972,0,0,0,0,0,0,0.8671692432814588,14.528923117595635,-35.797039433416955,-0.073395407859932,0.4793585424066738,0.0190736292375733
data/sensor_images/image_3243.png,surface,0.0,0.0,1.4053660889077462,1.7312082918720515,21.62320757112124,0.0,3.391019450503474,3.1667812397291,0.0,0.0,0.0,0.299581508276848,0,0,0,0,0,0,16.682653297197497,2.743252136388688,-37.03782628518312,-0.1054812209839417,0.3616379660585665,-0.1364551460830725
data/sensor_images/image_3244.png,surface,0.0,0.0,0.748874007104771,-23.48862360236359,-1.0387457133789082,0.0,3.157942097594423,-0.5270293993602344,0.0,0.0,0.0,-4.876641026222499,0,0,0,0,0,0,1.0677641428059894,-15.663392464550595,-37.54338183710063,-0.1618193452794634,0.3147100661448654,-0.2581633677122303
data/sensor_images/image_3245.png,surface,0.0,0.0,0.8878354394972208,1.4546686198649237,9.666256120383323,0.0,-0.9985224794411076,-0.5824505152931729,0.0,0.0,0.0,-4.747712337675151,0,0,0,0,0,0,8.254159698043836,2.3902939545654167,-39.48666509268657,-0.1242723067376439,0.4090216914984954,-0.1410247985903908
data/sensor_images/image_3246.png,surface,0.0,0.0,2.083630029523822,-0.6801982682467564,-13.94958826190092,0.0,2.231292990349059,-1.9451164523896127,0.0,0.0,0.0,-1.2452475593321632,0,0,0,0,0,0,-9.058536479712268,1.242537212938856,-38.42975443252177,-0.1579652752504847,0.3934600357186123,-0.0895034358044934
data/sensor_images/image_3247.png,surface,0.0,0.0,2.392961799009562,-16.821084207572746,-15.057006467172409,0.0,-3.256005799416435,-3.5583659160176886,0.0,0.0,0.0,0.998708602870746,0,0,0,0,0,0,-9.915954134023746,-10.570591353724666,-35.82058356572639,-0.249075818003143,0.357470369685148,-0.3613896525153435
data/sensor_images/image_3248.png,surface,0.0,0.0,0.6368150558392547,-14.123937225652742,8.093164484118216,0.0,1.135947031261354,1.391752814730721,0.0,0.0,0.0,1.0866325499281428,0,0,0,0,0,0,7.233417960982514,-9.505357621171791,-38.78303426779244,-0.0958550512778258,0.3250713016247438,-0.4011978192602778
data/sensor_images/image_3249.png,surface,0.0,0.0,1.6737814390528594,17.68131198817994,0.0340019530163326,0.0,-1.705157229083926,1.120120543199124,0.0,0.0,0.0,-2.9387433697330634,0,0,0,0,0,0,0.8110007141063235,14.223618243342855,-37.55107828781171,-0.1650450477863865,0.4220586707227572,0.0085979403123364
data/sensor_images/image_3252.png,surface,0.0,0.0,1.5471762406384666,0.30950032858542,-15.795594104423872,0.0,-3.841298134485224,3.045792445509216,0.0,0.0,0.0,-4.640411962681209,0,0,0,0,0,0,-10.212772532560232,2.01000680188891,-38.79548112413176,-0.2039906693896027,0.4273957877633146,-0.0850136919057422
data/sensor_images/image_3253.png,surface,0.0,0.0,0.9423568740986245,-2.705597825311332,19.385908974567865,0.0,-1.118728039696446,4.106948513547341,0.0,0.0,0.0,1.320497206908014,0,0,0,0,0,0,15.517274025506866,-1.1545996141800037,-37.160436036133135,-0.031933372029607,0.376788006337892,-0.3421414005347179
data/sensor_images/image_3254.png,surface,0.0,0.0,0.7840985748069782,7.171384747223518,-0.6846691163211481,0.0,4.307158627687679,1.563424522600166,0.0,0.0,0.0,-1.0997113723139045,0,0,0,0,0,0,0.7291248989752004,6.51380477977964,-40.22864924797734,-0.1500459122935395,0.409644240879859,-0.0630132863738427
data/sensor_images/image_3255.png,surface,0.0,0.0,1.332616189970912,21.12383815528963,-0.8389668522063032,0.0,0.4992293990215258,4.695247991706373,0.0,0.0,0.0,4.274092694930051,0,0,0,0,0,0,0.367101809793497,16.118020299888983,-37.18127151609647,-0.1488500018550232,0.4652895312361875,-0.1020142905038765
data/sensor_images/image_3256.png,surface,0.0,0.0,1.2123722671481227,-12.197081055724388,-0.0118505553412321,0.0,1.7344927479606846,-0.5790359518528341,0.0,0.0,0.0,-0.5334817042639024,0,0,0,0,0,0,1.4714775503545678,-7.615426139242667,-39.32461702068763,-0.1617138797464899,0.3588713995764498,-0.2126096288034723
data/sensor_images/image_3258.png,surface,0.0,0.0,0.6904569390150981,-2.3136396942129007,2.304459712134643,0.0,-1.6283827592644753,2.3975366409954884,0.0,0.0,0.0,-2.226323192524636,0,0,0,0,0,0,3.0412770594929768,-0.709081402673449,-40.05747913692258,-0.1490262443821128,0.4078472381149476,-0.1482417242788775
data/sensor_images/image_3259.png,surface,0.0,0.0,1.0650480208338615,-2.349487983318971,22.16135696758037,0.0,-0.0133019668759781,-3.008243522375384,0.0,0.0,0.0,-3.1362793512031684,0,0,0,0,0,0,17.385610910698936,0.0253911494136875,-36.416991434278536,-0.0808961832893804,0.3837275909993866,-0.1868718028750945
data/sensor_images/image_3260.png,surface,0.0,0.0,1.7882917075759837,2.4416155361167675,15.652646328731173,0.0,3.865469153890604,-1.574532689584835,0.0,0.0,0.0,-4.334714894023421,0,0,0,0,0,0,13.283268652614131,3.335672288230729,-37.91174890705265,-0.1008670129857529,0.3857198758035635,-0.1564685777303316
data/sensor_images/image_3261.png,surface,0.0,0.0,2.9790327193170776,20.93181889154944,10.793653720754046,0.0,0.2887153646141332,3.213074253255108,0.0,0.0,0.0,3.052650693577389,0,0,0,0,0,0,7.651951874972745,14.239751250710007,-33.56463473532828,-0.1714351097792756,0.4269941051084443,-0.1494939026845399
data/sensor_images/image_3262.png,surface,0.0,0.0,1.5394075296781844,-16.883397840919095,3.528212796781114,0.0,0.0836932952174482,-3.344674670693376,0.0,0.0,0.0,2.4970473468786345,0,0,0,0,0,0,3.641920518309955,-10.56299107059791,-37.9603294320298,-0.1026774187570862,0.295436843725082,-0.4146825667058559
data/sensor_images/image_3266.png,surface,0.0,0.0,2.6496747195489454,-24.39478030026964,-0.404341124622484,0.0,-0.3658920733685344,1.780214296793869,0.0,0.0,0.0,-4.23068486153781,0,0,0,0,0,0,0.3826530696531349,-17.47120395300551,-35.47945102844358,-0.2501465913864147,0.300897185090611,-0.278332180876347
data/sensor_images/image_3267.png,surface,0.0,0.0,2.173464232346504,-6.29583436664018,-2.350001365663617,0.0,4.238283819078863,-2.335680891590924,0.0,0.0,0.0,-2.808228581908272,0,0,0,0,0,0,-0.305825101708431,-3.388981358908101,-40.06913642697767,-0.1337450573560665,0.3515263116088122,-0.1504456772448181
data/sensor_images/image_3268.png,surface,0.0,0.0,2.996709211947368,6.327688058496023,17.526777320545083,0.0,-1.13512869316285,-2.3385294020623952,0.0,0.0,0.0,-0.2505878916276955,0,0,0,0,0,0,12.996066726235306,7.92505069490949,-34.28856784367604,0.0196497871383402,0.4051358856102639,-0.2167379532098905
data/sensor_images/image_3270.png,surface,0.0,0.0,2.608396713174632,21.62564242389965,-2.0101643129487505,0.0,-1.9787865136183351,3.753958851102429,0.0,0.0,0.0,0.6296492251197074,0,0,0,0,0,0,-1.0589374212493288,16.18426657834067,-35.89825189558227,-0.1431818942503231,0.4695929587941401,-0.1112130663832618
data/sensor_images/image_3272.png,surface,0.0,0.0,2.386921565825693,1.666642023811251,18.980935443046416,0.0,-0.2342187273823773,2.382519494557588,0.0,0.0,0.0,-3.6455601427747975,0,0,0,0,0,0,14.688917675788826,2.0083277529923915,-36.51540332792833,-0.159547214879094,0.367177410528113,-0.1669322475163251
data/sensor_images/image_3273.png,surface,0.0,0.0,2.039708964941771,14.315092776496453,2.925836114821782,0.0,-0.2455748102681519,-4.805851060169943,0.0,0.0,0.0,-3.745456506955056,0,0,0,0,0,0,2.776994280284367,12.887168751416556,-39.07455865175227,-0.1061644035334952,0.4010122097537051,-0.0129612611615372
data/sensor_images/image_3274.png,surface,0.0,0.0,2.3645366125572096,-7.472163021002271,6.7527218374612215,0.0,-0.5096331418477139,-2.4385727042597747,0.0,0.0,0.0,-4.08774335437962,0,0,0,0,0,0,6.123115534555828,-3.186248111818953,-38.5943351788865,-0.0704920357314898,0.3943281239155842,-0.1772518729473303
data/sensor_images/image_3275.png,surface,0.0,0.0,2.943635515855115,8.082523999444755,6.946555500130019,0.0,1.7481345390650571,-1.913715674227335,0.0,0.0,0.0,-1.6189857933439065,0,0,0,0,0,0,6.840193690650002,8.834118526573853,-38.17165352756767,-0.0488900261833612,0.3362673635969133,-0.0689308441325219
data/sensor_images/image_3276.png,surface,0.0,0.0,1.0511868686754826,-21.639778647927013,-12.715042250654578,0.0,-2.091165955768136,1.9393882279768628,0.0,0.0,0.0,-3.000547673667887,0,0,0,0,0,0,-8.002806796151091,-14.548752559835386,-36.95331153143579,-0.2162405378505895,0.3309456836094831,-0.2119725364257831
data/sensor_images/image_3278.png,surface,0.0,0.0,1.8814730650386209,-6.436456868430655,-8.337407476192212,0.0,3.908873716956664,-1.3866159380673486,0.0,0.0,0.0,-2.599560518397197,0,0,0,0,0,0,-4.7716104480210735,-3.1677145102895827,-40.11859432009389,-0.1734754069466245,0.3518167299228382,-0.1219604889345109
data/sensor_images/image_3279.png,surface,0.0,0.0,1.340216804932099,-14.831979252333962,-4.554812281379499,0.0,-4.685615438867968,1.4836909051828666,0.0,0.0,0.0,0.225953244871043,0,0,0,0,0,0,-2.7238020903931366,-10.125143347134472,-39.3696036936415,-0.1736811353287244,0.31626973502688,-0.366678352550993
data/sensor_images/image_3281.png,surface,0.0,0.0,1.856343660595588,-3.9293571198567694,8.048459137768496,0.0,4.629650773874761,-1.152204090814256,0.0,0.0,0.0,-4.675400437873119,0,0,0,0,0,0,7.8517232647551936,-1.4627051277706256,-40.10956487496221,-0.1198888856937066,0.3624771244097576,-0.1508054104084963
data/sensor_images/image_3282.png,surface,0.0,0.0,0.5131331085600459,17.64431168175686,-16.668905221902055,0.0,-0.0691982049821099,-2.3199793946800766,0.0,0.0,0.0,-1.4912904465975585,0,0,0,0,0,0,-11.2181807679741,14.934665803018362,-37.70756631350759,-0.1446473648604699,0.4067197540430617,0.0657066528091517
data/sensor_images/image_3283.png,surface,0.0,0.0,2.7775065832573294,14.95090658294072,-17.822191928645605,0.0,1.531068565979658,-4.16203044049584,0.0,0.0,0.0,-3.5852766966819827,0,0,0,0,0,0,-12.07093297645584,13.866322395710002,-36.47402680544188,-0.0752388585309188,0.429457203267328,0.0438988312830995
data/sensor_images/image_3285.png,surface,0.0,0.0,2.2150868055627395,16.866521765900057,-12.320856234707405,0.0,3.1981769048650026,3.4559716404100302,0.0,0.0,0.0,0.5149820016823199,0,0,0,0,0,0,-7.502947890642357,13.25441707847203,-37.170987909802285,-0.152961421597593,0.4432137339546576,-0.121625316982316
data/sensor_images/image_3286.png,surface,0.0,0.0,1.7718031752945649,-10.713423307814043,-8.34994364400676,0.0,-4.065307083377783,-1.1412941437530972,0.0,0.0,0.0,4.036223241852953,0,0,0,0,0,0,-5.4083040566006,-6.639234571120991,-39.56277793246689,-0.2000583802585367,0.3596843448737161,-0.3272686343909507
data/sensor_images/image_3290.png,surface,0.0,0.0,2.2449209503710343,-9.596312626569045,23.00404442352917,0.0,-1.2700189486668647,-3.5640431401311408,0.0,0.0,0.0,-0.5410556453961499,0,0,0,0,0,0,17.63319405214156,-4.668152684077249,-34.271772800622664,-0.0407046948594511,0.3648215400983879,-0.2096604710269616
data/sensor_images/image_3291.png,surface,0.0,0.0,2.648573099119643,-1.3068976762397204,-24.636937433928683,0.0,-1.9166221845398936,1.217354642093856,0.0,0.0,0.0,-0.0575567877719809,0,0,0,0,0,0,-17.98099112445429,0.2355802770536379,-35.37185554239657,-0.2323324455309232,0.4740897293150875,-0.0455587828385865
data/sensor_images/image_3292.png,surface,0.0,0.0,0.761270683340372,19.37175118393918,-1.7027225152829335,0.0,-3.151721803398461,-1.7834297548553566,0.0,0.0,0.0,1.21611968898557,0,0,0,0,0,0,-0.536978545218047,16.077975902443498,-38.938343773549086,-0.1435201975761284,0.470570960844068,-0.1200098896331885
data/sensor_images/image_3293.png,surface,0.0,0.0,1.95334992748916,10.18130842352955,-14.20658145316297,0.0,0.6121842450206559,0.3150078993093005,0.0,0.0,0.0,-1.6228671294779105,0,0,0,0,0,0,-9.9072100901607,8.753493811239053,-38.28632030264598,-0.1504453969152841,0.3709061066155255,-0.0117643921634293
data/sensor_images/image_3294.png,surface,0.0,0.0,1.646431025806267,-20.57441898402731,4.498672273233434,0.0,-1.9524458127107087,1.393824926306252,0.0,0.0,0.0,-4.062241459476922,0,0,0,0,0,0,4.629655221350118,-14.399534940102429,-38.19736787289678,-0.1662249249218612,0.3590634602883888,-0.2746089594416026
data/sensor_images/image_3295.png,surface,0.0,0.0,2.980436785791741,-13.757482784028614,-2.226920906315442,0.0,-3.898050877925204,-1.672645209031025,0.0,0.0,0.0,-4.660853298136747,0,0,0,0,0,0,-1.986834084715172,-7.850345118587453,-36.571626227353626,-0.1413581381188628,0.4662631048502907,-0.2262095427954266
data/sensor_images/image_3296.png,surface,0.0,0.0,2.842433748728206,14.67735470718188,-9.285037324963554,0.0,-3.3484073044015017,2.399473558143724,0.0,0.0,0.0,2.8891740596914435,0,0,0,0,0,0,-6.751747167671013,11.624869715330677,-37.06947940596666,-0.2022626578634181,0.5226410822708923,-0.130037575548132
data/sensor_images/image_3297.png,surface,0.0,0.0,0.9655094851396374,-19.021540290782458,9.68123882728605,0.0,1.7632099190417985,-0.9408058660806212,0.0,0.0,0.0,-0.7291292818333863,0,0,0,0,0,0,8.353495954050885,-12.457430044250666,-38.34038294196898,-0.1129403712700812,0.3225047622513087,-0.2423624999893214
data/sensor_images/image_3298.png,surface,0.0,0.0,0.7440122986926583,-13.18888704532813,-15.001458172074884,0.0,2.1212290718964057,-1.0855115721475277,0.0,0.0,0.0,-3.2452149396570897,0,0,0,0,0,0,-9.695130346292634,-8.582672150309213,-39.056809902190885,-0.1809708625882098,0.3552948047397388,-0.1626247947945263
data/sensor_images/image_3299.png,surface,0.0,0.0,1.634095859607131,13.420572576992315,-14.31295280592832,0.0,-0.7338249778278693,-3.779780546860014,0.0,0.0,0.0,3.445251805832685,0,0,0,0,0,0,-9.63442087909705,11.726610619289042,-38.02657337585018,-0.16349419583081,0.4613848687924423,-0.1457773437178281
data/sensor_images/image_3300.png,surface,0.0,0.0,0.5478793114215257,11.099486282303234,19.227907529695585,0.0,-4.361965869603168,-0.7200023040350492,0.0,0.0,0.0,-0.1655996082107433,0,0,0,0,0,0,14.56443218643981,9.729682498764031,-37.45897760055981,-0.1262328894231233,0.3998396006882663,-0.0699575383671737
data/sensor_images/image_3301.png,surface,0.0,0.0,1.7424084016796209,-3.637364959406697,-16.391902452419295,0.0,-3.1134600376111177,0.7827553212645364,0.0,0.0,0.0,3.120429848645159,0,0,0,0,0,0,-11.806100314311507,-1.543390367813644,-38.93229327819071,-0.23876645430995,0.3934798491067783,-0.2508932080162267
data/sensor_images/image_3302.png,surface,0.0,0.0,2.346106444822208,7.430781535963496,15.26140642414052,0.0,-0.5914679387047118,-1.692409803726424,0.0,0.0,0.0,4.820809950443659,0,0,0,0,0,0,12.278273481733905,7.465705673571344,-37.45235096663746,-0.0196433797364121,0.4287930754501569,-0.2365601785583801
data/sensor_images/image_3303.png,surface,0.0,0.0,2.708166844061146,9.870878295363358,-16.968708832038043,0.0,2.255283213799132,-2.955545046680011,0.0,0.0,0.0,1.0929940447452484,0,0,0,0,0,0,-10.83740456267123,9.831454973305034,-37.00921778180835,-0.108291820607328,0.4470498856113684,-0.1759635258430771
data/sensor_images/image_3304.png,surface,0.0,0.0,2.908095395975113,-8.645494007259188,22.284435674137367,0.0,-2.657607187992839,1.549532153205315,0.0,0.0,0.0,-2.880116414268418,0,0,0,0,0,0,15.402260062689392,-5.521808589036566,-32.27105222190761,-0.1469240951730356,0.4153127360235436,-0.246807216949702
data/sensor_images/image_3305.png,surface,0.0,0.0,2.7921950230662413,-5.744883337443174,-14.125424652378475,0.0,-3.501775444074952,-0.3792472246370851,0.0,0.0,0.0,4.966168485480599,0,0,0,0,0,0,-10.95803276409104,-3.153160242405965,-38.51616854782007,-0.2104508738657863,0.4563710940634738,-0.2782007661647327
data/sensor_images/image_3306.png,surface,0.0,0.0,2.784862091485904,-1.87150738510474,0.735540195565348,0.0,-3.267746492438689,-3.236989244307677,0.0,0.0,0.0,0.0569879380310034,0,0,0,0,0,0,0.860337035756704,0.9078342227365008,-39.02927759718905,-0.0868420932486877,0.4568903260502664,-0.2905582720277443
data/sensor_images/image_3307.png,surface,0.0,0.0,1.337182444555903,-6.880431208442699,7.5024203327317425,0.0,1.0400992020044133,-2.795546620914964,0.0,0.0,0.0,4.276670267832046,0,0,0,0,0,0,7.339431865365106,-3.823425179673144,-40.52696886739439,-0.0776137307567207,0.3629579000369378,-0.3572865045972289
data/sensor_images/image_3309.png,surface,0.0,0.0,2.5355352083173983,-8.988214781966077,6.969654463878902,0.0,-0.9322559333028168,-2.928960206911216,0.0,0.0,0.0,4.272339289254861,0,0,0,0,0,0,5.829282448322238,-4.486809619173996,-39.13750003189706,-0.0208615409822112,0.3618483792662237,-0.326932609999176
data/sensor_images/image_3310.png,surface,0.0,0.0,1.6678657079048245,2.813299087866941,1.3331542311885596,0.0,1.830314813893385,-2.7191104199199416,0.0,0.0,0.0,-3.1969245991393755,0,0,0,0,0,0,1.990485060768495,3.792450932308508,-41.15725308281412,-0.1203440056089941,0.4021293225243867,-0.0973389929546862
data/sensor_images/image_3311.png,surface,0.0,0.0,0.8764034835106158,3.5229292831192063,-14.993086704831107,0.0,3.740956774951076,0.3533137594199282,0.0,0.0,0.0,2.505374420195996,0,0,0,0,0,0,-10.849212793106185,3.499423570552534,-40.226707366813024,-0.1867779699720761,0.3964883441629666,-0.2249444212515549
data/sensor_images/image_3312.png,surface,0.0,0.0,1.635671567944643,21.6804592426883,-2.550311968457492,0.0,-4.523384318099115,-2.056944289080457,0.0,0.0,0.0,1.2084617704161218,0,0,0,0,0,0,-1.8048242315730991,17.5542166549232,-37.93034253427206,-0.119852221817811,0.4871426159652724,-0.1032195721335223
data/sensor_images/image_3313.png,surface,0.0,0.0,1.4247992679262107,15.929159791841974,-18.04728197718689,0.0,1.4036798224281355,-3.230210384707812,0.0,0.0,0.0,-3.2666525465898086,0,0,0,0,0,0,-11.78007801077459,13.699978409374124,-37.442045054720495,-0.1298928520584651,0.4120041040530366,0.072901258957058
data/sensor_images/image_3314.png,surface,0.0,0.0,0.7133056613404589,15.368432884275736,3.4618665839139715,0.0,-0.2654594640419319,-3.661628148962415,0.0,0.0,0.0,3.4399913711330754,0,0,0,0,0,0,3.250147598996319,12.814854763910043,-39.71161939365822,-0.1174161271740661,0.4432659957203163,-0.1747833668345162
data/sensor_images/image_3315.png,surface,0.0,0.0,1.3760326265933456,-6.219279405491084,-18.908653972451297,0.0,-1.995238037272543,-1.8272728560878069,0.0,0.0,0.0,-3.152278861239446,0,0,0,0,0,0,-13.010260713473084,-3.210825761120805,-39.54501883462348,-0.1956639576078936,0.4108532633559699,-0.1144681619188812
data/sensor_images/image_3316.png,surface,0.0,0.0,2.898051532303531,2.0118970285542024,-10.77669810608926,0.0,-0.8496760308260649,-0.4679185501389702,0.0,0.0,0.0,-1.0543324569249035,0,0,0,0,0,0,-7.820848988781217,3.5294151561175715,-38.220076492340944,-0.1187667946836878,0.4713921541203504,-0.0748270224960402
data/sensor_images/image_3317.png,surface,0.0,0.0,2.816185306764236,16.831653775538616,0.5663198919328352,0.0,-0.3025600783421468,-3.926788755531077,0.0,0.0,0.0,-2.842478764358796,0,0,0,0,0,0,0.7979884162764258,15.20654751039188,-38.14741477972724,-0.0616679025420578,0.4050243296477387,0.0269024644397032
data/sensor_images/image_3318.png,surface,0.0,0.0,2.922845051452333,-4.513709027552229,15.465589342519534,0.0,2.2723247074773925,2.689978523257472,0.0,0.0,0.0,4.473178036052177,0,0,0,0,0,0,13.933903354859984,-3.277758049379657,-37.7323681673329,-0.1195951254612979,0.2916042531406811,-0.347874771047806
data/sensor_images/image_3319.png,surface,0.0,0.0,1.9292069312571416,-14.069300340058998,19.36905090236145,0.0,3.765622783104493,2.6901455974545887,0.0,0.0,0.0,1.0697381098508894,0,0,0,0,0,0,16.385464203716083,-9.369460111081665,-36.950719702476015,-0.0428426858571625,0.2936097791793395,-0.4090115163526482
data/sensor_images/image_3320.png,surface,0.0,0.0,0.7647376470859428,13.039578901391836,-17.71786619850352,0.0,3.2311217822169205,-1.839684854464112,0.0,0.0,0.0,1.669040080430996,0,0,0,0,0,0,-11.824690730878183,11.441622589332429,-38.48763987525543,-0.196923199868383,0.4658273002736263,-0.1347604537674236
data/sensor_images/image_3321.png,surface,0.0,0.0,1.0674708764633152,-1.7516421604991022,-5.976152139429502,0.0,3.223210875711094,3.674195490673487,0.0,0.0,0.0,3.395139415788389,0,0,0,0,0,0,-3.5456439650331752,-0.3807145576039404,-42.01522111297289,-0.173695460497404,0.3882461063308249,-0.2857205750234309
data/sensor_images/image_3322.png,surface,0.0,0.0,0.9659134282478796,-9.537693117373273,-11.952631195100926,0.0,-0.2633913271200258,-1.3760903977403571,0.0,0.0,0.0,0.0120340757796553,0,0,0,0,0,0,-7.139524580652846,-5.707851717527659,-40.20208188182642,-0.2326079630966531,0.3634407935147638,-0.303340568318061
data/sensor_images/image_3323.png,surface,0.0,0.0,0.9716339621750564,-24.078659392220025,-4.268266771553372,0.0,4.38025779502976,-1.4378112342835778,0.0,0.0,0.0,-0.3666367821819687,0,0,0,0,0,0,-1.7523676419650678,-16.383856696793178,-37.99548667833116,-0.1771338593791885,0.3090713041826668,-0.2518385779708941
data/sensor_images/image_3324.png,surface,0.0,0.0,2.720857216630159,2.04324839523984,-17.49874405188567,0.0,-2.1949015935834617,2.3208214147961783,0.0,0.0,0.0,-0.0603800275179526,0,0,0,0,0,0,-12.750070060542754,2.824555014143944,-37.50260158358142,-0.2147106970930581,0.4721116401395767,-0.0316142152313728
data/sensor_images/image_3325.png,surface,0.0,0.0,1.010044263904673,16.19238064153694,15.84189784545904,0.0,-1.3426924390640471,-1.7165190262509082,0.0,0.0,0.0,-1.0936943725028856,0,0,0,0,0,0,12.772071356161536,14.321988798085217,-37.84447755903592,-0.1322369323782903,0.4071535366877175,-0.0306490794531202
data/sensor_images/image_3326.png,surface,0.0,0.0,1.447413708331423,18.488204979981973,16.953731245713385,0.0,2.785827421769476,-2.103898117799955,0.0,0.0,0.0,-1.6814007119946273,0,0,0,0,0,0,13.667462073073226,15.866695897335363,-36.69473661067958,-0.1392835388009182,0.4294101146808586,-0.032601843691553
data/sensor_images/image_3327.png,surface,0.0,0.0,0.7326672779945047,-24.463734687534743,-4.64264804929909,0.0,0.3784844565577669,2.287752307122388,0.0,0.0,0.0,4.743879677596555,0,0,0,0,0,0,-1.9941967804482472,-17.369114942007563,-37.62121716056682,-0.1807813018106428,0.2325475135132831,-0.4046516152173539
data/sensor_images/image_3328.png,surface,0.0,0.0,0.591269971062151,-3.316369519532577,-10.087202853895016,0.0,-1.0999529620177455,1.0639815551200669,0.0,0.0,0.0,-2.813277005968764,0,0,0,0,0,0,-6.8320165197702085,-1.2642094705237368,-41.71412040156503,-0.1723958950909691,0.3961202592175163,-0.1148481158297209
data/sensor_images/image_3330.png,surface,0.0,0.0,2.406037979583721,4.012855837554151,-16.730979531646636,0.0,1.2088807835893651,0.2931750372803342,0.0,0.0,0.0,2.4128347487929016,0,0,0,0,0,0,-10.69890528587929,3.701807972230168,-38.29645350488737,-0.2109060271106335,0.3924446361445752,-0.2068416261754471
data/sensor_images/image_3331.png,surface,0.0,0.0,1.5872346042894332,-5.809106539841388,-21.71848263043709,0.0,-1.5045113147875544,3.4139558293903995,0.0,0.0,0.0,0.4820245222803017,0,0,0,0,0,0,-15.585524521419362,-3.3201729856643905,-38.14124749750381,-0.2523042205586189,0.3779808727140279,-0.2509479154026377
data/sensor_images/image_3334.png,surface,0.0,0.0,1.5854081627762755,-2.861728298532757,-6.742201433885271,0.0,-0.3694854041121183,0.1274763959213414,0.0,0.0,0.0,2.4691426934261305,0,0,0,0,0,0,-4.514991575196969,-1.032445332298953,-41.56037373884673,-0.1815695385867678,0.403210126609146,-0.2807444537573552
data/sensor_images/image_3337.png,surface,0.0,0.0,1.1988583917670352,7.318080899005118,22.732256094246026,0.0,1.160826540584053,-2.251113758020683,0.0,0.0,0.0,-0.2797874565400793,0,0,0,0,0,0,18.114530409296574,7.125821397449889,-36.81919534712846,-0.1159733241301485,0.4150868159859904,-0.1111535865578964
data/sensor_images/image_3338.png,surface,0.0,0.0,1.155834830726144,6.278093273350897,-8.884845950538237,0.0,0.7043718850354257,4.947682298481443,0.0,0.0,0.0,3.916995220260981,0,0,0,0,0,0,-5.957947634158332,5.928381800349561,-40.93690497465723,-0.1796180205568596,0.4089767016417414,-0.2091408834275505
data/sensor_images/image_3340.png,surface,0.0,0.0,2.735460990543056,-0.64941795797226,1.991618094606853,0.0,1.8370978920057748,-0.7713180202892176,0.0,0.0,0.0,-1.2732459840184007,0,0,0,0,0,0,3.770850542456835,1.8028065353084928,-39.39386277767306,-0.1081910758055106,0.3209528476586417,-0.1171567469679838
data/sensor_images/image_3341.png,surface,0.0,0.0,0.9845479063641324,-3.504654796423641,-8.645724772681808,0.0,-1.3813992979252812,-1.237048286174309,0.0,0.0,0.0,2.523472132217517,0,0,0,0,0,0,-5.705348799955048,-1.185102661208893,-41.23690064494021,-0.195466306754228,0.382191376811772,-0.2896598594810277
data/sensor_images/image_3342.png,surface,0.0,0.0,0.5770064762826612,-13.564832044561824,15.62770645322632,0.0,0.4089840497760826,3.616180969738304,0.0,0.0,0.0,-1.0497741569511887,0,0,0,0,0,0,13.00194784007745,-8.676602051245693,-38.6660759977032,-0.0909752253863066,0.3600577044592669,-0.2348983078935771
data/sensor_images/image_3343.png,surface,0.0,0.0,2.964649492706064,-20.72356679572487,-1.0144582863255849,0.0,0.5536653620932711,1.0167840595502775,0.0,0.0,0.0,-3.061967159622826,0,0,0,0,0,0,0.7742499013158579,-14.962782234001438,-35.93580878522441,-0.2463671247061874,0.2971427439959412,-0.2408471220321272
data/sensor_images/image_3344.png,surface,0.0,0.0,2.848933926580155,-7.948252074798817,-15.856417077487311,0.0,0.9090248610310856,3.252476961754708,0.0,0.0,0.0,3.0713716057396976,0,0,0,0,0,0,-10.51693545931596,-6.544963076477707,-37.85128494195088,-0.3250771746421259,0.3679180755896317,-0.2518989155537733
data/sensor_images/image_3345.png,surface,0.0,0.0,2.3073661659356777,15.28181737416476,9.644630803716808,0.0,1.7492880875174432,0.6748587591849874,0.0,0.0,0.0,4.248881556676247,0,0,0,0,0,0,8.710105421916476,12.511697226058509,-38.58162733197525,-0.109129271222293,0.4128887620078659,-0.1909192285580358
data/sensor_images/image_3346.png,surface,0.0,0.0,2.603602411393404,-4.369175323068552,11.535047699995523,0.0,0.8906710673532958,-3.3062531432109803,0.0,0.0,0.0,3.3939045332518294,0,0,0,0,0,0,10.59892164187874,-1.0296503857137689,-38.799014925971846,-0.0159093918358658,0.3333440154715081,-0.3074395170212744
data/sensor_images/image_3348.png,surface,0.0,0.0,0.6999437462857268,2.7094549331022795,6.090750888169556,0.0,-4.096751871307152,0.3761931769312536,0.0,0.0,0.0,-1.0219455906439423,0,0,0,0,0,0,6.327108000172114,3.552506193946821,-41.60327131498594,-0.1372950431659768,0.422786442487156,-0.1209970819131407
data/sensor_images/image_3350.png,surface,0.0,0.0,1.396211763230872,18.24249233485727,8.109189645647652,0.0,1.1610117689207995,1.106413234734793,0.0,0.0,0.0,4.865630925341245,0,0,0,0,0,0,6.972334017833656,14.912391237237976,-38.73133713130537,-0.1246922274339042,0.4393053812978738,-0.1642246391539084
data/sensor_images/image_3351.png,surface,0.0,0.0,1.3069406814343774,-24.72586616545764,2.814581080891277,0.0,4.5791517222492,1.4770441512851933,0.0,0.0,0.0,4.035832567058344,0,0,0,0,0,0,3.645269656651774,-17.40054564149156,-37.55609826976176,-0.1545209919571944,0.2284132688355046,-0.4188402180010804
data/sensor_images/image_3354.png,surface,0.0,0.0,2.0342143530370587,-3.135616706319224,12.932464062006575,0.0,0.1682590135023157,-4.223241723096003,0.0,0.0,0.0,4.321584778805349,0,0,0,0,0,0,11.231727735484483,-0.9200769795364449,-40.48970539653957,-0.0187390701806238,0.361649939272377,-0.3103684687161407
data/sensor_images/image_3357.png,surface,0.0,0.0,0.5328943323175503,-16.694998814921167,-17.400741923361313,0.0,1.919285446500356,4.489913691911277,0.0,0.0,0.0,4.197550738727783,0,0,0,0,0,0,-11.796307097237191,-11.8169705783623,-39.17452403262612,-0.2470722372736437,0.3041231724823819,-0.3254236134391563
data/sensor_images/image_3358.png,surface,0.0,0.0,0.7436485899294396,-16.839230946941576,-1.6960833159606,0.0,-1.5592415065549776,-2.271736177542109,0.0,0.0,0.0,-0.7464373708655403,0,0,0,0,0,0,0.2494692159461824,-11.599098098599349,-40.42682897860906,-0.1606485110945062,0.3508594747403876,-0.2214693112956893
data/sensor_images/image_3359.png,surface,0.0,0.0,2.320926010866541,-6.594625883077703,-12.729536729752384,0.0,1.7086581774282208,-1.7034675132767672,0.0,0.0,0.0,1.716195125837075,0,0,0,0,0,0,-8.039985817102945,-3.3346255256085087,-40.036384049765935,-0.1595285941784186,0.3363977808363982,-0.2803096349009216
data/sensor_images/image_3361.png,surface,0.0,0.0,0.8990509733488392,-5.673004553010315,10.291713042376612,0.0,-3.4952824185857883,2.850894837645771,0.0,0.0,0.0,0.9135723542822056,0,0,0,0,0,0,9.203484857167702,-3.2370270373823526,-41.38095831958384,-0.0855184620238699,0.370634827661612,-0.34381240920126
data/sensor_images/image_3362.png,surface,0.0,0.0,2.951138998933525,-19.83302600207543,-12.182628170965485,0.0,1.9238926029602816,1.5779127249062523,0.0,0.0,0.0,-3.678760042339131,0,0,0,0,0,0,-6.012321677726824,-15.059728094101825,-35.79891124184845,-0.3279131696577696,0.2652455795056331,-0.1707729318225637
data/sensor_images/image_3363.png,surface,0.0,0.0,2.550887180709265,-12.067617800407074,-10.289231998803784,0.0,3.8890248665586338,2.4070316720392664,0.0,0.0,0.0,4.692387596607523,0,0,0,0,0,0,-5.547844870130959,-8.998474813831251,-39.11796130413962,-0.2654461459495975,0.2990728931677525,-0.3201906977142208
data/sensor_images/image_3364.png,surface,0.0,0.0,2.2053665114369667,-16.49440277916695,-15.952931676481358,0.0,3.10752353703022,-0.2727031405993012,0.0,0.0,0.0,0.4287674626001969,0,0,0,0,0,0,-9.223282317537633,-10.981377976587586,-36.95696052889684,-0.2558120733716679,0.2893819135761939,-0.3277456092256662
data/sensor_images/image_3365.png,surface,0.0,0.0,1.3139885099863098,-8.719769343567231,-10.199549405579072,0.0,4.117680739997126,-0.6827121888379166,0.0,0.0,0.0,-4.866010316428696,0,0,0,0,0,0,-6.520955480631287,-5.54771353001142,-41.65101902207407,-0.1617699015104161,0.3783768600847667,-0.1499715202003948
data/sensor_images/image_3366.png,surface,0.0,0.0,0.9194576345600418,-13.14881998119036,-4.9329256036607685,0.0,0.2580259628365817,1.095576949133798,0.0,0.0,0.0,-4.843495996573955,0,0,0,0,0,0,-2.404319685633129,-9.25035502000826,-41.65459354739575,-0.1676701860536104,0.3753472231391191,-0.199359622738807
data/sensor_images/image_3367.png,surface,0.0,0.0,2.540257152550584,-1.8454894470563767,-17.29061377569502,0.0,4.302140380639857,0.4892670060359262,0.0,0.0,0.0,-4.170851761413226,0,0,0,0,0,0,-11.379931508962583,-0.5886456899364125,-37.90193395664038,-0.1839526161452479,0.3401922395272823,-0.0681952604023683
data/sensor_images/image_3368.png,surface,0.0,0.0,2.816348489967549,-5.9555948998061705,-18.361040872139608,0.0,-1.4468615544684826,3.181882925256799,0.0,0.0,0.0,3.8692136480920176,0,0,0,0,0,0,-13.049123367226043,-4.721008934749582,-37.67925926763427,-0.3139519263505942,0.4226303114419516,-0.240836062767444
data/sensor_images/image_3371.png,surface,0.0,0.0,0.7229616726061403,-8.954322101695743,-17.597053215779994,0.0,1.0606915403619446,3.643451046919997,0.0,0.0,0.0,0.3817286026838076,0,0,0,0,0,0,-12.31395559724637,-5.639688438494011,-39.894623951250985,-0.1887235635817165,0.3723749802708298,-0.105244021985759
data/sensor_images/image_3372.png,surface,0.0,0.0,1.7604943828995532,-12.227759472857043,21.44165346750884,0.0,-2.0988852046332336,1.2787228396807366,0.0,0.0,0.0,2.372427914914624,0,0,0,0,0,0,16.702476404760333,-8.227126666026026,-36.72209372050999,-0.0361778564203972,0.346222456858788,-0.3949435997356759
data/sensor_images/image_3373.png,surface,0.0,0.0,2.432803842285337,-14.588544886585062,9.860404341563296,0.0,3.495957942208958,0.9418825612795022,0.0,0.0,0.0,-3.7570473000470814,0,0,0,0,0,0,9.802329775963566,-10.278039786354425,-39.27746346482932,-0.154037879086459,0.302620543234154,-0.2294898474483013
data/sensor_images/image_3374.png,surface,0.0,0.0,2.9541077169364645,2.9463738870298144,-22.12771454337574,0.0,-4.654146467504415,-0.4735842141911143,0.0,0.0,0.0,4.034366001116123,0,0,0,0,0,0,-16.537413073229008,3.623347275557384,-37.86275975232607,-0.2142519434003895,0.5098990310934203,-0.1828372328746199
data/sensor_images/image_3375.png,surface,0.0,0.0,2.7896795758640147,13.634610469036158,8.276222677316495,0.0,3.71837196453002,-3.321940409422302,0.0,0.0,0.0,-0.1597051865576624,0,0,0,0,0,0,7.990605629676445,12.436055139106523,-38.21760118240562,-0.0559203918986029,0.414790882724132,-0.2067001022919933
data/sensor_images/image_3376.png,surface,0.0,0.0,0.5799949694112141,-2.5343438436478896,4.698862662746575,0.0,3.7133238318841792,-2.0547477733732182,0.0,0.0,0.0,-3.49473088126504,0,0,0,0,0,0,5.3642415087322926,-0.5896249859442575,-42.18746305879162,-0.1380216906338547,0.415808394947899,-0.154614315313354
data/sensor_images/image_3377.png,surface,0.0,0.0,0.5551762140757361,-5.659784099147901,-10.321145328427509,0.0,-0.1741114906901826,-2.1992178847215964,0.0,0.0,0.0,-0.161519817312282,0,0,0,0,0,0,-6.8854829826650965,-3.488747253981478,-42.35006943445246,-0.1811741806077917,0.3626551884974399,-0.2875102534416885
data/sensor_images/image_3378.png,surface,0.0,0.0,2.079310026087799,7.6348029193632785,10.741611542031851,0.0,-2.878029760957628,-0.6727096670518723,0.0,0.0,0.0,-2.7621031600681767,0,0,0,0,0,0,9.228933340299324,7.776704420458596,-40.28520294842954,-0.1236578278057294,0.4517919616302767,-0.0863948515375579
data/sensor_images/image_3379.png,surface,0.0,0.0,0.8195054396949091,20.182771719944466,12.33358927969947,0.0,-2.9062416689920854,-3.905549526099223,0.0,0.0,0.0,-3.326105166729202,0,0,0,0,0,0,9.846637148633938,17.191545884657707,-37.76454421654002,-0.1632445793751627,0.4290079450775557,0.0042523900508539
data/sensor_images/image_3380.png,surface,0.0,0.0,2.0184484981664297,0.4003339698951336,22.520177420740364,0.0,0.827200933509791,2.394393287932237,0.0,0.0,0.0,-4.368636020644098,0,0,0,0,0,0,18.93583330409893,1.1523851603357818,-37.80868847761022,-0.127668272719994,0.384817724131597,-0.1602767697738086
data/sensor_images/image_3384.png,surface,0.0,0.0,2.394701771710367,12.704448186798157,7.754659213422585,0.0,-1.9020398894647617,0.3569133015281878,0.0,0.0,0.0,1.2966678308062018,0,0,0,0,0,0,6.3931354457738365,10.56944670446335,-38.538098513949016,-0.1031138814143171,0.4759918415986459,-0.2006572032616386
data/sensor_images/image_3385.png,surface,0.0,0.0,2.2318030402939986,4.527647461096591,9.490557496415205,0.0,-2.485582516573036,-0.0209979882357265,0.0,0.0,0.0,-2.960878274408806,0,0,0,0,0,0,7.575091986044124,4.88247239078722,-39.41399021463979,-0.1254910477865621,0.4382642880202605,-0.108633710757162
data/sensor_images/image_3386.png,surface,0.0,0.0,1.6940998293636385,-1.4052776342917976,-24.59196003786373,0.0,-0.4866621588261241,1.9189327945514496,0.0,0.0,0.0,2.211445434894623,0,0,0,0,0,0,-17.97810860057789,0.0342324959394788,-38.165929644666896,-0.2729960885871991,0.4057493801313654,-0.1861835936824893
data/sensor_images/image_3387.png,surface,0.0,0.0,1.7715817895188384,5.753891238474727,20.752467050768765,0.0,2.962598849888445,1.4019318099649056,0.0,0.0,0.0,2.4824691985440897,0,0,0,0,0,0,17.081362407416663,5.505934889270732,-38.19725757564469,-0.0610062195331335,0.3925882007668764,-0.2743362467566769
data/sensor_images/image_3388.png,surface,0.0,0.0,0.725512631757177,-19.01566785121756,-8.664578748885107,0.0,-3.890535061605291,0.6796321248557554,0.0,0.0,0.0,2.913725027727918,0,0,0,0,0,0,-5.655153970792423,-13.805530314687449,-40.26763073392748,-0.199511991857474,0.2832253736406559,-0.3671467003249919
data/sensor_images/image_3389.png,surface,0.0,0.0,2.120900466276853,-6.856044587292904,-7.396480393380873,0.0,-1.35292257712873,-3.354623320631537,0.0,0.0,0.0,3.63496837060894,0,0,0,0,0,0,-4.761666428315731,-3.3777273217715384,-41.32786634177627,-0.1500391029717828,0.3944933081051503,-0.3133557017398812
data/sensor_images/image_3391.png,surface,0.0,0.0,2.5395802110937407,4.5349643378408135,-9.069159181150772,0.0,-1.4329151406945562,-0.562860822605171,0.0,0.0,0.0,1.31323897415945,0,0,0,0,0,0,-7.034824144746006,4.999460146427951,-40.41645866455942,-0.1467665250131363,0.4713249243125736,-0.2218101147272026
data/sensor_images/image_3392.png,surface,0.0,0.0,0.6229227030693587,7.391458045456674,8.326823519717854,0.0,-2.7788133044566816,2.293297272972686,0.0,0.0,0.0,4.054548564022332,0,0,0,0,0,0,7.666421017712474,6.896124464483435,-41.614667196432165,-0.109343605582875,0.4285487746073046,-0.2444067049550658
data/sensor_images/image_3393.png,surface,0.0,0.0,0.9694339759681988,-3.023001311383076,-11.247382104585832,0.0,3.1318306582103568,2.32568009153334,0.0,0.0,0.0,-0.4189751946891062,0,0,0,0,0,0,-7.698318656110397,-0.8154726963045416,-42.11672094878853,-0.1916710954558497,0.3889088690364405,-0.0923322541371521
data/sensor_images/image_3394.png,surface,0.0,0.0,2.1573960787252178,-3.423855851327497,8.211763358192156,0.0,1.3816313002455574,-0.2868938019606876,0.0,0.0,0.0,-4.982510077973309,0,0,0,0,0,0,8.90614647195705,-0.896644223719991,-41.0821187261943,-0.1257752737894047,0.3550231278343827,-0.1575891049716466
data/sensor_images/image_3395.png,surface,0.0,0.0,1.8793315607871528,4.502993839867408,-4.202955938798173,0.0,1.6944081719277402,3.824752635388263,0.0,0.0,0.0,-4.348104092715056,0,0,0,0,0,0,-2.027496342165936,4.910587435091308,-42.302215039533934,-0.1848352629226926,0.4039619162801295,-0.0571403969634638
data/sensor_images/image_3396.png,surface,0.0,0.0,1.537177805870373,10.278005099008356,19.978829489515967,0.0,0.5587458906782593,1.6041409155982338,0.0,0.0,0.0,0.0292232075847707,0,0,0,0,0,0,16.039787194310446,9.694208696341104,-37.82717701839562,-0.1364270580478553,0.4065406176639883,-0.1005074070034384
data/sensor_images/image_3397.png,surface,0.0,0.0,0.5674127747524573,-14.895860828194389,-0.3784350356193162,0.0,2.167696912854336,1.911186688919633,0.0,0.0,0.0,-2.9817057595297203,0,0,0,0,0,0,1.4119428107368162,-10.13131068517095,-40.81494104947625,-0.161817040105385,0.3583615223908239,-0.2131228595859075
data/sensor_images/image_3398.png,surface,0.0,0.0,2.5850487633075967,-10.042227556677368,6.839350579188187,0.0,1.4349247282300732,-4.507236348391049,0.0,0.0,0.0,1.824450170675956,0,0,0,0,0,0,6.718131669667359,-5.213508601337519,-39.12392693388563,-0.0426141195968506,0.3267392466470191,-0.3547834267970813
data/sensor_images/image_3402.png,surface,0.0,0.0,1.8623174670566631,-17.037047799415262,8.067966811280394,0.0,-2.928108680985052,1.3190400717614346,0.0,0.0,0.0,3.118546001301844,0,0,0,0,0,0,6.815241265668496,-12.352701549264324,-39.19081743513184,-0.1196949493276304,0.321029520303965,-0.4179970609416377
data/sensor_images/image_3403.png,surface,0.0,0.0,1.102352572371472,2.314641357860746,24.18876099549288,0.0,-4.155726776293999,-0.6631512184498389,0.0,0.0,0.0,2.021111651626857,0,0,0,0,0,0,19.13955660284011,2.931816787845269,-37.95230092215964,-0.0211811700390188,0.4099954446180085,-0.2821779361141124
data/sensor_images/image_3404.png,surface,0.0,0.0,1.7467780699632476,-2.87462190176854,-5.823415536505779,0.0,3.6265839109798144,1.5973201896250402,0.0,0.0,0.0,-0.3202588387737783,0,0,0,0,0,0,-2.766726414224194,-1.0744829816857526,-41.959038475166096,-0.1680999696084328,0.3947943656424738,-0.1308870526991084
data/sensor_images/image_3406.png,surface,0.0,0.0,1.0042607990303427,-3.270728842385732,1.6564113634340472,0.0,-3.3601491232427296,-3.4839837362578745,0.0,0.0,0.0,1.889636371268761,0,0,0,0,0,0,2.237269234681792,-1.280113603559714,-42.51546937280475,-0.1466659875086888,0.3773907954759355,-0.3088059428230228
data/sensor_images/image_3408.png,surface,0.0,0.0,2.9327753449074576,8.424417490094443,9.281328906702582,0.0,-2.5139056646909457,2.861546500582514,0.0,0.0,0.0,1.6488515920013045,0,0,0,0,0,0,7.62569066105492,6.847734310258217,-37.761390788051706,-0.1635777785517761,0.4712391262571883,-0.2542722608072212
data/sensor_images/image_3409.png,surface,0.0,0.0,1.6994170363843806,-14.893659344411276,11.542199078656434,0.0,-2.694098419716988,0.5316442014269851,0.0,0.0,0.0,-4.184086245095944,0,0,0,0,0,0,9.912047676528267,-9.850304651536694,-38.92652852312061,-0.1322228026029213,0.3723348949950615,-0.2459214252156099
data/sensor_images/image_3410.png,surface,0.0,0.0,2.7628014747276826,3.830285554305077,-12.234968783979916,0.0,-2.1082733348202654,-3.994736293923685,0.0,0.0,0.0,-2.3518044484126985,0,0,0,0,0,0,-8.543795303391486,5.445744060409616,-40.23838121674042,-0.0917731948843036,0.4612350811768137,-0.0462604255882727
data/sensor_images/image_3411.png,surface,0.0,0.0,0.5949507136438068,7.292488968359104,-7.475414414259491,0.0,-1.1399130132509352,2.241047004268113,0.0,0.0,0.0,-3.614014627073399,0,0,0,0,0,0,-4.373774539806736,7.194622201174351,-42.02959841781549,-0.1713051316140101,0.4245882860352946,-0.043723449917457
data/sensor_images/image_3412.png,surface,0.0,0.0,1.8097935967531904,-17.899373876742914,3.186774953121819,0.0,3.427847218912119,-0.933503297462262,0.0,0.0,0.0,4.800888498221216,0,0,0,0,0,0,4.374214210781766,-12.557441699373532,-39.57315347773235,-0.1322121352560474,0.2804461238313613,-0.3891519512505638
data/sensor_images/image_3413.png,surface,0.0,0.0,0.5071862806489811,20.930516740086222,12.961410513079429,0.0,0.5477304299134498,-4.668804506464722,0.0,0.0,0.0,-0.5672045722567063,0,0,0,0,0,0,9.710472952321677,17.636056118892988,-38.3964223185446,-0.163944470766813,0.3987220580203551,0.017473843466135
data/sensor_images/image_3414.png,surface,0.0,0.0,1.177469123101715,-5.146494405881849,-20.50652006941256,0.0,1.3020585616041862,4.272267092750091,0.0,0.0,0.0,-4.5017613657146445,0,0,0,0,0,0,-15.251700627453529,-2.8749956832909014,-40.63040951254629,-0.2095299974623123,0.3905926865616334,-0.0922781534411396
data/sensor_images/image_3417.png,surface,0.0,0.0,1.6575961628716485,-5.717166691551153,-11.880969023437489,0.0,3.5057438745983824,-1.9295895176996545,0.0,0.0,0.0,-1.9967557210265463,0,0,0,0,0,0,-7.858614424630962,-3.0980785762243457,-41.07864725630628,-0.1708068722346338,0.386511550910497,-0.1177605128157728
data/sensor_images/image_3419.png,surface,0.0,0.0,2.348672836891516,-14.258234580989102,16.778822851901467,0.0,-1.3023048700469746,-0.5076781308290128,0.0,0.0,0.0,-4.384515813252742,0,0,0,0,0,0,13.188074778013128,-8.923784991638948,-36.48858601627034,-0.0989706047246185,0.3916772970406328,-0.2517727802565443
data/sensor_images/image_3421.png,surface,0.0,0.0,1.7774896300453569,-9.897612000124246,-12.533239563390229,0.0,0.63307799287884,0.1375367673217355,0.0,0.0,0.0,-4.932013999457073,0,0,0,0,0,0,-8.26247330038221,-6.06720409717506,-40.71322766147686,-0.2046009264262253,0.3692015938334789,-0.1635561303963299
data/sensor_images/image_3422.png,surface,0.0,0.0,0.6585680276182346,3.24191009498542,-13.256990834549102,0.0,2.344719419713925,-0.2232429413399878,0.0,0.0,0.0,-0.4120641147677943,0,0,0,0,0,0,-9.319680133416616,4.185567497683343,-41.59659491255364,-0.1618019170895621,0.4031167533348097,-0.064715792106456
data/sensor_images/image_3423.png,surface,0.0,0.0,2.2832391110347503,20.25113625150713,3.7333430652298,0.0,3.3457015495282967,-3.51178349909939,0.0,0.0,0.0,-4.185373422860728,0,0,0,0,0,0,4.385674728127286,17.737172645640115,-39.040921974895774,-0.1108808631649461,0.4179209287430107,0.0155783542018897
data/sensor_images/image_3424.png,surface,0.0,0.0,1.83580338978701,-15.653809328325831,3.6040683604479065,0.0,-0.852068421250145,-2.2978352587204194,0.0,0.0,0.0,3.8081019411879673,0,0,0,0,0,0,3.4464108892724195,-10.14949436400086,-40.49346728560605,-0.097226471427159,0.3205521899998921,-0.3784536134745614
data/sensor_images/image_3425.png,surface,0.0,0.0,2.93392053260612,-12.482261911008186,-0.3605208984870149,0.0,3.933313239305879,-0.097919318576343,0.0,0.0,0.0,2.670294601785692,0,0,0,0,0,0,2.585304581704428,-8.643194127611087,-38.80493784406399,-0.1900163253048711,0.2274455716518552,-0.3433492270614439
data/sensor_images/image_3426.png,surface,0.0,0.0,2.6778176134157934,17.522517701495108,-11.600182671434975,0.0,3.090948229856852,-1.221207610299828,0.0,0.0,0.0,-1.091735731769078,0,0,0,0,0,0,-6.7894130989678585,15.78309015189614,-38.155305802909616,-0.0903082308013418,0.380073603824911,0.0281295651538197
data/sensor_images/image_3427.png,surface,0.0,0.0,1.3636139034205734,-2.654464030172512,21.902311847845656,0.0,2.508949186230423,-3.9296750188339096,0.0,0.0,0.0,2.54608694747268,0,0,0,0,0,0,18.415083549498764,-0.6063118869603192,-39.040012696990566,-0.0236325220739259,0.3622035483085767,-0.3159717206379603
data/sensor_images/image_3428.png,surface,0.0,0.0,1.4311440652982017,-7.4814442873730815,-21.063955577470946,0.0,4.286412036669251,1.3416286611983728,0.0,0.0,0.0,-0.5719446386249993,0,0,0,0,0,0,-14.848450060536598,-4.409698136578022,-39.57247187192793,-0.2084336496824589,0.3851838610588096,-0.094650859044544
data/sensor_images/image_3429.png,surface,0.0,0.0,2.1506956812959803,11.84132106712358,-2.698828101214338,0.0,-1.0236823618731037,1.7333088912073356,0.0,0.0,0.0,4.660044995635751,0,0,0,0,0,0,-1.6633838976859587,10.140995141906984,-40.86409020398424,-0.1770626138280427,0.4521780760745342,-0.1858238866433191
data/sensor_images/image_3430.png,surface,0.0,0.0,1.6461163588467016,2.851858522137902,2.8062035786727737,0.0,1.943123324925693,3.6511834769659695,0.0,0.0,0.0,4.438000606916976,0,0,0,0,0,0,3.390993586205787,3.3158859441582544,-42.92713160172435,-0.1459311469816693,0.3990366993063271,-0.2682267427794
data/sensor_images/image_3431.png,surface,0.0,0.0,1.886528445691399,-0.9044555786097632,21.33879655007223,0.0,-2.839389348123168,-3.5659452507772227,0.0,0.0,0.0,-3.9743220617553576,0,0,0,0,0,0,17.75755129186424,1.1612746015986986,-38.68038313631383,-0.0757369485885368,0.419410174145883,-0.1635581840916806
data/sensor_images/image_3432.png,surface,0.0,0.0,2.927415298672241,14.739439186018542,-8.762606466076098,0.0,3.558059296457764,-3.168433211525931,0.0,0.0,0.0,4.338817060630971,0,0,0,0,0,0,-5.210924571404034,13.98424255584255,-39.45931710420031,-0.0733946253568589,0.4257969723290413,-0.152403773252584
data/sensor_images/image_3433.png,surface,0.0,0.0,0.7266441840844435,-4.408280848907885,-8.789958160935665,0.0,2.78305188832988,1.339738849531434,0.0,0.0,0.0,-4.4666565570822,0,0,0,0,0,0,-5.610575279338128,-1.7445325837431174,-43.31309794079754,-0.179225458091177,0.4019171738021426,-0.1275256079807108
data/sensor_images/image_3435.png,surface,0.0,0.0,2.193974813658596,-6.855684448480602,2.050203471869782,0.0,2.5076531106729822,-1.255194077619093,0.0,0.0,0.0,-0.0941239585375157,0,0,0,0,0,0,2.7496983042442933,-3.59009756198742,-41.41228294502771,-0.1423531634525806,0.3433181536819109,-0.1513433226577619
data/sensor_images/image_3436.png,surface,0.0,0.0,1.048426851450652,1.2895416782316995,17.711499994564345,0.0,2.341124797045022,-1.8883915826577944,0.0,0.0,0.0,4.002331821838363,0,0,0,0,0,0,14.70096617982684,2.092380831079849,-40.25955879744306,-0.0382728417913242,0.3810032985063182,-0.2706775809055285
data/sensor_images/image_3437.png,surface,0.0,0.0,1.9652368351166831,8.378974348016364,21.32783533263205,0.0,1.9124169588189464,-2.948577530885592,0.0,0.0,0.0,1.8934867322686413,0,0,0,0,0,0,17.756737261274015,8.124228151751803,-38.17782728697401,-0.0443725971283098,0.405934383187492,-0.2596731763470873
data/sensor_images/image_3438.png,surface,0.0,0.0,2.437374150477512,15.861506524502625,3.1576760497306675,0.0,3.3553218035027528,2.2071592263563127,0.0,0.0,0.0,-1.286536578612365,0,0,0,0,0,0,4.022773813459999,13.334409066002824,-39.57063184815643,-0.1513621323074356,0.3722350291462976,-0.0048173257237809
data/sensor_images/image_3439.png,surface,0.0,0.0,1.2137697301041168,-9.131799872905358,19.615070032870708,0.0,2.354429421669668,-1.765940800572929,0.0,0.0,0.0,-1.174226191698544,0,0,0,0,0,0,16.404418611126403,-5.6287592587918045,-39.58146493292928,-0.0908637887814279,0.3545322082857764,-0.1918982286510521
data/sensor_images/image_3440.png,surface,0.0,0.0,2.942527353274324,8.591996848304028,-12.154998572017446,0.0,-2.723901566074048,-1.2557935137714191,0.0,0.0,0.0,-1.078148879790505,0,0,0,0,0,0,-9.091535457139694,9.055597427697196,-38.61767621346512,-0.1392060787646463,0.498897269494011,-0.0242648654474042
data/sensor_images/image_3441.png,surface,0.0,0.0,0.8256640462614113,23.29529985266741,-6.363629380188696,0.0,3.7026990425102,-3.3298740491426653,0.0,0.0,0.0,-3.8678295756422094,0,0,0,0,0,0,-3.359634093392174,19.31071793747504,-38.35372031633671,-0.1441879230540094,0.4241644457813155,0.0730516750379501
data/sensor_images/image_3442.png,surface,0.0,0.0,1.6848177741121355,-0.4664536864648602,-9.215427912496216,0.0,-3.358576877832522,2.3098912541757284,0.0,0.0,0.0,-2.8543403511275067,0,0,0,0,0,0,-6.26926977096984,1.0810775437761266,-42.02859159541253,-0.1815090098746881,0.4230032806833598,-0.0725164309996473
data/sensor_images/image_3443.png,surface,0.0,0.0,2.322177744299478,-15.53297208397346,-19.58715620269601,0.0,4.201387513685956,0.7817795126771014,0.0,0.0,0.0,-4.979093466438119,0,0,0,0,0,0,-11.699216185404342,-10.703017118232085,-37.3261604738001,-0.2566827275994553,0.3133719043276535,-0.1356790667865398
data/sensor_images/image_3445.png,surface,0.0,0.0,1.786226995279665,-23.32454390035685,7.490260738691126,0.0,-1.7358824420709795,3.2082069606806147,0.0,0.0,0.0,0.6538140705619346,0,0,0,0,0,0,6.714110626194236,-17.313974958318408,-37.62466307955877,-0.1227373864679037,0.2492707063132056,-0.4391904150498564
data/sensor_images/image_3446.png,surface,0.0,0.0,1.6870393002612936,-9.51637552491074,-7.489806887829287,0.0,-3.7560884942016286,-1.329336268801938,0.0,0.0,0.0,2.8929794602702774,0,0,0,0,0,0,-5.086738337404433,-6.120591754323724,-41.55168557025331,-0.188332473438907,0.3709417070729872,-0.3142337810602832
data/sensor_images/image_3447.png,surface,0.0,0.0,0.6340326840312553,3.8799993555894488,9.367279829088146,0.0,1.902960053027984,4.009794512385662,0.0,0.0,0.0,4.740211791778853,0,0,0,0,0,0,8.3174006887427,4.187387086576664,-42.07126428843608,-0.1068783843159134,0.404203405329768,-0.2713125094690948
data/sensor_images/image_3448.png,surface,0.0,0.0,1.30370594361711,6.110860867475087,9.202337901807317,0.0,0.3038476892807952,-3.9764012539277984,0.0,0.0,0.0,-0.5737114659575298,0,0,0,0,0,0,8.092285339339849,6.059665917823407,-41.58217623586375,-0.1318841463092465,0.392455599142077,-0.0778244034232518
data/sensor_images/image_3449.png,surface,0.0,0.0,0.7072835859631956,14.85528473900753,-17.826902960865443,0.0,-3.9980337842602416,-2.7270546352795835,0.0,0.0,0.0,-4.368369577863999,0,0,0,0,0,0,-12.253665704466966,13.42917490671537,-39.48485630717586,-0.1585134287934956,0.4107675068613895,0.0493903369658216
data/sensor_images/image_3450.png,surface,0.0,0.0,2.400787814598772,-12.371763546683855,-11.541917363186124,0.0,0.2296671231969178,4.544592521605359,0.0,0.0,0.0,-0.2479381954001311,0,0,0,0,0,0,-7.715646254961035,-9.203296346303269,-40.51002601825617,-0.249282312793901,0.3964088501661829,-0.1493863510719407
data/sensor_images/image_3451.png,surface,0.0,0.0,1.6939741272154558,-8.659757982566818,12.07909533854075,0.0,-0.5041410570544923,-3.7071861640797006,0.0,0.0,0.0,2.890422171899206,0,0,0,0,0,0,10.811892803538443,-5.213542602087761,-40.531834111850586,-0.0362798028267623,0.3655945391672207,-0.3522532952752319
data/sensor_images/image_3453.png,surface,0.0,0.0,2.402322340403904,-0.952131022112294,12.169027261784096,0.0,2.127647617808882,0.7835569799975299,0.0,0.0,0.0,-3.558347492330367,0,0,0,0,0,0,11.580016109826408,0.6723441207728403,-40.6326957978343,-0.1619537664476017,0.3406078189850107,-0.1452370693689763
data/sensor_images/image_3454.png,surface,0.0,0.0,2.1427980809955107,15.62175972595666,17.57467293353977,0.0,-3.7264967813482137,-2.6200922158402222,0.0,0.0,0.0,-4.826271869577886,0,0,0,0,0,0,13.796560219474088,14.0264940594737,-37.508739035550725,-0.0948680683529424,0.4365030428471387,-0.0235067676305528
data/sensor_images/image_3455.png,surface,0.0,0.0,1.533183857120024,-10.971758214722072,13.459890120962472,0.0,1.8907100516255704,3.871521364970717,0.0,0.0,0.0,2.187154466847744,0,0,0,0,0,0,12.065413527990255,-7.40809199717335,-40.33149340372332,-0.08190394164842,0.3408953644965859,-0.3966505598750097
data/sensor_images/image_3456.png,surface,0.0,0.0,0.8347448664625985,-15.339479875111795,-1.7431511703529825,0.0,-1.5567985365504564,-2.4419886405063083,0.0,0.0,0.0,4.847656500878651,0,0,0,0,0,0,0.2121105126560905,-10.318185345236044,-41.4908395467307,-0.162974561222049,0.3233025861562011,-0.3738583076688657
data/sensor_images/image_3457.png,surface,0.0,0.0,1.706492752828121,2.84772537013914,8.759875323260122,0.0,2.9179727704396208,3.9781258766069927,0.0,0.0,0.0,-4.6451491459566405,0,0,0,0,0,0,8.27261367213805,3.252257751962288,-41.45303117482767,-0.14572324770895,0.3968562321463859,-0.1378683365878714
data/sensor_images/image_3458.png,surface,0.0,0.0,0.9810923916891388,-4.0410883345046935,6.079471265654822,0.0,1.156513811217759,-1.944023963819248,0.0,0.0,0.0,-4.161012387072623,0,0,0,0,0,0,5.962311328332926,-1.6502756762409387,-42.558558894122775,-0.1201867783040927,0.376135785196424,-0.1599179951007686
data/sensor_images/image_3459.png,surface,0.0,0.0,1.548711069766062,3.638501369606479,2.7670841513684983,0.0,-2.2693202849402576,1.1704505424296057,0.0,0.0,0.0,4.853908205881954,0,0,0,0,0,0,3.112770040037657,4.0010554807861896,-42.06006732389613,-0.1504600077857853,0.4405139812479138,-0.2751553324061885
data/sensor_images/image_3461.png,surface,0.0,0.0,1.1897192092065487,-3.787698673686799,-12.510649678315955,0.0,-1.773456380119756,1.6113872337785475,0.0,0.0,0.0,-3.69516038675868,0,0,0,0,0,0,-8.950237246073725,-1.7289010711716972,-41.64819583001828,-0.1895970876996498,0.3951088752067425,-0.1026098691796637
data/sensor_images/image_3462.png,surface,0.0,0.0,1.5842708059740824,11.628100695515052,-2.353570905081742,0.0,1.1123545825233911,-0.4843624024127948,0.0,0.0,0.0,-4.761780274816079,0,0,0,0,0,0,-0.3412126899061865,10.938648928211176,-41.56714405780852,-0.1370649417949848,0.404149376271486,-0.0164792848210372
data/sensor_images/image_3463.png,surface,0.0,0.0,0.578701549228374,17.724551408491,16.59092682296202,0.0,-1.655553153805116,2.5230017521551904,0.0,0.0,0.0,-0.393582534210477,0,0,0,0,0,0,13.827841891539997,15.701258052981386,-38.7436056827451,-0.152105821409111,0.4196859455840015,-0.026134226361139
data/sensor_images/image_3464.png,surface,0.0,0.0,2.73507507804074,23.528476319252324,4.229700275117887,0.0,-3.98160750635118,-2.1660747670610285,0.0,0.0,0.0,-4.891114767378728,0,0,0,0,0,0,3.810956957306031,19.798634575410947,-36.975435907678566,-0.0994252554989545,0.4553412198286946,0.0706849261051837
data/sensor_images/image_3465.png,surface,0.0,0.0,0.6988324618763468,6.95212455465686,19.686145373525445,0.0,4.661030679367369,-1.6238421326993302,0.0,0.0,0.0,2.084891032336573,0,0,0,0,0,0,17.046643293193316,6.804216115994405,-39.43278673473449,-0.0535377312347073,0.4325574693218676,-0.2486680947585826
data/sensor_images/image_3466.png,surface,0.0,0.0,2.086158397662474,-6.391255910611039,-17.214613117935492,0.0,1.1347515213268882,-2.773015134086892,0.0,0.0,0.0,-0.7064768871373603,0,0,0,0,0,0,-11.51604552303425,-3.0751331804915574,-39.63999517406416,-0.1788502995684266,0.4062394572226249,-0.1196087430616025
data/sensor_images/image_3467.png,surface,0.0,0.0,2.928564563162436,-5.143564889549786,1.133620197004438,0.0,-1.7470665507389094,2.782387770828438,0.0,0.0,0.0,1.0613807214912825,0,0,0,0,0,0,1.447328660586005,-4.243447780920186,-39.73472207350488,-0.2478196255819444,0.4217053110677051,-0.3098601619534359
data/sensor_images/image_3468.png,surface,0.0,0.0,2.782785316015211,11.95742675554982,-14.862831827058832,0.0,0.6812063435599417,1.9716922276859896,0.0,0.0,0.0,-0.1395137524088827,0,0,0,0,0,0,-9.391603346217906,9.796898933830056,-37.595546696079474,-0.1807039969483354,0.4457361305726849,0.015354476813972
data/sensor_images/image_3469.png,surface,0.0,0.0,0.5773958803793735,12.33079066881389,12.825299783046598,0.0,0.2789120148850867,-2.7298006240953496,0.0,0.0,0.0,0.6157535850777807,0,0,0,0,0,0,11.2868385673388,11.066009103257576,-40.52277236740282,-0.100894462955489,0.4606535295994347,-0.2062064635034801
data/sensor_images/image_3470.png,surface,0.0,0.0,1.1755177755437602,0.4982669984992108,-6.881998259347151,0.0,2.9331508948722687,-2.2046015988081584,0.0,0.0,0.0,-4.437963997621565,0,0,0,0,0,0,-4.151193003759069,2.199520447404574,-43.0348480909997,-0.1621755353075959,0.3965213429759332,-0.0801226382986309
data/sensor_images/image_3471.png,surface,0.0,0.0,0.769265112277103,-4.443304332944623,-13.080510888910364,0.0,-4.395227580622321,-0.4895640619642222,0.0,0.0,0.0,1.566635511443346,0,0,0,0,0,0,-9.242752542984611,-2.057137333867168,-42.6787903570171,-0.2125698660764093,0.3729452885825537,-0.2818326196690409
data/sensor_images/image_3472.png,surface,0.0,0.0,1.5137757569630146,-10.975022783588734,-20.011062085336967,0.0,-4.090363293646148,2.2170155955406816,0.0,0.0,0.0,2.2957488617814006,0,0,0,0,0,0,-14.108392944270117,-7.585995348629382,-39.72233086750471,-0.27348881186673,0.367385596418037,-0.2879894134284314
data/sensor_images/image_3474.png,surface,0.0,0.0,0.9180006580605556,16.94795865150107,13.583413032853151,0.0,-0.904151161513584,-4.5532185905031,0.0,0.0,0.0,1.6980789549392128,0,0,0,0,0,0,11.189006515389332,14.187794743272748,-39.309729067123214,-0.0821743595876959,0.4638865077908134,-0.1743683516682981
data/sensor_images/image_3477.png,surface,0.0,0.0,1.4979139589944177,-21.300455369487512,2.8822561907414475,0.0,-3.1049043001044465,1.095743242657027,0.0,0.0,0.0,-3.575206142149816,0,0,0,0,0,0,3.681216568457153,-15.594079944920068,-40.0440830871325,-0.161340858615549,0.3537163664075314,-0.2896661493412544
data/sensor_images/image_3479.png,surface,0.0,0.0,1.21637436188972,3.1940442831498537,-2.195501249338625,0.0,2.65461522269428,-1.4476646437288,0.0,0.0,0.0,3.2281919720811576,0,0,0,0,0,0,-0.5674114074186227,4.307120774952342,-43.58486693010108,-0.1561335597886668,0.4139350512202368,-0.2477540519609754
data/sensor_images/image_3480.png,surface,0.0,0.0,1.5499751765310543,13.966200176076962,3.4868411063619007,0.0,-0.94868353769312,-3.539109695008438,0.0,0.0,0.0,-0.0532419813238522,0,0,0,0,0,0,3.820072541871234,12.696354514357646,-41.36897142746616,-0.1109049343776818,0.4670961404312032,-0.1905603755487721
data/sensor_images/image_3481.png,surface,0.0,0.0,1.525620194449126,12.52281470889767,-2.7387620992169435,0.0,-3.4463944263289683,-1.3467835935999992,0.0,0.0,0.0,4.895749536835428,0,0,0,0,0,0,-1.3964255282571223,11.431492809493594,-41.80984434391926,-0.1363895612723995,0.4511997732498863,-0.1691470960801344
data/sensor_images/image_3482.png,surface,0.0,0.0,1.7879259780942676,-21.18513512193328,-11.918245676850274,0.0,1.826127908244884,3.79908339110872,0.0,0.0,0.0,-0.9804202941098944,0,0,0,0,0,0,-6.820877963428783,-15.37282910426084,-39.14131101969506,-0.2328191615777107,0.3588718306152207,-0.2188205578614562
data/sensor_images/image_3483.png,surface,0.0,0.0,2.27224799902448,-4.100272687878244,15.657575239582105,0.0,-3.509059157710977,1.802574232165016,0.0,0.0,0.0,-4.998031852359554,0,0,0,0,0,0,13.06992871442062,-1.900982067178248,-39.98887342604236,-0.1388047083238572,0.4121856316459943,-0.1896591444819678
data/sensor_images/image_3484.png,surface,0.0,0.0,0.7794281362598433,5.796853644776314,4.929128578739701,0.0,-4.777016253628556,0.243858275173716,0.0,0.0,0.0,-1.440662988717889,0,0,0,0,0,0,4.982316426435977,5.827475512386594,-42.62768741216779,-0.1348237322908424,0.4027171764516484,-0.0732465370309102
data/sensor_images/image_3485.png,surface,0.0,0.0,0.7325547814523596,6.348984257913462,19.92846668776846,0.0,0.6300090145756239,-1.868698793223537,0.0,0.0,0.0,1.7200121536286508,0,0,0,0,0,0,16.693025218456917,6.625626616135766,-40.03282801934608,-0.0478338084675345,0.4230343144028397,-0.2538126473894062
data/sensor_images/image_3486.png,surface,0.0,0.0,0.8885760244209158,-12.089055181335905,19.757842013702646,0.0,-3.9187421007538425,2.480469991257596,0.0,0.0,0.0,1.35963117882726,0,0,0,0,0,0,16.461824112435444,-8.107299519072578,-39.01076262924656,-0.0269322397574153,0.3488345281010488,-0.3997558782865592
data/sensor_images/image_3487.png,surface,0.0,0.0,0.7404432466874327,-7.942505262595162,-7.91748088198263,0.0,2.480476092991208,-2.723800580448296,0.0,0.0,0.0,1.787405998455208,0,0,0,0,0,0,-5.453945575779244,-4.958363771233516,-42.51417856331607,-0.1830295011612275,0.3497697181339903,-0.3019383165227175
data/sensor_images/image_3489.png,surface,0.0,0.0,0.5780876251775973,-10.95280238395454,6.263945763767708,0.0,2.153208906819699,1.951571769667384,0.0,0.0,0.0,-1.702470498160035,0,0,0,0,0,0,6.622681745551752,-7.297855887016936,-43.03344057620177,-0.1439937467126709,0.3884145146821081,-0.2053773695538323
data/sensor_images/image_3490.png,surface,0.0,0.0,2.56757806619343,6.824966403651066,23.513486473096563,0.0,-0.1264726757092882,4.748844905465138,0.0,0.0,0.0,2.505360278823185,0,0,0,0,0,0,18.756243310391618,6.142165882695593,-36.64858722302855,-0.0875965741779607,0.3946702108156528,-0.292988040176489
data/sensor_images/image_3491.png,surface,0.0,0.0,2.502741570054205,-12.71261339004632,18.42939391175688,0.0,-1.3547893577146226,-1.8271055591687453,0.0,0.0,0.0,-3.1955210838179715,0,0,0,0,0,0,14.287484286866444,-6.938823071532728,-36.72113557361015,-0.0384754349485128,0.3895682261631973,-0.228615230163398
data/sensor_images/image_3492.png,surface,0.0,0.0,0.5595595607546218,15.75963495832372,-18.8749487865542,0.0,-0.3827085309659371,-2.301193756793859,0.0,0.0,0.0,-0.3873074804242113,0,0,0,0,0,0,-12.903732155201418,14.2024220936622,-39.74021668663463,-0.141663034564035,0.4166757320063268,0.0529840646745508
data/sensor_images/image_3493.png,surface,0.0,0.0,1.312500112942608,0.2511896325606628,-8.90956302845459,0.0,-1.824566915725508,3.201895279518878,0.0,0.0,0.0,-1.0288012179113593,0,0,0,0,0,0,-5.900984391338399,1.478281407180456,-42.66116823995773,-0.1800406569399901,0.409832408129494,-0.1022914622961374
data/sensor_images/image_3494.png,surface,0.0,0.0,2.066234333806088,-6.137392762940197,-5.741802172481514,0.0,-1.0761235228261834,0.4262229685487994,0.0,0.0,0.0,-4.764789514373911,0,0,0,0,0,0,-3.68071039282596,-3.30864270437415,-42.21872941566761,-0.1906241627447479,0.4262242314629624,-0.1404616765613764
data/sensor_images/image_3495.png,surface,0.0,0.0,0.8830554339532072,-20.71682733108654,9.919819137183126,0.0,0.8809549690983078,2.7291937013155363,0.0,0.0,0.0,2.5377939931468063,0,0,0,0,0,0,8.905958059541232,-15.274384142599944,-40.09139592712274,-0.0856662074799391,0.2734636336415599,-0.4170974190459182
data/sensor_images/image_3496.png,surface,0.0,0.0,0.9291351793675526,-18.882222728852927,-15.358637399006282,0.0,-0.3507255755153959,-3.987634238701312,0.0,0.0,0.0,-4.05437401741913,0,0,0,0,0,0,-9.915762533846728,-13.27782188333584,-40.14700172486764,-0.198821165437896,0.357910452415248,-0.1913801937675019
data/sensor_images/image_3498.png,surface,0.0,0.0,0.8937243346649264,14.64278332651268,-2.107263656215375,0.0,3.589275227270217,-1.867413266099403,0.0,0.0,0.0,-4.6160798227035285,0,0,0,0,0,0,-0.5052771049556797,13.3946175815301,-41.82437732782413,-0.1462748273890592,0.4082162043903429,0.001874755707846
data/sensor_images/image_3499.png,surface,0.0,0.0,2.1178116739492587,15.006419715814026,18.14223898552271,0.0,2.91243399079751,-1.7279655661763444,0.0,0.0,0.0,-3.2905765035457515,0,0,0,0,0,0,14.96138677753781,13.278986809521832,-38.19397681546699,-0.1091580614056456,0.3986210556968472,-0.0514835970375037
data/sensor_images/image_3500.png,surface,0.0,0.0,2.0743676351810603,-6.215342135228121,-2.5889156599268834,0.0,1.5115808291288664,-3.4290895554929084,0.0,0.0,0.0,-4.94987182505366,0,0,0,0,0,0,-0.3512142311141324,-3.089487461145217,-42.57249520348565,-0.112692738138311,0.3865417009004225,-0.1549978890236935
data/sensor_images/image_3501.png,surface,0.0,0.0,1.1675937829567615,-18.388622527893155,9.402911557762408,0.0,0.5561087825531518,-2.345427352525479,0.0,0.0,0.0,3.700411824970928,0,0,0,0,0,0,8.387333826561022,-13.363587934551612,-40.73579375857163,-0.0573432537810143,0.2947204786250132,-0.404233092857694
data/sensor_images/image_3503.png,surface,0.0,0.0,1.539057892395828,-23.56927187901272,5.886304665097985,0.0,2.745788807033411,-3.0364501203457164,0.0,0.0,0.0,-1.6145719848348672,0,0,0,0,0,0,6.241368774713582,-16.611832741550383,-39.27849392425035,-0.1330809798527507,0.3268785404680125,-0.2847459596019512
data/sensor_images/image_3504.png,surface,0.0,0.0,1.6969189662954391,-22.568267788732463,-2.2782174231958434,0.0,0.4246814222696091,3.270386097668087,0.0,0.0,0.0,-1.6163367170495355,0,0,0,0,0,0,0.4962577106458057,-16.55761918814589,-40.2524564318353,-0.2013144490728894,0.339331548826761,-0.2761152309513133
data/sensor_images/image_3506.png,surface,0.0,0.0,2.193728673472944,16.210088763310033,13.897480666533465,0.0,4.764737864188256,-0.969640798451344,0.0,0.0,0.0,-1.3483797535728526,0,0,0,0,0,0,12.072698306247762,14.488255640248958,-39.87676710608635,-0.1134564170561706,0.3685353100192851,-0.0167548481662977
data/sensor_images/image_3507.png,surface,0.0,0.0,1.2999386592462483,2.1174459720447127,-10.267495001276076,0.0,2.064195842759026,-2.5563149218734083,0.0,0.0,0.0,0.7509119445960311,0,0,0,0,0,0,-7.130662619935972,2.915282498344105,-43.336938188783215,-0.1929757342223935,0.4319710119436941,-0.2355758800131499
data/sensor_images/image_3508.png,surface,0.0,0.0,2.413880438734412,-6.72876176176381,18.81116607485486,0.0,-0.9887952349516946,-3.8689263846474335,0.0,0.0,0.0,-3.586948096924586,0,0,0,0,0,0,16.127500016220985,-2.75597085805752,-39.09535615378187,-0.0445698403665226,0.3949136722084114,-0.1981336816787607
data/sensor_images/image_3509.png,surface,0.0,0.0,1.6066419390723472,-22.07688198734956,-7.04029150782518,0.0,-3.7758252553942873,-2.8078087594437378,0.0,0.0,0.0,3.2892354776986803,0,0,0,0,0,0,-4.364639701030358,-15.820457021172404,-40.60874544649025,-0.206507404705335,0.3000733872014092,-0.4101369823994182
data/sensor_images/image_3510.png,surface,0.0,0.0,1.973504056770598,-14.01243131750802,20.239130779059,0.0,2.787774181920867,-3.494225777466456,0.0,0.0,0.0,-1.0155249553639911,0,0,0,0,0,0,17.460939949644263,-9.365577368575943,-38.33614844336126,-0.0607531267805994,0.3186944544390295,-0.2410420143057943
data/sensor_images/image_3511.png,surface,0.0,0.0,2.14074520459637,-21.72474051223412,-11.3248260293992,0.0,-1.5311854476669018,-4.110488873017172,0.0,0.0,0.0,0.5647710979822147,0,0,0,0,0,0,-7.412456108265443,-15.316987437345457,-38.41814145951223,-0.211467368465727,0.2978963129972908,-0.3757502167547966
data/sensor_images/image_3513.png,surface,0.0,0.0,1.7515719176789872,-15.385292633901804,12.454699691923976,0.0,0.8607967308180029,3.8079518008556543,0.0,0.0,0.0,-1.068118875204834,0,0,0,0,0,0,11.423228202837084,-11.275701535982158,-40.4775460239002,-0.1389739995520457,0.352067585699603,-0.2534119452266599
data/sensor_images/image_3514.png,surface,0.0,0.0,0.752658701173013,-8.901704770267434,4.836229988482176,0.0,-2.0807836277284006,-2.1603590075115155,0.0,0.0,0.0,-0.4770304689689117,0,0,0,0,0,0,5.244763343849871,-5.588032337745783,-44.020013980430925,-0.1305574458427672,0.3908618723427088,-0.184016162252902
data/sensor_images/image_3515.png,surface,0.0,0.0,2.6176112041670683,8.990344195002788,-9.412720786565446,0.0,2.921665829114765,-0.8395329405544233,0.0,0.0,0.0,-4.267112346397734,0,0,0,0,0,0,-5.542053485892577,9.539809758642429,-41.431061325010205,-0.1198634451870727,0.3763414280068334,-0.0209721775758261
data/sensor_images/image_3516.png,surface,0.0,0.0,2.8810416915131465,5.760109151325212,10.534553655705675,0.0,-0.2417387538524321,-1.2157791269663942,0.0,0.0,0.0,-0.9783863451024484,0,0,0,0,0,0,9.283665839645945,7.619221170762668,-40.50698442036819,-0.0018314519296526,0.4287638365580454,-0.0723328372245153
data/sensor_images/image_3517.png,surface,0.0,0.0,2.754596540422599,-3.5118013270203794,-23.546644995720392,0.0,-4.263293311447809,2.2163709365470208,0.0,0.0,0.0,-3.003349629854569,0,0,0,0,0,0,-17.741413373271985,-1.5555394138199072,-38.67609381813749,-0.2253469531937991,0.4781791225611883,-0.0525571751532851
data/sensor_images/image_3518.png,surface,0.0,0.0,0.6118840806004384,-13.098199339038906,12.100022992435726,0.0,-2.8181895678015345,1.808015955490671,0.0,0.0,0.0,-3.998378142470523,0,0,0,0,0,0,10.950857855028632,-9.4030419142575,-41.743793522364136,-0.1060937398754659,0.3610162834085682,-0.2344101943768464
data/sensor_images/image_3519.png,surface,0.0,0.0,2.63218413290298,-8.095635664911123,-8.777492370833818,0.0,3.1752789628843314,3.031087993998036,0.0,0.0,0.0,-2.6738441682000067,0,0,0,0,0,0,-4.6865359514340605,-6.22409265526012,-41.05637525290489,-0.2666825715410182,0.3577526031056642,-0.140519049579245
data/sensor_images/image_3520.png,surface,0.0,0.0,2.605185193541476,-5.5255508613117525,18.507862818603463,0.0,-1.3986379340846573,-0.8766760341509823,0.0,0.0,0.0,-0.9166307723209072,0,0,0,0,0,0,14.805556147671885,-1.82089983419136,-37.44453261363255,-0.0662548313725025,0.4275453485962032,-0.1916287137908475
data/sensor_images/image_3521.png,surface,0.0,0.0,0.8266725788788927,-13.009126944322851,-16.983690185172716,0.0,0.3654840219420507,-2.8045676606738,0.0,0.0,0.0,0.6530090982061907,0,0,0,0,0,0,-12.102946132775084,-9.089222727426012,-41.49820076872294,-0.2529366872548608,0.3292485574504769,-0.3073417447963154
data/sensor_images/image_3523.png,surface,0.0,0.0,0.6346235713693669,6.265761930521904,-24.14311055180658,0.0,0.0161314662930009,4.922352536291366,0.0,0.0,0.0,-0.4386136495691701,0,0,0,0,0,0,-17.70499983829953,6.782077655014226,-40.612544695816666,-0.1673890964160931,0.4248070656436597,-0.0201083163811026
data/sensor_images/image_3524.png,surface,0.0,0.0,2.529651873815044,-8.379533486897977,4.981423496581643,0.0,-1.352701440342252,-2.884391233324862,0.0,0.0,0.0,-2.64928613216585,0,0,0,0,0,0,5.178224058947665,-3.807059138563893,-40.67244370361798,-0.0613159410413636,0.4216785998305615,-0.1959639496582877
data/sensor_images/image_3525.png,surface,0.0,0.0,2.5050678612169373,-4.328466449233967,-6.094065196765017,0.0,2.5163250142902567,-1.2338387459242053,0.0,0.0,0.0,-1.7932992615226304,0,0,0,0,0,0,-2.477787278663324,-0.8086175790077164,-41.79132842335252,-0.1386659614860327,0.3429397290541534,-0.1253277868644759
data/sensor_images/image_3526.png,surface,0.0,0.0,2.919121306276611,-18.48022998866988,-1.1416762898339798,0.0,-0.0051417918192355,-4.560503066259029,0.0,0.0,0.0,0.5500770055941153,0,0,0,0,0,0,0.4694284604332048,-11.591718069158594,-36.44645117044385,-0.1308440098390337,0.3052960527835404,-0.3947179578056488
data/sensor_images/image_3527.png,surface,0.0,0.0,1.5848669205692387,13.125071496118982,-10.332152472051693,0.0,1.757275227409951,-4.514001370169697,0.0,0.0,0.0,2.4434482610402206,0,0,0,0,0,0,-7.149251414697854,12.35434509881431,-41.99232423997712,-0.1604433678642012,0.4533485734851483,-0.1559132986988874
data/sensor_images/image_3528.png,surface,0.0,0.0,1.7422516171255653,-5.332458631041994,-2.474900094430716,0.0,2.4049180916609623,1.853495250613468,0.0,0.0,0.0,-0.6687835752470308,0,0,0,0,0,0,-0.6970273558661737,-3.3057460650008696,-43.99626122237788,-0.1506113064849846,0.371180028417777,-0.1407374963016189
data/sensor_images/image_3529.png,surface,0.0,0.0,1.5777692634393343,8.200453649266548,11.394050915068568,0.0,3.249663273174799,-3.2675089028718207,0.0,0.0,0.0,-1.181948792149039,0,0,0,0,0,0,10.505591386867884,8.258794171905157,-42.07200139722553,-0.1332756551159742,0.4004082701725552,-0.0950785092961074
data/sensor_images/image_3530.png,surface,0.0,0.0,1.7759357800928366,7.925026050835543,15.22195416857646,0.0,1.7470275077248534,3.291438788175699,0.0,0.0,0.0,-0.5637145123826803,0,0,0,0,0,0,14.087978494352717,8.146678072831728,-41.30839609767238,-0.1243297631686234,0.4279962674278797,-0.1057773906676836
data/sensor_images/image_3532.png,surface,0.0,0.0,2.6709329971472164,7.17394253635738,-21.17874905087122,0.0,3.081265413904395,0.9637599085140728,0.0,0.0,0.0,3.6899146944539183,0,0,0,0,0,0,-14.240030238488254,6.728297947838992,-38.34748822803751,-0.2395105911035031,0.4216681074476041,-0.1688682288172833
data/sensor_images/image_3533.png,surface,0.0,0.0,0.5384107885922091,13.88375176182444,5.584188283201681,0.0,-1.998161913612388,4.27409795322516,0.0,0.0,0.0,0.3457910206353487,0,0,0,0,0,0,5.104299796240509,12.985176051804087,-42.23600974625669,-0.1590616330293716,0.4131912479528331,-0.0286139497279666
data/sensor_images/image_3534.png,surface,0.0,0.0,2.1705920000932,2.7874967662078323,21.64491356007235,0.0,-1.7810149983100456,2.755339657504242,0.0,0.0,0.0,-2.9717685929592728,0,0,0,0,0,0,18.268283528912384,3.1231845525695405,-38.78320999960759,-0.1349095263601744,0.4336354337639436,-0.165784775425277
data/sensor_images/image_3535.png,surface,0.0,0.0,2.0604865336451854,10.898330348961526,9.813845701485802,0.0,0.496950951305982,4.062212434373928,0.0,0.0,0.0,-1.2669793101124749,0,0,0,0,0,0,9.20749581500207,10.09270252491165,-41.10015502168483,-0.146841097020019,0.4214694027892606,-0.0537644193952303
data/sensor_images/image_3537.png,surface,0.0,0.0,2.373978238573051,-12.683469288240683,-12.955815776333631,0.0,-4.093460421167619,-0.8913148197727125,0.0,0.0,0.0,-2.029148513468209,0,0,0,0,0,0,-9.48711776999884,-8.52709078877781,-40.20655579609733,-0.2062390825463768,0.4338027703452057,-0.1678077330571942
data/sensor_images/image_3538.png,surface,0.0,0.0,2.3325028798952374,-4.054674909496811,20.79688182321668,0.0,4.482365162796655,1.3616839737863944,0.0,0.0,0.0,-3.555052746460232,0,0,0,0,0,0,18.31931182677532,-1.9982559328954608,-39.668390232141526,-0.0940875659178499,0.333264146374429,-0.1928423042611471
data/sensor_images/image_3539.png,surface,0.0,0.0,0.7685172248691259,-14.93450258828284,17.40580348938849,0.0,-0.4887780629545621,-4.530286951538849,0.0,0.0,0.0,-2.2097915059196547,0,0,0,0,0,0,15.33097899553674,-10.18639217502983,-40.11775391014677,-0.069108529758036,0.3795746311178374,-0.2466126616695869
data/sensor_images/image_3540.png,surface,0.0,0.0,2.275737644141884,9.372421442207829,5.6999199892143215,0.0,0.9060913885147164,-4.258389264939239,0.0,0.0,0.0,0.3471941197545831,0,0,0,0,0,0,5.798965914763622,9.417019154081023,-41.53262874622502,-0.0745177598881563,0.4464308450262855,-0.2368569129994683
data/sensor_images/image_3541.png,surface,0.0,0.0,2.5727793690154623,3.8232751356539705,21.316459097081577,0.0,0.4307057545411787,-2.129726580617743,0.0,0.0,0.0,-3.8693822332648544,0,0,0,0,0,0,18.34248972665237,5.849327323501223,-38.9795031880446,-0.0330415186537765,0.3792788823327076,-0.1001241699014497
data/sensor_images/image_3542.png,surface,0.0,0.0,0.530658819435236,-8.536910181519854,-5.094636431011409,0.0,2.2670946130043443,3.9150739762179705,0.0,0.0,0.0,-4.273654528202612,0,0,0,0,0,0,-2.415406069060606,-5.136783011302615,-44.33434702174028,-0.1876530862033747,0.4048500349988006,-0.1769055275771409
data/sensor_images/image_3544.png,surface,0.0,0.0,1.0003978617025937,5.676218492469107,-9.616807450410423,0.0,-3.423954729760929,3.234132899998912,0.0,0.0,0.0,3.217641707212085,0,0,0,0,0,0,-6.348592072839818,6.185920388467744,-43.53054393489565,-0.1887910699739626,0.4168454400668519,-0.1991971385565583
data/sensor_images/image_3545.png,surface,0.0,0.0,0.5469877499020646,-22.19044573718213,-0.188926975433204,0.0,4.074981353811744,-0.2456970550429399,0.0,0.0,0.0,-0.3364556293617777,0,0,0,0,0,0,0.799584128034976,-16.39423638902993,-40.77717250986557,-0.1517805286119886,0.3147832181848624,-0.2593274324916867
data/sensor_images/image_3546.png,surface,0.0,0.0,2.671714200534016,11.940436518343216,21.77331755824985,0.0,-2.228017514103531,-0.6722538171773682,0.0,0.0,0.0,1.9434132096001724,0,0,0,0,0,0,16.887618275570013,11.54252636137684,-36.11827169295692,-0.0396269766089276,0.4935375448283692,-0.1927674727087426
data/sensor_images/image_3548.png,surface,0.0,0.0,2.342339296521836,8.459222000282468,-13.747350431077324,0.0,-1.7247703116683943,3.3080033009439327,0.0,0.0,0.0,2.945571043984323,0,0,0,0,0,0,-9.621879830789815,7.782299486641721,-41.24733008515623,-0.2132879288859642,0.4731168054988178,-0.1726243718015367
data/sensor_images/image_3549.png,surface,0.0,0.0,1.0440056747045217,16.847173034135537,2.3781726512960386,0.0,1.2504030734717329,0.846339600653674,0.0,0.0,0.0,-3.679384295806881,0,0,0,0,0,0,3.3261693681606683,15.348366257907491,-41.92135687799817,-0.1672167269791816,0.4202024125299768,0.0129369539325618
data/sensor_images/image_3550.png,surface,0.0,0.0,0.8116442018913218,16.237843703333258,-14.344015242625437,0.0,3.940526842329614,0.1327001958307088,0.0,0.0,0.0,4.24971269274157,0,0,0,0,0,0,-10.366182387910742,13.909099737031084,-41.16954902551954,-0.1639133876840282,0.4447370265805203,-0.1003772109552015
data/sensor_images/image_3552.png,surface,0.0,0.0,2.614785106844538,-12.415841662671188,-16.448154076408777,0.0,2.7059222029586367,-1.481880978726316,0.0,0.0,0.0,-2.9790651013234823,0,0,0,0,0,0,-9.92736483356282,-6.893658656154444,-38.29910555455212,-0.1824178656733971,0.3359752575625559,-0.1400368568559138
data/sensor_images/image_3553.png,surface,0.0,0.0,1.1461420866408127,-2.6825354643520605,-16.71567875157123,0.0,3.6919014373269663,3.1400137228271365,0.0,0.0,0.0,-3.673429587049544,0,0,0,0,0,0,-11.97211138095489,-0.4980785048079073,-43.054246633293005,-0.2020980089637685,0.4100047063271316,-0.0731435297865841
data/sensor_images/image_3555.png,surface,0.0,0.0,1.3861524276630497,-14.740527774691364,1.3814674468429344,0.0,2.101719792821038,1.831719652799407,0.0,0.0,0.0,-2.090742722201772,0,0,0,0,0,0,2.8365256450799023,-10.849023258789943,-42.68550037334796,-0.156181445732721,0.3571987629683724,-0.2168149641054498
data/sensor_images/image_3556.png,surface,0.0,0.0,1.6009889272603417,10.968548797345663,-5.909355466806886,0.0,2.3529695355471034,-4.0711215807779615,0.0,0.0,0.0,-4.993565005396211,0,0,0,0,0,0,-3.422069519626084,10.94656997202313,-42.78160389304806,-0.1376254366486317,0.4253246517087123,-0.0193823863940276
data/sensor_images/image_3557.png,surface,0.0,0.0,2.637934575435107,9.913600870439604,21.88101675250386,0.0,0.5596222925160999,-0.9526941609815968,0.0,0.0,0.0,-4.388053043249932,0,0,0,0,0,0,18.8468749853692,10.248520859763923,-38.263711730988064,-0.073546890750846,0.3954870856556435,-0.0761295752915341
data/sensor_images/image_3558.png,surface,0.0,0.0,2.3357036948360337,0.5281651632753066,-18.414667502423587,0.0,2.05578798520648,0.3631066214615269,0.0,0.0,0.0,-4.644675780269006,0,0,0,0,0,0,-12.94961237352965,1.7799635827505014,-40.86061065079366,-0.1896562553817683,0.383308592165775,-0.0627917719778809
data/sensor_images/image_3559.png,surface,0.0,0.0,1.3391636238234093,-16.190542471037485,-10.368049766091886,0.0,2.246949958479884,-0.9187518125295442,0.0,0.0,0.0,-4.092859796306547,0,0,0,0,0,0,-6.698561511915056,-11.66827126418774,-42.43779864089071,-0.1920714083971406,0.34164825295408,-0.1770510113189259
data/sensor_images/image_3560.png,surface,0.0,0.0,2.743001212933648,22.18110785449921,2.673338199946575,0.0,-4.013726991905476,1.3197041075248992,0.0,0.0,0.0,3.541975002873915,0,0,0,0,0,0,1.946414402850944,18.310087830738897,-37.708289163776165,-0.1354020309201083,0.4984850016578752,-0.1044410460586672
data/sensor_images/image_3561.png,surface,0.0,0.0,1.2894886409933837,-12.793594672210787,6.599145774496121,0.0,2.61756368740608,0.8069241480169081,0.0,0.0,0.0,3.640904989030515,0,0,0,0,0,0,6.575631388730024,-8.89165925047529,-42.817481201195065,-0.1119574370609947,0.3102917828895047,-0.3812777517657286
data/sensor_images/image_3562.png,surface,0.0,0.0,2.375622089691264,-16.657152650642274,-9.830952463727128,0.0,0.1005589779622498,2.0106730330290485,0.0,0.0,0.0,2.4506629421728734,0,0,0,0,0,0,-6.20346657242593,-13.198926712955322,-40.43244458296636,-0.2914606255432047,0.3206514485905516,-0.3418945760592382
data/sensor_images/image_3563.png,surface,0.0,0.0,2.4745812228168083,-5.151653385729,23.65797307504484,0.0,-4.182152713716252,1.662520538405293,0.0,0.0,0.0,0.9320812027447882,0,0,0,0,0,0,18.34541169023124,-2.754869104015056,-36.07318142412049,-0.0307635940862889,0.3889071877469029,-0.3572661009951486
data/sensor_images/image_3564.png,surface,0.0,0.0,1.4018603105573362,9.41819181135325,-4.417046450050201,0.0,-0.0062083102003644,-2.8698033269061765,0.0,0.0,0.0,-1.2861576576763225,0,0,0,0,0,0,-2.9231159309154795,9.394697613585985,-43.32367256446392,-0.1547734510069765,0.4119468976572168,-0.0460071007322796
data/sensor_images/image_3565.png,surface,0.0,0.0,1.8112322292695544,0.7113611670835835,-19.027427198798765,0.0,2.391610635723992,1.6090449863511491,0.0,0.0,0.0,2.793384437524365,0,0,0,0,0,0,-13.29444090967451,1.855714227339167,-41.211195831869816,-0.2356173569138727,0.4194654654075342,-0.2141120906134946
data/sensor_images/image_3566.png,surface,0.0,0.0,1.648579851988545,-8.621756425404921,-4.510276885240515,0.0,1.5448170427306325,2.135598354655767,0.0,0.0,0.0,-0.3728705933150937,0,0,0,0,0,0,-2.4742784591409315,-5.985234360617569,-43.420233619090354,-0.1639262275327002,0.386321766491105,-0.1647397062133344
data/sensor_images/image_3567.png,surface,0.0,0.0,2.061311633875364,-12.078465616692633,-10.756625942090404,0.0,-4.835505603659303,0.1606583167799284,0.0,0.0,0.0,-4.297962940315381,0,0,0,0,0,0,-7.605511759955672,-8.370610884530715,-41.88415035509695,-0.1977465551293617,0.4197953311381714,-0.1712611663963285
data/sensor_images/image_3568.png,surface,0.0,0.0,2.324645024297597,-10.097896099859492,-8.831950502663828,0.0,-1.7271246676916532,-2.9836169273904267,0.0,0.0,0.0,-1.2887600637621532,0,0,0,0,0,0,-5.530915651833914,-5.489657302685504,-41.45430049750682,-0.1727068162304567,0.4334282454986409,-0.1687749331954533
data/sensor_images/image_3569.png,surface,0.0,0.0,2.780351792137298,22.694030492731592,-6.342605146367328,0.0,0.2969341089848499,-2.171549492230901,0.0,0.0,0.0,4.1117493779514085,0,0,0,0,0,0,-3.263564663451369,20.375680779208995,-39.00755696958939,-0.0752000173760186,0.4820461742062482,-0.0798784333296206
data/sensor_images/image_3570.png,surface,0.0,0.0,1.9596396502165168,11.08939292333267,-21.101564984742502,0.0,-1.5531614118681956,1.2031387146990813,0.0,0.0,0.0,2.598183391526071,0,0,0,0,0,0,-15.735929282562228,9.954776805638042,-39.73135898320909,-0.2111522736269428,0.4650232620081552,-0.0992410785961331
data/sensor_images/image_3571.png,surface,0.0,0.0,2.7558985847832185,13.22240654222765,-5.679256872945011,0.0,0.970102110815368,-3.9175896872424514,0.0,0.0,0.0,0.5312858191529326,0,0,0,0,0,0,-2.9808170287568525,12.605397573523527,-40.332245310420895,-0.0905367962779009,0.4776330991056471,-0.1897493430540532
data/sensor_images/image_3572.png,surface,0.0,0.0,2.9822848167005342,21.19128696950653,-8.314706070589095,0.0,3.166179636252348,2.631896595811289,0.0,0.0,0.0,2.0850205274814453,0,0,0,0,0,0,-4.492925346626572,16.331541720917862,-37.1954990537477,-0.1926706777453023,0.4448460976748968,-0.0912781848209659
data/sensor_images/image_3573.png,surface,0.0,0.0,1.8643354420761409,9.786967330674598,15.507391388031133,0.0,1.8761382769914856,2.4093459308897747,0.0,0.0,0.0,-2.729531259331708,0,0,0,0,0,0,13.473160228737717,9.398895792824272,-41.55375318172204,-0.1439300910897379,0.3897436194368102,-0.0849497610555764
data/sensor_images/image_3574.png,surface,0.0,0.0,1.1303000613071352,10.196018263432745,21.296531661978328,0.0,1.031900307909645,3.568073072016072,0.0,0.0,0.0,0.2737743411574564,0,0,0,0,0,0,18.01395980085941,9.944631171091764,-39.80585762613159,-0.1327555284179899,0.4172683216277425,-0.0867114703444262
data/sensor_images/image_3575.png,surface,0.0,0.0,2.1062834964964625,4.224569405925478,14.118727992158536,0.0,-1.0573011026888113,-4.288643860492338,0.0,0.0,0.0,-3.369082197073784,0,0,0,0,0,0,12.324317968412892,5.717051956614833,-41.03053270443532,-0.0965790372473676,0.408827147407629,-0.0983208714624383
data/sensor_images/image_3577.png,surface,0.0,0.0,2.1206889244604965,-12.948554626216785,-12.224140920673255,0.0,-1.4883468403468971,-4.050246617896595,0.0,0.0,0.0,-0.4553915627223484,0,0,0,0,0,0,-8.796162708861136,-8.479793126058105,-41.209190607453,-0.1778381067419681,0.3992187237021694,-0.1481958801712044
data/sensor_images/image_3578.png,surface,0.0,0.0,0.6392722249311626,-13.793946770833884,14.817625638989645,0.0,2.48833838882549,-0.9971544460957552,0.0,0.0,0.0,3.297195250103877,0,0,0,0,0,0,12.969332096943084,-9.71759536534783,-41.12764300603288,-0.0412765496566153,0.3262751617190963,-0.3910819240485208
data/sensor_images/image_3579.png,surface,0.0,0.0,0.9716110671959132,-3.664670603512914,-4.756817695630082,0.0,-2.6841254567838115,4.035463713724952,0.0,0.0,0.0,-4.417005480411613,0,0,0,0,0,0,-1.9914189054006075,-1.5737104543349094,-43.86465348460095,-0.1748103237547341,0.4203818655946409,-0.1381480255644566
data/sensor_images/image_3580.png,surface,0.0,0.0,1.0964590411771518,-11.03867455301119,-19.809632559427847,0.0,3.5234675980011367,-1.1829771454935991,0.0,0.0,0.0,4.659967893408526,0,0,0,0,0,0,-14.199610824268522,-7.731583412180273,-41.28426061325383,-0.2505228349193972,0.3425344473438628,-0.2940043327538488
data/sensor_images/image_3581.png,surface,0.0,0.0,1.112554720783178,-7.03969044023134,-18.576405258910363,0.0,-0.3646492166270692,-2.959237422815662,0.0,0.0,0.0,-4.281666923668183,0,0,0,0,0,0,-13.585589438802543,-3.6419224855294026,-41.63837180190668,-0.1870929493550069,0.3906997158819421,-0.1199645577672306
data/sensor_images/image_3582.png,surface,0.0,0.0,2.8477682070912307,-9.818139146078734,12.223369073394364,0.0,0.2979934645948944,-3.3865476016869054,0.0,0.0,0.0,-3.089939185248014,0,0,0,0,0,0,10.797395709342805,-4.552158263902157,-39.120315835710464,0.0173376692837045,0.356167684989422,-0.180304249037149
data/sensor_images/image_3583.png,surface,0.0,0.0,2.170037138873413,18.78246287076932,-0.7043886100878652,0.0,4.506606853422832,-0.5221415472636526,0.0,0.0,0.0,-3.3289166138764994,0,0,0,0,0,0,1.2814610286223953,16.79135258632479,-40.66448725217616,-0.1461597464884968,0.4175171430221493,0.0084568087608512
data/sensor_images/image_3585.png,surface,0.0,0.0,0.9139077236832868,-11.927490250553223,2.5268501991989174,0.0,-2.3672904137402258,-0.966827625222362,0.0,0.0,0.0,-3.4676733570535667,0,0,0,0,0,0,3.249271021805046,-8.35544359667672,-43.5875705253922,-0.1387987800383255,0.3839938641097396,-0.2052507346641752
data/sensor_images/image_3586.png,surface,0.0,0.0,0.6208108851519929,-4.599511775428967,-11.250174405579251,0.0,3.823570541600204,2.0531737130886443,0.0,0.0,0.0,-3.712947008483715,0,0,0,0,0,0,-7.672829004142922,-2.191131554161644,-43.975246092332206,-0.1825179253453816,0.4071189440365547,-0.1232551216893532
data/sensor_images/image_3587.png,surface,0.0,0.0,1.207529756722285,6.9610164571140665,-0.3454593481905777,0.0,0.3230054337657263,-1.7136653135872906,0.0,0.0,0.0,-4.291177623045587,0,0,0,0,0,0,0.9506461135662632,7.558910853439386,-43.784264830622206,-0.1436369562385238,0.4142896810112363,-0.0808844263004024
data/sensor_images/image_3589.png,surface,0.0,0.0,1.201738723351674,-21.29609358447224,10.563050581187598,0.0,-2.9298509099884327,-3.2256457108464422,0.0,0.0,0.0,4.419807144981942,0,0,0,0,0,0,9.0919567165964,-15.4184897077111,-40.38875307885024,-0.0701314835033661,0.2646697550761472,-0.428178655073003
data/sensor_images/image_3591.png,surface,0.0,0.0,1.9174719832126788,-1.5379543594380645,12.12598833420171,0.0,-3.164231916301674,0.0232533301349607,0.0,0.0,0.0,-0.2725233903899191,0,0,0,0,0,0,10.35522418201676,0.1415400608512553,-42.12227023792099,-0.1006017570193621,0.4206790561217383,-0.1629716270852282
data/sensor_images/image_3592.png,surface,0.0,0.0,0.7582567082877705,-3.630088461577439,-13.419138505211606,0.0,0.9754807164374092,-3.5176815511007264,0.0,0.0,0.0,-3.14820527085706,0,0,0,0,0,0,-10.035340005173415,-1.3881905733224376,-43.705619092546094,-0.1786711999171961,0.3984876767523555,-0.1035176914462915
data/sensor_images/image_3593.png,surface,0.0,0.0,2.123402638398004,12.9989754852285,7.331497170813428,0.0,-1.3922068882502925,2.2858995179528296,0.0,0.0,0.0,-0.9408769943545224,0,0,0,0,0,0,7.291978765623836,12.219424722516685,-41.68576123628162,-0.148106679056209,0.4374408368780359,-0.0395281435410699
data/sensor_images/image_3595.png,surface,0.0,0.0,2.353400128171889,-15.069831081707909,3.401931154021142,0.0,-1.1025860974248405,-3.398952734746405,0.0,0.0,0.0,-2.0561829032441272,0,0,0,0,0,0,3.901175309157141,-9.357828879941858,-40.90587800565535,-0.0899438337459971,0.3908486932129084,-0.2247060793644174
data/sensor_images/image_3596.png,surface,0.0,0.0,1.72242315863498,-9.739180037719866,12.27159132011628,0.0,1.139244221659667,-2.6186550074829404,0.0,0.0,0.0,-4.980199332713839,0,0,0,0,0,0,11.426899207592069,-6.033531031362394,-42.56889779049874,-0.0899589890628836,0.3655379456749998,-0.2041540376686363
data/sensor_images/image_3597.png,surface,0.0,0.0,0.8522402572146954,-4.691509008957244,-19.08062033115593,0.0,-2.984703854046435,-2.567714182678809,0.0,0.0,0.0,-2.6859889180739085,0,0,0,0,0,0,-14.533530021609488,-2.5676986523222327,-42.775624602499896,-0.1843460914551172,0.3998483922157491,-0.1114189044494711
data/sensor_images/image_3598.png,surface,0.0,0.0,0.9573586718925564,-2.2164202791231005,9.380478840917906,0.0,2.339673871132585,0.6888144390655621,0.0,0.0,0.0,-4.294395136482389,0,0,0,0,0,0,9.427904356124426,-0.2453899604715672,-43.83256927302398,-0.1447692860777419,0.4009057496066328,-0.1710369497223055
data/sensor_images/image_3599.png,surface,0.0,0.0,1.8786876781559696,8.333366918611294,20.52075992968704,0.0,0.3127973000276822,1.555269379731257,0.0,0.0,0.0,-1.6234458469936062,0,0,0,0,0,0,17.77368382385571,8.21675901989071,-40.04725410075476,-0.1351842921897291,0.4064385741258506,-0.1066739494295829
data/sensor_images/image_3601.png,surface,0.0,0.0,1.4551765418904845,14.535883318336698,8.945161300860866,0.0,-1.3891523460663096,-3.5794065590892457,0.0,0.0,0.0,4.711706294949993,0,0,0,0,0,0,8.276176156765144,13.6382686721614,-42.22275259262474,-0.1040902619329495,0.451856999121446,-0.1852250947109486
data/sensor_images/image_3602.png,surface,0.0,0.0,2.4639179811662606,-6.943751466426801,-2.2181737808674904,0.0,-2.955722575249212,0.9699384722849116,0.0,0.0,0.0,0.237805469826001,0,0,0,0,0,0,-1.259728303686245,-4.690115961946996,-42.64661858049817,-0.2007593034605039,0.4253104151576833,-0.3257690444334279
data/sensor_images/image_3604.png,surface,0.0,0.0,2.6931507162695123,13.789480101854473,-6.509196322984863,0.0,-4.779925265767977,-0.3577955233189357,0.0,0.0,0.0,1.2061079315193677,0,0,0,0,0,0,-4.554815512682184,12.53219479684647,-40.92748513478112,-0.1319604189069198,0.5434630046483622,-0.1609714944106552
data/sensor_images/image_3605.png,surface,0.0,0.0,2.22009598541438,-12.110953095756605,-21.17491096754712,0.0,1.3751298887231072,2.235271911539334,0.0,0.0,0.0,-3.704429283946983,0,0,0,0,0,0,-14.96848421214782,-9.46291715633884,-39.57850246464683,-0.2825752075079356,0.370253518241058,-0.1229199160802984
data/sensor_images/image_3606.png,surface,0.0,0.0,0.8845360267671466,17.87156701352404,14.113531297535168,0.0,-1.6419056118242787,-2.778284721585901,0.0,0.0,0.0,0.5868385451305382,0,0,0,0,0,0,12.25638701075707,15.847907137058028,-41.01749886608711,-0.0946916585807517,0.4871153206129541,-0.1615585130167307
data/sensor_images/image_3607.png,surface,0.0,0.0,0.7488786579130122,-4.604494343043863,-6.880438603475015,0.0,-0.347637907943099,-0.8586090418854175,0.0,0.0,0.0,-1.1765698422689597,0,0,0,0,0,0,-4.613228707475025,-2.086691993541503,-45.11992651256362,-0.1576406965275658,0.3946865729714236,-0.1302658924644086
data/sensor_images/image_3608.png,surface,0.0,0.0,2.1083033029860525,8.239761773914474,2.894827851863952,0.0,0.6026202606929923,2.739362075827956,0.0,0.0,0.0,-4.749628775251928,0,0,0,0,0,0,4.296673998894195,7.785261156624918,-43.87911187128586,-0.1801345260912504,0.4219655343734121,-0.0610716830896566
data/sensor_images/image_3609.png,surface,0.0,0.0,1.83891242296614,-19.668226665810515,-15.007435781209448,0.0,-0.9871162731536404,-0.1754312634374407,0.0,0.0,0.0,1.1648979166683713,0,0,0,0,0,0,-10.682418043868015,-14.973097787088268,-40.95121815049923,-0.2550807598944941,0.3423910655972985,-0.3595347446170501
data/sensor_images/image_3610.png,surface,0.0,0.0,2.335742160844623,-24.15639987683184,0.5205129066403008,0.0,1.0585845279698614,-2.737383367562371,0.0,0.0,0.0,-4.875412438546335,0,0,0,0,0,0,2.086806699865931,-15.766203448342605,-37.84775640467475,-0.0836683897496539,0.3017480349604003,-0.2713480332761234
data/sensor_images/image_3611.png,surface,0.0,0.0,1.886374770377208,7.17734669421876,6.149852714539908,0.0,1.2656129742553983,3.485882516532187,0.0,0.0,0.0,3.959568649748977,0,0,0,0,0,0,6.629243567470784,6.858037889929242,-43.22513403049785,-0.1324546754262547,0.413454607309336,-0.2271117953451131
data/sensor_images/image_3613.png,surface,0.0,0.0,2.954104689923333,-6.915880319690626,14.937375718098744,0.0,4.66667261432996,0.9656323555455316,0.0,0.0,0.0,-4.396213660067393,0,0,0,0,0,0,14.909778073677664,-4.657452758050256,-40.942235700641646,-0.1246515405362902,0.3058261146056018,-0.1936365303868954
data/sensor_images/image_3614.png,surface,0.0,0.0,1.180398194051991,-0.4349643171872338,-12.211267570130888,0.0,-3.557537210668156,2.847307804655131,0.0,0.0,0.0,-2.156682844125497,0,0,0,0,0,0,-8.75689125337202,1.1765521472996852,-44.16400780011025,-0.1737003257254799,0.4255413696222189,-0.0755357120113
data/sensor_images/image_3616.png,surface,0.0,0.0,2.4152887780649466,4.558381557256543,-3.835898465678547,0.0,-3.6159311444587856,0.4478158029342317,0.0,0.0,0.0,3.4248164995381423,0,0,0,0,0,0,-2.621717978343059,5.297867242453951,-43.20937906289838,-0.1699409719463475,0.4909501460242451,-0.2441216818707299
data/sensor_images/image_3617.png,surface,0.0,0.0,2.601153581552917,-22.22657255489248,5.327390098743489,0.0,1.6248855936490374,-2.931655208397044,0.0,0.0,0.0,4.839837876958457,0,0,0,0,0,0,5.618881875090034,-14.515082880016877,-38.36515564590294,-0.047763876371359,0.2229803967701081,-0.3998458349787964
data/sensor_images/image_3618.png,surface,0.0,0.0,1.5508470440568665,22.07379162653429,-3.831966026743424,0.0,-0.2301167887484561,2.258801825865035,0.0,0.0,0.0,-1.3656576637910731,0,0,0,0,0,0,-1.994897738599386,18.91473603839519,-40.25059771130668,-0.1549327350520719,0.4231192631923399,0.0661691569383021
data/sensor_images/image_3619.png,surface,0.0,0.0,2.819503494097234,-2.2278767590669784,24.67036751422212,0.0,2.988270287361243,2.0385134706582284,0.0,0.0,0.0,-0.680192659800297,0,0,0,0,0,0,21.478620002516863,-0.877131032123747,-37.91789700462769,-0.0923507793500041,0.3105023321975662,-0.1880128828664592
data/sensor_images/image_3620.png,surface,0.0,0.0,1.4419406580666596,-2.711888979791219,-14.974518718551083,0.0,1.7088763005065577,-0.4106329200993419,0.0,0.0,0.0,-2.153030845956285,0,0,0,0,0,0,-11.17151828096138,-0.723285944980909,-43.940625164371816,-0.1597407507642662,0.385835728893986,-0.091077769829279
data/sensor_images/image_3622.png,surface,0.0,0.0,2.005945021900592,10.261343912380577,10.339000974440497,0.0,-1.2047269092207666,-3.4459322745374648,0.0,0.0,0.0,-4.317497345305123,0,0,0,0,0,0,9.430982691102583,10.845635167395894,-42.40953254740701,-0.121367144247066,0.4317039048008013,-0.0687616468722566
data/sensor_images/image_3623.png,surface,0.0,0.0,1.4098681971655558,17.270979236277313,-4.246415271091673,0.0,0.2454899812361697,4.033579640248636,0.0,0.0,0.0,3.779562592751338,0,0,0,0,0,0,-1.923105671992154,15.03465568955358,-42.06323066231166,-0.1629888110337509,0.4728453449084765,-0.1323501344803246
data/sensor_images/image_3624.png,surface,0.0,0.0,1.0697081626064548,17.184836855976744,-3.5331774604001414,0.0,-2.210726967668855,-1.7219220585969377,0.0,0.0,0.0,-3.766527262290522,0,0,0,0,0,0,-1.5701082034417249,16.112257009350824,-43.0273711145966,-0.1537817198315814,0.4364936364945049,0.0231614001273028
data/sensor_images/image_3625.png,surface,0.0,0.0,2.2133838140369506,16.933112879001737,-14.265058074790284,0.0,1.944421165179795,2.0869355770905926,0.0,0.0,0.0,1.195540638603125,0,0,0,0,0,0,-9.448881009766138,14.54011585567179,-40.32261018044738,-0.1756215333966514,0.4606270584335592,-0.0889033332453826
data/sensor_images/image_3626.png,surface,0.0,0.0,2.755829577136358,3.903109499105048,-17.661783774368146,0.0,2.343042052587609,-3.666354151254761,0.0,0.0,0.0,-0.1915186758247617,0,0,0,0,0,0,-12.536580512155222,5.263677141185251,-40.57934634331587,-0.1714961289622601,0.4500289487033796,-0.201820613174019
data/sensor_images/image_3627.png,surface,0.0,0.0,1.4962457241846647,-5.091802105600859,13.513608606693326,0.0,0.1351521891283987,4.397393741421461,0.0,0.0,0.0,0.1607178667249922,0,0,0,0,0,0,12.405470000339983,-2.781642964976508,-42.94255453619488,-0.1272664862335352,0.3781302087100561,-0.1783161953554869
data/sensor_images/image_3628.png,surface,0.0,0.0,0.7411715992513734,2.7166728065695334,-10.57250466210794,0.0,4.031581171175699,2.704486364487909,0.0,0.0,0.0,0.8405987582748065,0,0,0,0,0,0,-7.711961943659342,3.393647387473589,-44.47522729454638,-0.1977451370024109,0.4100736900055134,-0.230876131572504
data/sensor_images/image_3630.png,surface,0.0,0.0,1.501633799090906,-16.70083357829884,1.0824524239578273,0.0,3.8535932859858,0.349815217406765,0.0,0.0,0.0,0.8672927767004506,0,0,0,0,0,0,2.1276777022229743,-12.742790330351092,-43.163148009747246,-0.1562828632468268,0.2856060230624661,-0.3941513383353082
data/sensor_images/image_3631.png,surface,0.0,0.0,1.5176441295808938,-2.0481716905797764,3.8608166182931054,0.0,-3.6611480600819903,-1.5334988691774327,0.0,0.0,0.0,2.505989089249592,0,0,0,0,0,0,4.0321487027791445,-0.1741767716054352,-44.68211339910158,-0.12214268920743,0.4138900029090661,-0.3083855924951276
data/sensor_images/image_3633.png,surface,0.0,0.0,0.787875547770813,-19.45753489035636,5.85522600087974,0.0,-3.083985941615288,-3.1856645968205126,0.0,0.0,0.0,-1.216941095119676,0,0,0,0,0,0,6.372845934302927,-14.011475134047837,-42.39969094357601,-0.1459821004528489,0.3527532754125973,-0.2746121591376768
data/sensor_images/image_3634.png,surface,0.0,0.0,0.7815162003599725,3.108220233611514,-15.341165044389165,0.0,3.88078330300165,-0.3829840603963802,0.0,0.0,0.0,-1.938776589411325,0,0,0,0,0,0,-11.11626975827807,4.247754367584349,-44.37205290117129,-0.1693924313804741,0.4274742165339264,-0.047215439348493
data/sensor_images/image_3635.png,surface,0.0,0.0,0.9338582072024098,21.295810797529533,-10.520260116472736,0.0,1.1716584982742166,-2.433198754394001,0.0,0.0,0.0,-4.249113187621292,0,0,0,0,0,0,-6.743349580450119,18.879939471068493,-41.0730720859416,-0.1355034200455698,0.4279644406474276,0.0621573153252948
data/sensor_images/image_3636.png,surface,0.0,0.0,0.9143332441804156,-1.4004102482730996,12.086861994905448,0.0,-0.6222420364043517,-3.996996736248402,0.0,0.0,0.0,-3.389848237249752,0,0,0,0,0,0,11.273585104867609,0.251670044585583,-43.721771743351134,-0.1107128271571559,0.4149086209136053,-0.144241740451944
data/sensor_images/image_3640.png,surface,0.0,0.0,1.914227880477473,9.81647513129854,14.343683731463614,0.0,-2.551322774309559,-3.936639227370725,0.0,0.0,0.0,-0.33258608270308,0,0,0,0,0,0,12.83511910448224,9.890948060382286,-41.992999105183934,-0.0535109805688402,0.4645542593256486,-0.2378867685567476
data/sensor_images/image_3641.png,surface,0.0,0.0,2.980479575764549,-3.208497255054128,-19.658957413913424,0.0,3.081006068103368,0.9125612092124654,0.0,0.0,0.0,-4.957958853447078,0,0,0,0,0,0,-12.413020737563532,-1.520297616450435,-38.66910377520347,-0.2427104149892842,0.3100712508314119,-0.0481758745716234
data/sensor_images/image_3644.png,surface,0.0,0.0,1.0236786915135387,-8.7688761640124,16.891364143980503,0.0,-0.689727312554119,-4.268379281609275,0.0,0.0,0.0,1.0396126954465554,0,0,0,0,0,0,15.30266640783855,-5.75930844913018,-42.58354092330645,-0.0553298727443868,0.3519927149889201,-0.3706756248453924
data/sensor_images/image_3645.png,surface,0.0,0.0,2.849424317403766,-14.049330169839005,-15.665693106931636,0.0,0.963734551600809,4.113115498144577,0.0,0.0,0.0,4.67615892292503,0,0,0,0,0,0,-11.088453488059642,-11.633869417834529,-40.51996092707488,-0.3522153315871549,0.3607364763140076,-0.2954898230578265
data/sensor_images/image_3647.png,surface,0.0,0.0,0.5678330259818547,-3.4758719246677856,14.409082623761574,0.0,-0.7934553860517248,-0.8921782179352304,0.0,0.0,0.0,1.843237565615433,0,0,0,0,0,0,13.11792780394552,-1.7606071381478616,-44.126358455183606,-0.0511987373589495,0.3875393874542648,-0.31457109490565
data/sensor_images/image_3648.png,surface,0.0,0.0,1.4051720026689494,-3.108843012012197,-1.265514105193763,0.0,-1.180252394173187,4.015742180495371,0.0,0.0,0.0,0.3999286133382984,0,0,0,0,0,0,0.6380313642551737,-1.1487413479637043,-45.27467001706379,-0.1696600215431574,0.4175465514527495,-0.1435482785758691
data/sensor_images/image_3649.png,surface,0.0,0.0,2.6882883983411485,-14.199112734142638,2.256930472878798,0.0,0.4482590394049852,-3.5875735557494024,0.0,0.0,0.0,-3.562390263092264,0,0,0,0,0,0,3.0631458022525666,-8.114960386982375,-40.60172780741734,-0.0385824475210315,0.3630234171418746,-0.1812921116641245
data/sensor_images/image_3650.png,surface,0.0,0.0,1.917311184839272,-5.4654123050758665,-16.4694558189849,0.0,-1.631950304904641,-3.730492021399464,0.0,0.0,0.0,0.3548966817640835,0,0,0,0,0,0,-12.630064217781284,-2.95024712073352,-42.91709331201693,-0.226485288289378,0.4001458842745658,-0.2617996755617826
data/sensor_images/image_3651.png,surface,0.0,0.0,0.5878364411897248,5.362525313027219,10.542467822852906,0.0,2.18942333795805,2.084459011427051,0.0,0.0,0.0,-4.78730649747007,0,0,0,0,0,0,10.164249886576986,5.992934795490409,-44.1201975620332,-0.1537262132200597,0.4120480764456991,-0.0931103805174463
data/sensor_images/image_3652.png,surface,0.0,0.0,2.6008760253453445,11.937842560591656,21.53524861445937,0.0,2.826863961428284,3.630284823165198,0.0,0.0,0.0,1.3233574252746845,0,0,0,0,0,0,18.40723900497626,10.586757037178115,-38.39201328508511,-0.085246159565489,0.3726098692797157,-0.2233382949620152
data/sensor_images/image_3654.png,surface,0.0,0.0,1.439994922105517,-1.7801281979164298,-9.127011498485382,0.0,-0.1512483487224671,3.433497996617508,0.0,0.0,0.0,3.169288878206725,0,0,0,0,0,0,-6.67428439686143,-0.4045707650073009,-45.35254820821773,-0.2012772996306227,0.4029035295922236,-0.2615999884823078
data/sensor_images/image_3655.png,surface,0.0,0.0,0.713501118100301,22.24035706287433,2.4544414251985263,0.0,-0.0345044313595404,4.549595631431707,0.0,0.0,0.0,-1.9364703635519025,0,0,0,0,0,0,3.114234400700271,19.19949747059589,-41.15159297668448,-0.1603513177550581,0.421398728702511,0.0395409598454971
data/sensor_images/image_3656.png,surface,0.0,0.0,2.8280230473399337,-13.532710802083102,-16.881845208964908,0.0,0.2567128994043675,2.4693104302235502,0.0,0.0,0.0,2.55566663397825,0,0,0,0,0,0,-12.181287308180742,-11.28475740805565,-40.79428238992079,-0.3515102212313991,0.3545213319860684,-0.2811705275023364
data/sensor_images/image_3657.png,surface,0.0,0.0,0.5155935774368452,-11.101772588085222,3.134052710647591,0.0,-0.588366966586233,1.1301918376545548,0.0,0.0,0.0,3.302602928150126,0,0,0,0,0,0,3.9259461338055632,-8.01116931567648,-44.73080987369677,-0.1346222274253113,0.3668756525683111,-0.3495907287352081
data/sensor_images/image_3658.png,surface,0.0,0.0,2.696141428632706,-8.915118445646222,10.651008175981184,0.0,-1.6706862465665615,-2.124491792487476,0.0,0.0,0.0,3.977367795901124,0,0,0,0,0,0,9.480407814894054,-4.279927506835637,-40.953136844910965,-0.0143797264655157,0.4050496405451843,-0.3409410518911624
data/sensor_images/image_3659.png,surface,0.0,0.0,0.9209049651209982,-12.988247945323096,8.215824261880478,0.0,2.556452432676336,-3.44093725391066,0.0,0.0,0.0,-0.9537206053449924,0,0,0,0,0,0,8.285979051949864,-8.974625056789167,-43.24925809568129,-0.1231477963385347,0.3742594503988257,-0.2185964164192484
data/sensor_images/image_3660.png,surface,0.0,0.0,1.0056442768630545,-1.6095711988256176,-20.71498159957033,0.0,1.6061284299843324,-4.556156782101636,0.0,0.0,0.0,4.853850959478393,0,0,0,0,0,0,-15.661073789713283,0.4259086529076195,-42.91141522377847,-0.2287526307843632,0.4026622943381411,-0.203042890053224
data/sensor_images/image_3662.png,surface,0.0,0.0,0.8558667458540804,14.788171955761175,1.2002152693160086,0.0,-1.3216419945848912,2.7045477665806623,0.0,0.0,0.0,2.088053288487533,0,0,0,0,0,0,1.8701348705675769,13.290486860905329,-43.88427766479484,-0.1445383857246686,0.4660647406904448,-0.1608466232769527
data/sensor_images/image_3663.png,surface,0.0,0.0,0.857742053679613,-11.500088145023204,-9.466629773391428,0.0,-0.1594345046052271,-2.740351446970813,0.0,0.0,0.0,-3.670981381257973,0,0,0,0,0,0,-5.9622251095986245,-7.671348809053827,-44.4386291860793,-0.1896588309872403,0.3936312062965639,-0.1612640509442615
data/sensor_images/image_3664.png,surface,0.0,0.0,2.678973853784113,0.9461402387826852,-6.858009222596783,0.0,-3.492353610347405,1.6581425534125989,0.0,0.0,0.0,4.059126011164867,0,0,0,0,0,0,-5.608569255467263,1.726044287277494,-43.77540132609276,-0.2200838953900152,0.4760831869826366,-0.2346619421621986
data/sensor_images/image_3665.png,surface,0.0,0.0,1.5427091464325473,7.513422161022706,-16.205172114058104,0.0,-0.4849166365664338,1.7529423263789898,0.0,0.0,0.0,0.7481522592374574,0,0,0,0,0,0,-12.306428961443014,7.852203482984669,-43.33656254493685,-0.1929898659314882,0.4574872773848626,-0.1655097428490496
data/sensor_images/image_3667.png,surface,0.0,0.0,1.1136590182967725,19.2296372777134,9.671968855289702,0.0,4.576440270714768,1.0363347530082754,0.0,0.0,0.0,-2.8499021198943906,0,0,0,0,0,0,9.097251670596066,17.341191726907436,-42.878169052916434,-0.1455239553252656,0.4436971462129974,-0.0014609158202781
data/sensor_images/image_3668.png,surface,0.0,0.0,2.76227608566688,-15.662604299965196,12.186156208694104,0.0,2.501123691265494,0.0125428854936486,0.0,0.0,0.0,-1.3523168629628035,0,0,0,0,0,0,12.767163552688912,-11.279003360992233,-39.99981331035389,-0.1416424032243339,0.2825205630463157,-0.2393885302313735
data/sensor_images/image_3669.png,surface,0.0,0.0,1.962488140097754,-23.57854064619104,-4.033021718069247,0.0,-4.780566259802813,-0.8100340582517624,0.0,0.0,0.0,-3.7121060267307295,0,0,0,0,0,0,-1.7874816203772368,-17.403869375926817,-40.34102207521588,-0.1797034029701695,0.374228638901281,-0.2834738008339545
data/sensor_images/image_3671.png,surface,0.0,0.0,0.994192557635398,4.128857143080424,-0.1489791361227815,0.0,-3.5990187603341703,-1.6819908322604982,0.0,0.0,0.0,4.011805404353497,0,0,0,0,0,0,0.9948485689078324,4.677163088808707,-45.732481730818826,-0.1331312967423742,0.4339524676790006,-0.262261365429073
data/sensor_images/image_3672.png,surface,0.0,0.0,2.7822982167650285,-0.3295062412411569,9.620214422181808,0.0,-4.305030639125781,-0.2082548844182728,0.0,0.0,0.0,1.7542261788844176,0,0,0,0,0,0,8.377424431679819,1.5419423212020753,-41.65888810307461,-0.0952013285156543,0.4776133203557677,-0.2968046848066961
data/sensor_images/image_3673.png,surface,0.0,0.0,1.0120260184005534,-15.787275661399017,-17.470311817670513,0.0,1.3246364711990717,-0.50708673631924,0.0,0.0,0.0,-4.497833891913318,0,0,0,0,0,0,-12.320242581262944,-11.158728254732598,-42.41926884783884,-0.215556315028059,0.3602972352133741,-0.1721955848713869
data/sensor_images/image_3674.png,surface,0.0,0.0,0.6633224809074016,-11.044770350182768,21.548683005874096,0.0,-2.054355015976576,-0.014552121597979,0.0,0.0,0.0,-0.3571165049183644,0,0,0,0,0,0,19.17725948662027,-7.712552175166682,-40.63110243499725,-0.0480628585224548,0.4003160606372137,-0.2670914943917897
data/sensor_images/image_3675.png,surface,0.0,0.0,2.076339285260695,14.31573605558678,10.649399579757477,0.0,3.4540799954225467,2.4967085227641337,0.0,0.0,0.0,-4.061524933981052,0,0,0,0,0,0,9.541228641350887,13.34859460080719,-42.24835238008036,-0.1661684048018331,0.382897382150996,-0.0504969703988387
data/sensor_images/image_3676.png,surface,0.0,0.0,1.1927358673023147,-10.679230048886758,-13.26871937326254,0.0,1.189957352742188,-3.780111979551727,0.0,0.0,0.0,-2.818899977851116,0,0,0,0,0,0,-9.01536717262479,-7.168914726885955,-43.53615741031752,-0.1959860291367046,0.3968994160477461,-0.1743905985393464
data/sensor_images/image_3677.png,surface,0.0,0.0,0.9447303984573052,-9.235648085841596,8.653882682680049,0.0,-0.1878938393567953,-3.408726834034893,0.0,0.0,0.0,3.242262579847811,0,0,0,0,0,0,7.885765331136967,-6.575482400711549,-44.736980994042135,-0.0733457280090848,0.344524497283609,-0.3474551881419562
data/sensor_images/image_3678.png,surface,0.0,0.0,2.012727798640401,-6.548008238078665,18.986520274926388,0.0,-1.4857648358014854,2.1173104065617534,0.0,0.0,0.0,-3.628551045749896,0,0,0,0,0,0,17.166078927126676,-4.178281144418643,-41.46928026864187,-0.1407043924982287,0.412394619731168,-0.2396525900515249
data/sensor_images/image_3679.png,surface,0.0,0.0,1.6409301378479662,0.6950612508968769,23.393620738777862,0.0,-2.322732142374923,-0.2724176056748124,0.0,0.0,0.0,-0.8416097362823214,0,0,0,0,0,0,20.018935574884043,2.334705869658471,-40.45899154346365,-0.1000074182647457,0.4179950939644093,-0.1522620486815183
data/sensor_images/image_3680.png,surface,0.0,0.0,0.8926757420854521,10.70822044381006,-21.699274683138874,0.0,2.456244925090391,-3.123063567564512,0.0,0.0,0.0,0.2126650367214209,0,0,0,0,0,0,-17.021335288259333,10.25304816573358,-41.65339533575002,-0.2016842978151738,0.4315018243732125,-0.1170558094580858
data/sensor_images/image_3681.png,surface,0.0,0.0,1.936141084049474,19.784232772218257,-2.9645180336118497,0.0,-3.5360548395617584,2.460576290025646,0.0,0.0,0.0,-1.267302965281698,0,0,0,0,0,0,-1.350555923802129,18.03537530295129,-42.05952403258053,-0.1492852417825442,0.4324017975497382,0.0473863813339615
data/sensor_images/image_3682.png,surface,0.0,0.0,2.168079115768002,-23.817109656729915,4.9307712127166266,0.0,2.718433449757025,2.312026334465606,0.0,0.0,0.0,3.7241630085405273,0,0,0,0,0,0,5.138016224064447,-18.80070230984855,-40.720037127351326,-0.1600193507409164,0.2373199709328472,-0.4220316459293518
data/sensor_images/image_3683.png,surface,0.0,0.0,2.2344416352011818,13.801535069758334,15.004636501266097,0.0,-0.6261012513110826,-3.171086078271879,0.0,0.0,0.0,-4.166194732223757,0,0,0,0,0,0,13.261731354229555,13.766872375523322,-41.65416802966629,-0.1079729841137365,0.4285380693135688,-0.0560659971118578
data/sensor_images/image_3684.png,surface,0.0,0.0,1.1303596172934207,13.63082699505042,7.302727647752969,0.0,2.4893099513849366,0.8552188141547119,0.0,0.0,0.0,2.1331258794422814,0,0,0,0,0,0,7.2001552635056445,12.49999371809366,-43.06959705079853,-0.1259960194836352,0.4633173978867879,-0.1899178968495913
data/sensor_images/image_3685.png,surface,0.0,0.0,1.7971370367521404,13.512931813770312,4.600033954027094,0.0,-2.8113700918057765,4.12492240163998,0.0,0.0,0.0,0.995686836022208,0,0,0,0,0,0,5.120380998387083,12.2716778694337,-42.78745242418219,-0.1271248242760523,0.4773236117394014,-0.1881338991260315
data/sensor_images/image_3686.png,surface,0.0,0.0,1.3437846278050978,-11.49177803528088,1.1077506664840622,0.0,1.8198862797467152,2.069414284866218,0.0,0.0,0.0,0.5761251980001312,0,0,0,0,0,0,2.465209832744291,-8.959529961049281,-44.403539448213984,-0.129633045684626,0.3422168170190781,-0.3636530345379714
data/sensor_images/image_3687.png,surface,0.0,0.0,2.816684646475008,15.172033668436082,6.291979230641052,0.0,2.622415822040785,2.084778672324321,0.0,0.0,0.0,-0.368561415099057,0,0,0,0,0,0,6.867622011312649,13.361832776865276,-41.1602376482933,-0.1583977933697006,0.3508177172644532,-0.0311590502240811
data/sensor_images/image_3688.png,surface,0.0,0.0,1.7030537618477433,14.090529487550857,14.770295124498409,0.0,1.9794701601522608,2.334431053232615,0.0,0.0,0.0,3.445968726075378,0,0,0,0,0,0,13.642490978099527,13.068739404533554,-41.78754331896341,-0.1111205651562372,0.4645222595263188,-0.2192633081632947
data/sensor_images/image_3689.png,surface,0.0,0.0,1.9263828406808647,-6.9609567589783,22.56412786883693,0.0,-0.981681548843678,4.868689678166748,0.0,0.0,0.0,4.343642415888208,0,0,0,0,0,0,19.859334752639025,-5.239811741587274,-40.24020671005766,-0.025968964861908,0.3679016401649095,-0.3694371710404782
data/sensor_images/image_3690.png,surface,0.0,0.0,1.8284665871442685,-7.672624856423825,-9.84242447323888,0.0,-4.092939571781345,2.2111568247940965,0.0,0.0,0.0,-4.701444462425717,0,0,0,0,0,0,-7.610382487957405,-5.108521242589109,-44.61611545900708,-0.1912186394208734,0.4090276752107861,-0.148258217313514
data/sensor_images/image_3691.png,surface,0.0,0.0,2.9950330779236825,-6.999128773894007,-17.180777464504114,0.0,-0.6112091428494135,-1.512018509224912,0.0,0.0,0.0,-4.731304872345548,0,0,0,0,0,0,-12.750817255019427,-2.6508329445211203,-40.50465750724271,-0.1118340948949138,0.4594916403758883,-0.1379460757514582
data/sensor_images/image_3692.png,surface,0.0,0.0,2.7398465530804685,1.4969056268685197,7.498793296797147,0.0,0.485827837449101,0.0229845989453897,0.0,0.0,0.0,-1.2267492817952022,0,0,0,0,0,0,7.987621584668338,2.6129825547675734,-43.18172537463773,-0.1311345116828168,0.3811341461480251,-0.1202631801941981
data/sensor_images/image_3693.png,surface,0.0,0.0,2.968518693252077,-6.323813949362948,-4.536753066202111,0.0,-1.020210390964824,-0.7709792599214316,0.0,0.0,0.0,4.741967320071145,0,0,0,0,0,0,-3.2095193185310142,-3.034364325194259,-42.92747996976132,-0.1518058916866645,0.4320027031062767,-0.329297677911271
data/sensor_images/image_3694.png,surface,0.0,0.0,1.1009689862596936,21.293949476494827,-0.6353489153759144,0.0,1.8005297364251025,-1.3235659123610264,0.0,0.0,0.0,-3.610365469776229,0,0,0,0,0,0,0.8389781737558106,18.84073735016671,-41.63251418618968,-0.1536758080965921,0.42181485479137,0.0441254216992646
data/sensor_images/image_3695.png,surface,0.0,0.0,1.705914940019686,11.036629183506324,21.986338704585627,0.0,1.2651383043135405,-1.3010302754532443,0.0,0.0,0.0,-3.0863512289371475,0,0,0,0,0,0,18.629130093151115,10.889967936067972,-40.22851548034397,-0.109568192208128,0.386330006423555,-0.0664368041701485
data/sensor_images/image_3696.png,surface,0.0,0.0,1.6320172943475186,-5.900276821537072,-6.919628714388795,0.0,-2.2917646454687506,3.615475158417632,0.0,0.0,0.0,4.02417874109239,0,0,0,0,0,0,-5.075916922273798,-4.224091688958264,-44.70479930677554,-0.188446898907522,0.3790365398528987,-0.2856248871042761
data/sensor_images/image_3698.png,surface,0.0,0.0,2.306462901190109,22.427369181436816,-1.824086282219768,0.0,-3.2898469511505497,-0.21469472317473,0.0,0.0,0.0,-3.3247397995538472,0,0,0,0,0,0,-1.1046376062404613,20.472528193401345,-40.82537057773565,-0.1328734468817053,0.4476865708449839,0.0649659415486156
data/sensor_images/image_3699.png,surface,0.0,0.0,1.5458900779801397,-1.121600321570957,-6.839766954877913,0.0,-2.0622747263669985,4.381052202212064,0.0,0.0,0.0,3.638263499465001,0,0,0,0,0,0,-5.049862712122813,0.0996510361755158,-46.16700400647485,-0.1952872143042463,0.4011334102824831,-0.2644238915028232
data/sensor_images/image_3701.png,surface,0.0,0.0,1.664129295303973,17.541464542756906,-6.563575780591075,0.0,1.7675762311654064,-0.8577115688924247,0.0,0.0,0.0,-0.1558704646908442,0,0,0,0,0,0,-3.7122394117737176,15.778027829968584,-42.25170794137362,-0.1339172446311412,0.415801768684343,0.0327525970060196
data/sensor_images/image_3702.png,surface,0.0,0.0,2.413989987689822,6.466435636700402,8.837742591748166,0.0,-4.4001935251950455,-1.005298850368493,0.0,0.0,0.0,-2.8167127563520267,0,0,0,0,0,0,8.109743767084648,7.4524826536519235,-43.50949499578493,-0.1163865630773915,0.465439862665168,-0.0666415967045288
data/sensor_images/image_3704.png,surface,0.0,0.0,2.1950874528152298,-14.934730852466137,-15.73969135663424,0.0,-1.6502658461462465,-3.3108146436667054,0.0,0.0,0.0,0.6373635125456989,0,0,0,0,0,0,-11.461908279411784,-10.810855065057469,-41.57992229504698,-0.2459214499663176,0.3720138109374126,-0.3454395993716594
data/sensor_images/image_3705.png,surface,0.0,0.0,2.5578207891915783,-5.101490371244061,-11.163693663494715,0.0,0.450319845132551,-2.2685761830872884,0.0,0.0,0.0,0.710571604785426,0,0,0,0,0,0,-8.052653970677387,-2.641896838828586,-43.14121213842781,-0.1397575173245762,0.4071884823676258,-0.2826192624496144
data/sensor_images/image_3706.png,surface,0.0,0.0,2.195699776020783,-4.484881206874452,2.2605296812303792,0.0,-1.696121809416318,3.308446555676658,0.0,0.0,0.0,-4.624821173188768,0,0,0,0,0,0,2.903044875664409,-3.029429273511356,-44.59116346174493,-0.1919121799717769,0.4123687036297229,-0.1468511746977481
data/sensor_images/image_3708.png,surface,0.0,0.0,1.6961075983791931,21.109044622641104,-11.945822029080606,0.0,-3.950511028696464,-1.831061379260412,0.0,0.0,0.0,0.8303098349578262,0,0,0,0,0,0,-8.034024162438204,18.550810588679933,-40.79509732436795,-0.1499557526919545,0.5254173833121885,-0.0633538471886791
data/sensor_images/image_3709.png,surface,0.0,0.0,1.6655863708557883,-5.113107743606607,-8.480735186850364,0.0,1.1978493082145465,1.3189031883465403,0.0,0.0,0.0,2.410813845652213,0,0,0,0,0,0,-5.927512208525605,-3.689461297740364,-44.92445178883119,-0.1773522508706598,0.3659073662996204,-0.2900731861721539
data/sensor_images/image_3710.png,surface,0.0,0.0,2.8981728470397616,10.791464589586296,-17.72838905672262,0.0,4.033057624431716,-0.0725305368301569,0.0,0.0,0.0,-3.1206445376239134,0,0,0,0,0,0,-11.52343236949008,10.501549875122905,-39.690732063102594,-0.1553538773833406,0.3591978097422142,0.022452405707071
data/sensor_images/image_3712.png,surface,0.0,0.0,2.7839594015241054,17.01386318794681,-11.402492475416642,0.0,-3.314019576625709,0.7590959605967277,0.0,0.0,0.0,0.976460113371984,0,0,0,0,0,0,-9.042709931825373,15.449404144871414,-40.89995176834867,-0.1580565796793323,0.541225518079739,-0.0804693332282363
data/sensor_images/image_3714.png,surface,0.0,0.0,2.3663676042463475,-24.87397364570856,1.2555064268501477,0.0,-1.062632490792316,-1.920320932990036,0.0,0.0,0.0,3.1174644560513123,0,0,0,0,0,0,1.5432573003044707,-17.772797735063424,-38.98989846411028,-0.0832472909168752,0.2833948751370049,-0.4433166209178997
data/sensor_images/image_3715.png,surface,0.0,0.0,1.0051230768101065,-5.974305543446965,0.6523250589129125,0.0,4.593299631585399,-0.1803736082686852,0.0,0.0,0.0,-3.765076696005779,0,0,0,0,0,0,1.7788289492511318,-3.7983724453725136,-46.48080777391129,-0.1483627121946087,0.384047875978227,-0.1658430933982721
data/sensor_images/image_3716.png,surface,0.0,0.0,1.562872339004593,-16.210700036545703,-3.841683063624711,0.0,2.13801108451028,-2.110376466968801,0.0,0.0,0.0,4.107109947652257,0,0,0,0,0,0,-1.5835027495910754,-12.418937743988783,-44.30997553873808,-0.1529153036350462,0.3068583954788531,-0.3526937828410674
data/sensor_images/image_3717.png,surface,0.0,0.0,2.112594121081484,18.66259027174141,-3.9905232301870126,0.0,1.038715940430214,4.196927578040401,0.0,0.0,0.0,-2.264473494998481,0,0,0,0,0,0,-1.9311172514433697,16.49983594941867,-42.15629401076334,-0.152823029562451,0.4403878236985243,0.0333558436376977
data/sensor_images/image_3718.png,surface,0.0,0.0,1.141962080103493,-1.131974501629429,-21.57964346976292,0.0,1.9355284539022373,-0.6714948908603721,0.0,0.0,0.0,2.6386289693981,0,0,0,0,0,0,-16.988797829868144,0.0736136651465463,-43.36605079319995,-0.2233345906705262,0.3973541450591603,-0.2005365916057188
data/sensor_images/image_3719.png,surface,0.0,0.0,0.9010205986833985,-10.539253624971693,-12.253998458581645,0.0,-1.701120699239246,2.123199410493189,0.0,0.0,0.0,3.285289602688783,0,0,0,0,0,0,-9.002129975017617,-7.807116753949199,-44.86398541071888,-0.2132099653110244,0.3687670455623087,-0.296199445854538
data/sensor_images/image_3720.png,surface,0.0,0.0,1.705608915938828,-3.635790275004435,5.091928375596278,0.0,-2.953683151159961,-0.7368201590874165,0.0,0.0,0.0,-0.3884214783271904,0,0,0,0,0,0,5.69214992922103,-1.3422379238492474,-44.89181349952744,-0.1300829282466621,0.4306597501162823,-0.1582591142345199
data/sensor_images/image_3721.png,surface,0.0,0.0,1.9995787767200253,1.7965933600266446,7.846521162418051,0.0,-2.743785115736989,-3.006514382190584,0.0,0.0,0.0,3.0283842771647045,0,0,0,0,0,0,7.685630475490685,3.0840888407375866,-44.61175537378952,-0.0746830165016532,0.4189295650107452,-0.2686088874480307
data/sensor_images/image_3722.png,surface,0.0,0.0,2.118361211058672,-14.524169196722282,1.8536264315195248,0.0,1.7380918228430615,-2.7900168945876045,0.0,0.0,0.0,-3.032722620070728,0,0,0,0,0,0,3.5801816941154376,-10.003230641254037,-43.4873986170955,-0.1160815147049913,0.3693498865503815,-0.2170216401636283
data/sensor_images/image_3723.png,surface,0.0,0.0,2.028835461377887,14.54019167442248,14.31794544478994,0.0,-1.8016376344212093,2.6985034286973844,0.0,0.0,0.0,-0.3968158360838272,0,0,0,0,0,0,12.733069990483186,13.564195579004952,-41.409421227773166,-0.1508608383099046,0.423885799748208,-0.0478843314692427
data/sensor_images/image_3724.png,surface,0.0,0.0,1.2285384392509286,-9.012774182480962,1.4592560740098623,0.0,0.2447595442216028,2.848642613019827,0.0,0.0,0.0,2.851171942163714,0,0,0,0,0,0,3.058285050374045,-6.388334554927916,-45.3529684210921,-0.1665492823753872,0.3630946173262666,-0.3424555347188641
data/sensor_images/image_3725.png,surface,0.0,0.0,1.3704965643831095,-20.019737173323232,-3.781095442075859,0.0,1.229543406048468,2.2761502041522124,0.0,0.0,0.0,-2.26100705721217,0,0,0,0,0,0,-0.9000024453012647,-15.246046014536914,-42.95013109043769,-0.2049306160516123,0.3416192337950022,-0.2267144516810472
data/sensor_images/image_3727.png,surface,0.0,0.0,1.0113381021472894,2.6515078572288084,-7.310188922692149,0.0,2.3571063011704902,-0.6366929940784785,0.0,0.0,0.0,2.692122625972921,0,0,0,0,0,0,-4.917509393052702,3.607092637327428,-46.34626927601059,-0.1696619991685148,0.4357314176785747,-0.2356305531467594
data/sensor_images/image_3728.png,surface,0.0,0.0,1.0173303048378788,20.43576567185137,5.505377651866663,0.0,-0.2520423607966242,-2.7257413206382104,0.0,0.0,0.0,3.928699384990024,0,0,0,0,0,0,5.64746832044016,18.483749217716603,-43.09820835369937,-0.1149671314142033,0.4990257129986741,-0.1368008221753126
data/sensor_images/image_3731.png,surface,0.0,0.0,0.7749225956314422,9.815766786335365,-5.225101524729644,0.0,-4.119318357242333,0.5159951022612077,0.0,0.0,0.0,1.723296447250684,0,0,0,0,0,0,-3.4738889233768773,9.74222833767389,-45.85426926244399,-0.1694130866408234,0.4598837331471748,-0.1848321612537624
data/sensor_images/image_3732.png,surface,0.0,0.0,1.7637250663842017,-3.7037089058222303,-21.641846723861462,0.0,-4.014497192085715,1.2454788969668638,0.0,0.0,0.0,-1.5766730785741592,0,0,0,0,0,0,-17.117139861960542,-1.616254744113529,-42.74456728607061,-0.197886284432757,0.4187269602050402,-0.0559905549987048
data/sensor_images/image_3734.png,surface,0.0,0.0,1.506183423183157,16.934590749754857,-2.3584295802720936,0.0,2.1634368325199245,3.4736864922790494,0.0,0.0,0.0,-0.2789577704888168,0,0,0,0,0,0,-0.658052063871591,15.844329601850411,-43.76425278008228,-0.14916217289993,0.4128394656566169,0.0166852090748271
data/sensor_images/image_3735.png,surface,0.0,0.0,2.3717073517595137,-16.27492420235021,11.472865989028564,0.0,3.908085518942979,1.7565853803302576,0.0,0.0,0.0,2.8982811235191903,0,0,0,0,0,0,11.408042027382931,-12.406779525253524,-41.65688266501681,-0.1129853315913207,0.2657364545522608,-0.4174516166617723
data/sensor_images/image_3737.png,surface,0.0,0.0,1.749691876529602,-20.649145102997384,-6.691080523050808,0.0,-0.7162577134286258,1.0384170613531034,0.0,0.0,0.0,0.617390586852526,0,0,0,0,0,0,-4.161245221102758,-16.309968384564396,-42.45537899597088,-0.2299797231816061,0.2970654490774671,-0.3745723094991906
data/sensor_images/image_3738.png,surface,0.0,0.0,1.1428494667787654,8.3529162213295,-14.65615330979474,0.0,4.960491445245896,0.4129984864141102,0.0,0.0,0.0,-3.2309317697588624,0,0,0,0,0,0,-11.005116942246804,8.820929687968134,-44.215105686158566,-0.1629890899617652,0.411770595613142,0.0088440607247985
data/sensor_images/image_3739.png,surface,0.0,0.0,2.069885853819024,-18.062623549597014,7.258728457196055,0.0,-0.0365501947888719,-1.3065093915525452,0.0,0.0,0.0,4.908363384780568,0,0,0,0,0,0,6.973579276288825,-13.57857888627471,-42.346277936528686,-0.0584167147523603,0.2924999284097614,-0.3987453810709512
data/sensor_images/image_3741.png,surface,0.0,0.0,2.826244932850777,17.87194337516034,-12.216234588147756,0.0,-0.374710289893731,-0.1493252545395263,0.0,0.0,0.0,1.119306709480056,0,0,0,0,0,0,-8.551834157475044,16.16841256567767,-40.40844644070104,-0.1566488115769614,0.5138692617438657,-0.1001123050621166
data/sensor_images/image_3742.png,surface,0.0,0.0,2.387609321956568,8.674508483682349,23.00671356117676,0.0,-2.2782972071755823,0.0398873402244029,0.0,0.0,0.0,1.4435590933009437,0,0,0,0,0,0,19.49982296843853,8.516211979658411,-38.95061011985159,-0.0463644491542374,0.4809374019565191,-0.2535560397023905
data/sensor_images/image_3743.png,surface,0.0,0.0,0.8766463729935068,5.1393108111677295,10.768462618650652,0.0,-2.7980127047411134,0.2476930116057284,0.0,0.0,0.0,-2.2085272801206624,0,0,0,0,0,0,10.903244123005,5.875994412068543,-45.321900648525805,-0.1350535867778173,0.432920133196733,-0.0924556282776209
data/sensor_images/image_3744.png,surface,0.0,0.0,0.7441814333446914,2.1287373568459427,-5.375440901421518,0.0,2.286988471717437,4.179140458076383,0.0,0.0,0.0,2.5855779449364693,0,0,0,0,0,0,-2.869485385925396,2.974014401239357,-46.11741767946044,-0.1759120982527847,0.4421962485440946,-0.2481348325185935
data/sensor_images/image_3745.png,surface,0.0,0.0,2.815708310007881,6.857092000011488,21.96723154358843,0.0,0.1110289406970877,3.438912657677314,0.0,0.0,0.0,-4.685387512517131,0,0,0,0,0,0,19.04191262213628,6.037221326732139,-39.35984662644344,-0.1652728416289425,0.3841874862732067,-0.1381034654908593
data/sensor_images/image_3748.png,surface,0.0,0.0,0.9296647394325664,-0.5080240336323211,-22.64365541519337,0.0,0.1492001202813297,3.1275547371109216,0.0,0.0,0.0,-2.296655898997945,0,0,0,0,0,0,-17.70441628369634,1.1494070868045774,-43.11718793677961,-0.2060939382588884,0.415918337285375,-0.0470507429898692
data/sensor_images/image_3749.png,surface,0.0,0.0,2.224034992208703,5.008725213593069,-6.882177061930278,0.0,-4.015348029886238,1.3880451360573411,0.0,0.0,0.0,2.8591730623996074,0,0,0,0,0,0,-5.528379315740234,4.843403964936582,-44.920030958342814,-0.1653404919271052,0.4662577666991533,-0.2115511154084954
data/sensor_images/image_3750.png,surface,0.0,0.0,2.984255131005747,-10.46905318286686,3.5575612413615487,0.0,0.1529654507321121,2.43999502865112,0.0,0.0,0.0,0.7562658624760301,0,0,0,0,0,0,4.098738515432111,-9.047295135675297,-42.28351258796142,-0.2492224433318988,0.344414871969414,-0.3502693422965951
data/sensor_images/image_3751.png,surface,0.0,0.0,1.1444154127583022,12.24440348841162,11.372803715019923,0.0,-0.9416186381172696,0.2381677886947372,0.0,0.0,0.0,-1.914674891308871,0,0,0,0,0,0,10.42417630813109,11.694673015003774,-44.26768928189976,-0.1431604272370829,0.4257333787091757,-0.0421844124384532
data/sensor_images/image_3752.png,surface,0.0,0.0,1.4021504780044045,0.4909098691747372,10.167576418901128,0.0,3.9627999789909616,-1.80766295599878,0.0,0.0,0.0,-4.262828913166288,0,0,0,0,0,0,10.164534882334303,2.244403566697021,-45.28563452466973,-0.1307240596681061,0.4008676123799217,-0.1302797361291732
data/sensor_images/image_3753.png,surface,0.0,0.0,1.3996761881249098,5.149589193331474,8.658232962110407,0.0,4.684468604762356,-0.6443234166385811,0.0,0.0,0.0,-3.988332407933094,0,0,0,0,0,0,8.854751517884312,6.030748307314469,-45.80296376241612,-0.1331687535418504,0.4109216045157111,-0.0915418081648836
data/sensor_images/image_3754.png,surface,0.0,0.0,1.6635608798586683,-0.828435148430579,-6.925940412117634,0.0,-1.1505212742326307,4.692714533401919,0.0,0.0,0.0,3.115019884752812,0,0,0,0,0,0,-4.848595188937352,-0.2374932009373768,-46.10153993185515,-0.2019235068949775,0.4198516724060009,-0.2550163225337493
data/sensor_images/image_3755.png,surface,0.0,0.0,1.155999797888076,9.28593310341954,20.13866589623301,0.0,-2.691422113377833,-0.4482560434393879,0.0,0.0,0.0,0.6691824407787914,0,0,0,0,0,0,17.905768663746482,9.35607004971429,-42.10183910450445,-0.0633841487714974,0.469696681437444,-0.2466714096177125
data/sensor_images/image_3756.png,surface,0.0,0.0,1.8972663298314465,9.675886699082085,-1.9153332975479265,0.0,3.393919787443308,0.932720999572048,0.0,0.0,0.0,-1.025908227009793,0,0,0,0,0,0,0.2052338116073477,10.07638665266908,-44.874995959872926,-0.1686033004583895,0.4285467931481711,-0.0315416055113505
data/sensor_images/image_3757.png,surface,0.0,0.0,2.5790967900434416,8.869066308314801,14.860497648499058,0.0,-1.0935947842031903,3.127865972052484,0.0,0.0,0.0,0.1182288315513391,0,0,0,0,0,0,13.568921957871748,7.939423961831251,-41.446206523130265,-0.1540818210104968,0.4297935526890192,-0.0803932354874849
data/sensor_images/image_3759.png,surface,0.0,0.0,1.2004375673165966,11.355851388515571,22.34855443692643,0.0,-2.1553426574414773,0.2271622859244488,0.0,0.0,0.0,-0.3261506325277938,0,0,0,0,0,0,19.614779897633227,10.996844037597564,-40.59820150646464,-0.1270220965840444,0.4414484639689379,-0.0710553810854304
data/sensor_images/image_3760.png,surface,0.0,0.0,2.83622245297701,14.498257226181996,5.841000629891189,0.0,1.0779042328288504,1.304398847969608,0.0,0.0,0.0,3.62847004024658,0,0,0,0,0,0,6.710576823039587,12.222957005470697,-42.6102503442328,-0.1738567292186421,0.4001975354052769,-0.1931137412918243
data/sensor_images/image_3761.png,surface,0.0,0.0,1.8743651329631343,-24.14279260451513,4.258552110350246,0.0,2.9183095000184576,3.1763946801519487,0.0,0.0,0.0,0.5396477066852334,0,0,0,0,0,0,4.511920041053602,-19.105169431910067,-40.746066961165305,-0.1443779810825421,0.235163524926792,-0.4294366870982057
data/sensor_images/image_3762.png,surface,0.0,0.0,1.0817580386908898,-5.5641468436978405,-16.95979582901047,0.0,0.6728576185587994,-0.5060725482482782,0.0,0.0,0.0,-3.537752595805659,0,0,0,0,0,0,-12.92868848166687,-3.1289613774932894,-44.93148290363443,-0.1904966943025382,0.4016329425896868,-0.1194732089822546
data/sensor_images/image_3763.png,surface,0.0,0.0,1.367858760146026,-11.253699839997063,19.95904215403626,0.0,-3.515640233008813,3.1580355923672383,0.0,0.0,0.0,3.143536487327568,0,0,0,0,0,0,17.692941967898715,-8.01438588539435,-41.57561868776085,-0.0381358929594414,0.3664569500349507,-0.4044712391828363
data/sensor_images/image_3764.png,surface,0.0,0.0,1.7523565872103322,2.608618729089909,-23.165175314264136,0.0,-0.6924520072286076,-2.985135863991312,0.0,0.0,0.0,3.651344007489845,0,0,0,0,0,0,-18.446303452960496,3.915086447159454,-42.75589523719872,-0.2119450874408814,0.4435465909754214,-0.1747462234878229
data/sensor_images/image_3765.png,surface,0.0,0.0,0.7223335948014342,9.361786026688115,-5.33949823301851,0.0,1.882918802984512,2.9799471632716674,0.0,0.0,0.0,0.9196715232925844,0,0,0,0,0,0,-3.182103278898904,9.440971568773342,-45.52112477031361,-0.1704552206619903,0.4560164353262673,-0.1980290073785268
data/sensor_images/image_3766.png,surface,0.0,0.0,0.584580951019855,-16.518905461995352,-9.585463626192016,0.0,0.2193962426606616,4.4739288131099295,0.0,0.0,0.0,1.69963231368871,0,0,0,0,0,0,-6.368267212435657,-12.827130760552338,-44.90318534110755,-0.1913224841061374,0.3195745331803196,-0.3551340194287601
data/sensor_images/image_3768.png,surface,0.0,0.0,2.355008999536992,-19.433094207363,-9.155896836232804,0.0,3.5290535623459767,0.3526192185284519,0.0,0.0,0.0,3.3600500137152576,0,0,0,0,0,0,-5.464849196537587,-14.911131269060666,-41.50328476060595,-0.2657950831059457,0.2350393785268093,-0.3574600736362494
data/sensor_images/image_3769.png,surface,0.0,0.0,1.6759280433024646,21.562759757436584,0.1702580486549821,0.0,-4.009454574330511,-1.8901714519184163,0.0,0.0,0.0,4.064492908142904,0,0,0,0,0,0,1.0324239577335863,19.389879214084164,-42.16266487618236,-0.1356504125944864,0.4882407453629007,-0.0917636752499034
data/sensor_images/image_3770.png,surface,0.0,0.0,2.6607905446195934,-16.57336266245358,-5.67989642382747,0.0,-2.126499873617388,-2.557214027594581,0.0,0.0,0.0,-4.279630537369249,0,0,0,0,0,0,-3.4092659023945147,-11.083562211021365,-42.06170354421108,-0.1515370810411156,0.41677599418423,-0.227054192599638
data/sensor_images/image_3771.png,surface,0.0,0.0,1.9710153583138497,11.550029966926154,10.969902506657426,0.0,1.2126204526725142,4.692824462711505,0.0,0.0,0.0,-2.8470784745555044,0,0,0,0,0,0,10.452637854790222,11.096735375093836,-43.332382217424886,-0.1547147603611942,0.4176520898688476,-0.05611941819964
data/sensor_images/image_3772.png,surface,0.0,0.0,2.393406381571075,6.8339501143872425,2.0307342079257302,0.0,3.45957799935942,3.547994407649276,0.0,0.0,0.0,4.793320596454905,0,0,0,0,0,0,3.2817132071077744,6.563032901642568,-44.66857501385653,-0.1637480798052798,0.3960719266533932,-0.2337809864885727
data/sensor_images/image_3773.png,surface,0.0,0.0,2.839956266722124,23.22961093156417,2.8948100561776906,0.0,-0.8198853005782529,-4.858764455269034,0.0,0.0,0.0,-4.408211898721532,0,0,0,0,0,0,3.163841696326135,21.69849819514172,-40.722579935996464,-0.073834279623413,0.4341520030461664,0.0650169003604478
data/sensor_images/image_3774.png,surface,0.0,0.0,2.4759090316528614,12.939418567931323,-1.829549820445968,0.0,-3.4031783914851617,1.3573875548835144,0.0,0.0,0.0,3.025973352130382,0,0,0,0,0,0,-0.4837035760145437,11.917178628293186,-43.30003289639423,-0.1620441874359577,0.5226786612604548,-0.1716746562328141
data/sensor_images/image_3775.png,surface,0.0,0.0,1.2763717468670746,10.265132481325772,-16.433107572144998,0.0,-1.7489775292913268,3.3689149162977405,0.0,0.0,0.0,-2.8819652779918736,0,0,0,0,0,0,-12.650136758547356,10.102964149044263,-43.33740294779912,-0.1667422375823291,0.42173247829003,0.0145267156781513
data/sensor_images/image_3777.png,surface,0.0,0.0,0.5994265950326803,-6.075568225204171,-22.17003184359095,0.0,-1.1705973953549502,-0.9253134768762612,0.0,0.0,0.0,2.356333964937961,0,0,0,0,0,0,-17.216174858591263,-3.898423634697093,-42.83083857189239,-0.24701436066096,0.3761515907167844,-0.2410450287589745
data/sensor_images/image_3778.png,surface,0.0,0.0,1.476369764425269,-16.931322216251647,12.176663028563237,0.0,-3.902573745619694,-2.1285831320790822,0.0,0.0,0.0,-0.7248546394924746,0,0,0,0,0,0,11.331795369886224,-12.231012670712056,-41.31559301271164,-0.103912486353442,0.3726655171039807,-0.2736353653594633
data/sensor_images/image_3779.png,surface,0.0,0.0,0.5186325833205623,17.225088651410044,11.8743797204097,0.0,1.8141764481540208,0.2401591654369922,0.0,0.0,0.0,2.1584180859632323,0,0,0,0,0,0,10.999367524857693,15.705612190592475,-42.3169504505101,-0.1167945083425792,0.4798280446612775,-0.1621128553745826
data/sensor_images/image_3780.png,surface,0.0,0.0,2.34476248780083,-14.741634089094658,-15.815856653817724,0.0,1.4810282772160968,4.345995861041279,0.0,0.0,0.0,-1.1597820420009797,0,0,0,0,0,0,-11.347619022207518,-11.239438914432975,-41.40915577466743,-0.2756006836965879,0.3926980152462025,-0.1490412342537121
data/sensor_images/image_3781.png,surface,0.0,0.0,1.6294190421520724,13.162742070589754,14.609901201674091,0.0,-1.8698275069256547,1.486087939755511,0.0,0.0,0.0,-4.724526393037904,0,0,0,0,0,0,13.283334171631402,12.36367583554746,-42.1437046277115,-0.1526919166300133,0.4553049569289241,-0.0647965127672604
data/sensor_images/image_3782.png,surface,0.0,0.0,2.330574953327247,22.85715210074768,6.062896366694202,0.0,0.7856789376549641,-3.412779383835143,0.0,0.0,0.0,-0.3939816352951446,0,0,0,0,0,0,5.989928948924129,21.0820939651279,-40.36735873671012,-0.120345394799681,0.4249788633411629,0.0477657975709143
data/sensor_images/image_3783.png,surface,0.0,0.0,1.744360385330172,14.506086698449849,4.93238298040432,0.0,1.111388611429781,-3.8099397043353433,0.0,0.0,0.0,3.463745933127022,0,0,0,0,0,0,5.443406575005309,13.777598931202927,-43.89138948618974,-0.1126753649185257,0.4646343342934177,-0.1773976634786064
data/sensor_images/image_3785.png,surface,0.0,0.0,2.6803152500788108,-20.228603537649683,-1.9690216078102312,0.0,-1.458133839321458,2.50988083790905,0.0,0.0,0.0,-2.52173885406209,0,0,0,0,0,0,-1.0020409240825603,-16.79924293629342,-41.56850726750268,-0.2404256398535246,0.3727661272699906,-0.260928672618697
data/sensor_images/image_3786.png,surface,0.0,0.0,2.801330808894014,-13.277940054443771,14.028423136785358,0.0,1.826737263436433,1.7382035473032005,0.0,0.0,0.0,3.131815735085574,0,0,0,0,0,0,13.60383994977903,-10.850267076161847,-41.21985447070419,-0.1209112000690273,0.2645995622664043,-0.3767033470747681
data/sensor_images/image_3788.png,surface,0.0,0.0,2.2479157346798404,21.7499926404531,-0.061336450502819,0.0,0.0845355861264623,-0.1086979415056833,0.0,0.0,0.0,-1.895890521737704,0,0,0,0,0,0,0.7196470255587084,19.112335950423603,-41.3349820354881,-0.1340107909791756,0.4148735364543139,0.0599162063333904
data/sensor_images/image_3789.png,surface,0.0,0.0,0.6516765588995908,-11.889965003329284,0.747253920522593,0.0,1.5958144192209758,-1.7397818898941946,0.0,0.0,0.0,0.2738818435780308,0,0,0,0,0,0,2.549786634129214,-8.600097157113222,-45.78089003415083,-0.1447506503147865,0.3594427423640908,-0.3678070431253291
data/sensor_images/image_3790.png,surface,0.0,0.0,2.2392916623472345,18.1325837838888,4.384934150109897,0.0,2.795345600662805,3.588550454710541,0.0,0.0,0.0,-0.633115033739287,0,0,0,0,0,0,4.8943692046078,16.36277725818192,-42.481964349020906,-0.1401851140263035,0.4111138552293251,0.0021028500458369
data/sensor_images/image_3791.png,surface,0.0,0.0,0.7100010325246415,20.19169464091857,14.51992720352569,0.0,0.7062234474576473,-3.132634089194573,0.0,0.0,0.0,-1.1492105173706433,0,0,0,0,0,0,12.57178929903239,18.554174988729223,-41.8094412188961,-0.1539050129761398,0.4292712173539286,0.0047208688013728
data/sensor_images/image_3792.png,surface,0.0,0.0,1.3019696664032336,19.232880908304423,-11.945865691813252,0.0,-3.014058475760868,1.614773502166717,0.0,0.0,0.0,3.0686256762627924,0,0,0,0,0,0,-8.581121212451645,17.42159124064098,-43.21408980339572,-0.1637170560452516,0.5043729049690783,-0.1062086331239109
data/sensor_images/image_3793.png,surface,0.0,0.0,1.2463269168951654,8.779115152834699,3.9180727294330646,0.0,-1.5433596763436837,1.973128367766372,0.0,0.0,0.0,-1.5397675773001374,0,0,0,0,0,0,4.4737277372821165,8.637604152786814,-45.34448067814948,-0.1507630618396622,0.4290604974684087,-0.069555013449896
data/sensor_images/image_3794.png,surface,0.0,0.0,2.603575650152215,-4.617944461223478,0.5705171925764319,0.0,2.751955268655957,1.0384880999386532,0.0,0.0,0.0,-3.357881830240565,0,0,0,0,0,0,2.540558413149974,-2.994642598302763,-45.17312839136918,-0.1744990513258902,0.3355955400754433,-0.1420102893397317
data/sensor_images/image_3795.png,surface,0.0,0.0,1.6572417421168175,-0.2957219228954716,-18.531860171489853,0.0,3.462701402386316,0.2337095173426494,0.0,0.0,0.0,-1.7648479790301463,0,0,0,0,0,0,-14.178175425364143,1.4101065593693145,-43.853118586107485,-0.1897912440215216,0.4030727193945181,-0.0695350117507663
data/sensor_images/image_3796.png,surface,0.0,0.0,0.6568095213861029,2.377065238870274,2.3667358214737426,0.0,-3.6816447090363407,-2.0509175935198853,0.0,0.0,0.0,-1.926704715447756,0,0,0,0,0,0,3.533472924275779,3.484455052488909,-46.79491125952513,-0.1331648725942108,0.4331507795618479,-0.110721373983866
data/sensor_images/image_3797.png,surface,0.0,0.0,1.1054996680457936,-3.0320415059190906,3.0332301572949905,0.0,4.214150122881819,-2.26154042141142,0.0,0.0,0.0,1.7977645350692075,0,0,0,0,0,0,4.320502849189076,-1.28920865560347,-46.47973633580583,-0.1187180898342432,0.4070675047104631,-0.3201033278718451
data/sensor_images/image_3798.png,surface,0.0,0.0,1.610901829951734,8.463505012745308,17.43564483619781,0.0,2.327531390360951,-4.134308543854284,0.0,0.0,0.0,4.334160504663124,0,0,0,0,0,0,16.374318289456227,9.05213582631378,-42.67104668827281,-0.0613089263521137,0.455606645059102,-0.2446854220095156
data/sensor_images/image_3800.png,surface,0.0,0.0,1.1033053509923778,13.982189002071577,5.0284225893022105,0.0,2.4972305574544995,-2.7803016347348017,0.0,0.0,0.0,-2.979117432454905,0,0,0,0,0,0,5.657106870521894,13.684709119072448,-45.14207854386439,-0.1379110792135747,0.4323236247019704,-0.0306482966515542
data/sensor_images/image_3801.png,surface,0.0,0.0,2.4384966716799465,0.7086797261233534,-18.25862952222445,0.0,-3.0392769214831343,-0.516657933222836,0.0,0.0,0.0,3.038095787383771,0,0,0,0,0,0,-14.58142684691058,2.2103729301533743,-43.254820630071166,-0.2303202189547168,0.4727072354579268,-0.211973102717792
data/sensor_images/image_3805.png,surface,0.0,0.0,2.4299673409442883,15.14130906804462,4.903775026486797,0.0,-2.382646819255248,2.882361390125737,0.0,0.0,0.0,-2.2629157099823205,0,0,0,0,0,0,4.806847426977704,13.68535755673931,-42.69788261185646,-0.1788804213813659,0.450686785479761,-0.0203408413556535
data/sensor_images/image_3807.png,surface,0.0,0.0,2.731483635330969,7.997684460408597,-17.851794109748052,0.0,-2.563842026866106,0.5295131578928141,0.0,0.0,0.0,-0.6409534706176601,0,0,0,0,0,0,-14.52433884554893,8.279254904326292,-41.78164664444876,-0.1577184220261365,0.510271849279009,0.0018886263933915
data/sensor_images/image_3808.png,surface,0.0,0.0,0.7669534967336764,5.864150536826873,-7.5537740497461,0.0,2.363422546435223,-1.7697279552011385,0.0,0.0,0.0,-2.2547577401579755,0,0,0,0,0,0,-5.334131832776373,6.442121824111199,-46.636754290091474,-0.1373813119259468,0.4088645770547596,-0.0402660347311973
data/sensor_images/image_3810.png,surface,0.0,0.0,2.415619688583553,-24.444009624261422,-2.300357501867289,0.0,2.026525323170927,2.1654580550606046,0.0,0.0,0.0,1.7873642519436848,0,0,0,0,0,0,-0.3387559815821863,-20.574852000059582,-41.14850423835976,-0.2248186071629083,0.2376842096530366,-0.4037726470400006
data/sensor_images/image_3811.png,surface,0.0,0.0,1.339918174870542,17.93904910801735,6.279886153273312,0.0,-0.9904784314264472,4.045373402040245,0.0,0.0,0.0,1.9195185658324725,0,0,0,0,0,0,6.218424987705719,16.45595968165046,-43.28437653792847,-0.1157620744867686,0.4856304909970558,-0.1487563019423872
data/sensor_images/image_3812.png,surface,0.0,0.0,0.6736902300045,20.51069481075235,-8.271616940966531,0.0,2.538853512070491,-3.833176374013885,0.0,0.0,0.0,-3.7486237232277455,0,0,0,0,0,0,-5.666988298222872,18.95486117285011,-43.47430630823151,-0.1343763763609924,0.4161508649468003,0.0511217951717381
data/sensor_images/image_3813.png,surface,0.0,0.0,2.257721041368501,22.10148943630288,8.69800043712454,0.0,-3.1844091062182587,0.5670241216659616,0.0,0.0,0.0,1.937617200210372,0,0,0,0,0,0,7.629460967801239,19.15764289284247,-41.195573611868255,-0.0922274249471039,0.5002463337320431,-0.1165220777391307
data/sensor_images/image_3814.png,surface,0.0,0.0,0.8393006924831565,15.378206347839678,-5.691126235378392,0.0,-1.7024435276846457,-1.6789043527545284,0.0,0.0,0.0,3.816136073406831,0,0,0,0,0,0,-4.030945837526293,14.22588014685492,-45.12316348024044,-0.1409391345303035,0.4608416685652975,-0.1284455913153118
data/sensor_images/image_3815.png,surface,0.0,0.0,0.7979846448318435,19.51775052037325,10.829262406760376,0.0,-1.3876251593313822,-1.614454478565192,0.0,0.0,0.0,-0.8657610035989887,0,0,0,0,0,0,9.766836399210217,18.34340030482051,-43.14188935611676,-0.1693499738839922,0.4274743851515205,-0.0052092291244532
data/sensor_images/image_3816.png,surface,0.0,0.0,1.7571225478201653,14.734175068488058,3.4109360165904907,0.0,-2.940465427337464,3.657938322467128,0.0,0.0,0.0,1.9669172980235592,0,0,0,0,0,0,4.1599914280467045,13.65030917467822,-44.00301742740315,-0.1455886754414439,0.4848726697931356,-0.158036717850639
data/sensor_images/image_3820.png,surface,0.0,0.0,1.5387201595351367,-17.2220584252668,-8.99449115016631,0.0,-0.5240128686645644,4.602470154634047,0.0,0.0,0.0,-1.017499618253911,0,0,0,0,0,0,-6.014389091303924,-13.47480015460316,-43.73463433200643,-0.2019732289817834,0.3628805402367936,-0.2039289413176128
data/sensor_images/image_3821.png,surface,0.0,0.0,2.212900578494305,-5.731055470026834,11.846014174667111,0.0,0.5193478699742083,-3.592013140373348,0.0,0.0,0.0,2.103420335907952,0,0,0,0,0,0,12.023987894804677,-2.871235128075432,-44.38230202303039,-0.0371937840344993,0.3750617059228565,-0.340715713391565
data/sensor_images/image_3822.png,surface,0.0,0.0,1.4570474836377998,-15.847035145597562,13.053035557475482,0.0,-1.156244577877837,3.676775788334747,0.0,0.0,0.0,0.3765588680408216,0,0,0,0,0,0,12.414263952518173,-12.186335704996749,-42.94156216919953,-0.078089291284827,0.3525162775613032,-0.3545070115144002
data/sensor_images/image_3823.png,surface,0.0,0.0,2.564656689741484,13.19638046049587,-21.380873653109617,0.0,2.961736949552776,-2.2431598664875896,0.0,0.0,0.0,2.342587219945853,0,0,0,0,0,0,-15.494772784653746,13.455125667493135,-41.16974873628703,-0.133691292286064,0.4515203920804079,-0.1401195298281543
data/sensor_images/image_3825.png,surface,0.0,0.0,2.529575084486533,7.439566075718716,-20.01956116692001,0.0,-3.47461104873259,-1.6949002633071086,0.0,0.0,0.0,3.4576979217412216,0,0,0,0,0,0,-16.116184782553624,7.820532197262812,-42.43366818958077,-0.1763468944212228,0.5018243334716909,-0.1782275445818783
data/sensor_images/image_3826.png,surface,0.0,0.0,2.065056507861305,10.037475722556485,-1.94772032839137,0.0,1.211724398481685,-2.7334690862145496,0.0,0.0,0.0,-4.522965712995301,0,0,0,0,0,0,-0.4284063719968443,11.028637253955743,-46.0179944605402,-0.1196458432915465,0.4191085879077749,-0.0436240544585992
data/sensor_images/image_3827.png,surface,0.0,0.0,1.40422504475716,18.45923198525252,10.844981926389464,0.0,-1.8077129064586168,-2.128466841344163,0.0,0.0,0.0,-4.167133655713568,0,0,0,0,0,0,9.526277076662195,17.0062577819892,-42.95484500159738,-0.1382822206569806,0.4374116188851944,-0.0154751928630779
data/sensor_images/image_3828.png,surface,0.0,0.0,1.4693737400652718,-14.169327962667108,-1.2647725598970552,0.0,0.8299967195671067,1.362752659296718,0.0,0.0,0.0,2.158213705902279,0,0,0,0,0,0,0.0368547627871983,-11.417083198601016,-45.37601015569864,-0.172486146394403,0.3132362880378175,-0.3496930185762794
data/sensor_images/image_3829.png,surface,0.0,0.0,2.518615085158144,0.402988415532188,1.288429759679108,0.0,2.31427811030223,0.507303363630334,0.0,0.0,0.0,3.506898566060423,0,0,0,0,0,0,3.0262052211151547,0.9450384019413428,-45.81202737267147,-0.1273829763987886,0.344440266906841,-0.2689300749715185
data/sensor_images/image_3830.png,surface,0.0,0.0,0.5730669320635322,18.98607699394561,-10.382257608768445,0.0,-4.323961382738819,1.04644971143042,0.0,0.0,0.0,1.3904093619845153,0,0,0,0,0,0,-7.274977271336112,17.56473427936831,-43.74716767433108,-0.1776001353304787,0.4934151876549196,-0.110489083757158
data/sensor_images/image_3831.png,surface,0.0,0.0,0.9328595748791462,3.686359124289879,21.27516192057025,0.0,-0.0751741558865988,-1.644101664092272,0.0,0.0,0.0,-4.340590535421059,0,0,0,0,0,0,18.969874167955453,4.603938822653007,-43.16254401758093,-0.0893612483824105,0.4193513302226508,-0.1321298185779592
data/sensor_images/image_3832.png,surface,0.0,0.0,2.073842760109472,-12.63458849141966,13.559697940615504,0.0,-0.1020631787083077,3.978959283765727,0.0,0.0,0.0,-1.5945181996371192,0,0,0,0,0,0,13.053410438871492,-9.829189049662528,-43.37046202133201,-0.1405593834590742,0.3660131544509564,-0.2218546219146457
data/sensor_images/image_3833.png,surface,0.0,0.0,2.3585544934607587,-2.7188379978446595,-9.784241287701004,0.0,1.8525848429769127,-0.0083164933594598,0.0,0.0,0.0,-0.2701622346855146,0,0,0,0,0,0,-6.364981873070485,-1.2388015895342837,-44.31213108610209,-0.1671411849094741,0.34779400030347,-0.1119184412231335
data/sensor_images/image_3837.png,surface,0.0,0.0,2.79964151693126,8.79375914628429,3.803622366527328,0.0,-2.567145447530854,-0.5792371530952309,0.0,0.0,0.0,-3.765867973928148,0,0,0,0,0,0,3.276782316239718,9.400437462024438,-44.01838498932124,-0.1152564615231498,0.4982507277912447,-0.0448310304254643
data/sensor_images/image_3838.png,surface,0.0,0.0,1.552354037726821,-4.185060070485357,4.378345692780609,0.0,1.9910631113150168,-1.9699238821034808,0.0,0.0,0.0,-3.46308294650967,0,0,0,0,0,0,5.1645500598313845,-2.1218751831855744,-46.46971067050537,-0.106129588642203,0.3861485489942421,-0.1465127790468438
data/sensor_images/image_3839.png,surface,0.0,0.0,2.4712721821331534,1.7930749826919046,-9.255697817465329,0.0,1.239261383586672,-2.634752921631069,0.0,0.0,0.0,-4.109821113060413,0,0,0,0,0,0,-6.445814443195636,4.168699324063419,-44.88027673095771,-0.111734603068251,0.4270121401990154,-0.0919856933897445
data/sensor_images/image_3841.png,surface,0.0,0.0,2.821856104626788,12.8811442816251,18.339556016530537,0.0,-1.9140814631811705,-1.5964527097032148,0.0,0.0,0.0,1.9363726936074768,0,0,0,0,0,0,15.723702439623512,12.832562204254405,-40.293108255073285,-0.0193318076493875,0.4699366443507658,-0.1932403663369452
data/sensor_images/image_3842.png,surface,0.0,0.0,2.992908388013268,4.05229090766416,21.059986203774624,0.0,-0.518265827312009,1.0750027885932667,0.0,0.0,0.0,3.7890415378077833,0,0,0,0,0,0,18.406320066263817,3.677834905954552,-39.252396893531966,-0.1033794788978688,0.4376525603827321,-0.3089780193886348
data/sensor_images/image_3844.png,surface,0.0,0.0,1.3363691902742183,-21.603500780603696,3.491825192455377,0.0,2.013629463857966,0.8631004700212461,0.0,0.0,0.0,4.0443268896984375,0,0,0,0,0,0,4.701225966667879,-17.190260894611182,-43.49482958705675,-0.1359360808009807,0.2746946405757974,-0.421226603192209
data/sensor_images/image_3845.png,surface,0.0,0.0,2.9074892160012205,-1.362385979219752,-21.83271487072901,0.0,-2.211538059268612,-2.4599532610984656,0.0,0.0,0.0,-4.3421768404783805,0,0,0,0,0,0,-17.927850926290127,1.3722882459301158,-42.94352819517791,-0.1515511496413251,0.5059775276460609,-0.0711943826997805
data/sensor_images/image_3846.png,surface,0.0,0.0,0.6023743520314255,5.562686994127257,11.877078148613704,0.0,0.79179663926945,-3.399595161477804,0.0,0.0,0.0,-3.1255722381630813,0,0,0,0,0,0,11.601580465709182,6.453120155299329,-46.00533254407854,-0.1180266825503443,0.4277137923456805,-0.1090016349603642
data/sensor_images/image_3847.png,surface,0.0,0.0,1.525003923618497,1.0282973464152718,10.065159927281746,0.0,-0.6729931092797736,-3.093160904934936,0.0,0.0,0.0,-2.1795925606375635,0,0,0,0,0,0,10.40675182879192,2.429965661856168,-46.266015332653005,-0.092163296538642,0.4203976998562024,-0.1171328057175873
data/sensor_images/image_3849.png,surface,0.0,0.0,1.7865671280352236,-15.688265688185988,-6.912607223201436,0.0,1.788554093204534,2.8193643284339105,0.0,0.0,0.0,0.5561099472958277,0,0,0,0,0,0,-4.040402124596825,-12.542407315803317,-44.54194697551503,-0.1984552926129709,0.3198382713689872,-0.3533131567851951
data/sensor_images/image_3851.png,surface,0.0,0.0,1.5055932312690588,-14.150000914904671,-19.357751586907813,0.0,0.0556939724057386,4.404125550451107,0.0,0.0,0.0,-2.3660484684998586,0,0,0,0,0,0,-14.576604506633196,-10.90408689258214,-43.22101210133676,-0.230452233092176,0.3841618959533692,-0.1287720908422869
data/sensor_images/image_3852.png,surface,0.0,0.0,2.277869981824664,-3.540222585911144,12.25672367363549,0.0,-2.340453427831504,4.3618703611101735,0.0,0.0,0.0,2.2030691244009244,0,0,0,0,0,0,11.61437069584597,-2.933190868642108,-45.05292535588416,-0.1166350168279554,0.3918321455575175,-0.306863851973397
data/sensor_images/image_3853.png,surface,0.0,0.0,2.4439564264520555,15.893585726076909,16.17333182292842,0.0,2.1053860825096624,-1.798929422735227,0.0,0.0,0.0,1.2949425716628014,0,0,0,0,0,0,15.235077946054512,15.375716718292304,-42.26512410082811,-0.058154547212874,0.4279368934561323,-0.1792680999562789
data/sensor_images/image_3855.png,surface,0.0,0.0,0.5418872603413267,-4.470385035158039,-10.42157864295958,0.0,-1.5372605631690102,-3.878707816384527,0.0,0.0,0.0,-1.8666808550042613,0,0,0,0,0,0,-7.872146333440178,-2.304481157969349,-47.533870124561886,-0.174420820160585,0.4115114329945299,-0.1279226628599843
data/sensor_images/image_3856.png,surface,0.0,0.0,2.188872504625852,-14.356561906667189,-2.819454272183416,0.0,1.227304227124774,-2.5026670630930417,0.0,0.0,0.0,-3.994450964553853,0,0,0,0,0,0,-0.2335428308073759,-9.999788026176564,-44.62322070660994,-0.1006490839052605,0.367193475743493,-0.2136631351957081
data/sensor_images/image_3857.png,surface,0.0,0.0,1.1029447725322847,-1.9804753731168527,-19.719926161353765,0.0,-2.290654292999219,0.2469307182453397,0.0,0.0,0.0,4.748547089432185,0,0,0,0,0,0,-16.189468336148444,-0.7860565406870872,-44.29510961136912,-0.2211125905618525,0.400822225858298,-0.2281464886179101
data/sensor_images/image_3858.png,surface,0.0,0.0,2.1142808254639323,-20.2218252332142,10.354688613411602,0.0,4.710641345677337,1.4413307904374468,0.0,0.0,0.0,4.197042962313919,0,0,0,0,0,0,10.284914873118248,-16.079143843212876,-42.31119496530124,-0.0986402108693843,0.2441117671422924,-0.4267152220170678
data/sensor_images/image_3859.png,surface,0.0,0.0,1.450198007843138,13.78862412535678,-7.17955784504639,0.0,1.3524975099142749,-3.21506400855123,0.0,0.0,0.0,-0.8766926482858528,0,0,0,0,0,0,-4.985385422569527,13.578729739293156,-45.21007173555671,-0.1528524028114728,0.4391630615134116,0.0066048986361009
data/sensor_images/image_3860.png,surface,0.0,0.0,1.933751731952674,-20.146874600047543,-2.9747044472191897,0.0,-2.1995553702460344,-2.552664985450819,0.0,0.0,0.0,0.5923744174457184,0,0,0,0,0,0,-1.1540792709017211,-15.899362394500038,-43.48296379435985,-0.1651059366296122,0.3245942849512758,-0.3965394258774184
data/sensor_images/image_3861.png,surface,0.0,0.0,1.0618455666800604,2.4383741137476616,12.254411553323036,0.0,4.107846744893867,1.0323387303494045,0.0,0.0,0.0,2.1241137989518144,0,0,0,0,0,0,12.214586068835464,3.423242116438648,-45.702887948851895,-0.0890251075744859,0.4168743202222831,-0.2819510494203636
data/sensor_images/image_3863.png,surface,0.0,0.0,2.756565874267352,-5.618299225141936,-15.221361110815284,0.0,-3.247437386953304,0.4573045523971469,0.0,0.0,0.0,2.405211064145256,0,0,0,0,0,0,-12.688255555061934,-3.895355920160012,-43.83318110094287,-0.2348544490715436,0.4701872654402906,-0.2743057819208432
data/sensor_images/image_3864.png,surface,0.0,0.0,1.336475845833651,13.475700556218882,20.22058698445032,0.0,2.442023104064776,-2.8194335262692256,0.0,0.0,0.0,2.7138774415021683,0,0,0,0,0,0,18.34207502856912,13.01043673514661,-41.913530944999806,-0.0561992187930898,0.470408394251388,-0.2122527923139288
data/sensor_images/image_3865.png,surface,0.0,0.0,0.6591537580061635,3.8572955273485015,3.25150745599716,0.0,1.308984063266627,-4.28018221107206,0.0,0.0,0.0,2.395072536303802,0,0,0,0,0,0,4.339476591360258,4.599545258369751,-47.183948509483,-0.1141544416228013,0.4430860317311462,-0.2631705238152934
data/sensor_images/image_3867.png,surface,0.0,0.0,1.872612790634493,11.91063441840042,21.75213725978504,0.0,1.0068875841622753,-3.497857660514036,0.0,0.0,0.0,-0.0029351751580968,0,0,0,0,0,0,19.5558019728006,11.846486449858851,-40.70649666309268,-0.0522750864870676,0.4409658154995097,-0.2248193204655743
data/sensor_images/image_3869.png,surface,0.0,0.0,2.86550329440562,2.267531608597809,-23.753575214336976,0.0,4.621196266494689,0.3506877225214281,0.0,0.0,0.0,-1.0137447165125666,0,0,0,0,0,0,-16.925542155846827,3.338145185958969,-38.93899601672426,-0.1741474977884977,0.3801753971450793,-0.0294221724576874
data/sensor_images/image_3870.png,surface,0.0,0.0,2.687175004998882,-5.469941380941393,21.44833339323963,0.0,0.4230270721141662,-4.48190817458094,0.0,0.0,0.0,3.257972644140485,0,0,0,0,0,0,19.617478025013085,-2.1885113581127715,-41.15755953268217,0.0546538854748411,0.3411499226850518,-0.3360621122522275
data/sensor_images/image_3871.png,surface,0.0,0.0,1.800943957563741,-3.7158263126236863,-16.842989117646507,0.0,3.605151601401416,1.6780788053346878,0.0,0.0,0.0,4.057797328796905,0,0,0,0,0,0,-12.73423445955367,-2.384205342237654,-44.99943486920261,-0.2170441832947556,0.4000437835500706,-0.2456884069726023
data/sensor_images/image_3872.png,surface,0.0,0.0,2.9432766819366414,13.89260860137775,-5.186499545041303,0.0,-1.1877258124979564,3.67828694501236,0.0,0.0,0.0,0.3996041119588813,0,0,0,0,0,0,-2.997297482985005,11.402255467420058,-41.33199702687868,-0.1890487933212321,0.5043918507249898,-0.1683503249938119
data/sensor_images/image_3873.png,surface,0.0,0.0,1.5943744338932784,-7.375712393901979,-18.557929904202325,0.0,1.941030973919352,0.812372692856662,0.0,0.0,0.0,0.0899260521535794,0,0,0,0,0,0,-14.469786305290928,-5.344730861639643,-44.031790494407446,-0.1932186481775848,0.3717986925820925,-0.0909209051368168
data/sensor_images/image_3875.png,surface,0.0,0.0,2.670571984488308,-2.699935429504001,-4.522916332264817,0.0,3.9286017872000594,0.4736966173516172,0.0,0.0,0.0,-4.261516705169576,0,0,0,0,0,0,-1.6194918567169705,-1.146025493551753,-45.97746803979853,-0.1724685650846666,0.3574404900029523,-0.1232515932649355
data/sensor_images/image_3876.png,surface,0.0,0.0,2.7050528630631225,20.866268120518537,-6.154605889787733,0.0,-1.2757159633893076,2.500279668470801,0.0,0.0,0.0,-0.2809138709870771,0,0,0,0,0,0,-3.6023512875357584,18.17437750115296,-41.196547716087466,-0.1467599139859672,0.4679431513111546,0.0746061317456057
data/sensor_images/image_3877.png,surface,0.0,0.0,0.6484587720278774,-5.611265926685765,-13.615274985071308,0.0,2.7869198886068487,-0.8799327948840947,0.0,0.0,0.0,-3.436773571941286,0,0,0,0,0,0,-10.254221688174612,-3.4535379799799344,-46.63883031575984,-0.1816112511953663,0.4061211602804071,-0.1229561620391302
data/sensor_images/image_3878.png,surface,0.0,0.0,2.341959379791201,0.2986009891382422,1.5620918526724084,0.0,2.261746238369945,3.5553702412683235,0.0,0.0,0.0,3.335099613218944,0,0,0,0,0,0,2.904289493594992,0.7311100012317688,-45.87802593770418,-0.1745908485911571,0.3898793874390749,-0.256215870777801
data/sensor_images/image_3879.png,surface,0.0,0.0,1.3378324907088344,2.478906396451232,-4.360235501166583,0.0,-4.317494771020939,-2.2157214602991653,0.0,0.0,0.0,2.1044013134830086,0,0,0,0,0,0,-2.290558228369119,3.631294999642173,-47.01608894179844,-0.1567559193161475,0.4477708978828868,-0.2632058992792104
data/sensor_images/image_3880.png,surface,0.0,0.0,2.6502439256874823,-3.2962288386531338,4.267319170305713,0.0,1.687290491561725,-3.166954890779613,0.0,0.0,0.0,-2.221968025202022,0,0,0,0,0,0,5.970967607100015,0.0891259991324999,-45.338096290958994,-0.0591506384544373,0.377025862833541,-0.1456526944092406
data/sensor_images/image_3883.png,surface,0.0,0.0,0.8256184570875318,-14.27567714517046,1.3214141727332744,0.0,-0.0295934635131747,3.1558317108206144,0.0,0.0,0.0,-4.580509241357116,0,0,0,0,0,0,2.794117590397766,-11.117496189156574,-46.83013369916479,-0.1558047177504944,0.3781452630234551,-0.207358140374569
data/sensor_images/image_3886.png,surface,0.0,0.0,2.1197826028710227,14.045372879718586,-8.329543609291195,0.0,-3.174233426766653,-0.8626398587237559,0.0,0.0,0.0,4.617798654688345,0,0,0,0,0,0,-6.275795248549155,13.331810475005868,-44.76803132448275,-0.1395772001537465,0.5029177596413132,-0.1415451646527875
data/sensor_images/image_3887.png,surface,0.0,0.0,1.063933351586572,-12.232816045737133,-2.154089428602105,0.0,3.0571591768888573,-0.6630195454105,0.0,0.0,0.0,-3.811956762399391,0,0,0,0,0,0,-0.3225257257094491,-9.147913989645728,-47.38736783376008,-0.1563293300556787,0.3777498990977296,-0.1969756355500513
data/sensor_images/image_3888.png,surface,0.0,0.0,2.391598233846543,10.13798615040616,18.8611305847632,0.0,3.362119599571761,-1.580375340695005,0.0,0.0,0.0,1.0330838548567431,0,0,0,0,0,0,17.879328670717783,10.48131024154987,-42.1583844818855,-0.0445809681588063,0.4204216733964124,-0.2309459536555844
data/sensor_images/image_3889.png,surface,0.0,0.0,0.960485240773495,9.120869400777426,-9.310624415483284,0.0,-4.758366325106408,0.18256513298345,0.0,0.0,0.0,0.499490957331588,0,0,0,0,0,0,-6.928222110729981,9.307237709127635,-46.84120548826282,-0.172580986037391,0.4619033311738217,-0.1823212774429205
data/sensor_images/image_3890.png,surface,0.0,0.0,2.395712577789367,16.047543102455748,9.576970151551684,0.0,2.132544699513261,-1.5293395672480452,0.0,0.0,0.0,3.9673378236951855,0,0,0,0,0,0,8.906575457722791,15.326987782639872,-44.20146659361851,-0.0584106172397675,0.4106874031819176,-0.171813332775665
data/sensor_images/image_3891.png,surface,0.0,0.0,1.764975576029144,-22.228632323510865,1.99823643430741,0.0,0.6220748327578778,4.605538050248127,0.0,0.0,0.0,2.920571801427153,0,0,0,0,0,0,3.0385250576268388,-17.85825204283743,-43.53922213138356,-0.1695866754668227,0.2785445272166394,-0.4073324488914513
data/sensor_images/image_3892.png,surface,0.0,0.0,2.271715285338673,10.33600344500134,13.256980624893384,0.0,-0.6880333814948145,-4.86605831395405,0.0,0.0,0.0,-4.340172328779226,0,0,0,0,0,0,12.681522164653266,11.235745708095472,-44.16080321809311,-0.0852154245233668,0.426912678256227,-0.0549372533531332
data/sensor_images/image_3894.png,surface,0.0,0.0,1.891355679658624,-4.572088210883302,4.833593750381639,0.0,0.1554861630556042,-0.1552583728957432,0.0,0.0,0.0,2.210482023836642,0,0,0,0,0,0,5.536006022798576,-2.7401190517670626,-46.90412329075794,-0.1027743583660292,0.3637649816558397,-0.3105011600883229
data/sensor_images/image_3895.png,surface,0.0,0.0,2.011080540226768,16.5062996599317,-11.66515225228294,0.0,-0.2864750435366366,-1.0972353513957411,0.0,0.0,0.0,2.231260812639695,0,0,0,0,0,0,-8.986860371042832,16.131428098047103,-44.32981532782032,-0.1226806609113886,0.4662139221038199,-0.107036532204238
data/sensor_images/image_3897.png,surface,0.0,0.0,1.9393702304741167,17.526009552690688,-15.09136025563051,0.0,-4.042752450797178,-0.6025694108221862,0.0,0.0,0.0,-3.8692170195842,0,0,0,0,0,0,-11.327295478660016,16.40920249691486,-42.79946614310816,-0.1226338375046378,0.4696891395929843,0.0437805436584295
data/sensor_images/image_3900.png,surface,0.0,0.0,1.7475584535500612,3.814207626452831,-17.755049188286915,0.0,-3.181482712316658,-3.178429205555663,0.0,0.0,0.0,4.743730614330801,0,0,0,0,0,0,-14.460159366281632,4.902754096450744,-45.0832603345668,-0.186996335242673,0.444413191251809,-0.179753154314897
data/sensor_images/image_3901.png,surface,0.0,0.0,1.070638991799166,5.663329689764202,20.5719150369525,0.0,-0.0631767341237847,-4.572148272767688,0.0,0.0,0.0,1.338398787541788,0,0,0,0,0,0,18.760541934334224,6.073642659119614,-43.740026372166994,-0.0399069087243471,0.4263852146116054,-0.2605081004391292
data/sensor_images/image_3902.png,surface,0.0,0.0,2.047450737619242,-6.852644741017758,-22.10052983943167,0.0,-4.063697352244444,-1.3540662062074136,0.0,0.0,0.0,4.093956377434415,0,0,0,0,0,0,-17.840835398341273,-4.49381724160491,-43.54064241428304,-0.2468082309606968,0.4254818484992951,-0.2411859812208842
data/sensor_images/image_3903.png,surface,0.0,0.0,1.248919902147537,-13.066368688972192,9.865973885515752,0.0,-4.8405349313965935,-0.1474362779044264,0.0,0.0,0.0,1.2644139631396705,0,0,0,0,0,0,9.770177147627438,-10.305161518792568,-44.93168438083136,-0.0667788237337906,0.3469169122764514,-0.382063555236797
data/sensor_images/image_3906.png,surface,0.0,0.0,1.5895561330189094,-3.5226405776403813,22.84372638046332,0.0,0.13554347331227,-1.188586141467476,0.0,0.0,0.0,3.860776387469814,0,0,0,0,0,0,20.809867535264665,-1.6284692255444184,-43.14622963625373,0.0161800925254913,0.3729449517675107,-0.3030659190981851
data/sensor_images/image_3907.png,surface,0.0,0.0,2.8573189158034364,2.86506299016252,-3.975702000265711,0.0,4.217288971917515,-1.2327022809674313,0.0,0.0,0.0,-0.3677629656262251,0,0,0,0,0,0,-1.541743822952304,4.266314080648071,-44.602368741285126,-0.1067993917218554,0.3318605191816192,-0.0707282609812892
data/sensor_images/image_3909.png,surface,0.0,0.0,0.5264700636121482,-2.865945483183156,18.105739539790164,0.0,4.727135029467895,-0.993656722620543,0.0,0.0,0.0,-4.465828438422907,0,0,0,0,0,0,17.08524449772225,-0.9628245620905208,-44.94357033326192,-0.092045749500823,0.414428475530291,-0.1813304818328258
data/sensor_images/image_3910.png,surface,0.0,0.0,0.9980449695244272,3.8876827059236128,3.2511942769015847,0.0,1.5459519722776929,2.057992055801088,0.0,0.0,0.0,0.72452624161164,0,0,0,0,0,0,4.5633914499054,4.659810894335912,-47.39623026301367,-0.1267753529795105,0.4329634738764788,-0.2598325519464973
data/sensor_images/image_3911.png,surface,0.0,0.0,2.5883758760981634,8.113344557467947,15.79994590709873,0.0,-3.9166884831816287,1.1705554002862526,0.0,0.0,0.0,4.61271797246876,0,0,0,0,0,0,13.501837669209149,7.869116424756586,-43.07647202387161,-0.0765139511568567,0.4709281222101779,-0.2432341692067503
data/sensor_images/image_3912.png,surface,0.0,0.0,1.4004657075413378,16.915724635132513,-8.270407083054947,0.0,-1.123732163336321,0.117088922903635,0.0,0.0,0.0,-2.5201862197674227,0,0,0,0,0,0,-6.2209970123074,15.768361467121256,-45.20233278395003,-0.1199751335909339,0.423929412779179,0.0345919918866572
data/sensor_images/image_3913.png,surface,0.0,0.0,2.61594230596721,-13.041696792271368,12.388146327908498,0.0,-0.1774311077620294,-0.382888259844611,0.0,0.0,0.0,3.300765398340745,0,0,0,0,0,0,11.754634804348347,-9.26182885176795,-42.85235828029663,-0.0396842043373984,0.3341679649265076,-0.3816026618309737
data/sensor_images/image_3914.png,surface,0.0,0.0,1.4705223983306412,-1.3760883704655993,8.286884785667665,0.0,0.2229691499324939,3.0344994256272324,0.0,0.0,0.0,1.6197361907039394,0,0,0,0,0,0,8.539958475774908,-0.1021393021234489,-46.81435273490053,-0.1148348881073662,0.4074745702159107,-0.2918827492353167
data/sensor_images/image_3916.png,surface,0.0,0.0,2.50181688679192,17.72291589722355,8.650019184678857,0.0,3.146079884770608,2.372398497194904,0.0,0.0,0.0,2.5498457829697525,0,0,0,0,0,0,8.981773071331578,15.584311959786186,-43.43700803291215,-0.1094072694455983,0.4328321759057952,-0.1822828641426139
data/sensor_images/image_3917.png,surface,0.0,0.0,0.6807217173968003,-8.907558557580314,19.652650024390628,0.0,3.842905911402169,2.9244218641669733,0.0,0.0,0.0,4.130637247857953,0,0,0,0,0,0,18.014275951948015,-6.885360475237135,-44.22620842992917,-0.0134874639227834,0.3576941315400749,-0.3641733808702596
data/sensor_images/image_3918.png,surface,0.0,0.0,2.689879071651439,13.978720510420755,-7.753505750934361,0.0,1.873476602545243,-2.903571790282581,0.0,0.0,0.0,3.4463822311150043,0,0,0,0,0,0,-5.181141165473328,14.12716875800004,-44.1855332644179,-0.0692332006584222,0.4485035992891717,-0.1632287526845642
data/sensor_images/image_3919.png,surface,0.0,0.0,1.549666178997111,-21.991442902061426,-5.08152111790109,0.0,2.1292346771587773,-2.2493900960893978,0.0,0.0,0.0,1.8702410125224844,0,0,0,0,0,0,-2.42248408737244,-17.061457167490094,-43.241913584489154,-0.1747153079811748,0.2800289600901218,-0.4065387920542986
data/sensor_images/image_3920.png,surface,0.0,0.0,1.321775308461947,12.767303494388416,3.3556612430434845,0.0,-3.899511931416711,2.788540462496308,0.0,0.0,0.0,-2.976430043497941,0,0,0,0,0,0,3.886185200143656,12.420871333260664,-45.84759246923505,-0.152529714953128,0.4379250052750397,-0.0287153080513958
data/sensor_images/image_3921.png,surface,0.0,0.0,1.049801588273001,-2.93472338786372,-23.871930834091245,0.0,1.565505196517533,-0.0855808663917521,0.0,0.0,0.0,2.854830370182225,0,0,0,0,0,0,-19.162462878738296,-1.227786999818476,-44.08916302920615,-0.2457458909823032,0.3889940705707849,-0.201557771159902
data/sensor_images/image_3922.png,surface,0.0,0.0,1.986018427449196,-11.687182340296298,11.775167549921006,0.0,1.145276268661766,-4.596135024800867,0.0,0.0,0.0,-3.827909273510581,0,0,0,0,0,0,12.22392017063891,-7.905477894369826,-44.99986634560917,-0.0762283955776927,0.3840390959203717,-0.2237162384996963
data/sensor_images/image_3923.png,surface,0.0,0.0,2.8698649697219394,6.270008155390782,11.029395045021069,0.0,4.70194934808366,-0.9637670517903012,0.0,0.0,0.0,-3.5520911289255164,0,0,0,0,0,0,11.63182869686304,7.380368906565023,-45.02654866590369,-0.1026061311133969,0.3486192407402848,-0.0760908346487152
data/sensor_images/image_3924.png,surface,0.0,0.0,1.3810473970748962,12.7820691094569,18.831739425303965,0.0,-0.1333283396307546,4.208413641225119,0.0,0.0,0.0,-2.9257057666806787,0,0,0,0,0,0,17.125983164206033,12.502519554080603,-42.56510611861446,-0.1411785451740404,0.4354158400133586,-0.0580409893887099
data/sensor_images/image_3925.png,surface,0.0,0.0,1.0766716405124075,-17.159252589526645,7.084364065517318,0.0,3.2821456147975736,0.3322675299882415,0.0,0.0,0.0,2.8199344421298624,0,0,0,0,0,0,7.299195394868191,-13.63612482189536,-45.18546674328813,-0.0894439560952358,0.292642757002293,-0.3946708661234107
data/sensor_images/image_3926.png,surface,0.0,0.0,1.1191299849028606,13.086367473904994,2.46221394770455,0.0,1.7681538998025224,-2.1058076121474087,0.0,0.0,0.0,3.10168867601546,0,0,0,0,0,0,3.436089913379983,12.817466780075366,-45.9954596184193,-0.1170457368274938,0.4609498691278514,-0.1710839889039119
data/sensor_images/image_3927.png,surface,0.0,0.0,0.7275794708062684,9.666844226775416,-1.6421040267469516,0.0,1.272046143234489,-3.084310950514721,0.0,0.0,0.0,-4.409047287317022,0,0,0,0,0,0,-0.6692841652267838,10.254096413658829,-47.27808284738569,-0.1447816257432765,0.4180680607093902,-0.0331724128398927
data/sensor_images/image_3928.png,surface,0.0,0.0,1.0917871738071705,21.03343443194968,-12.64395548325918,0.0,-0.0098618693316019,-2.560132462832492,0.0,0.0,0.0,-1.208928326328853,0,0,0,0,0,0,-9.08876991970654,19.66063420687671,-43.40159187798176,-0.1355619063747384,0.4220700440078796,0.0922722934814406
data/sensor_images/image_3929.png,surface,0.0,0.0,2.1104999211787407,9.741069936478766,-18.753976947852063,0.0,2.2073010879907846,-2.260354170783762,0.0,0.0,0.0,1.4667220324851495,0,0,0,0,0,0,-14.79058479250148,10.182508886039027,-43.880081769662254,-0.1493062142188998,0.441806162754554,-0.1583576563493546
data/sensor_images/image_3930.png,surface,0.0,0.0,2.283622700111976,-1.951521432551044,24.11647988103888,0.0,-2.795567999482712,-2.291168966890101,0.0,0.0,0.0,1.3350643609120638,0,0,0,0,0,0,21.213551642411293,-0.2096642610410013,-40.07576252348938,-0.0064984617623088,0.406916044266143,-0.328618770468445
data/sensor_images/image_3931.png,surface,0.0,0.0,1.5415094867210613,19.062726095704274,9.788058605728317,0.0,1.217892573390185,0.6794762574972798,0.0,0.0,0.0,2.088632804008573,0,0,0,0,0,0,9.30016822178128,17.476572716985842,-43.28213259222627,-0.121588072669724,0.4516807521508371,-0.1544686772721847
data/sensor_images/image_3932.png,surface,0.0,0.0,2.8591082019615044,12.787185036519276,14.389951989215875,0.0,-3.51436399065074,-1.883886615856896,0.0,0.0,0.0,2.893998206390793,0,0,0,0,0,0,12.734033643912024,12.998404920599544,-42.26152382953386,-0.0525903085402704,0.4895656009041428,-0.1802248618805546
data/sensor_images/image_3935.png,surface,0.0,0.0,1.5128632676107894,11.697758861304749,5.011647812504683,0.0,-0.4004875633155241,1.559257395286891,0.0,0.0,0.0,-4.901427631163232,0,0,0,0,0,0,5.625306544855045,11.60419122720576,-46.8966554853873,-0.1497530522760797,0.4265697013314371,-0.0275999068568645
data/sensor_images/image_3936.png,surface,0.0,0.0,1.0984401369006451,12.74236805932726,-8.297885899580987,0.0,1.4034818823128523,-4.195310172723787,0.0,0.0,0.0,-0.1150888225670438,0,0,0,0,0,0,-5.111480681745997,12.598807351416712,-45.87208665248562,-0.1734897634945907,0.4891377749394689,-0.1542134177660394
data/sensor_images/image_3937.png,surface,0.0,0.0,0.9866215356166655,22.820753071764248,3.5525967777138323,0.0,-1.0391098675546824,-3.368967604252304,0.0,0.0,0.0,2.412593146555676,0,0,0,0,0,0,3.886571044779484,20.949703300095145,-43.40714069153128,-0.1264118004900417,0.4850417207213321,-0.0954143623115116
data/sensor_images/image_3938.png,surface,0.0,0.0,0.919032716828809,5.408605292660404,-16.347323538633997,0.0,-0.9140576048996296,-2.0470927094017712,0.0,0.0,0.0,0.2439347210612918,0,0,0,0,0,0,-13.068805032292447,6.229925443333139,-45.70280885792387,-0.2005410068641941,0.4201985662090911,-0.1595696244170004
data/sensor_images/image_3939.png,surface,0.0,0.0,2.9446383070831263,0.124222732706691,-9.828086440164586,0.0,-2.7851786681348063,-1.0977636749651052,0.0,0.0,0.0,-0.5338748104502002,0,0,0,0,0,0,-8.11212031559726,2.416153745425946,-44.09390247037547,-0.1554150834393887,0.5189108891661138,-0.0950328922936503
data/sensor_images/image_3940.png,surface,0.0,0.0,1.4735616220105827,-11.116594503832756,13.55682788975944,0.0,4.064901661885709,-2.064397150664674,0.0,0.0,0.0,1.6900920964119317,0,0,0,0,0,0,13.364616845576052,-8.605491362429053,-44.87381500494105,-0.039255291253978,0.349744243540875,-0.3909365069766902
data/sensor_images/image_3941.png,surface,0.0,0.0,2.0203454719109875,-13.36050151847849,-13.658453340388805,0.0,0.3798173599684996,0.8481816421306586,0.0,0.0,0.0,-1.200800826298086,0,0,0,0,0,0,-10.386357139081658,-11.098449183431166,-44.71549469371849,-0.2382831489693685,0.3576491333703811,-0.1572407935872385
data/sensor_images/image_3943.png,surface,0.0,0.0,2.527409714803864,6.767769589832917,-3.8205542754620896,0.0,0.5564978554469093,-4.564673695522708,0.0,0.0,0.0,-1.6844301438917857,0,0,0,0,0,0,-2.0100901293005315,8.32588052441184,-46.8793501170154,-0.0929567402388559,0.437022626711575,-0.053296365178118
data/sensor_images/image_3944.png,surface,0.0,0.0,2.396467390630632,21.13049947881641,-6.587837666478174,0.0,3.637256516566363,-2.5915880803010904,0.0,0.0,0.0,0.0741400801172744,0,0,0,0,0,0,-3.945147467285479,19.985360754713547,-43.657864880812106,-0.1086889911409545,0.476078604914828,-0.0874281331437897
data/sensor_images/image_3945.png,surface,0.0,0.0,0.6168467790289427,-6.470622061476313,-11.133294531084964,0.0,1.5841899608914105,2.051055351229235,0.0,0.0,0.0,-3.440550211364201,0,0,0,0,0,0,-8.292545284068343,-4.371141727068936,-48.18864842072538,-0.1679343715552909,0.3967264893920076,-0.1085192652361105
data/sensor_images/image_3947.png,surface,0.0,0.0,2.9220532461651643,20.96729976945148,-2.129562663730101,0.0,-0.4614784283750691,2.3964188614982653,0.0,0.0,0.0,0.6587661261797075,0,0,0,0,0,0,-0.9876748297033024,17.766136468844152,-41.26621646528636,-0.1561474282960123,0.5145430931097746,-0.105909501234994
data/sensor_images/image_3948.png,surface,0.0,0.0,2.626062270613577,-0.4473980289713484,-10.577306754381713,0.0,-2.009501705131952,0.1613873697844402,0.0,0.0,0.0,3.141993900907257,0,0,0,0,0,0,-8.996230892481302,0.6054563509559694,-46.06377013486191,-0.2051757352407601,0.4839695104623557,-0.2446950753699169
data/sensor_images/image_3949.png,surface,0.0,0.0,1.239185743519346,-7.035054886484369,-22.60747305285965,0.0,-3.5299812484912807,-3.1182634800872515,0.0,0.0,0.0,3.713072058103279,0,0,0,0,0,0,-18.41478328299496,-4.771431863983229,-44.29819704076831,-0.2322370930236771,0.3844808828350706,-0.2460089543419235
data/sensor_images/image_3950.png,surface,0.0,0.0,2.0273382099228274,20.166376875300664,0.0854671159753853,0.0,1.3877565928452815,-2.595752565339874,0.0,0.0,0.0,0.6997476118743231,0,0,0,0,0,0,1.3263913082856664,19.148874667392203,-43.83535613782124,-0.1067403569389903,0.4788823975148477,-0.1179779381743466
data/sensor_images/image_3951.png,surface,0.0,0.0,1.6259119052452298,-10.24130966638826,-8.375593879265777,0.0,3.9167476456505073,2.752594474664391,0.0,0.0,0.0,-4.22505872251071,0,0,0,0,0,0,-5.528816759506423,-7.801499270038947,-46.86300690478512,-0.1903965804620448,0.3772942486177555,-0.1681740998625
data/sensor_images/image_3953.png,surface,0.0,0.0,1.9044206917043125,-13.01411946666661,6.53326296518215,0.0,0.7361157616867471,1.466163660089936,0.0,0.0,0.0,-3.527971693981736,0,0,0,0,0,0,6.953351729980471,-10.771860314325126,-45.87932155865355,-0.1629288032616579,0.3513430269650647,-0.2083026940907514
data/sensor_images/image_3954.png,surface,0.0,0.0,2.333070268737986,-2.2538776128232487,4.613818225712602,0.0,-1.3014813383668866,3.60899026250772,0.0,0.0,0.0,-3.9705562982487614,0,0,0,0,0,0,5.339178148039383,-1.5550949839102088,-46.626529890553655,-0.1877401031575147,0.4313596100064659,-0.1541526296343472
data/sensor_images/image_3955.png,surface,0.0,0.0,1.3020476844102034,18.7535847746874,16.011315360361763,0.0,-0.2156209116605379,4.62420943653846,0.0,0.0,0.0,0.8180222727965081,0,0,0,0,0,0,14.136589754861385,17.792820923950437,-43.07594518432725,-0.0807461624847679,0.471085194335996,-0.1532455860094705
data/sensor_images/image_3957.png,surface,0.0,0.0,1.947756417078363,22.67621472962319,6.029439926168534,0.0,-4.642274174227824,-1.0226599471202025,0.0,0.0,0.0,3.0017652219167115,0,0,0,0,0,0,5.761807793391887,20.67467593612305,-43.01283563497259,-0.0928284110950661,0.5080506934965459,-0.1057269639150484
data/sensor_images/image_3958.png,surface,0.0,0.0,0.5202216056024218,18.55339631412265,4.408752269821468,0.0,-3.5190593552961453,3.429306266834597,0.0,0.0,0.0,3.8509004226977233,0,0,0,0,0,0,4.747527673419546,17.5576664173081,-45.52540560391821,-0.14834354245733,0.4794126138119904,-0.1341149948130144
data/sensor_images/image_3959.png,surface,0.0,0.0,1.1791504059303983,-9.189859788355175,22.66510296266241,0.0,2.7303337193487187,-0.6454968813610867,0.0,0.0,0.0,3.5368971550811,0,0,0,0,0,0,21.417680208372254,-6.70674164875299,-43.12718982955689,-0.0011745163467558,0.370574794494932,-0.3559666305862536
data/sensor_images/image_3960.png,surface,0.0,0.0,1.7153689797547558,-8.281266117205279,-21.31203310014905,0.0,-4.720760573993248,0.8057800345654158,0.0,0.0,0.0,-4.117331836649214,0,0,0,0,0,0,-17.431578128410433,-6.01984770120256,-44.45883046395416,-0.1956572883009162,0.4198074649736238,-0.0919841857708222
data/sensor_images/image_3961.png,surface,0.0,0.0,0.9512691107605716,-9.201683049010525,-17.351415256865977,0.0,2.4265587787117027,-3.793901369859413,0.0,0.0,0.0,3.368474853513044,0,0,0,0,0,0,-13.815705902963584,-6.341233774436418,-45.571829159960615,-0.2446404953436488,0.3674583629890184,-0.2780341902578107
data/sensor_images/image_3962.png,surface,0.0,0.0,2.297682416617472,11.387771327621142,6.450055315658673,0.0,-1.204595031073817,-0.7254006280472021,0.0,0.0,0.0,2.4129100403501704,0,0,0,0,0,0,6.06620630044967,11.537146441314878,-45.86280234988931,-0.0619936024748474,0.482507478816166,-0.1985168321977543
data/sensor_images/image_3963.png,surface,0.0,0.0,0.7630620009681384,-11.19980375820211,-22.171948541621884,0.0,-3.668198979539755,-2.834296607951136,0.0,0.0,0.0,0.800491445991895,0,0,0,0,0,0,-17.753144554062853,-8.437209842099714,-44.41283793984437,-0.2621342577006127,0.3593571563457809,-0.2808813768922075
data/sensor_images/image_3966.png,surface,0.0,0.0,2.213981932695944,-8.666363355230454,7.36470087287,0.0,-4.007129949956097,-1.4393268448607388,0.0,0.0,0.0,-0.1782149889018374,0,0,0,0,0,0,7.143845649503943,-5.867485693179104,-45.62499673033365,-0.0942534720602865,0.3968682884405019,-0.3553265224355222
data/sensor_images/image_3967.png,surface,0.0,0.0,2.793159661588337,14.35922558548778,2.5395701468744734,0.0,2.369839590628705,3.065590996025437,0.0,0.0,0.0,4.382716704900618,0,0,0,0,0,0,3.979084981032048,12.287137962964293,-44.13159805940175,-0.1637734750228962,0.4218124119032435,-0.177892552307916
data/sensor_images/image_3968.png,surface,0.0,0.0,2.27919410750048,12.439847461378363,-12.51675184323852,0.0,-4.834626320738404,-0.5722663848133467,0.0,0.0,0.0,-1.6827294773165216,0,0,0,0,0,0,-9.940175181862822,12.98227431314602,-45.64908700820212,-0.1489927398532052,0.4802596212242436,0.0075026292901023
data/sensor_images/image_3969.png,surface,0.0,0.0,1.052970511818126,-11.527414508113011,7.4318712325508836,0.0,-3.362608878893828,-1.9702619257592744,0.0,0.0,0.0,2.7767616211306514,0,0,0,0,0,0,7.892964076032766,-8.850190724811709,-46.59135971435756,-0.0958278899240254,0.3612998265431966,-0.3894074377184001
data/sensor_images/image_3970.png,surface,0.0,0.0,2.555023265254965,8.431737992448928,-4.97933782144715,0.0,2.6078539352173027,1.1578539885193675,0.0,0.0,0.0,-2.2476935039542747,0,0,0,0,0,0,-2.641839691100039,8.686186984678692,-46.06932687507094,-0.1763937957375376,0.3798081026831406,-0.0150685166684671
data/sensor_images/image_3971.png,surface,0.0,0.0,1.1082000431946175,-11.521315316870014,18.304199403623727,0.0,-1.4212986084057448,-3.4538182839022618,0.0,0.0,0.0,-3.848479144370299,0,0,0,0,0,0,17.179426794516473,-7.960315493568649,-43.738513523495286,-0.0769887986813935,0.3964265683735327,-0.2444456109108547
data/sensor_images/image_3972.png,surface,0.0,0.0,2.578845982905328,-5.260736034381759,0.8863283407642699,0.0,0.5809439277440976,-3.942246489320355,0.0,0.0,0.0,-0.4210921241028078,0,0,0,0,0,0,1.979635180689039,-2.477003284956909,-45.721672856558406,-0.0944315198421696,0.3828923341245721,-0.1341009340930846
data/sensor_images/image_3973.png,surface,0.0,0.0,1.972130004012688,2.890994756160003,10.085862407602049,0.0,-0.8442175023364724,4.0091241457954965,0.0,0.0,0.0,2.1183525912094803,0,0,0,0,0,0,10.231006793073597,3.4348467320362595,-46.45559986277668,-0.1229689594552014,0.4240974483608359,-0.2667154297978265
data/sensor_images/image_3974.png,surface,0.0,0.0,1.7816331187352517,-9.4779658037703,-14.058860566846525,0.0,-2.186396236532284,3.539493582680721,0.0,0.0,0.0,-2.5854686270858505,0,0,0,0,0,0,-11.18552701445712,-7.558942274058327,-46.463235069375095,-0.2118966807108183,0.4059560268403677,-0.1457272149855703
data/sensor_images/image_3975.png,surface,0.0,0.0,1.9474583290804064,-12.787278242501213,-2.651669499036037,0.0,-4.689662818179526,-0.0816426578890571,0.0,0.0,0.0,1.842300803950488,0,0,0,0,0,0,-1.09386812292119,-9.58857326971184,-46.59626129349187,-0.1802982494492862,0.3958699425460451,-0.3665669761748629
data/sensor_images/image_3976.png,surface,0.0,0.0,1.483989297374016,-21.53699801218458,-9.372679259291443,0.0,0.5397694466639743,-0.3476715961956562,0.0,0.0,0.0,0.553604922364217,0,0,0,0,0,0,-6.004185819049544,-17.321467065586926,-43.756315649077024,-0.1919959188250105,0.2585104005683881,-0.3669285806172528
data/sensor_images/image_3978.png,surface,0.0,0.0,1.6509841988491694,22.623318025451503,-10.169129830374938,0.0,-3.583568234937656,0.6873113130978864,0.0,0.0,0.0,-3.642698018887833,0,0,0,0,0,0,-7.433079876787653,20.631040682626303,-42.92252373633187,-0.1112956050348579,0.4352061574155508,0.0866047338784558
data/sensor_images/image_3979.png,surface,0.0,0.0,0.8451417435060161,-7.566942361328,-20.50408036415242,0.0,3.457730489061749,-2.007816335302444,0.0,0.0,0.0,-0.1087194493936536,0,0,0,0,0,0,-16.087401207369304,-5.122184632242838,-44.550372542295065,-0.2329476771069019,0.3732268988363873,-0.260197789405606
data/sensor_images/image_3980.png,surface,0.0,0.0,2.049095451158617,6.533482517338002,-3.0805964535937127,0.0,-3.7093017922900993,-1.0696018717820104,0.0,0.0,0.0,-3.597258617690775,0,0,0,0,0,0,-1.542709386791834,7.479981171010541,-47.231955118661546,-0.1243285413618151,0.4580441515643946,-0.0519919229172972
data/sensor_images/image_3981.png,surface,0.0,0.0,1.867147843636546,-3.292652168790082,-2.457699849959716,0.0,-2.404308762840805,-1.6921999959615786,0.0,0.0,0.0,3.92536497823715,0,0,0,0,0,0,-0.9979142179439084,-1.1136079262225589,-48.38850127068862,-0.1373000383609458,0.4335424371199021,-0.2907798937878841
data/sensor_images/image_3982.png,surface,0.0,0.0,2.182696037203045,16.865007803218866,2.3464935301231304,0.0,2.507284418953571,-3.956840276936725,0.0,0.0,0.0,0.7695474538151785,0,0,0,0,0,0,3.662148078775693,16.360292694374515,-44.9431176167945,-0.0891637340183429,0.4666793287015803,-0.1435212363264825
data/sensor_images/image_3983.png,surface,0.0,0.0,2.095666600987053,-7.922806191365519,-5.025308762019498,0.0,2.780175845295439,-1.1818024883770306,0.0,0.0,0.0,-3.2292447051857343,0,0,0,0,0,0,-2.877960179846883,-5.299476947168061,-47.37260974164396,-0.1368787131110346,0.3741687505062799,-0.1470204725875073
data/sensor_images/image_3984.png,surface,0.0,0.0,2.8099010201710533,16.873598790675622,3.64073762311679,0.0,1.575210459361739,-2.276443805776967,0.0,0.0,0.0,-4.51856556717519,0,0,0,0,0,0,4.744788203214735,17.206885729222588,-44.30899003429576,-0.0633624752272689,0.4102742777601889,-0.0040097977461596
data/sensor_images/image_3987.png,surface,0.0,0.0,2.7008292705271413,-11.235692232236518,-12.07195774037186,0.0,1.7687409959319345,3.096038935951132,0.0,0.0,0.0,-2.1943543122383327,0,0,0,0,0,0,-8.107111185998578,-9.323624107247896,-44.801401813047065,-0.2943627225385921,0.3903015740563729,-0.1328625907890931
data/sensor_images/image_3988.png,surface,0.0,0.0,0.802439749615635,5.333680087664573,0.3218858228324656,0.0,-2.602411378675087,3.5140651439858543,0.0,0.0,0.0,-3.8772949548945848,0,0,0,0,0,0,1.739654777844485,6.081224015247111,-48.7122697664274,-0.1408062538750872,0.4277307571264174,-0.0664753404302971
data/sensor_images/image_3989.png,surface,0.0,0.0,2.3229861693801865,-23.16977859721113,8.191652549115041,0.0,-0.5326713973756572,4.198637985338677,0.0,0.0,0.0,2.489761757442912,0,0,0,0,0,0,7.7626658730148606,-19.461571513980388,-42.594473375537454,-0.1607013271634584,0.2695503167225648,-0.4436535939463033
data/sensor_images/image_3990.png,surface,0.0,0.0,0.9935599863602416,23.75709589615669,-7.30193526630339,0.0,1.1180226220639309,0.6805571063416885,0.0,0.0,0.0,-1.90282567255216,0,0,0,0,0,0,-4.659878777670244,22.15695182966586,-43.05556649005839,-0.1610881668608632,0.4330932735332113,0.0805978954555142
data/sensor_images/image_3992.png,surface,0.0,0.0,2.8868641581546464,-4.339080129905296,11.267311335127248,0.0,1.3517527455567842,1.4658673687341524,0.0,0.0,0.0,2.48510748789683,0,0,0,0,0,0,11.910719520514542,-3.826193010747743,-44.64082665714487,-0.1531403394322611,0.3107699983863286,-0.3218355415913516
data/sensor_images/image_3993.png,surface,0.0,0.0,0.5892768498158347,8.052843784302928,-5.669969846228097,0.0,1.6947255581203844,-3.158111427397668,0.0,0.0,0.0,-0.0870385898881966,0,0,0,0,0,0,-3.8414240158527497,8.42270272002951,-47.77983576292136,-0.1597873277042123,0.4563404714444228,-0.1920636101843727
data/sensor_images/image_3994.png,surface,0.0,0.0,0.5754987274966368,-3.1784383222186645,23.34000993416768,0.0,-2.4711046017986904,3.251599563613648,0.0,0.0,0.0,-4.291938696109612,0,0,0,0,0,0,21.756802421037765,-1.263393652302472,-43.89772595500292,-0.0662905935304393,0.4101880771959007,-0.1776184036895512
data/sensor_images/image_3995.png,surface,0.0,0.0,1.620845944252605,3.499819634851193,-24.60274955233854,0.0,3.910920459674512,-2.1457646544696662,0.0,0.0,0.0,4.621859643727852,0,0,0,0,0,0,-19.677594863927823,4.880354725589094,-44.135183523464455,-0.226886037820772,0.4376703737883098,-0.1652768435179133
data/sensor_images/image_3997.png,surface,0.0,0.0,0.941525189853892,-13.825410671634105,5.168697051046155,0.0,-1.016233317816632,-2.280097084294804,0.0,0.0,0.0,2.224477820876664,0,0,0,0,0,0,5.614899835701351,-10.803821389121508,-47.06744057683575,-0.1157135314710841,0.3335965984320094,-0.3648975907763721
data/sensor_images/image_3998.png,surface,0.0,0.0,2.311694824254041,2.495298482294744,2.8635177550235165,0.0,1.5055582586033849,-1.6215895094647332,0.0,0.0,0.0,-4.526877691351308,0,0,0,0,0,0,4.238145383740932,4.399270777673962,-47.594170122590825,-0.1026553196830421,0.3892683318956917,-0.0903846787566319
data/sensor_images/image_4000.png,surface,0.0,0.0,1.7462009975154509,-16.14416326562946,-3.2077951557767976,0.0,2.1181623021497886,-1.909279740902598,0.0,0.0,0.0,-0.4425018705849197,0,0,0,0,0,0,-1.04817219514758,-12.05628331109702,-45.34058218514562,-0.1642961944775325,0.3522883432960248,-0.1978340380565415
